model,row_id,surface,condition,beta,prediction,mu_log,sd_log
baseline,0,D50,D50|0|0,1.560186908,1.5958032819329036,0.4673772344965859,0.03192592851200452
baseline,1,D50,D50|0|0,1.561484361,1.5831075352516175,0.4593897098939971,0.031204738363393082
baseline,2,D50,D50|0|0,1.560393514,1.586541216973797,0.46155631151694154,0.031103112733335794
baseline,3,D50,D50|0|0,1.558472561,1.5805859833490872,0.45779565381894005,0.03161377093407511
baseline,4,D50,D50|0|0,1.561608985,1.585487409066621,0.46089187366332673,0.031117246192882458
baseline,5,D100,D100|0|0,1.561041612,1.5608080797106407,0.44520368696036766,0.01816481290004453
baseline,6,D100,D100|0|0,1.556557304,1.5598607967940936,0.44459658445566147,0.018041478329501443
baseline,7,D100,D100|0|0,1.560626044,1.5619248491551856,0.44591893832357704,0.018115835925753294
baseline,8,D100,D100|0|0,1.555448691,1.5594958820347944,0.44436261649461317,0.018035310302262304
baseline,9,D100,D100|0|0,1.570784601,1.56238823115364,0.44621556800820905,0.018287751231408706
baseline,10,D200,D200|0|0,1.559258194,1.5750479611481556,0.4542857233365967,0.013722331871646459
baseline,11,D200,D200|0|0,1.557328689,1.575598178635933,0.4546349961326896,0.013809403327644113
baseline,12,D200,D200|0|0,1.560386696,1.576626754249282,0.4552875990856855,0.01385849215812425
baseline,13,D200,D200|0|0,1.56406944,1.5753976425867708,0.45450771189569866,0.013748089654136833
baseline,14,D200,D200|0|0,1.559799742,1.5748270396396729,0.4541454501455718,0.013713723462801333
baseline,15,D400,D400|0|0,1.57747785,1.5606688044218786,0.4451144501702043,0.011272462512436902
baseline,16,D400,D400|0|0,1.582462146,1.5618429338499213,0.4458664918480556,0.01100398389473362
baseline,17,D400,D400|0|0,1.571871059,1.5616455327966496,0.44574009403635084,0.011042201328766698
baseline,18,D400,D400|0|0,1.578362744,1.5602966780154566,0.4448759813948977,0.011260536495671512
baseline,19,D400,D400|0|0,1.571060369,1.5586149505274811,0.4437975746612364,0.011525487838678938
baseline,20,D600,D600|0|0,1.562491354,1.5728401694452991,0.4528830101693754,0.01043825039158005
baseline,21,D600,D600|0|0,1.560566365,1.571610336715401,0.45210078587282676,0.010590559992562167
baseline,22,D600,D600|0|0,1.566691898,1.5730491987951414,0.45301590063415786,0.010424052903556396
baseline,23,D600,D600|0|0,1.559224889,1.5739043253365186,0.4535593637364038,0.010674241134750885
baseline,24,D600,D600|0|0,1.58159802,1.5756993331622509,0.4546991947848156,0.010595552795103165
baseline,25,D800,D800|0|0,1.644690279,1.577306126476944,0.4557184086582804,0.010334890813018584
baseline,26,D800,D800|0|0,1.57983316,1.5780250147015653,0.45617407445365643,0.010340182369650027
baseline,27,D800,D800|0|0,1.564816559,1.5763677076604174,0.45512328126491103,0.010404254139693418
baseline,28,D800,D800|0|0,1.566544735,1.580854944995585,0.4579658051222495,0.010681319672131179
baseline,29,D800,D800|0|0,1.592458478,1.5804840921064112,0.4577311875209592,0.010664716991389576
baseline,30,S50,S50|0|0,1.575816199,1.5581584192813405,0.44350462346123726,0.024438077929968948
baseline,31,S50,S50|0|0,1.602076658,1.5629251331600138,0.446559150842357,0.02340940444453206
baseline,32,S50,S50|0|0,1.579807863,1.565006093061548,0.44788971731460014,0.023200557395687667
baseline,33,S50,S50|0|0,1.580573721,1.5609620104288464,0.4453023045483935,0.023546454562242896
baseline,34,S50,S50|0|0,1.592722949,1.5629761671135067,0.4465918031551432,0.023225969353083235
baseline,35,S100,S100|0|0,1.567218001,1.574315350409653,0.4538204796163637,0.012173658195292925
baseline,36,S100,S100|0|0,1.570607716,1.5758381929235297,0.4547873167000517,0.012208456790719663
baseline,37,S100,S100|0|0,1.571419163,1.5757265069179656,0.45471644015697044,0.012512595685611229
baseline,38,S100,S100|0|0,1.566838091,1.5749801807270802,0.45424268853307553,0.012354979708139514
baseline,39,S100,S100|0|0,1.564440461,1.5682918898177283,0.44998705882415924,0.01221020638502281
baseline,40,S200,S200|0|0,1.56406097,1.5784804342017151,0.4564626337548724,0.010296266156862664
baseline,41,S200,S200|0|0,1.580191426,1.5710532285555876,0.45174624065722957,0.01048550941440316
baseline,42,S200,S200|0|0,1.583074977,1.5798527377089246,0.45733163871342114,0.010345505177070695
baseline,43,S200,S200|0|0,1.572904736,1.5797003580629274,0.4572351822580324,0.010416249078860872
baseline,44,S200,S200|0|0,1.585051572,1.5768735682758541,0.4554441324624625,0.010385795259578574
baseline,45,S400,S400|0|0,1.562576774,1.5733031165674312,0.45317730517337695,0.010022916140585102
baseline,46,S400,S400|0|0,1.582775974,1.5730211376100276,0.4529980617544674,0.010034557082599172
baseline,47,S400,S400|0|0,1.570456464,1.5757216028194756,0.4547133278744139,0.009992873624952034
baseline,48,S400,S400|0|0,1.5750196,1.5765384699549747,0.4552316018333673,0.009981315777727663
baseline,49,S400,S400|0|0,1.577183511,1.580791138045053,0.4579254420019856,0.010056798853265853
baseline,50,S600,S600|0|0,1.555828114,1.584075261875558,0.4600008060738159,0.010027685532400252
baseline,51,S600,S600|0|0,1.56117239,1.583757371015559,0.45980010679585176,0.010037098488767276
baseline,52,S600,S600|0|0,1.561823954,1.583502478635571,0.45963915228460983,0.010074523771720783
baseline,53,S600,S600|0|0,1.559846724,1.5849494000256847,0.4605524825456375,0.01000767312883901
baseline,54,S600,S600|0|0,1.561648453,1.5825464774744167,0.4590352442569945,0.01005683398821907
baseline,55,S800,S800|0|0,1.589227754,1.5709574811968459,0.4516852941057272,0.010668335877714707
baseline,56,S800,S800|0|0,1.580440672,1.5724510171980994,0.45263555947174966,0.010766298319668712
baseline,57,S800,S800|0|0,1.59815524,1.5746424316848224,0.454028219001252,0.010946156219444227
baseline,58,S800,S800|0|0,1.615199232,1.571813731379566,0.45223019549751803,0.01072365554705538
baseline,59,S800,S800|0|0,1.584848504,1.572090822116466,0.4524064672213587,0.01073806135699285
baseline,60,D50,D50|0|1,2.044100443,2.1045315760756425,0.7440929131908356,0.02822135522867351
baseline,61,D50,D50|0|1,2.04957737,2.097216924776584,0.740611191861335,0.028468224521226014
baseline,62,D50,D50|0|1,1.999572687,2.0658160512215598,0.7255253305386975,0.03009806132112538
baseline,63,D50,D50|0|1,2.017631508,2.0657455911351748,0.7254912223285382,0.030332377203155424
baseline,64,D50,D50|0|1,2.006211894,2.0656101649095646,0.7254256621426548,0.03097643376243309
baseline,65,D100,D100|0|1,2.016437285,1.9102756613628853,0.6472475569655237,0.018677521377149408
baseline,66,D100,D100|0|1,1.994408192,1.9403457515822977,0.6628661796606019,0.018231420466911254
baseline,67,D100,D100|0|1,1.97356662,1.9160248181214132,0.6502526325552862,0.01856749141799745
baseline,68,D100,D100|0|1,1.983306755,1.9191906185373828,0.6519035443161977,0.018547115182961434
baseline,69,D100,D100|0|1,1.971798525,1.9401359551419397,0.6627580505898224,0.018333562958975487
baseline,70,D200,D200|0|1,1.964318123,1.9956662129088383,0.6909779359035269,0.014160312882861653
baseline,71,D200,D200|0|1,1.961302475,1.991001972011617,0.6886380155444602,0.014037186695987693
baseline,72,D200,D200|0|1,1.966048011,1.9581486572510467,0.6719994642350191,0.014028885032037745
baseline,73,D200,D200|0|1,1.959125658,1.9818061539541805,0.6840086278725669,0.014444861212402802
baseline,74,D200,D200|0|1,1.970214261,1.9683862743061815,0.6772140569647391,0.014034324604806173
baseline,75,D400,D400|0|1,1.964858008,1.9649432663956092,0.6754633728411154,0.01146203196267754
baseline,76,D400,D400|0|1,1.951867166,1.957362060076617,0.6715976790060677,0.011059037872899692
baseline,77,D400,D400|0|1,1.959093971,1.9486932526038165,0.6671590210704452,0.011212903418637826
baseline,78,D400,D400|0|1,1.953838928,1.9769937488068503,0.6815773822243762,0.010951646462390358
baseline,79,D400,D400|0|1,1.947956474,1.9791567477397376,0.6826708690117483,0.010970413720301272
baseline,80,D600,D600|0|1,1.954137272,1.943778759920201,0.664633892936371,0.010360464206800653
baseline,81,D600,D600|0|1,1.941923138,1.949306430402152,0.6674736325908444,0.010194023960558822
baseline,82,D600,D600|0|1,1.944425234,1.9447268129883508,0.6651215111584149,0.010123619047718569
baseline,83,D600,D600|0|1,1.943606342,1.9424479808674353,0.6639490234248651,0.010185048960240485
baseline,84,D600,D600|0|1,1.939217447,1.9476468328418,0.6666218914748621,0.010151914070744717
baseline,85,D800,D800|0|1,1.937833439,1.930548407486103,0.6578041115106553,0.010192620411273749
baseline,86,D800,D800|0|1,1.931115531,1.9349408294360964,0.6600767469114023,0.010131649428780334
baseline,87,D800,D800|0|1,1.937390462,1.9308392913678158,0.6579547743836682,0.010180716695875777
baseline,88,D800,D800|0|1,1.939430677,1.9306985114654527,0.657881860477544,0.010218372788734583
baseline,89,D800,D800|0|1,1.930410702,1.941198327327884,0.6633054768794224,0.010172968019633076
baseline,90,S50,S50|0|1,2.018231427,2.0330372058995017,0.7095308354622712,0.020682366859133945
baseline,91,S50,S50|0|1,2.016383376,2.0302093704131456,0.7081389258698788,0.02061622138196326
baseline,92,S50,S50|0|1,2.019922289,2.041064648164111,0.7134715580757603,0.021142851379681755
baseline,93,S50,S50|0|1,2.023950784,2.03656994350516,0.7112669924736683,0.02069056157967093
baseline,94,S50,S50|0|1,2.020788185,2.0285574668329005,0.7073249329810553,0.02060070474982128
baseline,95,S100,S100|0|1,1.928651999,1.9255361035680172,0.6552044243271222,0.012780172474419616
baseline,96,S100,S100|0|1,1.93017593,1.9205023729245712,0.6525868043795086,0.012766481097087251
baseline,97,S100,S100|0|1,1.932332607,1.9298714741169474,0.657453406977545,0.012814252648543079
baseline,98,S100,S100|0|1,1.936713222,1.9269903192541928,0.655959365680219,0.0128812108824604
baseline,99,S100,S100|0|1,1.941062316,1.93340742045807,0.6592839490766239,0.01286381258745158
baseline,100,S200,S200|0|1,1.935150704,1.9463744534896363,0.6659683873957176,0.01041198569049024
baseline,101,S200,S200|0|1,1.934574776,1.9507376431940517,0.6682075796074108,0.010480510313972135
baseline,102,S200,S200|0|1,1.931366726,1.9485121843495827,0.6670660989716268,0.010432064987300703
baseline,103,S200,S200|0|1,1.93014659,1.9483352549807176,0.6669752925586269,0.01043437594352253
baseline,104,S200,S200|0|1,1.934298104,1.9473644936528003,0.666476916702864,0.010417238122345024
baseline,105,S400,S400|0|1,1.928885505,1.906399488031669,0.6452163782499406,0.010431555147235505
baseline,106,S400,S400|0|1,1.934057083,1.9414545447965812,0.6634374575006665,0.012346266045155605
baseline,107,S400,S400|0|1,1.924819553,1.9086246894879826,0.6463829248326697,0.010271059552386446
baseline,108,S400,S400|0|1,1.919839737,1.9072953666224242,0.6456862001110897,0.010433339080653258
baseline,109,S400,S400|0|1,1.9194336,1.9187933865170594,0.6516965439632944,0.010207647015196069
baseline,110,S600,S600|0|1,1.925053088,1.9238076738968,0.654306385654922,0.010202891054972773
baseline,111,S600,S600|0|1,1.926645985,1.928790604566305,0.6568931767439189,0.010215018648548367
baseline,112,S600,S600|0|1,1.921919857,1.924512548352475,0.6546727140386581,0.010187351830106568
baseline,113,S600,S600|0|1,1.927081693,1.9253033498209158,0.6550835396471961,0.010305922100878329
baseline,114,S600,S600|0|1,1.924848505,1.9143475609497824,0.649376865338503,0.01031742558914487
baseline,115,S800,S800|0|1,1.92363974,1.926945991363542,0.6559363617242218,0.012272953740365744
baseline,116,S800,S800|0|1,1.912130921,1.9277200405051123,0.6563379784378748,0.012683556512234911
baseline,117,S800,S800|0|1,1.917343839,1.9220936901735857,0.6534150555481738,0.012588174337216325
baseline,118,S800,S800|0|1,1.910109237,1.924152467824207,0.6544855943346541,0.012081397208296122
baseline,119,S800,S800|0|1,1.916211727,1.9295258843892207,0.6572743169815959,0.012865810870319407
baseline,120,D50,D50|0|2,2.401662904,2.4016926979547653,0.8761737795677026,0.02734397335813586
baseline,121,D50,D50|0|2,2.408329379,2.3895648049275118,0.8711112593745357,0.027227571826767088
baseline,122,D50,D50|0|2,2.409795375,2.3829471247147924,0.868338009332791,0.02732175096941482
baseline,123,D50,D50|0|2,2.433450011,2.3977391101918744,0.8745262559377347,0.02722804449497726
baseline,124,D50,D50|0|2,2.434746684,2.3888008944519217,0.870791522238386,0.02721323467195442
baseline,125,D100,D100|0|2,2.383093911,2.377573146455545,0.866080281086347,0.01733649345616833
baseline,126,D100,D100|0|2,2.377584742,2.393154760899025,0.8726124791706436,0.01728945887754404
baseline,127,D100,D100|0|2,2.412540012,2.3953239384632976,0.8735184778599304,0.017289800376757626
baseline,128,D100,D100|0|2,2.430015758,2.3963347409163416,0.8739403787237743,0.017284257232530624
baseline,129,D100,D100|0|2,2.430136719,2.3887865790729133,0.870785529515453,0.017292808580956484
baseline,130,D200,D200|0|2,2.428161204,2.420389232589938,0.8839283671484406,0.013618148464810905
baseline,131,D200,D200|0|2,2.404430077,2.4218685196052006,0.8845393577800778,0.013590833406148521
baseline,132,D200,D200|0|2,2.384685146,2.4232357299278067,0.8851037255577275,0.013590835450919285
baseline,133,D200,D200|0|2,2.384331984,2.4097410424985255,0.8795192904838399,0.013617854903586541
baseline,134,D200,D200|0|2,2.388001759,2.4196879131431928,0.883638570341267,0.013591469683130054
baseline,135,D400,D400|0|2,2.4082186,2.420801249496188,0.884098580201932,0.010732198368381627
baseline,136,D400,D400|0|2,2.417180474,2.4198752378170556,0.8837159842185585,0.01072600265639995
baseline,137,D400,D400|0|2,2.394055265,2.4189348470631007,0.8833272974342878,0.01072794825726647
baseline,138,D400,D400|0|2,2.419993966,2.420329252193595,0.8839035855394565,0.01072577486235469
baseline,139,D400,D400|0|2,2.429802299,2.411453030614594,0.8802294830884365,0.010731178415865513
baseline,140,D600,D600|0|2,2.420626025,2.4090024643918597,0.8792127466259262,0.010401896109755282
baseline,141,D600,D600|0|2,2.394758376,2.408470036471167,0.878991706268035,0.010385315655907614
baseline,142,D600,D600|0|2,2.384010172,2.3911455964475956,0.8717725801595144,0.010386830114047648
baseline,143,D600,D600|0|2,2.418643886,2.406567569678549,0.8782014873550252,0.010506588723033628
baseline,144,D600,D600|0|2,2.39934375,2.3902327790655846,0.8713907582992008,0.010597515173743114
baseline,145,D800,D800|0|2,2.360297782,2.3470513079171473,0.853159777693911,0.010208175870372226
baseline,146,D800,D800|0|2,2.375450943,2.346584699069272,0.8529609515179066,0.010210700494984272
baseline,147,D800,D800|0|2,2.371242957,2.364901898707654,0.8607365406216783,0.010140977029805268
baseline,148,D800,D800|0|2,2.383375605,2.351267472483534,0.8549545327521308,0.010184713338161197
baseline,149,D800,D800|0|2,2.365110163,2.3624014515742844,0.8596786658963731,0.010150325256159344
baseline,150,S50,S50|0|2,2.38150949,2.3520132303000687,0.8552716551481399,0.018595245568544586
baseline,151,S50,S50|0|2,2.394125437,2.357425010213577,0.857569925990322,0.018591918882604145
baseline,152,S50,S50|0|2,2.396222224,2.359905991633065,0.8586217841903356,0.018632381129791955
baseline,153,S50,S50|0|2,2.392269046,2.355541731249072,0.8567707355151697,0.018628554408801994
baseline,154,S50,S50|0|2,2.369866879,2.356412274618859,0.8571402397075313,0.018673887896928573
baseline,155,S100,S100|0|2,2.374401007,2.3895647921178256,0.8711112540138584,0.011527492426037738
baseline,156,S100,S100|0|2,2.370325356,2.3904382137979012,0.8714767021898178,0.011509373249465028
baseline,157,S100,S100|0|2,2.391706078,2.3981737463570223,0.8747075086749457,0.011505056486446022
baseline,158,S100,S100|0|2,2.424080577,2.400839179446868,0.8758183343406133,0.011498032903580145
baseline,159,S100,S100|0|2,2.379081599,2.383538006126655,0.8685859410471127,0.01155571192018237
baseline,160,S200,S200|0|2,2.41122508,2.3608485370645926,0.8590211040186905,0.010375839252343701
baseline,161,S200,S200|0|2,2.384056674,2.3639923496328055,0.8603518633426785,0.01044604128611895
baseline,162,S200,S200|0|2,2.375336473,2.3714537683738786,0.8635031714686375,0.010588074111309994
baseline,163,S200,S200|0|2,2.354090276,2.367485663736273,0.8618284906157379,0.010633610209238635
baseline,164,S200,S200|0|2,2.349382093,2.3649347326843175,0.8607504243894373,0.010619576615699658
baseline,165,S400,S400|0|2,2.333697666,2.357549849834064,0.8576228805125503,0.010085137950969717
baseline,166,S400,S400|0|2,2.347239773,2.3468469823447764,0.8530727176172477,0.0101793105904442
baseline,167,S400,S400|0|2,2.35748471,2.3575937150003012,0.8576414865912986,0.01006864232960166
baseline,168,S400,S400|0|2,2.334848634,2.3486173138612236,0.8538267779140167,0.010125215942191627
baseline,169,S400,S400|0|2,2.323961879,2.356098076362118,0.8570068932599672,0.010091722353334444
baseline,170,S600,S600|0|2,2.352788986,2.357398273663487,0.8575585845047644,0.010192284622271517
baseline,171,S600,S600|0|2,2.360231398,2.3604780461424903,0.8588641604494061,0.01016586676027308
baseline,172,S600,S600|0|2,2.337840207,2.356519709798616,0.8571858313605112,0.010193240558512767
baseline,173,S600,S600|0|2,2.352483628,2.3613291254616375,0.8592246492611822,0.010147695687021242
baseline,174,S600,S600|0|2,2.358437625,2.35985416998755,0.8585998247501344,0.010153322199649338
baseline,175,S800,S800|0|2,2.327082283,2.312629105103954,0.8383850180801917,0.012609723099832796
baseline,176,S800,S800|0|2,2.375686483,2.3163950902300994,0.8400121367981352,0.012694967070630234
baseline,177,S800,S800|0|2,2.357065093,2.3152988744184633,0.8395387826255705,0.012550337988906144
baseline,178,S800,S800|0|2,2.344086808,2.3182814556874147,0.8408261593271252,0.012308630842166947
baseline,179,S800,S800|0|2,2.371926086,2.32276761127242,0.842759410588862,0.011923363746411576
baseline,180,D50,D50|0|3,2.712659774,2.6849622014742454,0.9876666501985134,0.027314413716563384
baseline,181,D50,D50|0|3,2.725048716,2.687965529596738,0.98878459876794,0.02733273158329856
baseline,182,D50,D50|0|3,2.731434141,2.6818864117491303,0.986520431892937,0.02730366349530419
baseline,183,D50,D50|0|3,2.738759908,2.6687535289288045,0.9816115203091663,0.027312814138041912
baseline,184,D50,D50|0|3,2.737732498,2.650362986151163,0.9746966065238871,0.027450208040388755
baseline,185,D100,D100|0|3,2.675096745,2.7781098844088152,1.0217707987726206,0.017576388248231833
baseline,186,D100,D100|0|3,2.867247482,2.770194602074267,1.0189175711880027,0.017666866391399347
baseline,187,D100,D100|0|3,2.696871146,2.757190518810044,1.0142122333211565,0.017489028112964856
baseline,188,D100,D100|0|3,2.647227765,2.7604622438073454,1.015398145346252,0.01750672776376788
baseline,189,D100,D100|0|3,2.657785564,2.779406998305139,1.0222375949865596,0.01776651530328564
baseline,190,D200,D200|0|3,2.748276141,2.751027437023071,1.011974455365284,0.013458373737679724
baseline,191,D200,D200|0|3,2.682650303,2.760805675945055,1.01552254870546,0.013458626674838553
baseline,192,D200,D200|0|3,2.701945369,2.75949562431895,1.0150479182172163,0.013624154849221007
baseline,193,D200,D200|0|3,2.740214864,2.7464630954802423,1.010313936783352,0.01356753839865006
baseline,194,D200,D200|0|3,2.744762506,2.7661391013886494,1.0174525217064425,0.013490494037696867
baseline,195,D400,D400|0|3,2.766825409,2.7912334711301527,1.0264836024816666,0.011335737633225972
baseline,196,D400,D400|0|3,2.901334736,2.7332646206165463,1.0054967264872883,0.011991852354843343
baseline,197,D400,D400|0|3,2.782567861,2.668502879119025,0.9815175957191518,0.013403382556891425
baseline,198,D400,D400|0|3,2.801594694,2.6796818316617834,0.9856980679458589,0.012832511241905837
baseline,199,D400,D400|0|3,2.750904643,2.664485011584632,0.9800107975126189,0.013793221042090536
baseline,200,D600,D600|0|3,2.782887365,2.707457415449265,0.9960099714033941,0.01019671247594374
baseline,201,D600,D600|0|3,2.84132757,2.7048781894667093,0.9950568796640509,0.010208509019708236
baseline,202,D600,D600|0|3,2.766425103,2.702699796891321,0.9942511981930776,0.010210897016611022
baseline,203,D600,D600|0|3,2.732959456,2.68442265658559,0.9874656793593077,0.010166674138405987
baseline,204,D600,D600|0|3,2.763235638,2.6963222761032055,0.9918887245198384,0.010194436193887815
baseline,205,D800,D800|0|3,2.63522,2.7630983029110125,1.0163526236330376,0.010284703101575065
baseline,206,D800,D800|0|3,2.651727808,2.7815966470360087,1.0230250963023932,0.010422681357326838
baseline,207,D800,D800|0|3,2.695769239,2.7694562318585527,1.0186509947404172,0.010402837733661416
baseline,208,D800,D800|0|3,2.623911376,2.7723881344627315,1.019709091173271,0.010358423912258535
baseline,209,D800,D800|0|3,2.604061726,2.759988383057256,1.0152264706829746,0.010498764334788307
baseline,210,S50,S50|0|3,2.731521141,2.6203238903997037,0.9632979324223631,0.01848828228462566
baseline,211,S50,S50|0|3,2.632174683,2.6202691477890654,0.9632770406605944,0.01839090916593571
baseline,212,S50,S50|0|3,2.697323437,2.6368666885885665,0.9695913518985396,0.018435450691915774
baseline,213,S50,S50|0|3,2.665334753,2.6259309120100784,0.9654354663228121,0.018469591792458318
baseline,214,S50,S50|0|3,2.709654543,2.620706550180199,0.963443957058363,0.01844393205197435
baseline,215,S100,S100|0|3,2.644428335,2.6919397844779103,0.9902620432105795,0.011464661321088915
baseline,216,S100,S100|0|3,2.67892849,2.697629813373257,0.9923735405782581,0.011463027589808203
baseline,217,S100,S100|0|3,2.651410329,2.696644383156249,0.9920081790144711,0.011452340876765442
baseline,218,S100,S100|0|3,2.645760415,2.679427745090447,0.9856032437711009,0.011477773033289255
baseline,219,S100,S100|0|3,2.649109535,2.6864913230178664,0.9882360013352051,0.01148030147468175
baseline,220,S200,S200|0|3,2.67459967,2.6790317187123542,0.9854554302506333,0.01031630905142871
baseline,221,S200,S200|0|3,2.653136363,2.6906927014315563,0.9897986702896407,0.01032162788623924
baseline,222,S200,S200|0|3,2.703511806,2.68577766129217,0.9879703177918164,0.010289313559282602
baseline,223,S200,S200|0|3,2.650051828,2.687909600495673,0.9887637913273974,0.010288704049318835
baseline,224,S200,S200|0|3,2.691075341,2.6907938578841986,0.9898362645311348,0.010300287991555438
baseline,225,S400,S400|0|3,2.800140568,2.6672766145555458,0.9810579573152328,0.010252378372661516
baseline,226,S400,S400|0|3,2.686679766,2.6590354132329965,0.9779634304245448,0.010252791079015689
baseline,227,S400,S400|0|3,2.64679232,2.676270741038116,0.98442431092932,0.01012761604948874
baseline,228,S400,S400|0|3,2.721755729,2.673290907113243,0.9833102629272401,0.01019944165730813
baseline,229,S400,S400|0|3,2.689948259,2.668350468513304,0.981460479438889,0.010232659823573454
baseline,230,S600,S600|0|3,2.647347587,2.680050589675296,0.9858356710891154,0.010097679484278045
baseline,231,S600,S600|0|3,2.628741468,2.6773840021812365,0.9848401992196796,0.010152693282051128
baseline,232,S600,S600|0|3,2.6300257,2.6833041564639246,0.9870489293357654,0.010132266598867998
baseline,233,S600,S600|0|3,2.653703494,2.6710067489718265,0.982455460883084,0.010143502053285031
baseline,234,S600,S600|0|3,2.628540977,2.6631509890880682,0.9795100040934455,0.010160325857601888
baseline,235,S800,S800|0|3,2.664593931,2.643476834759446,0.9720950335603797,0.010668579017117208
baseline,236,S800,S800|0|3,2.656532806,2.647449896631253,0.9735968735291749,0.010747797334809111
baseline,237,S800,S800|0|3,2.702334908,2.647273412776966,0.9735302094774241,0.010699866552696292
baseline,238,S800,S800|0|3,2.646022521,2.6328480526294467,0.9680661700109155,0.010776546719239968
baseline,239,S800,S800|0|3,2.700193466,2.6415332156998668,0.9713595121030331,0.010760011403863932
baseline,240,D50,D50|0|4,2.994801895,2.9300782742162728,1.0750291374217245,0.029120714209815664
baseline,241,D50,D50|0|4,3.017042885,2.942368383427191,1.0792148296454234,0.03056362345932783
baseline,242,D50,D50|0|4,3.041828615,2.8705110856436775,1.0544900925389047,0.028436025199583877
baseline,243,D50,D50|0|4,2.99137326,2.904779067983866,1.0663573350826157,0.028718309503811452
baseline,244,D50,D50|0|4,2.98648365,2.8761882419196216,1.056465890401019,0.02857772957234627
baseline,245,D100,D100|0|4,2.991563797,2.990434137319487,1.095418573290536,0.017932461546495037
baseline,246,D100,D100|0|4,3.009996481,2.9915842781837387,1.095803106001249,0.018175325643397102
baseline,247,D100,D100|0|4,2.962123796,2.9946722292685326,1.0968347862691565,0.01805482350394184
baseline,248,D100,D100|0|4,2.956168224,2.996592273882566,1.0974757343290378,0.018008263360921255
baseline,249,D100,D100|0|4,2.915595762,3.0038154080444475,1.0998832832936145,0.018044980205541534
baseline,250,D200,D200|0|4,3.125488432,3.144351431864613,1.145607646903092,0.014961404864804129
baseline,251,D200,D200|0|4,2.986670763,3.149746505143828,1.1473219750417758,0.01521009978177947
baseline,252,D200,D200|0|4,3.122846689,3.0751335784846554,1.1233483404725964,0.014435253472314842
baseline,253,D200,D200|0|4,3.025946716,3.1366858452110558,1.143166779217943,0.015202695937027553
baseline,254,D200,D200|0|4,3.063166499,3.1522719727102197,1.1481234540315493,0.01534353131110378
baseline,255,D400,D400|0|4,3.154841788,3.0960012545007363,1.1301113609278948,0.011602962064068913
baseline,256,D400,D400|0|4,3.024652821,3.111730009419806,1.135178844653941,0.011682000406345155
baseline,257,D400,D400|0|4,3.205285799,3.108919160615291,1.1342751290065913,0.011517445567857224
baseline,258,D400,D400|0|4,3.203743204,3.0858620493604545,1.1268310508551045,0.011666739365266519
baseline,259,D400,D400|0|4,3.038918026,3.109676119547771,1.1345185791435164,0.011648504110150469
baseline,260,D600,D600|0|4,3.342236258,3.1193533104040587,1.1376257080311263,0.010883699770362734
baseline,261,D600,D600|0|4,3.081920399,3.0928629420490723,1.1290971804188414,0.010936166088512661
baseline,262,D600,D600|0|4,3.123416728,3.119691494865264,1.1377341170815793,0.010865526162842547
baseline,263,D600,D600|0|4,3.124444876,3.11202083698407,1.1352723019826976,0.010906324282368882
baseline,264,D600,D600|0|4,3.296475183,3.11576317199815,1.1364741212683778,0.010849225209160462
baseline,265,D800,D800|0|4,3.007268472,3.050207768795125,1.1152097092156303,0.010242529294865523
baseline,266,D800,D800|0|4,3.095796473,3.043745357574875,1.1130887826155258,0.010264067543770475
baseline,267,D800,D800|0|4,2.985437636,3.0336475337731086,1.1097657020529548,0.010254242919800503
baseline,268,D800,D800|0|4,3.011094667,3.028234787547246,1.1079798713893179,0.010316122413528365
baseline,269,D800,D800|0|4,3.168463788,3.031461832502288,1.1090449561493139,0.010256381786727718
baseline,270,S50,S50|0|4,2.959020881,2.842105418298264,1.0445451219842588,0.0251076024648637
baseline,271,S50,S50|0|4,2.959927376,2.861553237305251,1.0513645673786485,0.021750179578572674
baseline,272,S50,S50|0|4,3.018549894,2.8456003823900047,1.0457740760314937,0.020104440863995335
baseline,273,S50,S50|0|4,2.976615558,2.8645377225114648,1.0524069837487031,0.021563776559850947
baseline,274,S50,S50|0|4,2.981243906,2.8497394971351304,1.0472275855889226,0.021034805014125194
baseline,275,S100,S100|0|4,2.939393159,3.0966073457864907,1.1303071076081102,0.011810389326460774
baseline,276,S100,S100|0|4,2.929744229,3.090199434843679,1.1282356308475157,0.011660965026483934
baseline,277,S100,S100|0|4,3.000321687,3.08644521377273,1.1270200124181473,0.011665143028906203
baseline,278,S100,S100|0|4,3.087471777,3.0961933278060365,1.1301733981597062,0.011816151797861534
baseline,279,S100,S100|0|4,3.109757546,3.0938130014672605,1.1294043112381473,0.011786477851298747
baseline,280,S200,S200|0|4,2.983634778,2.9406463478846434,1.078629403407218,0.010365670662022325
baseline,281,S200,S200|0|4,3.076031721,2.907390636462606,1.0672559904169554,0.010566272939284341
baseline,282,S200,S200|0|4,2.978891815,2.921663547204393,1.0721531620049378,0.010458949272148445
baseline,283,S200,S200|0|4,3.074036077,2.9187045261380127,1.0711398624038138,0.010495801033849558
baseline,284,S200,S200|0|4,3.157526941,2.940123730249431,1.0784516655838905,0.010381433549524394
baseline,285,S400,S400|0|4,2.893415666,3.022316675412364,1.1060236483711676,0.010110512427808168
baseline,286,S400,S400|0|4,2.835511238,3.0064575697112996,1.1007624985461777,0.010070693091087565
baseline,287,S400,S400|0|4,2.874224375,2.990203940887582,1.0953415927312684,0.010055054697901647
baseline,288,S400,S400|0|4,2.877137236,2.9909423267953383,1.0955884972136072,0.010055486541634072
baseline,289,S400,S400|0|4,2.934912279,3.024938732829112,1.1068908376674869,0.010143238214696705
baseline,290,S600,S600|0|4,2.909473986,2.9142611257213784,1.0696163145067954,0.010301230849068104
baseline,291,S600,S600|0|4,3.056239128,2.9262222586302484,1.0737122596004294,0.010392761924579427
baseline,292,S600,S600|0|4,3.048550845,2.8967322357549397,1.0635832864018855,0.010205194542537368
baseline,293,S600,S600|0|4,3.107367274,2.911523396346593,1.0686764481022122,0.01032522567758781
baseline,294,S600,S600|0|4,2.952127628,2.8959341313200553,1.0633077295548794,0.010207321830502363
baseline,295,S800,S800|0|4,2.823288905,2.9158683717459914,1.070167673122767,0.014894835032782213
baseline,296,S800,S800|0|4,2.863719184,2.917675874443657,1.07078736594731,0.014458118475975298
baseline,297,S800,S800|0|4,2.851970661,2.9217190358117855,1.0721721539523608,0.013012509767091073
baseline,298,S800,S800|0|4,2.838814561,2.9145874053858307,1.0697282678928035,0.013633901056916595
baseline,299,S800,S800|0|4,2.819979547,2.9263814991847257,1.0737666765953622,0.012013372890674157
baseline,300,D50,D50|20|0,1.552767498,1.6026276846832594,0.47164458506802165,0.02967166610357272
baseline,301,D50,D50|20|0,1.548674901,1.6017242672303436,0.47108071599845014,0.029723966099165833
baseline,302,D50,D50|20|0,1.557422765,1.5946146087670925,0.46663208244344767,0.029987881961359972
baseline,303,D50,D50|20|0,1.562692913,1.6048760990982214,0.473046556778613,0.029726259152652326
baseline,304,D50,D50|20|0,1.558102838,1.6021652630229195,0.47135600376427156,0.029667661144540218
baseline,305,D100,D100|20|0,1.572517305,1.5532463961972476,0.4403471897898115,0.01817560858569107
baseline,306,D100,D100|20|0,1.578127171,1.5532863406156319,0.4403729061892644,0.018193556660664092
baseline,307,D100,D100|20|0,1.571879021,1.5508519389432383,0.43880441796339614,0.018329674997058513
baseline,308,D100,D100|20|0,1.585865962,1.549838886543436,0.438150981363061,0.018367510315655564
baseline,309,D100,D100|20|0,1.566831298,1.5502777936858916,0.4384341366056924,0.01840689113194038
baseline,310,D200,D200|20|0,1.566116653,1.5734696225336091,0.4532831316693704,0.013725332416563776
baseline,311,D200,D200|20|0,1.576968715,1.573414474631918,0.4532480824587901,0.013720790706200707
baseline,312,D200,D200|20|0,1.576836284,1.5731380758428453,0.4530723988905993,0.013709661697757594
baseline,313,D200,D200|20|0,1.583116266,1.5737252967038011,0.4534456091627037,0.013753761599866368
baseline,314,D200,D200|20|0,1.576286602,1.5734152503926646,0.453248575501512,0.01382667292619087
baseline,315,D400,D400|20|0,1.567755435,1.5713088937259334,0.4519089623048062,0.011039875024674848
baseline,316,D400,D400|20|0,1.562605939,1.5708498385832863,0.45161677137174294,0.010994657844105863
baseline,317,D400,D400|20|0,1.567598269,1.5709311229115839,0.45166851548077663,0.01099143644900873
baseline,318,D400,D400|20|0,1.55788804,1.570642241832341,0.451484606944182,0.011603445407639214
baseline,319,D400,D400|20|0,1.555636875,1.5689289243243216,0.45039317274032165,0.012893159575054814
baseline,320,D600,D600|20|0,1.568956739,1.577088576396067,0.45558047406117763,0.011053986491318306
baseline,321,D600,D600|20|0,1.571242561,1.5762190450751128,0.45502896976957413,0.011105290389497742
baseline,322,D600,D600|20|0,1.573089533,1.575387552234338,0.4545013069192823,0.010396545359799517
baseline,323,D600,D600|20|0,1.568257404,1.5747736179903478,0.45411152733748444,0.010277489228677618
baseline,324,D600,D600|20|0,1.575665406,1.5753235257293619,0.4544606643447012,0.010678886718109293
baseline,325,D800,D800|20|0,1.561065551,1.5698447928923118,0.4509767564430649,0.010129181265035493
baseline,326,D800,D800|20|0,1.571763461,1.5694783795052916,0.4507433218021807,0.010261568594185802
baseline,327,D800,D800|20|0,1.576918877,1.569615233318075,0.45083051500490073,0.010144301559646017
baseline,328,D800,D800|20|0,1.581314446,1.5698969076005935,0.4510099532555787,0.010132391907163252
baseline,329,D800,D800|20|0,1.566478551,1.5701116910857529,0.4511467576487795,0.010011772993354142
baseline,330,S50,S50|20|0,1.553567545,1.597166509568978,0.4682311277733303,0.021318484219340503
baseline,331,S50,S50|20|0,1.564751479,1.5808368308897112,0.4579543466328342,0.019996841950735193
baseline,332,S50,S50|20|0,1.551504027,1.5818330132860114,0.4585843095934509,0.01986284736247194
baseline,333,S50,S50|20|0,1.564022461,1.582372914689866,0.4589255651383702,0.019820023743133623
baseline,334,S50,S50|20|0,1.570885043,1.58123551001707,0.45820650982613875,0.01981792473345081
baseline,335,S100,S100|20|0,1.566786998,1.5566332725364849,0.4425253304505692,0.011573347390311333
baseline,336,S100,S100|20|0,1.57161871,1.5567641808966433,0.44260942402499603,0.011584944833525438
baseline,337,S100,S100|20|0,1.576159572,1.5571085206768138,0.4428305889951634,0.011627151488330038
baseline,338,S100,S100|20|0,1.574140115,1.5579050103104966,0.4433419765978929,0.011596038878278554
baseline,339,S100,S100|20|0,1.575161986,1.5576769423160448,0.4431955718501912,0.011671894755685372
baseline,340,S200,S200|20|0,1.55049502,1.57035323350934,0.45130058355027053,0.010501554605560947
baseline,341,S200,S200|20|0,1.55748727,1.5710380879981045,0.45173660340868527,0.010375369531245392
baseline,342,S200,S200|20|0,1.552948023,1.570861478410587,0.45162418123606607,0.010359675223844369
baseline,343,S200,S200|20|0,1.570748186,1.5710068526237049,0.4517167212141331,0.010209087948834222
baseline,344,S200,S200|20|0,1.560910389,1.5710264320093856,0.4517291840901801,0.010237796690602237
baseline,345,S400,S400|20|0,1.569008578,1.5663300169185246,0.44873531413931955,0.010013005910479328
baseline,346,S400,S400|20|0,1.576788168,1.5638517556974736,0.44715185227103166,0.010288780625446988
baseline,347,S400,S400|20|0,1.590173634,1.5655550238538831,0.4482404089493968,0.010043801359271532
baseline,348,S400,S400|20|0,1.579849587,1.565564805554428,0.44824665700190064,0.010048170948359681
baseline,349,S400,S400|20|0,1.569267854,1.5660806859855214,0.44857611985914514,0.010019327447548378
baseline,350,S600,S600|20|0,1.587079653,1.5722781081126154,0.4525255919173002,0.010053279191809103
baseline,351,S600,S600|20|0,1.567946889,1.57137080311403,0.451948361412623,0.010112821661081375
baseline,352,S600,S600|20|0,1.571871059,1.5720255683144642,0.45236495870582794,0.010070392836891966
baseline,353,S600,S600|20|0,1.569880939,1.5736207496640204,0.4533791741166179,0.01008961453695437
baseline,354,S600,S600|20|0,1.566603451,1.572201453794014,0.45247683706479935,0.010060525813852443
baseline,355,S800,S800|20|0,1.561161878,1.5753539603698345,0.4544799837708297,0.010899523251618493
baseline,356,S800,S800|20|0,1.567127956,1.5746605462422216,0.45403972285307337,0.010808536612515402
baseline,357,S800,S800|20|0,1.5717416,1.5721140380955538,0.45242123469365786,0.01059178466105135
baseline,358,S800,S800|20|0,1.580639482,1.572907920964291,0.4529260851499875,0.01062416660381341
baseline,359,D50,D50|20|1,2.106587464,2.0810216143095697,0.7328589338590332,0.032537285659131325
baseline,360,D50,D50|20|1,2.117544335,2.0162474579243583,0.701238089662616,0.03814827588322476
baseline,361,D50,D50|20|1,2.118184975,2.03195269480866,0.708997249331401,0.03680308338856446
baseline,362,D50,D50|20|1,2.099811401,2.024169975242805,0.7051597277621537,0.03520858651219039
baseline,363,D50,D50|20|1,2.091618493,2.0829931662611494,0.7338058815538899,0.030784811570163485
baseline,364,D100,D100|20|1,2.060357876,2.0343913836600747,0.7101966997943868,0.01827521940224855
baseline,365,D100,D100|20|1,2.051589607,2.0610860994645726,0.7232330766129291,0.018434322602686137
baseline,366,D100,D100|20|1,2.058574592,2.036706368172839,0.7113339776999535,0.01831586898215594
baseline,367,D100,D100|20|1,2.052924413,2.0305019498766512,0.7082830284375988,0.018339080164910416
baseline,368,D100,D100|20|1,2.049683521,2.043822367407203,0.7148217641654447,0.018448991739091054
baseline,369,D200,D200|20|1,2.057366791,2.064030408640589,0.7246605803792913,0.013962725872005753
baseline,370,D200,D200|20|1,2.058764596,2.063458523222206,0.7243834698011726,0.013929272871148597
baseline,371,D200,D200|20|1,2.057642712,2.075557978482849,0.7302300228270528,0.014115199663055045
baseline,372,D200,D200|20|1,2.069375924,2.07200658383645,0.7285175019194325,0.01389942431962121
baseline,373,D200,D200|20|1,2.056356092,2.075896879026623,0.7303932911540172,0.013894292409655215
baseline,374,D400,D400|20|1,2.0430377,2.063916606994069,0.7246054432149245,0.011690574092386436
baseline,375,D400,D400|20|1,2.067464556,2.0175159788849397,0.7018670412718367,0.012697897882793508
baseline,376,D400,D400|20|1,2.05092407,2.0661204916994738,0.7256726902453642,0.01153920841656523
baseline,377,D400,D400|20|1,2.046116935,2.0435570320583087,0.7146919326409713,0.011930826644537757
baseline,378,D400,D400|20|1,2.040174013,2.0589824265443037,0.7222118930623155,0.011478716546142822
baseline,379,D600,D600|20|1,2.030799499,2.0305159094631158,0.7082899033576057,0.010278036976566535
baseline,380,D600,D600|20|1,2.029389278,2.0275446252498024,0.7068255167527868,0.010242871249918982
baseline,381,D600,D600|20|1,2.035717652,2.030074578101705,0.7080725303600085,0.010331249723295055
baseline,382,D600,D600|20|1,2.032341943,2.038759641137513,0.7123416038873439,0.010391991152256976
baseline,383,D600,D600|20|1,2.038835416,2.0304642186836728,0.7082644460651222,0.010292198017122466
baseline,384,D800,D800|20|1,2.00530262,2.0143122540913057,0.7002778240320192,0.010019978285147921
baseline,385,D800,D800|20|1,2.009512232,2.0016979465287634,0.6939957936503629,0.010238646505495903
baseline,386,D800,D800|20|1,2.00461922,1.994991556054722,0.6906398177788454,0.011243812134811572
baseline,387,D800,D800|20|1,2.017234302,2.009840731514164,0.6980554808788294,0.010054613057865074
baseline,388,D800,D800|20|1,2.007206069,1.9918654957013622,0.6890716346444056,0.010915520859650897
baseline,389,S50,S50|20|1,2.034582604,2.0211457948320115,0.7036645757660899,0.019409271043396643
baseline,390,S50,S50|20|1,2.023307961,2.021111959474777,0.70364783494485,0.019412243763105363
baseline,391,S50,S50|20|1,2.025826924,2.021241615337787,0.7037119836446877,0.019434044738559933
baseline,392,S50,S50|20|1,2.013036975,2.021585429433567,0.7038820696230398,0.019478866746778057
baseline,393,S50,S50|20|1,2.03287125,2.0180375866917215,0.7021255474723916,0.01952771885969551
baseline,394,S100,S100|20|1,2.019725426,2.0389212468488513,0.7124208674275091,0.011984250409133356
baseline,395,S100,S100|20|1,2.039797618,2.049442301812922,0.7175677082424397,0.01265677322191102
baseline,396,S100,S100|20|1,2.036185006,2.037790925600612,0.7118663415108439,0.012046423172764588
baseline,397,S100,S100|20|1,2.03838733,2.036800833679108,0.7113803581292029,0.011906472537682507
baseline,398,S100,S100|20|1,2.036193882,2.037492334039469,0.7117198036911861,0.012370920261747466
baseline,399,S200,S200|20|1,2.012022796,2.0097305683828885,0.6980006675054201,0.010348837709006235
baseline,400,S200,S200|20|1,2.023972604,2.0114809386448638,0.6988712361733279,0.010316341418378118
baseline,401,S200,S200|20|1,2.013429352,2.0085778625264927,0.6974269405713959,0.010465223839146618
baseline,402,S200,S200|20|1,2.013525821,2.005805414912415,0.6960456832956153,0.010462834797006474
baseline,403,S200,S200|20|1,2.013365047,2.008986185712829,0.6976302096084737,0.010468109822303201
baseline,404,S400,S400|20|1,2.000918649,2.0069856250565827,0.6966339073852539,0.010165404067175874
baseline,405,S400,S400|20|1,2.006587247,2.0114510803631296,0.6988563921334119,0.009998230551890972
baseline,406,S400,S400|20|1,2.007552339,2.0157901429287195,0.7010112490212972,0.010023441335855117
baseline,407,S400,S400|20|1,2.016135748,2.0032021304431726,0.6947469654430313,0.010021347799993844
baseline,408,S400,S400|20|1,2.007400124,2.018775055642859,0.7024909193757629,0.01022249880170051
baseline,409,S600,S600|20|1,2.002293432,2.0049109703513777,0.6955996559578798,0.01003667157254226
baseline,410,S600,S600|20|1,2.009319501,2.0106479925865877,0.6984570544877455,0.010010219053555591
baseline,411,S600,S600|20|1,2.017374996,2.006111540526917,0.6961982914470284,0.010033507516628057
baseline,412,S600,S600|20|1,2.016442329,2.0045789216193928,0.6954340245475554,0.010059345831777656
baseline,413,S600,S600|20|1,2.004084507,2.00054868724143,0.6934214865553306,0.010032826926710939
baseline,414,S800,S800|20|1,2.007171096,2.01582578022102,0.7010289279336642,0.010641691576077365
baseline,415,S800,S800|20|1,2.008164277,2.011961065680209,0.6991099009966847,0.010614013303017892
baseline,416,S800,S800|20|1,2.006201599,2.014702892750276,0.7004717367605433,0.010624663541175056
baseline,417,S800,S800|20|1,2.010861938,2.0152852655425306,0.7007607563672684,0.010671763974866355
baseline,418,S800,S800|20|1,2.001144559,2.0135302733394074,0.6998895363785682,0.010656630677409292
baseline,419,D50,D50|20|2,2.484568666,2.3279100523953966,0.8449708918355514,0.03233278712820668
baseline,420,D50,D50|20|2,2.497363881,2.331234207092392,0.8463978299494621,0.03185293926273826
baseline,421,D50,D50|20|2,2.49842825,2.3284088226242523,0.8451851255442603,0.032023480913390044
baseline,422,D50,D50|20|2,2.461581844,2.3372852976484104,0.8489901266887111,0.031226646641452662
baseline,423,D50,D50|20|2,2.435941445,2.3950021681893365,0.8733841361607303,0.027339474685304337
baseline,424,D100,D100|20|2,2.40022232,2.4362875916419093,0.8904754018455403,0.01815037148049261
baseline,425,D100,D100|20|2,2.377815583,2.4033060244287765,0.8768452996358024,0.017675964227610134
baseline,426,D100,D100|20|2,2.394952399,2.404942891055328,0.877526157352845,0.017704343967944132
baseline,427,D100,D100|20|2,2.394366926,2.4041851053836227,0.8772110126203538,0.017800048372664832
baseline,428,D100,D100|20|2,2.379854414,2.407361630829716,0.8785313888244048,0.017706097605650353
baseline,429,D200,D200|20|2,2.376433228,2.3657045183900793,0.8610758711934315,0.013732812741816444
baseline,430,D200,D200|20|2,2.409641323,2.3874524727778486,0.870226886484701,0.013788037417049993
baseline,431,D200,D200|20|2,2.405379084,2.4079662928564214,0.8787825293653883,0.013622626425951868
baseline,432,D200,D200|20|2,2.374945926,2.3782490855965746,0.8663645386185254,0.013722875125245084
baseline,433,D200,D200|20|2,2.383753703,2.3721188888470706,0.8637836016530633,0.013668186740610502
baseline,434,D400,D400|20|2,2.422115978,2.371348564871643,0.8634588080333263,0.01296258360517529
baseline,435,D400,D400|20|2,2.412479091,2.4097842629219146,0.8795372260358502,0.011799750138576587
baseline,436,D400,D400|20|2,2.389934264,2.385131667160203,0.869254329172969,0.012376933423171478
baseline,437,D400,D400|20|2,2.384713733,2.3727314581033623,0.86404180548033,0.012826628601318873
baseline,438,D400,D400|20|2,2.399226086,2.4188368355549823,0.8832867781561731,0.011633047681956917
baseline,439,D600,D600|20|2,2.360350625,2.3420745691161553,0.8510371045986865,0.010292143654207489
baseline,440,D600,D600|20|2,2.354270436,2.3446321501769996,0.8521285239973859,0.010308435377007567
baseline,441,D600,D600|20|2,2.37100385,2.3438008398298185,0.8517739021620458,0.010289225352806127
baseline,442,D600,D600|20|2,2.328001537,2.3327641994979857,0.8470539161343604,0.01027213959181286
baseline,443,D600,D600|20|2,2.321628667,2.3267339109511407,0.8444655292434611,0.010295614361410115
baseline,444,D800,D800|20|2,2.324864186,2.345800493006058,0.8526267052706722,0.01069098331888961
baseline,445,D800,D800|20|2,2.332444837,2.3429490751509654,0.8514104243986993,0.010810065532443739
baseline,446,D800,D800|20|2,2.333356188,2.360882987060155,0.859035696121349,0.0106023665958551
baseline,447,D800,D800|20|2,2.344244002,2.3506638393662986,0.8546977731014612,0.010640156866119377
baseline,448,D800,D800|20|2,2.392456042,2.363285693306449,0.8600528936924057,0.01055127737003023
baseline,449,S50,S50|20|2,2.358059239,2.3012681883101576,0.8334603571993844,0.018707369135669304
baseline,450,S50,S50|20|2,2.359048519,2.313274414011096,0.8386640160785985,0.018453544592170152
baseline,451,S50,S50|20|2,2.346389412,2.3103391114251774,0.8373943152421797,0.01850243730862605
baseline,452,S50,S50|20|2,2.368014463,2.3151717545785484,0.8394838768286735,0.018435181540462826
baseline,453,S50,S50|20|2,2.377940402,2.3150105150237037,0.8394142296547518,0.01843380935778695
baseline,454,S100,S100|20|2,2.355055985,2.3613733361823277,0.8592433718976602,0.011687007564203293
baseline,455,S100,S100|20|2,2.34418626,2.3648657557790407,0.8607212574486962,0.011675360951622984
baseline,456,S100,S100|20|2,2.350460873,2.3640561831360345,0.8603788653934361,0.01169531651480645
baseline,457,S100,S100|20|2,2.354754656,2.3603334369272333,0.8588028958910475,0.011783360343694631
baseline,458,S100,S100|20|2,2.348310931,2.3621804943663327,0.8595851307600832,0.011752227647801391
baseline,459,S200,S200|20|2,2.31502858,2.3065354600103665,0.8357465978452587,0.010432655907318001
baseline,460,S200,S200|20|2,2.327331882,2.3078177501869157,0.8363023811375837,0.010377269053725179
baseline,461,S200,S200|20|2,2.321342581,2.3106300929054,0.8375202548309285,0.010397840875366125
baseline,462,S200,S200|20|2,2.354421515,2.3252588110999626,0.843831349446221,0.010319282497567608
baseline,463,S200,S200|20|2,2.346264224,2.3227023036969157,0.8427312939174793,0.010329392662833732
baseline,464,S400,S400|20|2,2.302433632,2.299410064450632,0.832652596317848,0.010015428227866318
baseline,465,S400,S400|20|2,2.301666197,2.302769085376295,0.8341123489318946,0.010007078822656109
baseline,466,S400,S400|20|2,2.301228007,2.3058593611392166,0.8354534317559672,0.010003311952862502
baseline,467,S400,S400|20|2,2.312349059,2.2956113580306,0.8309991949792449,0.010028017753536766
baseline,468,S400,S400|20|2,2.29357413,2.308677230284261,0.8366747329373415,0.010002272000178551
baseline,469,S600,S600|20|2,2.306805401,2.296755034279768,0.8314972720815976,0.010025249048011843
baseline,470,S600,S600|20|2,2.300352377,2.2985229540724608,0.8322667227587489,0.010014380008891407
baseline,471,S600,S600|20|2,2.312753062,2.3042582334339308,0.8347588170365735,0.01003327562072662
baseline,472,S600,S600|20|2,2.305671252,2.3007395417560668,0.8332306111461728,0.01001501686212612
baseline,473,S600,S600|20|2,2.308124581,2.3011677416042713,0.8334167078330785,0.010037396164108914
baseline,474,S800,S800|20|2,2.283433535,2.2957220352719587,0.831047406351367,0.010774035805339588
baseline,475,S800,S800|20|2,2.28344892,2.2964748703702136,0.8313752821460978,0.011041928423929521
baseline,476,S800,S800|20|2,2.305620968,2.296081311086666,0.8312038920666034,0.010906346770333015
baseline,477,S800,S800|20|2,2.285418849,2.304041551005334,0.8346647769615385,0.010563575059822396
baseline,478,S800,S800|20|2,2.29616334,2.3105743540806998,0.8374961317585381,0.010557993066381872
baseline,479,D50,D50|20|3,2.690730088,2.666728304125751,0.9808523667917572,0.027320056933636566
baseline,480,D50,D50|20|3,2.738434207,2.738952525932071,1.007575557502789,0.028722212413439075
baseline,481,D50,D50|20|3,2.817365633,2.713122234269004,0.9981000876817534,0.029941598438989105
baseline,482,D50,D50|20|3,2.759699812,2.727748462287192,1.0034765298235353,0.028710722187272778
baseline,483,D50,D50|20|3,2.814001244,2.6603532755850443,0.9784589243454087,0.03592365229967864
baseline,484,D100,D100|20|3,2.632649339,2.6916482150100283,0.9901537253124807,0.01787738030063624
baseline,485,D100,D100|20|3,2.670840698,2.701593992826048,0.9938419665251734,0.018035296541151068
baseline,486,D100,D100|20|3,2.656750954,2.6950665303580856,0.9914228906455228,0.017864920195914118
baseline,487,D100,D100|20|3,2.667506004,2.709602091382316,0.9968017943628439,0.01809077668403613
baseline,488,D100,D100|20|3,2.657418213,2.701041987495472,0.9936376198564334,0.018081088694759752
baseline,489,D200,D200|20|3,2.588700967,2.612555953717488,0.9603290347524784,0.013996786721739185
baseline,490,D200,D200|20|3,2.613579889,2.6509178295924403,0.9749059308221419,0.013663909015303672
baseline,491,D200,D200|20|3,2.697432993,2.709284943618826,0.9966847416316083,0.013653458793236864
baseline,492,D200,D200|20|3,2.669193554,2.7089733123371524,0.9965697115731297,0.013604460133455353
baseline,493,D200,D200|20|3,2.699238938,2.712952465439881,0.9980375124911879,0.013627210899072165
baseline,494,D400,D400|20|3,2.610637885,2.656325101989138,0.9769436269809251,0.010712015037410394
baseline,495,D400,D400|20|3,2.659162876,2.656826347559315,0.9771323080589721,0.010711987580758628
baseline,496,D400,D400|20|3,2.621120179,2.6583073351772204,0.9776895800843373,0.010712426826266053
baseline,497,D400,D400|20|3,2.716696143,2.687934434038235,0.9887730302645401,0.01094812832003074
baseline,498,D400,D400|20|3,2.661629247,2.692906504879507,0.9906210953951862,0.010955735594189813
baseline,499,D600,D600|20|3,2.72971974,2.6234848351756335,0.9645035237489001,0.009968913412635325
baseline,500,D600,D600|20|3,2.633703639,2.629372391041864,0.9667451831270674,0.009975961135434109
baseline,501,D600,D600|20|3,2.607496322,2.634281738705496,0.9686105599038,0.009979275115233256
baseline,502,D600,D600|20|3,2.586980655,2.6363145083090056,0.9693819222351312,0.009980522064794757
baseline,503,D600,D600|20|3,2.621748382,2.688516834584568,0.988989678949523,0.010461571138149522
baseline,504,D800,D800|20|3,2.655372422,2.5914624666447255,0.9522223752877632,0.009944878854125294
baseline,505,D800,D800|20|3,2.660303152,2.596088559180663,0.9540059119659409,0.009929529165174568
baseline,506,D800,D800|20|3,2.611077525,2.578994702960098,0.9473996729847673,0.010054412473788538
baseline,507,D800,D800|20|3,2.607165303,2.593337791820265,0.9529457687316117,0.009940357472093828
baseline,508,D800,D800|20|3,2.65987949,2.566211203302695,0.9424305711861458,0.010236011276526803
baseline,509,S50,S50|20|3,2.600572749,2.51411461544834,0.9219206999992849,0.018605016490867286
baseline,510,S50,S50|20|3,2.600756865,2.5103214765711006,0.920410823257545,0.01846833341468789
baseline,511,S50,S50|20|3,2.611409827,2.5138196121128376,0.9218033542574796,0.01863021531543162
baseline,512,S50,S50|20|3,2.606183706,2.5069468084007642,0.9190656017196215,0.01836453844944167
baseline,513,S50,S50|20|3,2.601032081,2.5123441216828124,0.9212162303392956,0.01839504332579629
baseline,514,S100,S100|20|3,2.602353853,2.611509608706131,0.9599284482694621,0.011556154682357869
baseline,515,S100,S100|20|3,2.591555322,2.615104337008822,0.961303996150685,0.011597696689018354
baseline,516,S100,S100|20|3,2.593729911,2.610874382670033,0.9596851777476928,0.011621200607958905
baseline,517,S100,S100|20|3,2.590178255,2.612995661737617,0.960497326275948,0.011643549494149558
baseline,518,S100,S100|20|3,2.585105566,2.6041399474998417,0.9571024661817137,0.011635514057214438
baseline,519,S200,S200|20|3,2.549463877,2.5799402544795864,0.9477662414869396,0.010550231501660151
baseline,520,S200,S200|20|3,2.553809437,2.575882504324398,0.9461921955265518,0.010583958320501147
baseline,521,S200,S200|20|3,2.557795714,2.579348788871734,0.9475369596593569,0.010622234586189858
baseline,522,S200,S200|20|3,2.566834809,2.5746707833525027,0.945721674816806,0.010671335472351287
baseline,523,S400,S400|20|3,2.593864362,2.5877374725758684,0.9507839312211661,0.010041524784184222
baseline,524,S400,S400|20|3,2.570231272,2.5778274674212307,0.9469469773050501,0.010061270268018885
baseline,525,S400,S400|20|3,2.541498191,2.5752679683409028,0.9459535940763818,0.010007607128941453
baseline,526,S400,S400|20|3,2.548421595,2.5779977713977407,0.9470130400471654,0.010029339518972953
baseline,527,S400,S400|20|3,2.588285054,2.5827902096534157,0.9488702911688353,0.010030445001833423
baseline,528,S600,S600|20|3,2.580068962,2.6008818033945995,0.9558505426790975,0.01007340492932775
baseline,529,S600,S600|20|3,2.584900044,2.5988020721346916,0.9550505973668069,0.010075307294946219
baseline,530,S600,S600|20|3,2.561216983,2.607749395948328,0.9584875489368072,0.010194307696390535
baseline,531,S600,S600|20|3,2.587510212,2.607524078155055,0.9584011420419312,0.010144981777454374
baseline,532,S600,S600|20|3,2.581396513,2.608270253881705,0.9586872636503533,0.010181448943690476
baseline,533,S800,S800|20|3,2.560087009,2.5739652625043368,0.9454476135523087,0.010632346101752427
baseline,534,S800,S800|20|3,2.596600528,2.576445081080703,0.9464105732400087,0.01068001757478679
baseline,535,S800,S800|20|3,2.622113085,2.5772415217500146,0.9467196493391313,0.010575976709962267
baseline,536,S800,S800|20|3,2.569463249,2.5747224275460767,0.94574173317765,0.01061822125327366
baseline,537,S800,S800|20|3,2.568817026,2.5792879296006097,0.9475133645607102,0.010603446154022499
baseline,538,D50,D50|20|3,2.984611462,2.935630425985545,1.0769222261212108,0.030400142819313785
baseline,539,D50,D50|20|3,3.075366021,2.9533290078085996,1.0829330113231797,0.038591865771755565
baseline,540,D50,D50|20|3,3.115050296,2.9514747995673405,1.0823049774840574,0.03892637558730475
baseline,541,D50,D50|20|3,3.094452059,2.949670852346472,1.0816935886509498,0.03816519429942398
baseline,542,D50,D50|20|3,3.004673665,3.021133807102636,1.1056321937449554,0.03255222044452539
baseline,543,D100,D100|20|3,2.895548145,2.9764523670376013,1.0907321104722054,0.0189629043229863
baseline,544,D100,D100|20|3,3.084940581,2.9829944690909187,1.0929276513877209,0.01905203302241986
baseline,545,D100,D100|20|3,2.95128913,2.963769427602525,1.0864619134506543,0.020280763239868854
baseline,546,D100,D100|20|3,2.944572615,2.953149014390816,1.0828720635241147,0.01992540907984607
baseline,547,D100,D100|20|3,2.924704326,2.95450060985005,1.0833296382175326,0.019977118996613436
baseline,548,D200,D200|20|4,2.998124447,2.986089442888046,1.0939646527501141,0.01389614899075022
baseline,549,D200,D200|20|4,2.966529382,2.999503617938884,1.0984468142909414,0.01397213290370821
baseline,550,D200,D200|20|4,2.971769703,2.9884187373393494,1.094744397123728,0.014054718379262135
baseline,551,D200,D200|20|4,2.937807548,2.9875760673925917,1.0944623788222143,0.013838625684707891
baseline,552,D200,D200|20|4,2.99205482,2.996980689145867,1.0976053449189949,0.014096507925135981
baseline,553,D400,D400|20|4,3.117623303,2.950632044825418,1.0820193998861356,0.013129169044489774
baseline,554,D400,D400|20|4,3.108333693,2.924537818646942,1.0731364574798168,0.013523792881675208
baseline,555,D400,D400|20|4,3.026542576,3.023881350602745,1.1065412216357473,0.01178661577135973
baseline,556,D400,D400|20|4,3.01931705,2.9754711329532215,1.0904023904772253,0.012765177456308507
baseline,557,D400,D400|20|4,2.919158592,3.021390089896535,1.105717020151411,0.011060500427986647
baseline,558,D600,D600|20|4,2.893907337,2.983347739023317,1.0930460723298956,0.01062747984431853
baseline,559,D600,D600|20|4,2.976918996,2.980830919133669,1.0922020935749668,0.010581027070221209
baseline,560,D600,D600|20|4,3.111563662,2.981943231153586,1.0925751789895017,0.010567508488035079
baseline,561,D600,D600|20|4,2.942187821,2.961557307512439,1.085715247387583,0.010616496822487317
baseline,562,D600,D600|20|4,2.996728535,2.9709071452418416,1.0888673422868602,0.010543829317260204
baseline,563,D800,D800|20|4,2.883213228,2.934979263477752,1.0767003880005017,0.010088795233208533
baseline,564,D800,D800|20|4,2.97817025,2.9375662077388265,1.0775814180209893,0.010113826594885359
baseline,565,D800,D800|20|4,3.035298035,2.930787683177069,1.075271220748461,0.010122628948396804
baseline,566,D800,D800|20|4,2.975689921,2.924263975786807,1.0730428168094848,0.010087592212096406
baseline,567,D800,D800|20|4,2.974881534,2.926373526054669,1.0737639520220554,0.010097144117770141
baseline,568,S50,S50|20|4,2.764611869,2.683456726282089,0.9871057866549338,0.01993958815271326
baseline,569,S50,S50|20|4,2.784814878,2.693049147067318,0.9906740635950981,0.019970853873059278
baseline,570,S50,S50|20|4,2.791268732,2.7015828577163448,0.993837844835282,0.020523107172323786
baseline,571,S50,S50|20|4,2.77002425,2.7019666330931,0.9939798904954738,0.02030700146757532
baseline,572,S50,S50|20|4,2.879657362,2.7130626926814876,0.9980781416595221,0.019615451109391953
baseline,573,S100,S100|20|4,2.81862213,2.9312203465827045,1.0754188368568744,0.012219520168347283
baseline,574,S100,S100|20|4,2.834304486,2.9497645761898106,1.0817253624857452,0.012176164391552311
baseline,575,S100,S100|20|4,2.875183276,2.93381827527749,1.0763047402693473,0.012275649012980882
baseline,576,S100,S100|20|4,2.824508975,2.941330622384714,1.0788620716092923,0.012302797126098173
baseline,577,S100,S100|20|4,2.820972955,2.939879266459639,1.0783685146773112,0.012176081396912234
baseline,578,S200,S200|20|4,2.957256887,2.8791125637579644,1.0574821090796744,0.010362983418371139
baseline,579,S200,S200|20|4,2.7989606,2.883444060189603,1.0589854339162228,0.010352196991177181
baseline,580,S200,S200|20|4,2.964542875,2.8838135413882506,1.0591135645546226,0.010322675808794745
baseline,581,S200,S200|20|4,3.094040534,2.8806471460035485,1.0580149723792647,0.010318154887987985
baseline,582,S200,S200|20|4,2.961390736,2.889292697624892,1.061011730864034,0.010297959684032415
baseline,583,S400,S400|20|4,2.87458441,2.8853075453516612,1.0596314957869006,0.010072078635628373
baseline,584,S400,S400|20|4,2.947651822,2.8868776585599494,1.060175523115043,0.010271137947472872
baseline,585,S400,S400|20|4,2.9562895,2.898333113234692,1.064135783198407,0.010042465405982894
baseline,586,S400,S400|20|4,2.963229596,2.892226965627728,1.0620267817245974,0.01006271822536468
baseline,587,S400,S400|20|4,3.031494443,2.898293672808372,1.0641221751371064,0.009990899532297816
baseline,588,S600,S600|20|4,2.826666765,2.9095678250153885,1.0680045564137273,0.010140271147954013
baseline,589,S600,S600|20|4,2.783083499,2.906127465382462,1.066821427015623,0.01007738666161004
baseline,590,S600,S600|20|4,2.952572722,2.914787244505811,1.0697968306914092,0.010083719210903916
baseline,591,S600,S600|20|4,2.799750857,2.9067677474081295,1.0670417241325736,0.01005702803847533
baseline,592,S600,S600|20|4,2.923157083,2.8988071826998776,1.0642993360682849,0.010144364829465027
baseline,593,S800,S800|20|4,2.859815802,2.894780875247234,1.062909417399382,0.011401240817275768
baseline,594,S800,S800|20|4,2.921387841,2.887311615020868,1.0603258321683748,0.01100557471246318
baseline,595,S800,S800|20|4,2.794301319,2.9019161248575496,1.0653712515141753,0.010948551732034998
baseline,596,S800,S800|20|4,2.886741594,2.8880770234533557,1.0605908908457666,0.010797331806795705
baseline,597,S800,S800|20|4,2.757657512,2.8876728286205133,1.060450928124439,0.010810722254490217
baseline,598,D50,D50|60|0,1.562679674,1.6166120493592977,0.48033263180912794,0.03364736492428093
baseline,599,D50,D50|60|0,1.567789136,1.6125966845553807,0.47784572730448627,0.03524161839107878
baseline,600,D50,D50|60|0,1.575701472,1.5975150924731625,0.4684493547824602,0.03938415837725468
baseline,601,D50,D50|60|0,1.570019941,1.598913453874675,0.4693243072304471,0.039141621210368426
baseline,602,D50,D50|60|0,1.552722579,1.6076417534292338,0.47476835577941195,0.03585563041606463
baseline,603,D100,D100|60|0,1.576622382,1.5366168661981394,0.42958315970128413,0.021015193103344224
baseline,604,D100,D100|60|0,1.574302539,1.5350294772005801,0.4285495842427779,0.02136860982737412
baseline,605,D100,D100|60|0,1.583288008,1.5456630031576069,0.4354529465578618,0.019869752997518506
baseline,606,D100,D100|60|0,1.57697478,1.5535051469688332,0.44051376298923794,0.018976851103873697
baseline,607,D100,D100|60|0,1.586395774,1.5411468480844284,0.43252684581753786,0.02019386902134927
baseline,608,D200,D200|60|0,1.573185206,1.587025575777276,0.4618615572161001,0.014461123346417684
baseline,609,D200,D200|60|0,1.581615633,1.5872270903522578,0.4619885254170898,0.014440776218288019
baseline,610,D200,D200|60|0,1.577652296,1.587140953806493,0.4619342553736746,0.01445176177295042
baseline,611,D200,D200|60|0,1.575414512,1.58569619216763,0.4610235488531388,0.014415266669123093
baseline,612,D200,D200|60|0,1.573976112,1.5891106577500838,0.46317452499773004,0.014684164295096893
baseline,613,D400,D400|60|0,1.570033462,1.5693675434341365,0.45067269962197676,0.011420110803044425
baseline,614,D400,D400|60|0,1.574157889,1.570170379997038,0.4511841357632058,0.011297255065919201
baseline,615,D400,D400|60|0,1.57801922,1.5697894893694102,0.450941527166063,0.011364809120533777
baseline,616,D400,D400|60|0,1.577174853,1.5702553763151326,0.45123826620583424,0.011429436699638229
baseline,617,D400,D400|60|0,1.55836031,1.5725123400292282,0.4526745569570436,0.01258679003500558
baseline,618,D600,D600|60|0,1.568375759,1.5710407714726806,0.4517383114973083,0.01019292782759931
baseline,619,D600,D600|60|0,1.564564806,1.5715359899593284,0.45205347865365253,0.01023413273984567
baseline,620,D600,D600|60|0,1.561426419,1.575851857386622,0.4547959878973295,0.014316141797597947
baseline,621,D600,D600|60|0,1.562924626,1.5709791394906802,0.45169908069435044,0.010231322319901983
baseline,622,D600,D600|60|0,1.570899386,1.5703292385931396,0.45128530348524387,0.010154668712198332
baseline,623,D800,D800|60|0,1.560605139,1.5642202828834941,0.4473874780387123,0.010167343534609682
baseline,624,D800,D800|60|0,1.573095612,1.56371446571251,0.4470640587758135,0.010538284258349814
baseline,625,D800,D800|60|0,1.568672064,1.5638628555250147,0.44715894999503836,0.010925189573077556
baseline,626,D800,D800|60|0,1.584954696,1.5645235502623407,0.44758133691369184,0.011142453559495167
baseline,627,D800,D800|60|0,1.571780184,1.564116582760208,0.4473211807518293,0.010491496100416354
baseline,628,S50,S50|60|0,1.585030001,1.577285365814088,0.4557052464704618,0.022336533145894837
baseline,629,S50,S50|60|0,1.575896097,1.5753654936303587,0.45448730480381444,0.021022373799212957
baseline,630,S50,S50|60|0,1.558030671,1.5765693001390158,0.4552511572601335,0.021025182521079308
baseline,631,S50,S50|60|0,1.559559837,1.5758039920791913,0.45476561319290704,0.020586471550172843
baseline,632,S50,S50|60|0,1.558580143,1.5745764454446565,0.45398631258397826,0.020168534332561754
baseline,633,S100,S100|60|0,1.560233628,1.5674575902151644,0.44945493747482146,0.013025106304003803
baseline,634,S100,S100|60|0,1.565566604,1.566886551377438,0.4490905621425362,0.012798924968673594
baseline,635,S100,S100|60|0,1.575050725,1.5668248099336302,0.4490511574643785,0.012841733235441903
baseline,636,S100,S100|60|0,1.558494761,1.5657121975344457,0.44834079877216315,0.011691405378452351
baseline,637,S100,S100|60|0,1.576208874,1.5652427278520056,0.44804090963472976,0.01183908138700724
baseline,638,S200,S200|60|0,1.583216207,1.5638303878511879,0.4471381885767652,0.010364804141337202
baseline,639,S200,S200|60|0,1.5638467,1.5635883553023955,0.446983407545408,0.010411961672760657
baseline,640,S200,S200|60|0,1.565238263,1.5638884115370293,0.447175291455617,0.010448889057087145
baseline,641,S200,S200|60|0,1.556928929,1.5633148606224248,0.4468084774872755,0.01041082234007556
baseline,642,S200,S200|60|0,1.570737295,1.5630419263988686,0.44663387539107047,0.010480473669297071
baseline,643,S400,S400|60|0,1.54696515,1.5650169838104468,0.447896676208277,0.010043787146143198
baseline,644,S400,S400|60|0,1.570397211,1.564640340849524,0.4476559834271386,0.010105124445879427
baseline,645,S400,S400|60|0,1.560877234,1.5649839862854988,0.4478755915343331,0.010125214329774306
baseline,646,S400,S400|60|0,1.554539254,1.5651772489316824,0.4479990756822132,0.010274876714646223
baseline,647,S400,S400|60|0,1.553679247,1.5653458916945315,0.44810681662865354,0.010062108726415003
baseline,648,S600,S600|60|0,1.563733267,1.5599857374338464,0.44467667854903997,0.010130108240848206
baseline,649,S600,S600|60|0,1.568274191,1.5601045356052137,0.4447528290197178,0.010092087028471248
baseline,650,S600,S600|60|0,1.574524496,1.5587958399655324,0.4439136257372165,0.012237940092124313
baseline,651,S600,S600|60|0,1.565081714,1.5591272945322876,0.444126238142145,0.01164294027794596
baseline,652,S600,S600|60|0,1.579240583,1.5680303619419398,0.4498202852241263,0.02272115496723322
baseline,653,S800,S800|60|0,1.566374266,1.564242455915502,0.4474016530721773,0.010888602814192481
baseline,654,S800,S800|60|0,1.55938477,1.5646593995063878,0.4476681642077895,0.011045972909852833
baseline,655,S800,S800|60|0,1.551797708,1.5647755822771112,0.44774241580365454,0.011203417376409775
baseline,656,S800,S800|60|0,1.559272305,1.5642247502718316,0.4473903340187856,0.010960245578935091
baseline,657,S800,S800|60|0,1.562510743,1.564563685496782,0.4476069899117832,0.011154746973208137
baseline,658,D50,D50|60|1,1.976807007,1.9425687967480263,0.664011219233813,0.038876455933824564
baseline,659,D50,D50|60|1,1.977099387,1.9472232551390318,0.6664043860408578,0.04246999164670596
baseline,660,D50,D50|60|1,1.941417591,1.9580994039240458,0.6719743109116166,0.028845516735460413
baseline,661,D50,D50|60|1,1.950789971,1.9505126957283807,0.6680922589043654,0.029581810943765753
baseline,662,D50,D50|60|1,1.973459585,1.940760364008303,0.6630798364972017,0.037895613139264
baseline,663,D100,D100|60|1,1.916011638,1.88731357337016,0.6351544281876444,0.01837894235153502
baseline,664,D100,D100|60|1,1.936770574,1.9194218995318166,0.6520240467079472,0.018103465283650932
baseline,665,D100,D100|60|1,1.935694889,1.9215646610080013,0.6531397817748102,0.018087058392477342
baseline,666,D100,D100|60|1,1.935043626,1.91196347863552,0.6481307133147304,0.018220735343938015
baseline,667,D100,D100|60|1,1.923452039,1.918547182229134,0.6515682236936428,0.018107619970898884
baseline,668,D200,D200|60|1,1.935862752,1.9359765865868375,0.6606118950761098,0.013867931428969504
baseline,669,D200,D200|60|1,1.931989992,1.933138349733744,0.6591447702122046,0.013924006846097023
baseline,670,D200,D200|60|1,1.931671261,1.9346185703131624,0.6599101857656037,0.013921506520547309
baseline,671,D200,D200|60|1,1.937569797,1.932510199054127,0.6588197791131857,0.013924220638726057
baseline,672,D200,D200|60|1,1.924824304,1.9314107741130244,0.6582507069305983,0.013972161536286911
baseline,673,D400,D400|60|1,1.941402004,1.9136868768088255,0.6490316834138056,0.014104328663006167
baseline,674,D400,D400|60|1,1.936789975,1.9481568251165267,0.6668837076865688,0.011365654188992824
baseline,675,D400,D400|60|1,1.941163574,1.9354223382370204,0.6603255653207081,0.012239608918153674
baseline,676,D400,D400|60|1,1.937676406,1.928604064890494,0.6567964587816977,0.010972936440575681
baseline,677,D400,D400|60|1,1.931018644,1.9226336783406324,0.6536959535775215,0.011213020225119668
baseline,678,D600,D600|60|1,1.927224159,1.9201470925251276,0.6524017937954117,0.010472941836494656
baseline,679,D600,D600|60|1,1.910781866,1.9185529032444026,0.6515712056410202,0.010340767785145857
baseline,680,D600,D600|60|1,1.92201239,1.921361614602223,0.653034108966432,0.01037138529814566
baseline,681,D600,D600|60|1,1.91966687,1.921130734982868,0.652913937161974,0.01034891694428597
baseline,682,D600,D600|60|1,1.913762311,1.9218089420719184,0.653266899817173,0.010358068543440032
baseline,683,D800,D800|60|1,1.88915259,1.9049159289993696,0.6444378758459685,0.010050383684169661
baseline,684,D800,D800|60|1,1.900906673,1.903109635337513,0.6434891984976632,0.010152110357566215
baseline,685,D800,D800|60|1,1.913404801,1.9004302334688499,0.6420802992068448,0.010321067886965933
baseline,686,D800,D800|60|1,1.900392618,1.9025513643826462,0.6431958087506982,0.010421706377224749
baseline,687,D800,D800|60|1,1.904667126,1.9047935898661668,0.6443736509318961,0.01048030932259979
baseline,688,S50,S50|60|1,1.899997057,1.8988844343905846,0.641266573943898,0.01925580227950633
baseline,689,S50,S50|60|1,1.916839241,1.9106556653966675,0.6474464634637241,0.01981649972066974
baseline,690,S50,S50|60|1,1.899315305,1.9033133509922582,0.6435962363416817,0.01937797302913017
baseline,691,S50,S50|60|1,1.899928153,1.8996942470456042,0.641692950615386,0.01924149116648022
baseline,692,S50,S50|60|1,1.912556384,1.8999770855680873,0.6418418258723472,0.019312988873693794
baseline,693,S100,S100|60|1,1.901407517,1.8998594704940697,0.6417799205391467,0.011647182134099657
baseline,694,S100,S100|60|1,1.901510538,1.905961941311381,0.6449868372002167,0.011613454147384347
baseline,695,S100,S100|60|1,1.915035485,1.9062729733646757,0.6451500129021062,0.01159884111467659
baseline,696,S100,S100|60|1,1.913200167,1.904704447053005,0.6443268506383593,0.011631339202402053
baseline,697,S100,S100|60|1,1.907698465,1.9053115614264504,0.6446455445111581,0.011626363170265023
baseline,698,S200,S200|60|1,1.905498373,1.9031858127940986,0.643529225583124,0.010208975419786546
baseline,699,S200,S200|60|1,1.91729971,1.9008527326874958,0.642302592166431,0.010336959288813329
baseline,700,S200,S200|60|1,1.910400488,1.902064698164169,0.6429399794038568,0.010426791761687019
baseline,701,S200,S200|60|1,1.897281321,1.9028519699152628,0.6433537975402346,0.010615242068123693
baseline,702,S200,S200|60|1,1.895335741,1.902959080352599,0.6434100853779385,0.01038073655612297
baseline,703,S400,S400|60|1,1.889473327,1.8975316457019051,0.6405539077253403,0.00999542251176781
baseline,704,S400,S400|60|1,1.893931912,1.8969697868021567,0.640257763995341,0.009996591535151863
baseline,705,S400,S400|60|1,1.893219697,1.9002633129306878,0.64199246232327,0.009984428165203665
baseline,706,S400,S400|60|1,1.907870918,1.8947211243067739,0.6390716637505034,0.010256341857297634
baseline,707,S400,S400|60|1,1.898590819,1.8998755424782832,0.6417883800681184,0.009984783467434293
baseline,708,S600,S600|60|1,1.902126597,1.905291955909263,0.6446352545310546,0.010364688191044738
baseline,709,S600,S600|60|1,1.88602699,1.9037039149475279,0.6438014174214389,0.010031419470187906
baseline,710,S600,S600|60|1,1.896243659,1.9032892708472038,0.643583584563996,0.010022848743066545
baseline,711,S600,S600|60|1,1.896482114,1.902327971161403,0.6430783841483393,0.010022181792725108
baseline,712,S600,S600|60|1,1.901931071,1.9017637274301107,0.6427817331839899,0.010022667547190844
baseline,713,S800,S800|60|1,1.902341294,1.893256448828642,0.6382983352273814,0.01065529828948521
baseline,714,S800,S800|60|1,1.900172569,1.8911885247461777,0.637205480500879,0.010783904051940973
baseline,715,S800,S800|60|1,1.905278369,1.8950395360627281,0.639239701674393,0.010731613751221756
baseline,716,S800,S800|60|1,1.903246777,1.8924333762936831,0.6378635016377588,0.010651638696548919
baseline,717,S800,S800|60|1,1.900872555,1.89472254224857,0.6390724121146016,0.010622245454845155
baseline,718,D50,D50|60|2,2.174585394,2.1612012863013828,0.7706642181668408,0.027622357094950662
baseline,719,D50,D50|60|2,2.186009433,2.144393881920421,0.7628569399175679,0.032150866086177954
baseline,720,D50,D50|60|2,2.184639492,2.151264803184799,0.7660559497214702,0.03304394499797098
baseline,721,D50,D50|60|2,2.192962284,2.1499921711065815,0.7654642007871656,0.03131614702497387
baseline,722,D50,D50|60|2,2.16369584,2.163482872194365,0.7717193639398242,0.029040295167524773
baseline,723,D100,D100|60|2,2.11272867,2.13171528785156,0.7569269551025252,0.017875444700140887
baseline,724,D100,D100|60|2,2.124306279,2.125674942803914,0.7540893720887992,0.01784945309198456
baseline,725,D100,D100|60|2,2.122002279,2.1264895326241016,0.7544725133500838,0.01786676804800203
baseline,726,D100,D100|60|2,2.124775808,2.126402963234158,0.7544318025209058,0.0178490268096577
baseline,727,D100,D100|60|2,2.117765849,2.1269536276010754,0.7546907341943895,0.017866319923979808
baseline,728,D200,D200|60|2,2.109818744,2.1158272907687237,0.749445890045213,0.013655704023174826
baseline,729,D200,D200|60|2,2.112322092,2.1120969821699545,0.7476812843777897,0.013698480033226688
baseline,730,D200,D200|60|2,2.111399747,2.1125095810087506,0.7478766156276647,0.013712873915772071
baseline,731,D200,D200|60|2,2.102545668,2.116808707469795,0.7499096278762328,0.013674337272076348
baseline,732,D200,D200|60|2,2.107358134,2.1162977802253025,0.7496682319895671,0.013683055254541051
baseline,733,D400,D400|60|2,2.146058733,2.136679693319961,0.7592530789634945,0.012332908668121124
baseline,734,D400,D400|60|2,2.155542539,2.137966035548537,0.7598549263908578,0.011715385642104448
baseline,735,D400,D400|60|2,2.156566308,2.118894962051785,0.7508947084736822,0.012855351056342364
baseline,736,D400,D400|60|2,2.134518523,2.118820128354811,0.7508593905273903,0.010801160782331716
baseline,737,D400,D400|60|2,2.110115309,2.116353181693231,0.7496944101310816,0.01074693669815754
baseline,738,D600,D600|60|2,2.109465836,2.112442596141063,0.7478449064556388,0.010091230146638335
baseline,739,D600,D600|60|2,2.102792121,2.1168968011355482,0.7499512432722903,0.01014457551460502
baseline,740,D600,D600|60|2,2.123117965,2.1088145002635823,0.7461259413758092,0.010132140034993988
baseline,741,D600,D600|60|2,2.104946989,2.105994078494073,0.7447876019766214,0.010071312527292955
baseline,742,D600,D600|60|2,2.118912553,2.1091437556648374,0.7462820621252079,0.0101072660123713
baseline,743,D800,D800|60|2,2.11901124,2.1118240594437907,0.747552057186346,0.0100565155922661
baseline,744,D800,D800|60|2,2.086614536,2.111290843328618,0.7472995345198867,0.010043066106008086
baseline,745,D800,D800|60|2,2.095935746,2.11495809385005,0.7490349985194634,0.010439598799696114
baseline,746,D800,D800|60|2,2.099875733,2.116912130915009,0.7499584848742176,0.010131680505452918
baseline,747,D800,D800|60|2,2.115936961,2.1062005081228725,0.7448856172153384,0.010427240166152178
baseline,748,S50,S50|60|2,2.102431834,2.0856546517252212,0.7350827876116361,0.018629829787659678
baseline,749,S50,S50|60|2,2.100273804,2.0858130350299042,0.7351587241004945,0.018561992093653435
baseline,750,S50,S50|60|2,2.105827904,2.0798440944264436,0.7322929363013186,0.018592143433399568
baseline,751,S50,S50|60|2,2.113033012,2.0825311702076124,0.7335840626335747,0.01851476013251098
baseline,752,S50,S50|60|2,2.104644152,2.0837941892816825,0.7341903614718944,0.01854539979958102
baseline,753,S100,S100|60|2,2.072598857,2.090729835431623,0.7375132085751491,0.011547364098992185
baseline,754,S100,S100|60|2,2.084589502,2.0967560781440757,0.740391425718805,0.011618726435681922
baseline,755,S100,S100|60|2,2.093344018,2.0958988914169825,0.7399825264674906,0.011690541243969623
baseline,756,S100,S100|60|2,2.07970639,2.098755397081349,0.7413445009757407,0.011599721108492604
baseline,757,S100,S100|60|2,2.09527821,2.090987505536649,0.7376364450755352,0.011877359035107143
baseline,758,S200,S200|60|2,2.089254246,2.0898961297514367,0.7371143660581759,0.010519075000704066
baseline,759,S200,S200|60|2,2.083163123,2.0873648942860163,0.7359024543482477,0.010182276016118024
baseline,760,S200,S200|60|2,2.090858734,2.0856862958757123,0.7350979597833139,0.010215425426204936
baseline,761,S200,S200|60|2,2.098389623,2.0876780700541273,0.7360524771247191,0.010178126016890396
baseline,762,S200,S200|60|2,2.085890942,2.0864088586063674,0.7354443386223024,0.010179496208684182
baseline,763,S400,S400|60|2,2.094851401,2.088846791050055,0.7366121390758869,0.01001479013984485
baseline,764,S400,S400|60|2,2.109402368,2.0870854021533867,0.7357685482704652,0.009997277002742519
baseline,765,S400,S400|60|2,2.105495945,2.0905244861464345,0.7374149848032566,0.010017882062103857
baseline,766,S400,S400|60|2,2.094026671,2.0895905113506656,0.7369681191969897,0.01000486533563008
baseline,767,S400,S400|60|2,2.100462011,2.0944558627827004,0.7392937882694279,0.01000620662847014
baseline,768,S600,S600|60|2,2.067569824,2.0867370288464175,0.735601615769844,0.010401342112734724
baseline,769,S600,S600|60|2,2.077971448,2.092144431405213,0.7381895836881832,0.010363434363340765
baseline,770,S600,S600|60|2,2.093497015,2.090296432458219,0.7373058896313361,0.010400370272734216
baseline,771,S600,S600|60|2,2.071425418,2.088284277893755,0.7363428091695872,0.01015285007255092
baseline,772,S600,S600|60|2,2.078372912,2.0864381686725713,0.735458386616879,0.01010135410264178
baseline,773,S800,S800|60|2,2.107105097,2.094128522854303,0.7391374872861239,0.010581331660827083
baseline,774,S800,S800|60|2,2.096315821,2.082762789140628,0.7336952763608722,0.010689038520643922
baseline,775,S800,S800|60|2,2.091819696,2.088332954146289,0.7363661181059018,0.010582319410484067
baseline,776,S800,S800|60|2,2.080625873,2.09456819393341,0.7393474194490134,0.010624781409297715
baseline,777,S800,S800|60|2,2.078743065,2.090566541542638,0.7374351017516446,0.010574475900720977
baseline,778,D50,D50|60|3,2.463313831,2.4246823601625143,0.8857005303101027,0.04857461927030163
baseline,779,D50,D50|60|3,2.456460946,2.426239538388634,0.8863425436478443,0.049931798171658416
baseline,780,D50,D50|60|3,2.477797241,2.4271446146413416,0.886715510730054,0.047878441314752454
baseline,781,D50,D50|60|3,2.489735943,2.421819306413662,0.8845190372337056,0.04638777247122032
baseline,782,D50,D50|60|3,2.483038597,2.422606585390905,0.8848440619122773,0.04771078427172721
baseline,783,D100,D100|60|3,2.30928496,2.3230795778300766,0.8428937096931705,0.01854880059115181
baseline,784,D100,D100|60|3,2.322408306,2.3284308263438653,0.8451945756096574,0.018579755092804344
baseline,785,D100,D100|60|3,2.340507982,2.3196137445900673,0.8414006824164868,0.018612186305197953
baseline,786,D100,D100|60|3,2.330253185,2.328540326002957,0.8452416017369532,0.018593867228426864
baseline,787,D100,D100|60|3,2.324213387,2.328989396044477,0.8454344378838858,0.018591540505375516
baseline,788,D200,D200|60|3,2.298523459,2.324028859244772,0.8433022568320003,0.013567273089595416
baseline,789,D200,D200|60|3,2.282325312,2.332903430596953,0.8471135993823101,0.013699601059956327
baseline,790,D200,D200|60|3,2.301963817,2.3279188508359057,0.8449746713732844,0.013639204169079261
baseline,791,D200,D200|60|3,2.316246545,2.328976915746523,0.8454290791942265,0.013782174828180007
baseline,792,D200,D200|60|3,2.30111204,2.317634612258485,0.840547101887928,0.013772310680075213
baseline,793,D400,D400|60|3,2.33591885,2.3572649829818526,0.8575020414710781,0.014502662003259774
baseline,794,D400,D400|60|3,2.349718811,2.295428247016116,0.8309194261119148,0.013919160517200935
baseline,795,D400,D400|60|3,2.335387295,2.3301471835668237,0.8459314344953374,0.012258333328328912
baseline,796,D400,D400|60|3,2.335258747,2.314983281298027,0.8394024656106192,0.012195002846736006
baseline,797,D400,D400|60|3,2.348098119,2.293646869736942,0.8301430703873616,0.013741617961398177
baseline,798,D600,D600|60|3,2.257288781,2.2921787892729313,0.8295028016011818,0.010250499376706126
baseline,799,D600,D600|60|3,2.292989259,2.2849570894828624,0.8263472449500824,0.010269762213029787
baseline,800,D600,D600|60|3,2.25613049,2.286365063669646,0.8269632480162129,0.010263189223783794
baseline,801,D600,D600|60|3,2.235203325,2.276155875140763,0.8224880003604552,0.010331384839133501
baseline,802,D600,D600|60|3,2.28360844,2.3084988978153897,0.8365974855185676,0.010353568784773228
baseline,803,D800,D800|60|3,2.360326338,2.280105004274183,0.8242214964120937,0.01048098437892675
baseline,804,D800,D800|60|3,2.292278272,2.2669323574563207,0.8184275331694787,0.010341832736795797
baseline,805,D800,D800|60|3,2.331007013,2.275723972582338,0.8222982314851026,0.010061942764095388
baseline,806,D800,D800|60|3,2.313535068,2.2897743938559163,0.8284532947460859,0.010238941330783386
baseline,807,D800,D800|60|3,2.264275175,2.2831486089933315,0.8255554591625444,0.010140697637344522
baseline,808,S50,S50|60|3,2.309719445,2.2701586142182726,0.8198497031571956,0.018501872166118163
baseline,809,S50,S50|60|3,2.330925835,2.2619019624776895,0.8162060356749641,0.018443767415744
baseline,810,S50,S50|60|3,2.312834879,2.2699012382987336,0.8197363231894528,0.01845250381236528
baseline,811,S50,S50|60|3,2.313376171,2.2642775486411844,0.8172557449831325,0.018446446451406008
baseline,812,S50,S50|60|3,2.324054228,2.269217901220555,0.8194352352195903,0.018447809626089166
baseline,813,S100,S100|60|3,2.312044444,2.316390821938014,0.8400102941521912,0.011575728245564314
baseline,814,S100,S100|60|3,2.3095972,2.3161609007255266,0.8399110308405475,0.011631041125270932
baseline,815,S100,S100|60|3,2.314251368,2.3086903990491354,0.8366804369513736,0.011617325038054295
baseline,816,S100,S100|60|3,2.299677968,2.315220066208647,0.8395047440174428,0.011550800908939176
baseline,817,S100,S100|60|3,2.298125383,2.31253277864758,0.83834336485429,0.011613024721802716
baseline,818,S200,S200|60|3,2.276398727,2.2546133304603613,0.8129784861719614,0.01028117116107384
baseline,819,S200,S200|60|3,2.272829187,2.2730523139641785,0.8211235599879491,0.010306665924321723
baseline,820,S200,S200|60|3,2.286129747,2.2606510273848355,0.8156528370159059,0.010281596148860884
baseline,821,S200,S200|60|3,2.261135889,2.2685180434796495,0.8191267740155961,0.010273464661135477
baseline,822,S200,S200|60|3,2.262462882,2.270226928206186,0.8198797948695757,0.010269919906876781
baseline,823,S400,S400|60|3,2.265209939,2.2677081226258657,0.8187696838561849,0.01053631531030136
baseline,824,S400,S400|60|3,2.260113665,2.263467641725398,0.8168979921104011,0.010310843512359811
baseline,825,S400,S400|60|3,2.26545348,2.2660306466095825,0.8180296870552161,0.010547854055164584
baseline,826,S400,S400|60|3,2.262923493,2.2680569019752106,0.8189234746051062,0.010084143119596618
baseline,827,S400,S400|60|3,2.264649093,2.2653801770725623,0.8177425934471554,0.010120698511610326
baseline,828,S600,S600|60|3,2.256457642,2.284606575016166,0.8261938322861526,0.010137763306507567
baseline,829,S600,S600|60|3,2.244555717,2.2744127439191675,0.8217218845394332,0.010186867724401064
baseline,830,S600,S600|60|3,2.251435767,2.2840951761002355,0.8259699617225109,0.010140242425675605
baseline,831,S600,S600|60|3,2.259728358,2.2881940872678403,0.8277628982711591,0.010118894268860151
baseline,832,S600,S600|60|3,2.239327466,2.2729909687783554,0.8210965716017803,0.010270487089997747
baseline,833,S800,S800|60|3,2.303463897,2.2637849652173565,0.8170381758023787,0.010737093360760253
baseline,834,S800,S800|60|3,2.318188487,2.271416208776741,0.8204035174791547,0.011388406115466501
baseline,835,S800,S800|60|3,2.293922562,2.268673602870918,0.8191953447983421,0.011702564646911492
baseline,836,S800,S800|60|3,2.312004574,2.2629392701221276,0.8166645302869457,0.011507257409732076
baseline,837,S800,S800|60|3,2.305107446,2.2732671301956544,0.8212180611484038,0.01161118368129477
baseline,838,D50,D50|60|4,2.551150309,2.5187552130183914,0.9237648163954354,0.039889841592640043
baseline,839,D50,D50|60|4,2.530407846,2.5176027656864925,0.923307165308326,0.039012002297728485
baseline,840,D50,D50|60|4,2.50789591,2.5250156583516734,0.9262472640354904,0.035345570006445344
baseline,841,D50,D50|60|4,2.579330174,2.5120455841594156,0.9210973950015824,0.03870301146427298
baseline,842,D50,D50|60|4,2.550404569,2.516546663606862,0.9228875901209156,0.039675821387226376
baseline,843,D100,D100|60|4,2.406558707,2.404663332635378,0.8774099073285135,0.01976833647826871
baseline,844,D100,D100|60|4,2.424481226,2.4155863410764224,0.8819420489714821,0.019607213077746037
baseline,845,D100,D100|60|4,2.437580559,2.4020623331258597,0.8763276738314327,0.019777800512260867
baseline,846,D100,D100|60|4,2.421963301,2.4003988758990378,0.8756349218357597,0.01973635041045597
baseline,847,D100,D100|60|4,2.433721572,2.415073908739312,0.8817298906690836,0.019293594938636634
baseline,848,D200,D200|60|4,2.432216992,2.472090529262608,0.9050641607948671,0.014551698285238071
baseline,849,D200,D200|60|4,2.439415531,2.4717984522101397,0.904946003994056,0.014189937740959687
baseline,850,D200,D200|60|4,2.431978139,2.4703573351036847,0.9043628102586421,0.0142829548234673
baseline,851,D200,D200|60|4,2.417912189,2.4801252497760355,0.9083090628435595,0.014025526808722625
baseline,852,D200,D200|60|4,2.430729546,2.4717328526107396,0.9049194644233083,0.01434868488252854
baseline,853,D400,D400|60|4,2.495810042,2.4876982837866826,0.9113578989488205,0.01243814841172316
baseline,854,D400,D400|60|4,2.500932047,2.477683187064394,0.9073239247769105,0.011595521365555327
baseline,855,D400,D400|60|4,2.493851185,2.4816968960841606,0.9089425584887014,0.011511664563799703
baseline,856,D400,D400|60|4,2.539970885,2.484548940479156,0.9100911301874831,0.0139846829193089
baseline,857,D400,D400|60|4,2.516497463,2.511685018342083,0.9209538499564829,0.01308923455527101
baseline,858,D600,D600|60|4,2.547285901,2.4717495549225035,0.9049262217293476,0.010145289589370103
baseline,859,D600,D600|60|4,2.436899708,2.4571567691837934,0.899004896625191,0.010114312693485776
baseline,860,D600,D600|60|4,2.544729567,2.4630787734484065,0.9014121013506374,0.01010929467831159
baseline,861,D600,D600|60|4,2.494341893,2.459582132919813,0.8999914708488924,0.010129924500413485
baseline,862,D600,D600|60|4,2.495167323,2.4521610298056227,0.8969696887583907,0.010127153824900986
baseline,863,D800,D800|60|4,2.523521034,2.463088651669178,0.9014161118601955,0.009933270960131886
baseline,864,D800,D800|60|4,2.505860679,2.4628865806675737,0.9013340688160523,0.009956295943161608
baseline,865,D800,D800|60|4,2.435591109,2.4624302864926872,0.9011487836096388,0.009954342369473282
baseline,866,D800,D800|60|4,2.450759489,2.4655341065508978,0.9024084601093376,0.009975184647670221
baseline,867,D800,D800|60|4,2.457880084,2.460967204836569,0.9005544453699322,0.01003183864398015
baseline,868,S50,S50|60|4,2.458894978,2.373764531917995,0.8644771050499988,0.019087238047848187
baseline,869,S50,S50|60|4,2.443524954,2.3760063365550597,0.86542106839712,0.01955349651906975
baseline,870,S50,S50|60|4,2.4462853,2.3740838840847855,0.8646116300555553,0.01914231536006153
baseline,871,S50,S50|60|4,2.436664803,2.367217692777899,0.8617152962132665,0.019895877209984786
baseline,872,S50,S50|60|4,2.430834245,2.372532326243279,0.863957876801441,0.01910483025339641
baseline,873,S100,S100|60|4,2.423006829,2.4697273861074494,0.9041077745516855,0.012229416338533205
baseline,874,S100,S100|60|4,2.428058594,2.4585068036068445,0.8995541752472946,0.012137736125579873
baseline,875,S100,S100|60|4,2.427931445,2.4583622955848434,0.8994953947432269,0.011845700222894709
baseline,876,S100,S100|60|4,2.436739376,2.4479666725088203,0.8952577503861725,0.011856354220901123
baseline,877,S100,S100|60|4,2.434408586,2.442314873659883,0.8929463082690137,0.01163599110386498
baseline,878,S200,S200|60|4,2.38490477,2.425415415328189,0.8860028150083457,0.010447853365993234
baseline,879,S200,S200|60|4,2.389709097,2.428591322848811,0.8873113867286256,0.01046945323988845
baseline,880,S200,S200|60|4,2.417374609,2.426661384803509,0.8865163969461555,0.010295411868451836
baseline,881,S200,S200|60|4,2.404362305,2.426877539085759,0.8866054677399752,0.010501124447833597
baseline,882,S200,S200|60|4,2.419070098,2.4229552543909074,0.8849879746357684,0.010371244734492979
baseline,883,S400,S400|60|4,2.401888874,2.4390178765696495,0.8915954486737738,0.00999927683564583
baseline,884,S400,S400|60|4,2.395168219,2.426440725754574,0.8864254616869913,0.01014059284892685
baseline,885,S400,S400|60|4,2.432666343,2.4290026436937935,0.887480738407172,0.010106133527809142
baseline,886,S400,S400|60|4,2.383491014,2.435060048220579,0.8899714166906857,0.009972001984274096
baseline,887,S400,S400|60|4,2.407730185,2.437204921166343,0.8908518585787174,0.01012631679640413
baseline,888,S600,S600|60|4,2.458733728,2.434941790595387,0.8899228509491812,0.010539370569587182
baseline,889,S600,S600|60|4,2.431071561,2.4253206534081175,0.8859637438576005,0.010008950156389114
baseline,890,S600,S600|60|4,2.448813984,2.429166627075835,0.8875482467103885,0.010094173552166501
baseline,891,S600,S600|60|4,2.419401756,2.4279640757594274,0.8870530772720708,0.010150165267287585
baseline,892,S600,S600|60|4,2.467632558,2.4257428127583354,0.8861377920242459,0.010010918486521404
baseline,893,S800,S800|60|4,2.474028012,2.4295154614701104,0.8876918388979478,0.010593604437512463
baseline,894,S800,S800|60|4,2.376310192,2.4270527910415622,0.886677678070145,0.010749054943446744
baseline,895,S800,S800|60|4,2.433759695,2.4275976211172177,0.886902135047141,0.01074650391490545
baseline,896,S800,S800|60|4,2.403238898,2.4244920238867262,0.885622027760674,0.01070448258480842
baseline,897,S800,S800|60|4,2.433044644,2.426726502035076,0.8865432306685322,0.010772815159516468
baseline,898,D50,D50|78|0,1.589431846,1.568856190208027,0.4503468125762869,0.03486781544569389
baseline,899,D50,D50|78|0,1.562397952,1.5746258953799144,0.45401771732074026,0.03158493629708093
baseline,900,D50,D50|78|0,1.555646262,1.573046645118632,0.4530142772401889,0.029985227463467445
baseline,901,D50,D50|78|0,1.539581805,1.5733009399520206,0.4531759217038514,0.03140796115900566
baseline,902,D50,D50|78|0,1.555216413,1.5744234791085783,0.4538891602563419,0.031146773500629065
baseline,903,D100,D100|78|0,1.549823783,1.5514051815666476,0.43916108899857037,0.018476518512776836
baseline,904,D100,D100|78|0,1.550599187,1.5560507429335881,0.4421510363643063,0.018380986522523568
baseline,905,D100,D100|78|0,1.55695821,1.5487349661798215,0.43743844684699656,0.018556697600818312
baseline,906,D100,D100|78|0,1.546230414,1.5496960077838615,0.43805878768591455,0.018521752511075656
baseline,907,D100,D100|78|0,1.556457307,1.5552574305705233,0.4416410821353986,0.0183864084258758
baseline,908,D200,D200|78|0,1.549875433,1.5505842861852195,0.4386318187291997,0.013868483434570214
baseline,909,D200,D200|78|0,1.558093969,1.5497362068071456,0.43808472729065717,0.013803758069141974
baseline,910,D200,D200|78|0,1.554728738,1.5504952566169279,0.43857440029340194,0.013842121414632966
baseline,911,D200,D200|78|0,1.561541857,1.5493539475181772,0.43783803598974524,0.013779118360578588
baseline,912,D200,D200|78|0,1.556081921,1.548730509468792,0.43743556919682436,0.013848155283421827
baseline,913,D400,D400|78|0,1.542456238,1.5456501573212058,0.43544463563254676,0.011038277885894942
baseline,914,D400,D400|78|0,1.545031608,1.5465385331275316,0.43601922917757324,0.011068772022087711
baseline,915,D400,D400|78|0,1.537369758,1.5487093227686064,0.43742188906010926,0.011445236922828476
baseline,916,D400,D400|78|0,1.544806451,1.5492204087249393,0.4377518422903417,0.011695576816402386
baseline,917,D400,D400|78|0,1.539156414,1.5489254114579944,0.4375614075690872,0.011505134566455102
baseline,918,D600,D600|78|0,1.542447237,1.5452179405277886,0.4351649622317083,0.010095635474356667
baseline,919,D600,D600|78|0,1.546575518,1.5521960949038067,0.43967076358871593,0.014659208411828502
baseline,920,D600,D600|78|0,1.541695288,1.5467937345691598,0.4361842301668767,0.010637587555722541
baseline,921,D600,D600|78|0,1.550522448,1.5471064749849064,0.436386395974194,0.010830375841937023
baseline,922,D600,D600|78|0,1.543662144,1.546514852801592,0.4360039172362742,0.0108528033380271
baseline,923,D800,D800|78|0,1.54433342,1.545169765465032,0.4351337848731736,0.009999886082481908
baseline,924,D800,D800|78|0,1.539910547,1.5452351062986456,0.4351760711342524,0.010050733641495738
baseline,925,D800,D800|78|0,1.545442519,1.5451209460147213,0.4351021894959921,0.010007819383927195
baseline,926,D800,D800|78|0,1.539417335,1.5449419029502471,0.4349863063742397,0.009992850908758026
baseline,927,D800,D800|78|0,1.54238931,1.5452634831144076,0.43519443504217326,0.009984765527934356
baseline,928,S50,S50|78|0,1.548807985,1.5491475591436028,0.4377048178038344,0.019752568100738246
baseline,929,S50,S50|78|0,1.540683399,1.5474840168559048,0.43663039715875585,0.01978208195560771
baseline,930,S50,S50|78|0,1.556520847,1.5480382752578,0.4369885004805962,0.01981244573948127
baseline,931,S50,S50|78|0,1.543026865,1.5487952028107406,0.43747734017661105,0.01970240080198618
baseline,932,S50,S50|78|0,1.533543839,1.5533343002671582,0.44040378195883795,0.019894921553213204
baseline,933,S100,S100|78|0,1.544624216,1.5421365889492276,0.43316885030334445,0.011571910578988992
baseline,934,S100,S100|78|0,1.556176022,1.541880520821466,0.4330027888845938,0.011647310936665708
baseline,935,S100,S100|78|0,1.552243065,1.541619030717963,0.43283318282514127,0.011883590217355043
baseline,936,S100,S100|78|0,1.550063034,1.542604053936083,0.43347193250347166,0.01153230177243779
baseline,937,S100,S100|78|0,1.562998247,1.5424721293454826,0.43338640813853335,0.011595523274230132
baseline,938,S200,S200|78|0,1.538695512,1.5489694081675534,0.43758981183206147,0.010382588174496148
baseline,939,S200,S200|78|0,1.535105888,1.5479883147037863,0.4369562264980793,0.010269608059853963
baseline,940,S200,S200|78|0,1.544362492,1.5483905450285134,0.43721603341784643,0.010286638355856614
baseline,941,S200,S200|78|0,1.539243373,1.5485281332042051,0.4373048883023801,0.010326540271743883
baseline,942,S200,S200|78|0,1.542617125,1.5479063900890915,0.4369033018203846,0.010352961758474739
baseline,943,S400,S400|78|0,1.545529317,1.5440005226775468,0.43437679012425434,0.010067169195436595
baseline,944,S400,S400|78|0,1.546372452,1.5433906134305955,0.4339816932751689,0.010267386970186337
baseline,945,S400,S400|78|0,1.553085785,1.5568771532983017,0.4426819901233886,0.023287608009020147
baseline,946,S400,S400|78|0,1.547268342,1.5438280983746238,0.43426511015475944,0.010172687787685751
baseline,947,S400,S400|78|0,1.552784765,1.5437793074956496,0.4342335058265113,0.010046538024960042
baseline,948,S600,S600|78|0,1.540318569,1.5457934287497532,0.43553732464637557,0.010635806182244663
baseline,949,S600,S600|78|0,1.54364548,1.5453734705563942,0.4352656096535441,0.015120091809871016
baseline,950,S600,S600|78|0,1.548861287,1.5453575403092241,0.435255301252642,0.012067425645134973
baseline,951,S600,S600|78|0,1.544459836,1.5456764344056453,0.4354616361555653,0.010181554001224287
baseline,952,S600,S600|78|0,1.556102788,1.5455437288267422,0.4353757764807592,0.011649774448613438
baseline,953,S800,S800|78|0,1.559235426,1.5435109015860105,0.4340596278350444,0.011196752391301723
baseline,954,S800,S800|78|0,1.544798773,1.544005722832127,0.43438015809320685,0.010942663372345394
baseline,955,S800,S800|78|0,1.559736863,1.5442421237940358,0.4345332552370317,0.010874211325302878
baseline,956,S800,S800|78|0,1.545674012,1.5450171811681217,0.43503503078504263,0.01081672162080546
baseline,957,S800,S800|78|0,1.527674983,1.5443152179532955,0.43458058747094247,0.010941538077926583
baseline,958,D50,D50|78|1,1.861633919,1.8621690062101175,0.6217419406919197,0.03179252840726078
baseline,959,D50,D50|78|1,1.858298087,1.865000290212066,0.6232612087054535,0.029618251595082003
baseline,960,D50,D50|78|1,1.866432645,1.852378834180513,0.6164706693988012,0.03171823870673045
baseline,961,D50,D50|78|1,1.858334491,1.8634152664734878,0.6224109688059759,0.029639581809652756
baseline,962,D50,D50|78|1,1.842270226,1.866868302598652,0.6242623224886128,0.029734790931535356
baseline,963,D100,D100|78|1,1.841506621,1.8208319594876397,0.5992935172385168,0.018181080570690913
baseline,964,D100,D100|78|1,1.843976596,1.8238442267114097,0.6009464859829259,0.018250298661172473
baseline,965,D100,D100|78|1,1.851759894,1.8240740242866345,0.6010724743191315,0.018123807952758367
baseline,966,D100,D100|78|1,1.838969233,1.8343845934693959,0.606709053850643,0.01848029714574664
baseline,967,D100,D100|78|1,1.836763694,1.8245872381025878,0.6013537905512675,0.01816906496842035
baseline,968,D200,D200|78|1,1.828959327,1.8321245607184653,0.6054762555991614,0.014040591066146866
baseline,969,D200,D200|78|1,1.829062221,1.831594627126229,0.6051869683646538,0.014044025542570003
baseline,970,D200,D200|78|1,1.82885645,1.8314898585811774,0.6051297660011872,0.014053065493942467
baseline,971,D200,D200|78|1,1.842479042,1.8313619219617663,0.6050599097104452,0.014171710546171624
baseline,972,D200,D200|78|1,1.838641851,1.8317775543459647,0.6052868365794166,0.01409205360935941
baseline,973,D400,D400|78|1,1.836794382,1.826447769710529,0.6023729710110597,0.011100736604804706
baseline,974,D400,D400|78|1,1.844766925,1.8266579067376616,0.6024880166987435,0.010952828844455061
baseline,975,D400,D400|78|1,1.850348254,1.8256119963283102,0.6019152712742804,0.010948870916717705
baseline,976,D400,D400|78|1,1.834540582,1.82382446786105,0.6009356522959799,0.010958709443963842
baseline,977,D400,D400|78|1,1.843996508,1.8260112830029207,0.602133961235242,0.010811534318242812
baseline,978,D600,D600|78|1,1.809627456,1.8109322878494902,0.5938417888314814,0.01062092910671783
baseline,979,D600,D600|78|1,1.819273655,1.8236647404111166,0.6008480701588356,0.010584741172709161
baseline,980,D600,D600|78|1,1.815949651,1.8204554104324515,0.5990866952998579,0.0103698002405285
baseline,981,D600,D600|78|1,1.821722597,1.8225067558261443,0.6002128917942964,0.010120421739241738
baseline,982,D600,D600|78|1,1.816334794,1.8243742569777088,0.6012370553511794,0.010126014639353908
baseline,983,D800,D800|78|1,1.784705458,1.8162238624555198,0.5967595448589673,0.010124064807138672
baseline,984,D800,D800|78|1,1.793779733,1.8175182281696305,0.5974719596295118,0.010058801717057489
baseline,985,D800,D800|78|1,1.822903868,1.8161467497269919,0.596717086235235,0.010153526067433078
baseline,986,D800,D800|78|1,1.802357094,1.8096712864300881,0.593145219077561,0.010202285459473048
baseline,987,D800,D800|78|1,1.813384683,1.8218203913333924,0.5998362162253084,0.010026647274725773
baseline,988,S50,S50|78|1,1.831227016,1.8109308109666822,0.5938409732938601,0.01916305820426129
baseline,989,S50,S50|78|1,1.846071835,1.8095065380592978,0.5930541772007074,0.01908672475376421
baseline,990,S50,S50|78|1,1.828786354,1.8111644472834612,0.5939699794631876,0.019412687630051842
baseline,991,S50,S50|78|1,1.827511566,1.812356572797674,0.5946279723660121,0.019279427719334094
baseline,992,S50,S50|78|1,1.819777763,1.8123573840082419,0.5946284199657826,0.019103024770992762
baseline,993,S100,S100|78|1,1.811594519,1.8204127201636027,0.5990632447010888,0.011628702325160374
baseline,994,S100,S100|78|1,1.818458589,1.8225688606180552,0.6002469677907649,0.011623631605459334
baseline,995,S100,S100|78|1,1.80407353,1.8235506169258016,0.600785488998048,0.01164481086915299
baseline,996,S100,S100|78|1,1.818628157,1.8206333613632286,0.5991844412995145,0.011636864037333846
baseline,997,S100,S100|78|1,1.809708774,1.8203482126827792,0.5990278084381647,0.01163689911132241
baseline,998,S200,S200|78|1,1.810675917,1.8102287001520234,0.5934531909709322,0.01022365337765822
baseline,999,S200,S200|78|1,1.801129455,1.8080336850843186,0.5922398929271346,0.010298481598424575
baseline,1000,S200,S200|78|1,1.819134646,1.8086947639368685,0.5926054602453505,0.010248876838100178
baseline,1001,S200,S200|78|1,1.808303844,1.8089550329968538,0.5927493487227012,0.010249743988839122
baseline,1002,S200,S200|78|1,1.815022468,1.8105177968175508,0.5936128799557223,0.010387528894628004
baseline,1003,S400,S400|78|1,1.799772023,1.8083888897595024,0.59243633273414,0.01003155414192986
baseline,1004,S400,S400|78|1,1.807563313,1.807165094685084,0.5917593714018405,0.010175052923501588
baseline,1005,S400,S400|78|1,1.803653703,1.806939526812543,0.5916345449806617,0.010100092481369045
baseline,1006,S400,S400|78|1,1.808822638,1.8091458373426248,0.592854820821344,0.01009274883942695
baseline,1007,S400,S400|78|1,1.80385226,1.8131322598311235,0.5950558799288788,0.010075202544664584
baseline,1008,S600,S600|78|1,1.819705197,1.7981440049392288,0.5867550245770893,0.010063379912415191
baseline,1009,S600,S600|78|1,1.818966939,1.8002891835150028,0.5879473095064185,0.010027360652638331
baseline,1010,S600,S600|78|1,1.824045849,1.802873829561142,0.5893819637144442,0.0100088625307491
baseline,1011,S600,S600|78|1,1.815561419,1.8017869386268819,0.5887789161395983,0.010064455195094855
baseline,1012,S600,S600|78|1,1.81652825,1.8059127367376007,0.5910661352989557,0.010208268089881399
baseline,1013,S800,S800|78|1,1.817894711,1.8118687510521154,0.5943587718031803,0.01060222397333889
baseline,1014,S800,S800|78|1,1.809453289,1.8104249305643096,0.5935615859915515,0.010613869351567613
baseline,1015,S800,S800|78|1,1.801825915,1.8080638122680441,0.5922565557431944,0.010601276601130602
baseline,1016,S800,S800|78|1,1.802967307,1.8075244633884289,0.5919582093373011,0.010851429023283293
baseline,1017,S800,S800|78|1,1.796182709,1.8130529287114356,0.5950121253407507,0.0106073083710218
baseline,1018,D50,D50|78|2,2.048716118,1.9974106150482112,0.691851649245644,0.038757180215306906
baseline,1019,D50,D50|78|2,2.027640154,2.0215833778324885,0.703881054774946,0.030283528477293844
baseline,1020,D50,D50|78|2,2.075518832,1.9893554128572,0.6878106731281244,0.03837918449997381
baseline,1021,D50,D50|78|2,2.072316368,1.9897101959948222,0.687988997977945,0.03914676739735984
baseline,1022,D50,D50|78|2,2.058495049,1.9958819625868323,0.6910860391600671,0.042045492658665515
baseline,1023,D100,D100|78|2,1.970485404,1.9593457284567561,0.672610605502935,0.017834089981258565
baseline,1024,D100,D100|78|2,1.977013669,1.9570311791052728,0.6714286203796527,0.017879451596686535
baseline,1025,D100,D100|78|2,1.978128464,1.9565642355645896,0.6711899940049647,0.017863086481362176
baseline,1026,D100,D100|78|2,1.972137944,1.9544975596232812,0.670133157656223,0.017870948566593218
baseline,1027,D100,D100|78|2,1.962600245,1.953747259329914,0.6697491999783692,0.017853678808321387
baseline,1028,D200,D200|78|2,1.975250671,1.9722137552632286,0.6791566454700214,0.01366930579931973
baseline,1029,D200,D200|78|2,1.981161733,1.9667140485836094,0.6763641544534849,0.013845180066946017
baseline,1030,D200,D200|78|2,1.964957492,1.9730536879850782,0.6795824380159625,0.013655010372370279
baseline,1031,D200,D200|78|2,1.960153436,1.9920512409015427,0.6891648821757149,0.01375814905553302
baseline,1032,D200,D200|78|2,1.942723807,2.002153039204637,0.694223121130559,0.014732639275182537
baseline,1033,D400,D400|78|2,1.959613803,1.9575341587729198,0.6716855989338477,0.010802963668757517
baseline,1034,D400,D400|78|2,1.961783202,1.9592782492945862,0.6725761652695471,0.010940776171992371
baseline,1035,D400,D400|78|2,1.984038462,1.9653983239061261,0.6756949341454422,0.010938050639216823
baseline,1036,D400,D400|78|2,2.012992775,1.9812751504803674,0.6837406528116483,0.011529227473285055
baseline,1037,D400,D400|78|2,1.998116771,1.9861287676620627,0.686187401216004,0.01297300232395557
baseline,1038,D600,D600|78|2,1.951705064,1.966292040806933,0.6761495563731847,0.010219181892324729
baseline,1039,D600,D600|78|2,1.947197559,1.969786984973776,0.6779254074485501,0.010066501593935292
baseline,1040,D600,D600|78|2,1.954218438,1.964928313114222,0.6754557627800307,0.010150026900406072
baseline,1041,D600,D600|78|2,1.954750676,1.967771408443974,0.6769016376376866,0.010158550852983355
baseline,1042,D600,D600|78|2,1.969541654,1.982893664815494,0.6845572247087963,0.010180479597208778
baseline,1043,D800,D800|78|2,1.958691803,1.931842583426914,0.6584742539132703,0.010615511561526505
baseline,1044,D800,D800|78|2,1.939747135,1.9299772539993367,0.657508217354773,0.01044923008501702
baseline,1045,D800,D800|78|2,1.935442189,1.9447202610091066,0.6651181420526682,0.0101012585498864
baseline,1046,D800,D800|78|2,1.972016693,1.9568509776479064,0.6713365371485912,0.010155838873437392
baseline,1047,D800,D800|78|2,1.984965003,1.9641103846801307,0.6750394123651743,0.01004755616467373
baseline,1048,S50,S50|78|2,1.973547647,1.9474052101847859,0.6664978250158494,0.019739917129859633
baseline,1049,S50,S50|78|2,1.977099328,1.942338540185425,0.6638926802093776,0.01820717126573119
baseline,1050,S50,S50|78|2,1.971799243,1.9405347152966979,0.6629635615388443,0.018216072101648377
baseline,1051,S50,S50|78|2,1.965956881,1.9415839936372767,0.6635041314929343,0.018208317388633176
baseline,1052,S50,S50|78|2,1.966607202,1.939744224267829,0.6625561212222504,0.018221283680112478
baseline,1053,S100,S100|78|2,1.953922335,1.9739093877496137,0.6800160370953168,0.0114751681598953
baseline,1054,S100,S100|78|2,1.967330539,1.97400032010714,0.6800621031729485,0.011459522379318583
baseline,1055,S100,S100|78|2,1.959074643,1.9712245200168914,0.678654933411644,0.011480108933809975
baseline,1056,S100,S100|78|2,1.966565981,1.970919799387783,0.6785003370270238,0.011533521478987003
baseline,1057,S100,S100|78|2,1.955034403,1.968582350310213,0.6773136645678923,0.011476420147361657
baseline,1058,S200,S200|78|2,1.969323837,1.9707982508345399,0.6784386641464509,0.01044349602793668
baseline,1059,S200,S200|78|2,1.981766088,1.9714923111648726,0.6787907743354836,0.010525474235796813
baseline,1060,S200,S200|78|2,1.971328348,1.9617088991110125,0.6738159806710178,0.010298449491849939
baseline,1061,S200,S200|78|2,1.955312941,1.961514473280296,0.6737168653199808,0.01021063692543395
baseline,1062,S200,S200|78|2,1.967573296,1.9598848434547163,0.6728857181769503,0.010218955480686725
baseline,1063,S400,S400|78|2,1.960705784,1.955339936714353,0.6705640589941404,0.010154082689015211
baseline,1064,S400,S400|78|2,1.957890055,1.9568112704271774,0.6713162455555954,0.010219054807855914
baseline,1065,S400,S400|78|2,1.949374428,1.951872748811919,0.6687892957081016,0.010072122893464505
baseline,1066,S400,S400|78|2,1.961315049,1.9508662799226437,0.6682735200417417,0.010179520759717888
baseline,1067,S400,S400|78|2,1.956350003,1.9533656987747374,0.6695538841221443,0.010086531046363654
baseline,1068,S600,S600|78|2,1.952490208,1.9525920234468983,0.6691577327078289,0.010447225704763051
baseline,1069,S600,S600|78|2,1.945341136,1.950124232321426,0.6678930794291134,0.01020258776277478
baseline,1070,S600,S600|78|2,1.945316352,1.9485150106950648,0.6670675494852315,0.010116862062954849
baseline,1071,S600,S600|78|2,1.946777397,1.9492971123812217,0.6674688524069514,0.010094595940355344
baseline,1072,S600,S600|78|2,1.941493302,1.9489441958337237,0.6672877879111654,0.010093495317685493
baseline,1073,S800,S800|78|2,1.938492808,1.9437839746139673,0.6646365756937295,0.010872108372372614
baseline,1074,S800,S800|78|2,1.920010403,1.9413573993785744,0.6633874188073567,0.011040283075303544
baseline,1075,S800,S800|78|2,1.936963931,1.942228027640682,0.6638357819465506,0.011366300700943818
baseline,1076,S800,S800|78|2,1.934103721,1.9412223766923824,0.6633178657297465,0.011650379898921679
baseline,1077,S800,S800|78|2,1.956494024,1.94179299149247,0.6636117686634667,0.011520871847394892
baseline,1078,D50,D50|78|3,2.173824888,2.17807828200638,0.7784429660165548,0.03273757381163327
baseline,1079,D50,D50|78|3,2.183314693,2.175879074744366,0.7774327551812863,0.032396073523510434
baseline,1080,D50,D50|78|3,2.208895721,2.180578980763954,0.7795904290452802,0.03545529490367407
baseline,1081,D50,D50|78|3,2.207947518,2.166561622087483,0.7731414049447167,0.03165139619749755
baseline,1082,D50,D50|78|3,2.204059039,2.178966320482531,0.7788505994329952,0.03324100656168074
baseline,1083,D100,D100|78|3,2.110443847,2.0696247197783,0.7273672960482984,0.018591838790911214
baseline,1084,D100,D100|78|3,2.110474752,2.0904379778563396,0.7373736028052825,0.01795901479774668
baseline,1085,D100,D100|78|3,2.116896351,2.0987107177740576,0.7413232122715222,0.017929598411890485
baseline,1086,D100,D100|78|3,2.13463104,2.0982353804483482,0.7410966964590161,0.0179480442991163
baseline,1087,D100,D100|78|3,2.11252368,2.0980753294410914,0.741020414687527,0.01794267638093866
baseline,1088,D200,D200|78|3,2.117708297,2.1090572768696645,0.7462410594349529,0.01353162519403803
baseline,1089,D200,D200|78|3,2.109405472,2.1040377714949017,0.7438582469457411,0.013615564658941948
baseline,1090,D200,D200|78|3,2.100518085,2.1026688186863205,0.7432074039037758,0.01357664369220317
baseline,1091,D200,D200|78|3,2.117438459,2.1069766666464047,0.7452540605539953,0.013543563228517545
baseline,1092,D200,D200|78|3,2.134237176,2.131378120989597,0.756768775663169,0.013386805054909025
baseline,1093,D400,D400|78|3,2.109788548,2.134545302699511,0.7582536510241555,0.010725839278565791
baseline,1094,D400,D400|78|3,2.13076654,2.1309641479891446,0.7565745289435818,0.010724337784263592
baseline,1095,D400,D400|78|3,2.158121598,2.1462131846556702,0.763704979747854,0.011156564676288424
baseline,1096,D400,D400|78|3,2.149065463,2.1528162284394288,0.7667768586961953,0.011022070432621172
baseline,1097,D400,D400|78|3,2.143923119,2.1535253578477676,0.7671062006216044,0.011222250041862324
baseline,1098,D600,D600|78|3,2.124680917,2.114660858424122,0.7488944490138125,0.010120721528618691
baseline,1099,D600,D600|78|3,2.099230499,2.112625130146288,0.7479313117003182,0.010196480546882693
baseline,1100,D600,D600|78|3,2.120016659,2.1170689515990126,0.7500325620517103,0.010123625501118833
baseline,1101,D600,D600|78|3,2.116318793,2.1254570726339197,0.753986872251394,0.010724680298151374
baseline,1102,D600,D600|78|3,2.121924309,2.129443322918318,0.7558605948207032,0.01046436811109298
baseline,1103,D800,D800|78|3,2.078791987,2.0733579552483477,0.7291694935341759,0.010562773596518284
baseline,1104,D800,D800|78|3,2.120605244,2.09596528097056,0.7400142018991612,0.010083930787794997
baseline,1105,D800,D800|78|3,2.132835138,2.109382601235761,0.74639529862107,0.010380215015104511
baseline,1106,D800,D800|78|3,2.088280708,2.105395699893144,0.7445034304150022,0.01003972595950888
baseline,1107,D800,D800|78|3,2.082623381,2.0980500962861544,0.7410083878044493,0.010069662316494896
baseline,1108,S50,S50|78|3,2.13105359,2.0831758527890543,0.7338935815618285,0.021283108990237373
baseline,1109,S50,S50|78|3,2.125737217,2.082839605765307,0.7337321577611622,0.02129485355711158
baseline,1110,S50,S50|78|3,2.127780473,2.080059412059248,0.732396456795321,0.020239219563604322
baseline,1111,S50,S50|78|3,2.115058345,2.0926189707695837,0.7384163775691265,0.020156615899757414
baseline,1112,S50,S50|78|3,2.120433061,2.0907500412916002,0.7375228730291572,0.019592549274862963
baseline,1113,S100,S100|78|3,2.10025556,2.108234482008094,0.7458508588422251,0.011797112281478818
baseline,1114,S100,S100|78|3,2.092586996,2.111137678072122,0.7472269861009913,0.011767700205992871
baseline,1115,S100,S100|78|3,2.097468661,2.1109445679170635,0.7471355098369387,0.011771123994736838
baseline,1116,S100,S100|78|3,2.083759863,2.1068733038773746,0.7452050019639771,0.01186959008885895
baseline,1117,S100,S100|78|3,2.090691433,2.1100360176592314,0.7467050173229631,0.01178383075824583
baseline,1118,S200,S200|78|3,2.095038662,2.103077923882356,0.7434019497109139,0.010348203170280582
baseline,1119,S200,S200|78|3,2.095806206,2.0911593521701337,0.7377186261368073,0.010239626305377596
baseline,1120,S200,S200|78|3,2.102775437,2.0802664429333397,0.7324959830735399,0.01057425038499014
baseline,1121,S200,S200|78|3,2.069632317,2.0788980654920226,0.7318379771264717,0.010625285139665201
baseline,1122,S200,S200|78|3,2.102405588,2.0800778722070405,0.7324053315734983,0.01058550390412225
baseline,1123,S400,S400|78|3,2.104027112,2.0961240272256156,0.7400899380027893,0.010114174413996408
baseline,1124,S400,S400|78|3,2.117542431,2.0938695136485306,0.7390137961077398,0.010077749333136196
baseline,1125,S400,S400|78|3,2.103087168,2.0955000061610756,0.739792191323135,0.010098210638985566
baseline,1126,S400,S400|78|3,2.089959666,2.093818178587301,0.7389892789684473,0.010157088717013261
baseline,1127,S400,S400|78|3,2.102186006,2.094304755762434,0.739221639472162,0.010085081564394475
baseline,1128,S600,S600|78|3,2.087092666,2.091942490050204,0.7380930554090356,0.010158547372246382
baseline,1129,S600,S600|78|3,2.08206794,2.092000701191449,0.7381208813801772,0.010160502130110126
baseline,1130,S600,S600|78|3,2.097250237,2.0953568749321905,0.7397238848965487,0.01015242604105453
baseline,1131,S600,S600|78|3,2.113023395,2.0927273191778326,0.7384681526915499,0.010153941077776871
baseline,1132,S600,S600|78|3,2.105152683,2.0896489322073246,0.7369960768469169,0.010186918215012306
baseline,1133,S800,S800|78|3,2.055897074,2.0874748758369126,0.7359551421432184,0.010930599275821538
baseline,1134,S800,S800|78|3,2.081431625,2.082970979635476,0.7337952301776913,0.012511506719927885
baseline,1135,S800,S800|78|3,2.075425638,2.082812784632976,0.7337192804829749,0.011960703019650226
baseline,1136,S800,S800|78|3,2.073550491,2.083807935198889,0.7341969580311609,0.01218296589517839
baseline,1137,S800,S800|78|3,2.050699731,2.0823243500013167,0.7334847457638958,0.01319592090308029
baseline,1138,D50,D50|78|3,2.296855612,2.2364505667258356,0.8048900406846475,0.04679312640746605
baseline,1139,D50,D50|78|3,2.28927411,2.253071674620739,0.8122944739137877,0.0423642382669943
baseline,1140,D50,D50|78|3,2.265432391,2.259959720038741,0.8153469901336555,0.0388919617500338
baseline,1141,D50,D50|78|3,2.309014532,2.2384116973853816,0.8057665506951706,0.04716526423712106
baseline,1142,D50,D50|78|3,2.323146548,2.2374798795710467,0.8053501787559599,0.048029225936605566
baseline,1143,D100,D100|78|4,2.172610234,2.159325092265274,0.7697957155865303,0.019359109351743956
baseline,1144,D100,D100|78|4,2.167009878,2.165003457660752,0.7724219585251187,0.019017827403467753
baseline,1145,D100,D100|78|4,2.155731334,2.155897487371929,0.7682071043151816,0.01936777352480242
baseline,1146,D100,D100|78|4,2.160182521,2.163402256249407,0.7716821011317884,0.019107827431133362
baseline,1147,D100,D100|78|4,2.171657899,2.1590405343049905,0.7696639259303026,0.01896048013460115
baseline,1148,D200,D200|78|4,2.194175268,2.231314942618184,0.8025910720575632,0.01372708616417176
baseline,1149,D200,D200|78|4,2.227146471,2.2244299526696065,0.7995006817457407,0.014100703379541961
baseline,1150,D200,D200|78|4,2.219782185,2.2246977106390977,0.7996210460014228,0.01402152717868061
baseline,1151,D200,D200|78|4,2.209961444,2.233365470943137,0.803509627599815,0.013816252899472994
baseline,1152,D200,D200|78|4,2.223157782,2.2221576704237633,0.7984786474865548,0.013925439352350105
baseline,1153,D400,D400|78|4,2.208759938,2.2196737307946193,0.7973602169727853,0.010897824465144602
baseline,1154,D400,D400|78|4,2.215521349,2.220263233269495,0.7976257623997186,0.010880376972170694
baseline,1155,D400,D400|78|4,2.21109678,2.2185353611937284,0.796847230945196,0.010947109200577808
baseline,1156,D400,D400|78|4,2.238669537,2.2382583432841447,0.8056980381177843,0.011121204760653177
baseline,1157,D400,D400|78|4,2.277323367,2.2460961089752347,0.8091936465740366,0.011792893734692035
baseline,1158,D600,D600|78|4,2.215719494,2.202434008672858,0.7895631163692746,0.010009060732671141
baseline,1159,D600,D600|78|4,2.228725024,2.1960465613936777,0.7866587262429436,0.010065324483797813
baseline,1160,D600,D600|78|4,2.259070385,2.2150165340105,0.7952598680337991,0.010095836037660016
baseline,1161,D600,D600|78|4,2.23342589,2.196648425752158,0.7869327559053755,0.010233179043685125
baseline,1162,D600,D600|78|4,2.171001568,2.2434280109946334,0.8080050581074574,0.022672296012323213
baseline,1163,D800,D800|78|4,2.175697215,2.2009571755320536,0.7888923455318003,0.009973257658941274
baseline,1164,D800,D800|78|4,2.183416165,2.2219347108987226,0.7983783077518704,0.010444253568523678
baseline,1165,D800,D800|78|4,2.236248929,2.2093376544743144,0.7926927667517085,0.010821964864985847
baseline,1166,D800,D800|78|4,2.214218214,2.204937432979,0.7906991334300164,0.00995337462285952
baseline,1167,D800,D800|78|4,2.177187795,2.203185725321178,0.789904369904987,0.009947463842284825
baseline,1168,S50,S50|78|4,2.222032953,2.1502363016879906,0.765577743862012,0.021078103570048485
baseline,1169,S50,S50|78|4,2.214924375,2.1521281514378456,0.7664571904511611,0.020373249943299695
baseline,1170,S50,S50|78|4,2.215731321,2.150425652129714,0.7656658002793166,0.02101117229753143
baseline,1171,S50,S50|78|4,2.19161935,2.152888611723767,0.7668104807334839,0.02056926134918653
baseline,1172,S50,S50|78|4,2.203313428,2.1529394841696035,0.7668341103093546,0.02139644620837116
baseline,1173,S100,S100|78|4,2.14918061,2.1675458960084137,0.7735956040774066,0.01247829807416445
baseline,1174,S100,S100|78|4,2.155837945,2.174074473041036,0.776603044340914,0.012437544003145054
baseline,1175,S100,S100|78|4,2.162778819,2.172493196914521,0.775875446697741,0.012710800048819035
baseline,1176,S100,S100|78|4,2.148500592,2.175039461823532,0.7770468077431997,0.01222489214984016
baseline,1177,S100,S100|78|4,2.142818588,2.1735206900296276,0.7763482906236832,0.012240536516104916
baseline,1178,S200,S200|78|4,2.206816048,2.192905484796918,0.7852273699191636,0.010352132015096664
baseline,1179,S200,S200|78|4,2.196338291,2.193323337282109,0.7854178991885677,0.010476010128797179
baseline,1180,S200,S200|78|4,2.191421843,2.191330978552059,0.7845091119849891,0.01027288439806244
baseline,1181,S200,S200|78|4,2.189803313,2.194376002115354,0.7858977246150685,0.010340562396650026
baseline,1182,S200,S200|78|4,2.18060903,2.1954023993251965,0.7863653551579723,0.010647253219212756
baseline,1183,S400,S400|78|4,2.226271571,2.166402324659281,0.7730678767869792,0.010130019303111427
baseline,1184,S400,S400|78|4,2.213920664,2.169157020282496,0.7743386221624831,0.010080936467325686
baseline,1185,S400,S400|78|4,2.188920086,2.1715148972668348,0.7754250333269485,0.010068301639142387
baseline,1186,S400,S400|78|4,2.195478145,2.17220255369284,0.7757416544882066,0.010054906712519395
baseline,1187,S400,S400|78|4,2.199391193,2.1712270936362437,0.7752924886666324,0.01006859725580289
baseline,1188,S600,S600|78|4,2.189764122,2.1926404582051107,0.7851065062476508,0.010515915819533863
baseline,1189,S600,S600|78|4,2.174324856,2.192672193763008,0.7851209798144936,0.010535242132130631
baseline,1190,S600,S600|78|4,2.171721222,2.1905985581506084,0.7841748207089032,0.010415719215392772
baseline,1191,S600,S600|78|4,2.179246712,2.1913363661184024,0.7845115705637129,0.01074335800008084
baseline,1192,S600,S600|78|4,2.180835264,2.1919855554107404,0.7848077793791758,0.010375028969282994
baseline,1193,S800,S800|78|4,2.170123198,2.186603838060867,0.7823495812809834,0.011001934137706048
baseline,1194,S800,S800|78|4,2.144811587,2.1845241200361456,0.781398010793188,0.011285318896719654
baseline,1195,S800,S800|78|4,2.141743393,2.185630148770412,0.7819041845755536,0.011132442526129594
baseline,1196,S800,S800|78|4,2.131005724,2.1828448539152037,0.7806290049163256,0.011556577060323382
baseline,1197,S800,S800|78|4,2.147763194,2.1824117426573975,0.7804305692690066,0.01144929104627436
baseline,1198,D50,D50|91|0,1.474887956,1.5344102266447153,0.42814609003926535,0.03593743093353626
baseline,1199,D50,D50|91|0,1.486720847,1.5396262490547254,0.43153969155122923,0.03838870217188033
baseline,1200,D50,D50|91|0,1.47655687,1.5262686901226645,0.42282599214841404,0.033186064883409756
baseline,1201,D50,D50|91|0,1.470630924,1.5278669100327533,0.423872586186932,0.03329019079843053
baseline,1202,D50,D50|91|0,1.469018895,1.5259257576351497,0.42260128006350095,0.0329151322380109
baseline,1203,D100,D100|91|0,1.51890701,1.4857934604535286,0.3959489463619903,0.01903517334508889
baseline,1204,D100,D100|91|0,1.499253844,1.481546866735308,0.39308672218201757,0.01942743935388947
baseline,1205,D100,D100|91|0,1.505115183,1.482879155898868,0.39398557359074765,0.01924084661428952
baseline,1206,D100,D100|91|0,1.498529419,1.479791929083508,0.391901489435451,0.019686460279744817
baseline,1207,D100,D100|91|0,1.487426062,1.4745253295964467,0.3883361275566037,0.02031185859688994
baseline,1208,D200,D200|91|0,1.496959188,1.4945211836800312,0.4018058770676496,0.014198355089797849
baseline,1209,D200,D200|91|0,1.512561412,1.4945995766122084,0.4018583292356828,0.014122208560982305
baseline,1210,D200,D200|91|0,1.49550738,1.4933495034102238,0.401021585876649,0.014098185829905255
baseline,1211,D200,D200|91|0,1.499524673,1.4975470980659085,0.4038285016420452,0.014371779368894135
baseline,1212,D200,D200|91|0,1.507948275,1.4938527154368826,0.40135849780597455,0.014256918006280705
baseline,1213,D400,D400|91|0,1.480943664,1.4714221352394679,0.3862293720616109,0.010898003998645918
baseline,1214,D400,D400|91|0,1.488196875,1.4724130564326212,0.386902589932898,0.010913153495464815
baseline,1215,D400,D400|91|0,1.495449395,1.4809563753720292,0.39268807865467503,0.011102425690871711
baseline,1216,D400,D400|91|0,1.489649011,1.4916190799453417,0.3998621608372185,0.012501670663162318
baseline,1217,D400,D400|91|0,1.488574134,1.4873504020809485,0.39699628335052883,0.011701911256899325
baseline,1218,D600,D600|91|0,1.454631794,1.4699991124198792,0.38526179699446206,0.010875647203692936
baseline,1219,D600,D600|91|0,1.449676887,1.471203799252236,0.3860809767218747,0.010524926441328354
baseline,1220,D600,D600|91|0,1.464974381,1.4695817058522709,0.384977806455526,0.010836072260601655
baseline,1221,D600,D600|91|0,1.454164751,1.4693173296890265,0.38479789135074677,0.011063761575314293
baseline,1222,D600,D600|91|0,1.463072572,1.4822434029388734,0.3935567528879796,0.010339386960042718
baseline,1223,D800,D800|91|0,1.471779432,1.4828573668080367,0.39397087970903216,0.01102069307196926
baseline,1224,D800,D800|91|0,1.476235518,1.4819938011882559,0.39338834413117707,0.01080021444112367
baseline,1225,D800,D800|91|0,1.473976524,1.4839487547948749,0.39470661233956855,0.013134917592311007
baseline,1226,D800,D800|91|0,1.46374932,1.481112824805854,0.3927937138869383,0.010482402267764411
baseline,1227,D800,D800|91|0,1.457317453,1.456454057843209,0.37600475407277323,0.010910609542622168
baseline,1228,S50,S50|91|0,1.464285745,1.4887843322763525,0.39795990256427477,0.023820093062740712
baseline,1229,S50,S50|91|0,1.46329805,1.4857066794306648,0.3958905374649328,0.02367046868649421
baseline,1230,S50,S50|91|0,1.456338684,1.4842651962497846,0.3949198324519511,0.02334350731702913
baseline,1231,S50,S50|91|0,1.474668071,1.479251388257535,0.3915361410616589,0.022673854617449248
baseline,1232,S50,S50|91|0,1.471097952,1.474147797344679,0.3880800583094693,0.022113320962885794
baseline,1233,S100,S100|91|0,1.442874313,1.4649909124555773,0.3818490393477964,0.014105288184459974
baseline,1234,S100,S100|91|0,1.45146606,1.4676851233417962,0.3836864135488953,0.013443500118839161
baseline,1235,S100,S100|91|0,1.454374894,1.4689325530245227,0.38453598260774496,0.012968604328047034
baseline,1236,S100,S100|91|0,1.456256666,1.4659043630811883,0.3824723646933389,0.013663746408032069
baseline,1237,S100,S100|91|0,1.452714446,1.4672404136816477,0.383383366907376,0.013297631144116058
baseline,1238,S200,S200|91|0,1.470202477,1.4676933665230116,0.3836920299838755,0.010370331930573249
baseline,1239,S200,S200|91|0,1.483981407,1.4774762972894728,0.3903354277257617,0.011138679068881725
baseline,1240,S200,S200|91|0,1.481539669,1.4730004399665972,0.38730143616788726,0.010544412325070482
baseline,1241,S200,S200|91|0,1.480093475,1.4723855472402334,0.38688390669095807,0.01048659099478396
baseline,1242,S200,S200|91|0,1.481454481,1.4727271580444776,0.3871158915689311,0.010548354924886778
baseline,1243,S400,S400|91|0,1.485518466,1.46964846689352,0.3850232340248804,0.010240903401306602
baseline,1244,S400,S400|91|0,1.497415762,1.4662040254522473,0.38267676530368067,0.010104592144859342
baseline,1245,S400,S400|91|0,1.487051311,1.4667367982057218,0.3830400680713582,0.010140962195637667
baseline,1246,S400,S400|91|0,1.496107801,1.4653034605046649,0.3820623612946676,0.010103049221704385
baseline,1247,S400,S400|91|0,1.476622947,1.4672214089624152,0.38337041412735606,0.010183023086386328
baseline,1248,S600,S600|91|0,1.466414868,1.4687596220321044,0.3844182500596678,0.010097879150357206
baseline,1249,S600,S600|91|0,1.459969508,1.468621982644084,0.38432453435864883,0.010070166546267013
baseline,1250,S600,S600|91|0,1.450253824,1.465015578576348,0.3818658762530022,0.010322110905524906
baseline,1251,S600,S600|91|0,1.462794051,1.46656846348099,0.3829252932968979,0.010192254542457773
baseline,1252,S600,S600|91|0,1.466989729,1.4655011394640562,0.3821972586943053,0.010286790453639609
baseline,1253,S800,S800|91|0,1.470174519,1.4738343607274957,0.3878674134550858,0.01068998776071893
baseline,1254,S800,S800|91|0,1.467155176,1.4658702754476092,0.3824491107684754,0.010840738990934422
baseline,1255,S800,S800|91|0,1.4584823,1.4677153610986773,0.3837070156827726,0.010711652767822122
baseline,1256,S800,S800|91|0,1.454521861,1.4693103464605606,0.3847931386367349,0.01067115704826132
baseline,1257,S800,S800|91|0,1.463400253,1.464642102454289,0.38161091395723634,0.011104937726659218
baseline,1258,D50,D50|91|1,1.729470914,1.6890952981732041,0.5241930590718493,0.04035738438950281
baseline,1259,D50,D50|91|1,1.689766162,1.6953200462563325,0.5278715408589105,0.03070678652907291
baseline,1260,D50,D50|91|1,1.714578735,1.6863240171684288,0.5225510221167013,0.036877764086649355
baseline,1261,D50,D50|91|1,1.702565187,1.694169802910703,0.527192829052137,0.029969551870626894
baseline,1262,D50,D50|91|1,1.698018472,1.7030644508625814,0.5324292464503839,0.034287614601870346
baseline,1263,D100,D100|91|1,1.668958873,1.6602356506606122,0.5069595505226203,0.018905476340525817
baseline,1264,D100,D100|91|1,1.671957444,1.6652512484836557,0.5099760120383324,0.018712224715706972
baseline,1265,D100,D100|91|1,1.674909848,1.6654237857711374,0.5100796170348341,0.01866803463951809
baseline,1266,D100,D100|91|1,1.670677177,1.6634056428306847,0.5088670927941078,0.018807751218355765
baseline,1267,D100,D100|91|1,1.665343864,1.6638710597854263,0.5091468512869384,0.018785220346500077
baseline,1268,D200,D200|91|1,1.682406209,1.6849654775445422,0.5217450754903117,0.013961096934205003
baseline,1269,D200,D200|91|1,1.685021577,1.6842973910691927,0.5213484982506258,0.013929588958111838
baseline,1270,D200,D200|91|1,1.682213246,1.685872781446277,0.5222834008882901,0.013952861959443242
baseline,1271,D200,D200|91|1,1.687370265,1.6860446165657017,0.5223853221985064,0.01394700338303704
baseline,1272,D200,D200|91|1,1.677856605,1.6861971716885618,0.5224757991764595,0.013975670596741787
baseline,1273,D400,D400|91|1,1.664712711,1.6732262074128568,0.5147536235118058,0.013242300938010161
baseline,1274,D400,D400|91|1,1.68152969,1.6747155357637171,0.5156433214595894,0.011534404089953853
baseline,1275,D400,D400|91|1,1.66376522,1.6730009899614757,0.5146190137328297,0.011381275213151866
baseline,1276,D400,D400|91|1,1.676002275,1.6676758442677284,0.5114309470814973,0.011546024608574429
baseline,1277,D400,D400|91|1,1.661059428,1.664408747616721,0.5094699538306467,0.011094126727826698
baseline,1278,D600,D600|91|1,1.657446277,1.6629386571569498,0.5085863126735385,0.010384657921888895
baseline,1279,D600,D600|91|1,1.662346504,1.662023181752088,0.508035644441932,0.01034252722048718
baseline,1280,D600,D600|91|1,1.663387642,1.6624179437173694,0.5082731351672828,0.010307119705227349
baseline,1281,D600,D600|91|1,1.662600791,1.6592952509498864,0.5063929646020454,0.01019028551770037
baseline,1282,D600,D600|91|1,1.643923459,1.6445342907639433,0.49745723821671395,0.010717110940980087
baseline,1283,D800,D800|91|1,1.6463813,1.6470078294878465,0.4989602049716033,0.010430253301530332
baseline,1284,D800,D800|91|1,1.645158439,1.6496502271278632,0.5005632818819281,0.01050043718900857
baseline,1285,D800,D800|91|1,1.645998258,1.6474793658192866,0.49924646277544704,0.010756573745083622
baseline,1286,D800,D800|91|1,1.660498838,1.6482117012252746,0.4996908827184232,0.010259648129076147
baseline,1287,D800,D800|91|1,1.666612787,1.6506986643962984,0.5011986312575024,0.010233187191817055
baseline,1288,S50,S50|91|1,1.678825145,1.6672809491074505,0.5111941253254205,0.01975433589700934
baseline,1289,S50,S50|91|1,1.665647429,1.661991229419301,0.5080164192949648,0.019662391278668145
baseline,1290,S50,S50|91|1,1.668386105,1.659466078289536,0.5064959110467298,0.019810842029823278
baseline,1291,S50,S50|91|1,1.666702835,1.6619338676791695,0.5079819048348241,0.019667815272499063
baseline,1292,S50,S50|91|1,1.672894046,1.6628188403393092,0.5085142588224788,0.019642422863830958
baseline,1293,S100,S100|91|1,1.684319088,1.663333332653501,0.5088236206866007,0.01161618642326441
baseline,1294,S100,S100|91|1,1.667581631,1.6616681808989153,0.5078220260184455,0.0115943189857295
baseline,1295,S100,S100|91|1,1.661599677,1.6612427021821548,0.5075659380678162,0.011610505667419828
baseline,1296,S100,S100|91|1,1.670694196,1.6655617070757502,0.5101624281458329,0.01168852258708536
baseline,1297,S100,S100|91|1,1.656714185,1.6652155579131886,0.5099545792647646,0.011583898425048025
baseline,1298,S200,S200|91|1,1.656880386,1.6513213545219414,0.5015757883488929,0.010258511525149394
baseline,1299,S200,S200|91|1,1.66193843,1.6506406341844868,0.501163475699973,0.010251918358378053
baseline,1300,S200,S200|91|1,1.648533727,1.651926394647276,0.5019421188079105,0.010295116645409982
baseline,1301,S200,S200|91|1,1.648155468,1.6492195420033156,0.5003021711639332,0.010256860135216827
baseline,1302,S200,S200|91|1,1.641284712,1.648817153035527,0.5000581538851743,0.010287229629610128
baseline,1303,S400,S400|91|1,1.649160877,1.6376239176301557,0.49324636055271465,0.010091824641211517
baseline,1304,S400,S400|91|1,1.649526937,1.634573681198503,0.49138202490487237,0.010201024477894354
baseline,1305,S400,S400|91|1,1.63614477,1.6385564511945043,0.4938156415351705,0.010029247826877887
baseline,1306,S400,S400|91|1,1.648707247,1.6370639564163159,0.49290436690884076,0.010055199325531788
baseline,1307,S400,S400|91|1,1.638026635,1.6367634974280947,0.49272081478625596,0.01005526414721668
baseline,1308,S600,S600|91|1,1.643608489,1.637880353677434,0.4934029386100529,0.01005940515516858
baseline,1309,S600,S600|91|1,1.63892971,1.637864816856757,0.49339345263366086,0.010048695732772658
baseline,1310,S600,S600|91|1,1.633105927,1.6364745891822128,0.49254428729941413,0.010044781960749647
baseline,1311,S600,S600|91|1,1.63598518,1.6351410890591145,0.49172909362870626,0.010111671369928422
baseline,1312,S600,S600|91|1,1.633706334,1.6365196792503163,0.492571840093222,0.010039632212742872
baseline,1313,S800,S800|91|1,1.61739273,1.6419832262165452,0.4959047955191943,0.01069330450357374
baseline,1314,S800,S800|91|1,1.624811061,1.6386826073150933,0.4938926308047348,0.010805649919804608
baseline,1315,S800,S800|91|1,1.626210849,1.6383310563034765,0.4936780750847705,0.01071875711879734
baseline,1316,S800,S800|91|1,1.640387878,1.63728689913801,0.4930405421276085,0.010856623905790007
baseline,1317,S800,S800|91|1,1.630202716,1.6353163872623466,0.4918362946577178,0.011472615460113997
baseline,1318,D50,D50|91|2,1.790464747,1.806465721779078,0.5913722964900641,0.036221926211321545
baseline,1319,D50,D50|91|2,1.825534745,1.794003235627293,0.5844495672176385,0.0391831347291555
baseline,1320,D50,D50|91|2,1.828657725,1.7942534554398868,0.5845890331670073,0.03825483540634869
baseline,1321,D50,D50|91|2,1.818651128,1.7930556956158958,0.5839212569491992,0.03875991794302702
baseline,1322,D50,D50|91|2,1.818651128,1.7930556956158958,0.5839212569491992,0.03875991794302702
baseline,1323,D100,D100|91|2,1.73642222,1.7499068570242275,0.5595625619613614,0.018713234123295765
baseline,1324,D100,D100|91|2,1.748199464,1.7521552879477624,0.5608466232597595,0.018727007387127768
baseline,1325,D100,D100|91|2,1.739144831,1.7477697738979012,0.5583405602626492,0.018757335422311193
baseline,1326,D100,D100|91|2,1.750080305,1.7463317749423357,0.5575174593786871,0.01873696026300426
baseline,1327,D100,D100|91|2,1.750310728,1.7502090584552874,0.5597352427748592,0.018778430653796814
baseline,1328,D200,D200|91|2,1.734852865,1.7458440513891473,0.5572381357818155,0.013702419587885322
baseline,1329,D200,D200|91|2,1.74061346,1.7471292433891985,0.5579740086039569,0.013687260454677762
baseline,1330,D200,D200|91|2,1.743749892,1.745987686877061,0.5573204052030024,0.01374294579374698
baseline,1331,D200,D200|91|2,1.742424891,1.7452896521736896,0.5569205316639598,0.013788776881847096
baseline,1332,D200,D200|91|2,1.73414359,1.7404127697364342,0.5541223090797334,0.013763389253830373
baseline,1333,D400,D400|91|2,1.740645841,1.7445367678957469,0.5564890578890505,0.010780907038997353
baseline,1334,D400,D400|91|2,1.746214007,1.7432101166316027,0.5557283081144543,0.010781882769469267
baseline,1335,D400,D400|91|2,1.738835295,1.7428967970913014,0.5555485548545003,0.01076797733916378
baseline,1336,D400,D400|91|2,1.749276228,1.7451763647060838,0.5568556191467787,0.010839741252985605
baseline,1337,D400,D400|91|2,1.769148943,1.7561367193482273,0.5631163505808798,0.011342554508954852
baseline,1338,D600,D600|91|2,1.730542783,1.7426332437625862,0.5553973277377471,0.01028390086771935
baseline,1339,D600,D600|91|2,1.74540229,1.7428242376988246,0.5555069224967968,0.010240226981277068
baseline,1340,D600,D600|91|2,1.757779863,1.7358428320128734,0.5514930775848619,0.010737115042621854
baseline,1341,D600,D600|91|2,1.748370119,1.744500867480551,0.5564684789105763,0.010211182002513874
baseline,1342,D600,D600|91|2,1.746275065,1.7370841751681976,0.552207946170134,0.01064335595305735
baseline,1343,D800,D800|91|2,1.725438872,1.7302709251135382,0.5482780003604155,0.010254699492409645
baseline,1344,D800,D800|91|2,1.725118598,1.7285743314236106,0.5472969828819451,0.010118637264610056
baseline,1345,D800,D800|91|2,1.72499252,1.7330012703095612,0.5498547437450649,0.010068513309901205
baseline,1346,D800,D800|91|2,1.729433568,1.7316010838555413,0.5490464625126936,0.010096033352012706
baseline,1347,D800,D800|91|2,1.738769491,1.7439464745959992,0.5561506338437854,0.01033102504953089
baseline,1348,S50,S50|91|2,1.748629463,1.739401431627667,0.5535410492315235,0.018753742615490444
baseline,1349,S50,S50|91|2,1.756372992,1.7398999500540255,0.5538276116043003,0.018807341930091044
baseline,1350,S50,S50|91|2,1.740802984,1.7331411772092316,0.549935471471559,0.01891700430381627
baseline,1351,S50,S50|91|2,1.745758805,1.734211349459087,0.5505527564321194,0.01893292849807025
baseline,1352,S50,S50|91|2,1.741539263,1.7340762269472156,0.5504748375693015,0.018878142030107164
baseline,1353,S100,S100|91|2,1.731218987,1.741435409405703,0.5547097210782233,0.011718798052559444
baseline,1354,S100,S100|91|2,1.730916374,1.7376685290188627,0.5525442888718577,0.011563569193933752
baseline,1355,S100,S100|91|2,1.738408547,1.738104166329684,0.5527949596442504,0.0115273671325496
baseline,1356,S100,S100|91|2,1.716852321,1.735947983230737,0.5515536522124771,0.01154018561544541
baseline,1357,S100,S100|91|2,1.718301381,1.734029762110161,0.5504480420577433,0.011570607305158003
baseline,1358,S200,S200|91|2,1.720659702,1.727987892254305,0.546957663560039,0.010309879332907527
baseline,1359,S200,S200|91|2,1.729430345,1.729881332733504,0.5480528123613632,0.010424114838978406
baseline,1360,S200,S200|91|2,1.724092597,1.731730402592378,0.5491211413226215,0.01043314602201866
baseline,1361,S200,S200|91|2,1.726380004,1.727752404983114,0.5468213759624185,0.010292313348743205
baseline,1362,S200,S200|91|2,1.731441458,1.7287889095948836,0.5474211111013944,0.010306186414531524
baseline,1363,S400,S400|91|2,1.722319891,1.7283425095688894,0.547162862296619,0.009978025206537853
baseline,1364,S400,S400|91|2,1.723230333,1.7285845418612003,0.5473028897193014,0.009981860220629947
baseline,1365,S400,S400|91|2,1.725528541,1.7285853812180636,0.5473033752938505,0.010026020230780938
baseline,1366,S400,S400|91|2,1.709170995,1.7309101119153465,0.5486473464317342,0.010007931633067577
baseline,1367,S400,S400|91|2,1.723136082,1.7283085850538338,0.5471432337520375,0.009982502058013725
baseline,1368,S600,S600|91|2,1.737644411,1.7267085089924525,0.5462170003168793,0.010127186708723363
baseline,1369,S600,S600|91|2,1.729149565,1.7268827706288206,0.5463179165066695,0.010019713331970496
baseline,1370,S600,S600|91|2,1.723136082,1.726551649750612,0.5461261532710514,0.01000565045987942
baseline,1371,S600,S600|91|2,1.744636921,1.7260158729193038,0.5458157889800761,0.010004533112496982
baseline,1372,S600,S600|91|2,1.740173895,1.7255597263471076,0.5455514768931853,0.010021537951457233
baseline,1373,S800,S800|91|2,1.726003366,1.7277429326869869,0.5468158935089918,0.010629816548060996
baseline,1374,S800,S800|91|2,1.725344844,1.725534386246039,0.5455367916367175,0.010668563101010492
baseline,1375,S800,S800|91|2,1.72037826,1.7242803366808808,0.544809767305781,0.010665855856389697
baseline,1376,S800,S800|91|2,1.718505501,1.7271940728218331,0.5464981685438792,0.010733970361706384
baseline,1377,S800,S800|91|2,1.741021878,1.722919004856118,0.5440199482320027,0.010713541421789563
baseline,1378,D50,D50|91|3,1.890935262,1.9061869002826743,0.6451048593346622,0.04162621495335046
baseline,1379,D50,D50|91|3,1.90281035,1.899031354828635,0.6413439429253487,0.06070505987915396
baseline,1380,D50,D50|91|3,1.900928922,1.895417217912609,0.6394389820649342,0.048195138477560066
baseline,1381,D50,D50|91|3,1.912294445,1.8933909847025916,0.6383693932682304,0.04813844381441352
baseline,1382,D50,D50|91|3,1.90491284,1.8922367308977601,0.6377595848415624,0.04739683201253513
baseline,1383,D100,D100|91|3,1.840321892,1.8365381323256633,0.6078823496480107,0.020820838532331024
baseline,1384,D100,D100|91|3,1.871227712,1.835102093763507,0.6071001168871988,0.020648551331616968
baseline,1385,D100,D100|91|3,1.871235522,1.8237472515797701,0.6008933138378325,0.019717932372820206
baseline,1386,D100,D100|91|3,1.850146182,1.8213323905399674,0.5995683159611351,0.01949135205001381
baseline,1387,D100,D100|91|3,1.86020318,1.818193564030016,0.5978434609512622,0.01951186666739018
baseline,1388,D200,D200|91|3,1.815573851,1.8273255369978714,0.6028534426936444,0.013651550076232373
baseline,1389,D200,D200|91|3,1.818119597,1.8215685058856368,0.5996979463588392,0.013694309940701139
baseline,1390,D200,D200|91|3,1.831804801,1.814732831177804,0.5959382564287635,0.014331015407077442
baseline,1391,D200,D200|91|3,1.845330448,1.8115130277751355,0.5941624230329782,0.014172766337490495
baseline,1392,D200,D200|91|3,1.809977806,1.8247489273711546,0.6014424035270751,0.013763014377225161
baseline,1393,D400,D400|91|3,1.832611478,1.8268069306955914,0.6025695962210017,0.010774087404005164
baseline,1394,D400,D400|91|3,1.826254441,1.8267634199578622,0.6025457780193221,0.010757677601626887
baseline,1395,D400,D400|91|3,1.824627321,1.8220691012835188,0.5999727241797985,0.011013872050180616
baseline,1396,D400,D400|91|3,1.81936414,1.820597045691247,0.5991644943761271,0.010756003001183583
baseline,1397,D400,D400|91|3,1.830170268,1.8206564526935811,0.5991971243494951,0.010851509438009476
baseline,1398,D600,D600|91|3,1.806505961,1.81798336420886,0.5977278451132332,0.010049668985854868
baseline,1399,D600,D600|91|3,1.814622772,1.820261735148318,0.5989803012700161,0.010040251936387518
baseline,1400,D600,D600|91|3,1.828929893,1.8237302695456123,0.6008840021784408,0.010131018516770493
baseline,1401,D600,D600|91|3,1.835355942,1.8213282125005894,0.599566022011831,0.010145460758070678
baseline,1402,D600,D600|91|3,1.83108934,1.8138584483181923,0.595456315747554,0.010554796821432968
baseline,1403,D800,D800|91|3,1.797889951,1.8173596819791082,0.5973847235822267,0.010040060162227322
baseline,1404,D800,D800|91|3,1.807596419,1.8222464400788723,0.6000700476928043,0.010037573494838926
baseline,1405,D800,D800|91|3,1.824456516,1.8189470706506152,0.5982578010645888,0.010027591263857206
baseline,1406,D800,D800|91|3,1.815756719,1.8228485816671762,0.6004004322727337,0.010055571492880026
baseline,1407,D800,D800|91|3,1.801076604,1.8235638070110514,0.6007927221603329,0.01005720042643155
baseline,1408,S50,S50|91|3,1.802804034,1.8263101320698718,0.6022976100676721,0.018732172989816186
baseline,1409,S50,S50|91|3,1.809305451,1.8252613161928342,0.6017231637391589,0.018888361266051
baseline,1410,S50,S50|91|3,1.812438275,1.8229658108641167,0.6004647411948889,0.018769433119399083
baseline,1411,S50,S50|91|3,1.830297402,1.8213270653301024,0.5995653921578372,0.018910781249928964
baseline,1412,S50,S50|91|3,1.808132345,1.8266973957890742,0.6025096346625844,0.01873206244537039
baseline,1413,S100,S100|91|3,1.838194388,1.818552161428213,0.5980406687993934,0.011500442958092223
baseline,1414,S100,S100|91|3,1.797916352,1.7958912243734109,0.5855014025521977,0.022101687470736646
baseline,1415,S100,S100|91|3,1.840538585,1.817209041262164,0.5973018302716299,0.011575306628899764
baseline,1416,S100,S100|91|3,1.826153596,1.8181774558069852,0.597834601446584,0.011475896307945849
baseline,1417,S100,S100|91|3,1.827035596,1.8191106201299336,0.5983477113922029,0.011428363918983185
baseline,1418,S200,S200|91|3,1.809660246,1.819137743439238,0.59836262148442,0.010555596134434459
baseline,1419,S200,S200|91|3,1.810580824,1.8168160302193828,0.597085535096675,0.010818380549972969
baseline,1420,S200,S200|91|3,1.827443553,1.819185801050656,0.5983890389323645,0.01047538432529237
baseline,1421,S200,S200|91|3,1.819873108,1.8189070688927713,0.5982358091120195,0.010388975724469311
baseline,1422,S200,S200|91|3,1.82116145,1.8179646572682582,0.5977175551198165,0.01036077953391518
baseline,1423,S400,S400|91|3,1.827366889,1.8128163791126437,0.5948816465070998,0.010108249531140997
baseline,1424,S400,S400|91|3,1.801485664,1.8083515258822762,0.5924156711035369,0.01094703774983471
baseline,1425,S400,S400|91|3,1.835738463,1.810353336018597,0.5935220394960465,0.010159217310165938
baseline,1426,S400,S400|91|3,1.811037344,1.8131779502211949,0.5950810793119581,0.01016136719722126
baseline,1427,S400,S400|91|3,1.809516659,1.8129250627621913,0.5949415976378258,0.010141170574083558
baseline,1428,S600,S600|91|3,1.842325226,1.8095037073899014,0.5930526128672547,0.010115000995717079
baseline,1429,S600,S600|91|3,1.813712362,1.8089329524445747,0.5927371424010195,0.01018701491602139
baseline,1430,S600,S600|91|3,1.81941482,1.8077969234531426,0.5921089345625722,0.010055741992280117
baseline,1431,S600,S600|91|3,1.824800504,1.8085899452416598,0.5925475058935838,0.010056064901611216
baseline,1432,S600,S600|91|3,1.810243275,1.8073311129765521,0.591851233881172,0.010057359822449052
baseline,1433,S800,S800|91|3,1.782843619,1.808031456446248,0.5922386602955402,0.011107184357231997
baseline,1434,S800,S800|91|3,1.812439986,1.8104741867892762,0.5935887926180677,0.011220128169540903
baseline,1435,S800,S800|91|3,1.788621446,1.806805895438765,0.5915605877101711,0.011620492631371469
baseline,1436,S800,S800|91|3,1.805524812,1.809555400834693,0.5930811802065821,0.010955220437854053
baseline,1437,S800,S800|91|3,1.798149608,1.8100977161527454,0.5933808306452194,0.011093793725203452
baseline,1438,D50,D50|91|4,1.98171331,1.963649064953915,0.6748045101343975,0.04667726207592808
baseline,1439,D50,D50|91|4,1.977918113,1.9664784587583115,0.676244358727677,0.05251533173402352
baseline,1440,D50,D50|91|4,1.975119796,1.9631603106906308,0.6745555781292741,0.04630640965801945
baseline,1441,D50,D50|91|4,1.985368784,1.9624590290328257,0.6741982935305517,0.045798740168772466
baseline,1442,D50,D50|91|4,1.982776136,1.9702312644064701,0.6781509289595975,0.03770831146028114
baseline,1443,D100,D100|91|4,1.901575873,1.9029014883125124,0.6433798204541179,0.020334430897284973
baseline,1444,D100,D100|91|4,1.936489464,1.903832301443731,0.6438688555173389,0.020337382189174972
baseline,1445,D100,D100|91|4,1.927870888,1.9076404451944327,0.6458671093530648,0.020788819505360788
baseline,1446,D100,D100|91|4,1.909319154,1.9083228091561986,0.6462247459043398,0.020165040454910195
baseline,1447,D100,D100|91|4,1.915467843,1.9017701350940446,0.642785102505345,0.020165300049869477
baseline,1448,D200,D200|91|4,1.88462312,1.8765107120107654,0.6294140480822488,0.014069996324035943
baseline,1449,D200,D200|91|4,1.896441345,1.8735421734190947,0.6278308494968302,0.014285090741481717
baseline,1450,D200,D200|91|4,1.898457048,1.900442061961872,0.6420865233007385,0.014559590086696278
baseline,1451,D200,D200|91|4,1.880764078,1.8949281915041427,0.6391809441510465,0.014060750926785555
baseline,1452,D200,D200|91|4,1.876312808,1.8855303508375925,0.6342091345570686,0.013928290974799553
baseline,1453,D400,D400|91|4,1.879603373,1.8706249653167086,0.6262725810838083,0.011044519193268258
baseline,1454,D400,D400|91|4,1.86098472,1.8690082535531083,0.6254079444899503,0.011152525054019476
baseline,1455,D400,D400|91|4,1.86673485,1.872433807868335,0.6272390861814001,0.010776137530197492
baseline,1456,D400,D400|91|4,1.888753096,1.8858468684296241,0.6343769870811586,0.011132210747418273
baseline,1457,D400,D400|91|4,1.885233324,1.884231191380075,0.6335198816722903,0.011022006212640878
baseline,1458,D600,D600|91|4,1.822471144,1.8608653222739149,0.6210416065695544,0.010100178764352222
baseline,1459,D600,D600|91|4,1.842546204,1.8614524146278,0.6213570510857134,0.01023574103788999
baseline,1460,D600,D600|91|4,1.867332114,1.8694741534221992,0.6256571899434711,0.010170590072508161
baseline,1461,D600,D600|91|4,1.877333081,1.8679352343828548,0.6248336681043389,0.010111529810250385
baseline,1462,D600,D600|91|4,1.866049127,1.8699265444267454,0.6258991490397581,0.010230428433944547
baseline,1463,D800,D800|91|4,1.857228637,1.8491213576041667,0.6147105844340507,0.010129204152782166
baseline,1464,D800,D800|91|4,1.855300706,1.8453510027260709,0.6126695047781173,0.010238055000445534
baseline,1465,D800,D800|91|4,1.878267981,1.8598215602631374,0.6204805477806213,0.010193741190720572
baseline,1466,D800,D800|91|4,1.876924281,1.8635125174040026,0.622463157061921,0.011026473099920912
baseline,1467,D800,D800|91|4,1.82775045,1.8484724374826786,0.6143595885355762,0.010284023428063576
baseline,1468,S50,S50|91|4,1.877396422,1.882268931225395,0.6324779274610407,0.01974738591612354
baseline,1469,S50,S50|91|4,1.888569121,1.8832034416630716,0.6329742850833096,0.019795275094540883
baseline,1470,S50,S50|91|4,1.895854585,1.882481065697647,0.63259062257899,0.01965903932228524
baseline,1471,S50,S50|91|4,1.882504687,1.8779915035943286,0.6302028565981632,0.020504791322307224
baseline,1472,S50,S50|91|4,1.867779812,1.8784731592038353,0.6304592975102348,0.02035115054967922
baseline,1473,S100,S100|91|4,1.883443029,1.8828547438165084,0.632789105869189,0.011805525216226544
baseline,1474,S100,S100|91|4,1.893646428,1.8827826861088837,0.6327508346819202,0.011462402396309015
baseline,1475,S100,S100|91|4,1.88819627,1.8840980736789212,0.6334492308921456,0.01151386750876341
baseline,1476,S100,S100|91|4,1.881334885,1.882462266024584,0.632580635882561,0.011516181139092621
baseline,1477,S100,S100|91|4,1.877746376,1.8826981734204684,0.6327059465565613,0.0115664477353949
baseline,1478,S200,S200|91|4,1.893085265,1.8685645796530919,0.6251705316437531,0.01052128337173042
baseline,1479,S200,S200|91|4,1.879307862,1.8665671387302276,0.624100989114132,0.010476959400200794
baseline,1480,S200,S200|91|4,1.887049371,1.8657723111243838,0.6236750752182831,0.010467650681390932
baseline,1481,S200,S200|91|4,1.878233348,1.8657172082159854,0.6236455412168519,0.010465409261388092
baseline,1482,S200,S200|91|4,1.860544951,1.8676513747668344,0.6246816921785919,0.010500318543163575
baseline,1483,S400,S400|91|4,1.824360742,1.821842809151854,0.5998485213244509,0.020752304789465735
baseline,1484,S400,S400|91|4,1.861976236,1.8411465085139334,0.6103884800263889,0.01066526701528115
baseline,1485,S400,S400|91|4,1.847779778,1.8515035835897846,0.6159980568758872,0.010124738106692033
baseline,1486,S400,S400|91|4,1.845557556,1.8457956054640836,0.612910407016558,0.010331935141486392
baseline,1487,S400,S400|91|4,1.849355485,1.839072637627311,0.6092614432800483,0.010879984145000458
baseline,1488,S600,S600|91|4,1.852619799,1.8480205734071085,0.6141151059535777,0.010093286983435331
baseline,1489,S600,S600|91|4,1.836251919,1.8540710498716944,0.6173837888860181,0.010084060372269051
baseline,1490,S600,S600|91|4,1.81680461,1.8586676159931261,0.6198598955466861,0.011763469174573516
baseline,1491,S600,S600|91|4,1.826380347,1.8456756964227208,0.6128454415696677,0.010308976127187763
baseline,1492,S600,S600|91|4,1.827097635,1.8463421552269714,0.6132064684326292,0.01027084473068977
baseline,1493,S800,S800|91|4,1.860479626,1.8478961577548172,0.6140477799495639,0.01083179119747754
baseline,1494,S800,S800|91|4,1.853817398,1.8450076561675774,0.6124834271682045,0.010721709079677195
baseline,1495,S800,S800|91|4,1.864159369,1.8483616113717027,0.614299631226406,0.010882993890335493
baseline,1496,S800,S800|91|4,1.842760175,1.8484637236112056,0.6143548744311971,0.010886056025188039
baseline,1497,S800,S800|91|4,1.851627686,1.846987613994177,0.6135559951817193,0.010817216279706951
matern52,0,D50,D50|0|0,1.560186908,1.604550276562696,0.4728435157996296,0.034521114543783614
matern52,1,D50,D50|0|0,1.561484361,1.5863296191048613,0.46142293207593604,0.03343389034414798
matern52,2,D50,D50|0|0,1.560393514,1.5916874927709412,0.4647947696424016,0.03335054085510408
matern52,3,D50,D50|0|0,1.558472561,1.5834369053485104,0.4595977411433664,0.03389074728034696
matern52,4,D50,D50|0|0,1.561608985,1.5902655169647002,0.4639009940922595,0.03335075920592384
matern52,5,D100,D100|0|0,1.561041612,1.558086014282464,0.44345815406486394,0.01682433091778258
matern52,6,D100,D100|0|0,1.556557304,1.5573074172119552,0.4429583153742845,0.016666284519263382
matern52,7,D100,D100|0|0,1.560626044,1.5577715032613215,0.44325627639848175,0.01675657786439231
matern52,8,D100,D100|0|0,1.555448691,1.5571549589566862,0.4428604119566306,0.016660763023520646
matern52,9,D100,D100|0|0,1.570784601,1.55798629118075,0.44339414842444735,0.016978776525878397
matern52,10,D200,D200|0|0,1.559258194,1.571959188971364,0.4523227324558716,0.012335229125689842
matern52,11,D200,D200|0|0,1.557328689,1.5739838853874686,0.45360991194246525,0.012433046998935188
matern52,12,D200,D200|0|0,1.560386696,1.5742721870947294,0.4537930620429838,0.012471775032123721
matern52,13,D200,D200|0|0,1.56406944,1.5717829781499946,0.452210629864637,0.012357540949296707
matern52,14,D200,D200|0|0,1.559799742,1.571719048334874,0.45216995560097134,0.012328185025655643
matern52,15,D400,D400|0|0,1.57747785,1.560464548804105,0.4449835646264295,0.011211150066914468
matern52,16,D400,D400|0|0,1.582462146,1.5605222104111103,0.4450205155086091,0.010958501602695406
matern52,17,D400,D400|0|0,1.571871059,1.5607883111441596,0.4451910212829346,0.01099385458934396
matern52,18,D400,D400|0|0,1.578362744,1.5597182330267725,0.4445051850930823,0.011204088777513554
matern52,19,D400,D400|0|0,1.571060369,1.5575597331302247,0.443120322873573,0.011464049847801357
matern52,20,D600,D600|0|0,1.562491354,1.5708877127816532,0.4516408817232599,0.010542907696337629
matern52,21,D600,D600|0|0,1.560566365,1.5693748305843702,0.45067734297868806,0.010728045592716475
matern52,22,D600,D600|0|0,1.566691898,1.5708346016806196,0.45160707154163165,0.010500980422100351
matern52,23,D600,D600|0|0,1.559224889,1.5701214568125896,0.4511529773951339,0.01063412195108799
matern52,24,D600,D600|0|0,1.58159802,1.5721697787632798,0.4524566899330564,0.010559808428288998
matern52,25,D800,D800|0|0,1.644690279,1.577187163172062,0.4556429839900278,0.010500772992360578
matern52,26,D800,D800|0|0,1.57983316,1.5790680785316196,0.4568348493102752,0.010490284415908284
matern52,27,D800,D800|0|0,1.564816559,1.578585456439618,0.45652916530130166,0.01053976052399944
matern52,28,D800,D800|0|0,1.566544735,1.5820994555446093,0.45875273433819663,0.010807679849730644
matern52,29,D800,D800|0|0,1.592458478,1.582042172163513,0.4587165264892173,0.010793314187626109
matern52,30,S50,S50|0|0,1.575816199,1.5740068566850136,0.4536245062023773,0.02468993118550358
matern52,31,S50,S50|0|0,1.602076658,1.57780457679324,0.45603437241823747,0.023469299661827477
matern52,32,S50,S50|0|0,1.579807863,1.57911005024501,0.45686142901014093,0.023225320392192068
matern52,33,S50,S50|0|0,1.580573721,1.5763996066151251,0.45514351679232495,0.023626869061131584
matern52,34,S50,S50|0|0,1.592722949,1.5775532616741863,0.455875078206645,0.02325048962476463
matern52,35,S100,S100|0|0,1.567218001,1.5697209389402023,0.45089785766358215,0.011928860276232908
matern52,36,S100,S100|0|0,1.570607716,1.5712421063053328,0.45186645707856804,0.011964239408659379
matern52,37,S100,S100|0|0,1.571419163,1.570614236134709,0.451466776055282,0.012241895530754457
matern52,38,S100,S100|0|0,1.566838091,1.5700866776112372,0.451130826505852,0.012096446780740728
matern52,39,S100,S100|0|0,1.564440461,1.5637327111128987,0.4470757266949549,0.01195076679990162
matern52,40,S200,S200|0|0,1.56406097,1.5794572502083037,0.45708127549854244,0.010457020538529213
matern52,41,S200,S200|0|0,1.580191426,1.5742958514219485,0.4538080938459685,0.010570480179554913
matern52,42,S200,S200|0|0,1.583074977,1.5806329052435595,0.45782533976991613,0.010500587011108814
matern52,43,S200,S200|0|0,1.572904736,1.581119100477242,0.4581328877601666,0.010558904291487668
matern52,44,S200,S200|0|0,1.585051572,1.5790022417426168,0.4567931549954971,0.01052333737295121
matern52,45,S400,S400|0|0,1.562576774,1.57450552076981,0.45394126791659933,0.010273347700853676
matern52,46,S400,S400|0|0,1.582775974,1.574398591947918,0.45387335297342835,0.010281806163443324
matern52,47,S400,S400|0|0,1.570456464,1.5768075345342534,0.45540225521523436,0.010269340283097304
matern52,48,S400,S400|0|0,1.5750196,1.5773136775975514,0.4557231959994349,0.010262983607593318
matern52,49,S400,S400|0|0,1.577183511,1.5805858919288782,0.4577955959794978,0.010333689113704978
matern52,50,S600,S600|0|0,1.555828114,1.5842598378846575,0.46011731900789415,0.010449051860382521
matern52,51,S600,S600|0|0,1.56117239,1.5839508100159747,0.4599222386271956,0.010454019366768272
matern52,52,S600,S600|0|0,1.561823954,1.5835236719759498,0.45965253603287803,0.010479250088315612
matern52,53,S600,S600|0|0,1.559846724,1.5851669455849404,0.46068973022735016,0.010439816689414653
matern52,54,S600,S600|0|0,1.561648453,1.583169488742736,0.45942884322987204,0.010463206665840998
matern52,55,S800,S800|0|0,1.589227754,1.5722533151951654,0.4525098230066976,0.010947957123845433
matern52,56,S800,S800|0|0,1.580440672,1.573004804161608,0.4529876782110879,0.011018492760095708
matern52,57,S800,S800|0|0,1.59815524,1.5751703311354464,0.45436341318282225,0.01113893312701855
matern52,58,S800,S800|0|0,1.615199232,1.5732647992257482,0.45315295016645496,0.010983288262688082
matern52,59,S800,S800|0|0,1.584848504,1.5734830589024833,0.4532916709581583,0.010992797739668913
matern52,60,D50,D50|0|1,2.044100443,2.1485784683667792,0.7648064459615085,0.03061952461005365
matern52,61,D50,D50|0|1,2.04957737,2.1365969086707617,0.7592143336835043,0.03095705686487565
matern52,62,D50,D50|0|1,1.999572687,2.117953036667298,0.7504500734996213,0.03297290422967359
matern52,63,D50,D50|0|1,2.017631508,2.1180828068125743,0.7505113431158907,0.03327326344337496
matern52,64,D50,D50|0|1,2.006211894,2.1183236754931962,0.7506250567936918,0.03410418404796744
matern52,65,D100,D100|0|1,2.016437285,1.9014129398212494,0.6425972623373545,0.01735815996832282
matern52,66,D100,D100|0|1,1.994408192,1.931970572043059,0.6585405038125496,0.01689470573327026
matern52,67,D100,D100|0|1,1.97356662,1.9073474879769443,0.6457135271015892,0.01723688016709851
matern52,68,D100,D100|0|1,1.983306755,1.9104316124373546,0.6473291916281032,0.01722837076623452
matern52,69,D100,D100|0|1,1.971798525,1.9317834265294305,0.6584436314372151,0.01698362576325758
matern52,70,D200,D200|0|1,1.964318123,2.00017257707693,0.6932334653757684,0.012826327337166156
matern52,71,D200,D200|0|1,1.961302475,1.9951753020794132,0.6907319171979194,0.012699413543204412
matern52,72,D200,D200|0|1,1.966048011,1.9599142543423302,0.6729007245009382,0.012652744045349863
matern52,73,D200,D200|0|1,1.959125658,1.985371583321076,0.6858060922479846,0.013125104774915157
matern52,74,D200,D200|0|1,1.970214261,1.9710118889213357,0.6785470600759507,0.012678951897211369
matern52,75,D400,D400|0|1,1.964858008,1.9629957020648892,0.6744717258191248,0.011101946833399316
matern52,76,D400,D400|0|1,1.951867166,1.9571223411311656,0.6714752010901117,0.010846905307429253
matern52,77,D400,D400|0|1,1.959093971,1.9467604333309894,0.6661666748190095,0.010960593881687795
matern52,78,D400,D400|0|1,1.953838928,1.9805289090766336,0.6833639348309803,0.010745906745416953
matern52,79,D400,D400|0|1,1.947956474,1.9830021191513614,0.6846119181963726,0.010755513257712608
matern52,80,D600,D600|0|1,1.954137272,1.9461618013150386,0.6658591258958168,0.010500043759889133
matern52,81,D600,D600|0|1,1.941923138,1.9486194976067683,0.6671211719155099,0.010360170522356769
matern52,82,D600,D600|0|1,1.944425234,1.9451066050857397,0.6653167853811264,0.010298727267480275
matern52,83,D600,D600|0|1,1.943606342,1.9439951735375525,0.6647452232869927,0.010345720764741809
matern52,84,D600,D600|0|1,1.939217447,1.947516930533833,0.6665551921954959,0.010323377045199141
matern52,85,D800,D800|0|1,1.937833439,1.93083940961407,0.657954835624524,0.010348279219455268
matern52,86,D800,D800|0|1,1.931115531,1.9344543951070143,0.6598253203687947,0.010275318676097895
matern52,87,D800,D800|0|1,1.937390462,1.931037716947031,0.6580575355948423,0.010335165331200094
matern52,88,D800,D800|0|1,1.939430677,1.9311420417401433,0.6581115593843373,0.010376749614842319
matern52,89,D800,D800|0|1,1.930410702,1.940020345521364,0.662698460402391,0.010295839799352686
matern52,90,S50,S50|0|1,2.018231427,2.0390065705148404,0.712462714007352,0.020186274613457653
matern52,91,S50,S50|0|1,2.016383376,2.036162834654403,0.7110670732183241,0.020122868047009166
matern52,92,S50,S50|0|1,2.019922289,2.046449445829394,0.7161063138987546,0.02066386572179664
matern52,93,S50,S50|0|1,2.023950784,2.042639503368202,0.7142428457223308,0.020184626877423277
matern52,94,S50,S50|0|1,2.020788185,2.0344721749281702,0.710236411751764,0.020110900411658635
matern52,95,S100,S100|0|1,1.928651999,1.9238290602498629,0.6543175022724932,0.012510989751537766
matern52,96,S100,S100|0|1,1.93017593,1.9181041161355141,0.6513372586873737,0.012460024430380925
matern52,97,S100,S100|0|1,1.932332607,1.9286662243232222,0.6568286885338659,0.01256700637405533
matern52,98,S100,S100|0|1,1.936713222,1.9253576494590336,0.6551117424093357,0.012632430485947886
matern52,99,S100,S100|0|1,1.941062316,1.9325401427998465,0.6588352737345085,0.012629027784511089
matern52,100,S200,S200|0|1,1.935150704,1.947847724191569,0.6667250318320136,0.010499085858005023
matern52,101,S200,S200|0|1,1.934574776,1.952781763720261,0.6692549015238513,0.010526307157374126
matern52,102,S200,S200|0|1,1.931366726,1.9503212958345695,0.6679941260976996,0.010504141894332944
matern52,103,S200,S200|0|1,1.93014659,1.9500551178160554,0.6678576377228875,0.010508413837122671
matern52,104,S200,S200|0|1,1.934298104,1.94898933379194,0.6673109478536708,0.010500143581521865
matern52,105,S400,S400|0|1,1.928885505,1.9013295948226066,0.6425534281845572,0.010536244616818463
matern52,106,S400,S400|0|1,1.934057083,1.9308874529290874,0.6579797174024072,0.011819713734927836
matern52,107,S400,S400|0|1,1.924819553,1.904834176205196,0.6443949581784424,0.010429146013533955
matern52,108,S400,S400|0|1,1.919839737,1.9022510137411952,0.6430379289912648,0.010540397092969259
matern52,109,S400,S400|0|1,1.9194336,1.916215097090923,0.6503519368649725,0.010403176490668903
matern52,110,S600,S600|0|1,1.925053088,1.9235095559406001,0.6541514111940252,0.010512364243653023
matern52,111,S600,S600|0|1,1.926645985,1.9295932202030786,0.6573092139682084,0.010526628748202106
matern52,112,S600,S600|0|1,1.921919857,1.9248027618859183,0.6548235011322595,0.010519481442923384
matern52,113,S600,S600|0|1,1.927081693,1.9240085302751684,0.6544107858486387,0.010593421918944863
matern52,114,S600,S600|0|1,1.924848505,1.9119088642667115,0.6481021483607179,0.010622590810477367
matern52,115,S800,S800|0|1,1.92363974,1.9237887245053018,0.6542965356657151,0.012403917852193441
matern52,116,S800,S800|0|1,1.912130921,1.9241040619265952,0.6544604370213409,0.012768108587238397
matern52,117,S800,S800|0|1,1.917343839,1.918207720765864,0.6513912713092771,0.012682137282452365
matern52,118,S800,S800|0|1,1.910109237,1.9210080112689163,0.6528500541415531,0.012236259400616008
matern52,119,S800,S800|0|1,1.916211727,1.9258037373791306,0.6553434065112955,0.012930516672991145
matern52,120,D50,D50|0|2,2.401662904,2.432808564150531,0.8890463776603078,0.029714693187495773
matern52,121,D50,D50|0|2,2.408329379,2.426747439846578,0.8865518586375922,0.029525409558874616
matern52,122,D50,D50|0|2,2.409795375,2.4212904504055595,0.8843006420137913,0.029623544478203406
matern52,123,D50,D50|0|2,2.433450011,2.4347423729393243,0.8898409492695332,0.029526161647764625
matern52,124,D50,D50|0|2,2.434746684,2.425794598716908,0.8861591402914785,0.029510810154889267
matern52,125,D100,D100|0|2,2.383093911,2.3626446020898313,0.8597815857464655,0.01583337352724928
matern52,126,D100,D100|0|2,2.377584742,2.3788974609150215,0.8666371286327798,0.015787090650024864
matern52,127,D100,D100|0|2,2.412540012,2.3808170652384333,0.8674437334898317,0.015786518615258132
matern52,128,D100,D100|0|2,2.430015758,2.382345480381275,0.8680854983595633,0.015782986109719656
matern52,129,D100,D100|0|2,2.430136719,2.3750311785286815,0.8650105652019857,0.0157925636375545
matern52,130,D200,D200|0|2,2.428161204,2.4203611766245148,0.8839167755714941,0.01222980185047086
matern52,131,D200,D200|0|2,2.404430077,2.4217972150349096,0.8845099153807865,0.012215526566631281
matern52,132,D200,D200|0|2,2.384685146,2.4231049082616454,0.8850497377446703,0.012214465779367857
matern52,133,D200,D200|0|2,2.384331984,2.4101347335607444,0.8796826519816818,0.012233139054496345
matern52,134,D200,D200|0|2,2.388001759,2.419717811666771,0.8836509266202314,0.012218410595761123
matern52,135,D400,D400|0|2,2.4082186,2.4203249053758076,0.8839017895764951,0.010600557783749059
matern52,136,D400,D400|0|2,2.417180474,2.4193527392606557,0.8835000412785254,0.010598007932538534
matern52,137,D400,D400|0|2,2.394055265,2.4184625210199986,0.883132016373559,0.010598996458291227
matern52,138,D400,D400|0|2,2.419993966,2.4198396670754088,0.8837012846991255,0.010597258222598232
matern52,139,D400,D400|0|2,2.429802299,2.41103262192944,0.8800551295635082,0.010603377872290121
matern52,140,D600,D600|0|2,2.420626025,2.4065580971551537,0.8781975512336558,0.010416404954961475
matern52,141,D600,D600|0|2,2.394758376,2.4060082009991883,0.8779690261082692,0.010406731761222109
matern52,142,D600,D600|0|2,2.384010172,2.3876822656202905,0.8703231320799392,0.010417580750025598
matern52,143,D600,D600|0|2,2.418643886,2.4039259999546294,0.8771032341503611,0.01048062061246927
matern52,144,D600,D600|0|2,2.39934375,2.3866327761834647,0.8698834922804954,0.010546266353104992
matern52,145,D800,D800|0|2,2.360297782,2.3498976230254787,0.8543717625370908,0.010270648882157835
matern52,146,D800,D800|0|2,2.375450943,2.3493986041139383,0.8541593822617064,0.010272212937820152
matern52,147,D800,D800|0|2,2.371242957,2.3684054634862863,0.8622169284986494,0.010225959570767013
matern52,148,D800,D800|0|2,2.383375605,2.354038832612625,0.8561325051389893,0.010257254656221121
matern52,149,D800,D800|0|2,2.365110163,2.3658936438271487,0.8611558126553589,0.01023258161783718
matern52,150,S50,S50|0|2,2.38150949,2.3537399296064985,0.8560055225335503,0.01773837279907067
matern52,151,S50,S50|0|2,2.394125437,2.3587295004600985,0.8581231268139324,0.017746910373231714
matern52,152,S50,S50|0|2,2.396222224,2.360932556946183,0.8590566922342077,0.017802457130820338
matern52,153,S50,S50|0|2,2.392269046,2.356841478060106,0.8573223658840349,0.017792910821510386
matern52,154,S50,S50|0|2,2.369866879,2.3575538477174853,0.8576245762900677,0.017850513506472262
matern52,155,S100,S100|0|2,2.374401007,2.388710800429074,0.8707538063609115,0.011177118472430617
matern52,156,S100,S100|0|2,2.370325356,2.3898482437303046,0.8712298675802881,0.011165562604761666
matern52,157,S100,S100|0|2,2.391706078,2.398384993150413,0.8747955913212762,0.011172123099972701
matern52,158,S100,S100|0|2,2.424080577,2.4008317094041662,0.8758152229059171,0.011160109874753878
matern52,159,S100,S100|0|2,2.379081599,2.382426567091234,0.8681195342836993,0.011197280600888586
matern52,160,S200,S200|0|2,2.41122508,2.361941365410096,0.8594838933392296,0.010439926756570985
matern52,161,S200,S200|0|2,2.384056674,2.365074511372112,0.8608095273131834,0.010475805529859631
matern52,162,S200,S200|0|2,2.375336473,2.372351727735804,0.8638817533364596,0.010555295142636131
matern52,163,S200,S200|0|2,2.354090276,2.368250670491488,0.86215156889032,0.010587373141108102
matern52,164,S200,S200|0|2,2.349382093,2.3657181197579615,0.8610816205711229,0.010579582045798605
matern52,165,S400,S400|0|2,2.333697666,2.35707277854292,0.8574205010941423,0.010282488581480705
matern52,166,S400,S400|0|2,2.347239773,2.3457958005476636,0.8526247049031637,0.010336881788405595
matern52,167,S400,S400|0|2,2.35748471,2.3572700951680274,0.8575042101626205,0.010273119204471907
matern52,168,S400,S400|0|2,2.334848634,2.3479494484134356,0.8535423720975575,0.010307351707570763
matern52,169,S400,S400|0|2,2.323961879,2.3555793005378427,0.856786684707949,0.010286841634436227
matern52,170,S600,S600|0|2,2.352788986,2.35801278581756,0.8578192244149654,0.010461012751372527
matern52,171,S600,S600|0|2,2.360231398,2.3609464470897064,0.8590625755461313,0.010434904398657926
matern52,172,S600,S600|0|2,2.337840207,2.3571550214935004,0.8574553924715118,0.010462712084727684
matern52,173,S600,S600|0|2,2.352483628,2.3615835749180056,0.8593324003346221,0.01041720080392624
matern52,174,S600,S600|0|2,2.358437625,2.360223490604231,0.8587563139623852,0.010423999999831039
matern52,175,S800,S800|0|2,2.327082283,2.3161518867299815,0.8399071390500064,0.01209441977479432
matern52,176,S800,S800|0|2,2.375686483,2.319852107685966,0.8415034369592285,0.01216179121476322
matern52,177,S800,S800|0|2,2.357065093,2.318823889391437,0.8410601129107212,0.012053134628319095
matern52,178,S800,S800|0|2,2.344086808,2.3218514822362195,0.8423649200915199,0.011880573537241826
matern52,179,S800,S800|0|2,2.371926086,2.3263143626440144,0.8442851965739532,0.011617067669645568
matern52,180,D50,D50|0|3,2.712659774,2.7108085305957506,0.9972469411672076,0.029649102729884903
matern52,181,D50,D50|0|3,2.725048716,2.7134660422330192,0.9982268000641775,0.029681699542290618
matern52,182,D50,D50|0|3,2.731434141,2.707986724838565,0.9962054528365966,0.02962941489904485
matern52,183,D50,D50|0|3,2.738759908,2.6942808208829105,0.9911313119330982,0.029680246870751173
matern52,184,D50,D50|0|3,2.737732498,2.675009125910018,0.9839527918972975,0.029881433085916606
matern52,185,D100,D100|0|3,2.675096745,2.762379581321237,1.0160924754218286,0.016119875134252927
matern52,186,D100,D100|0|3,2.867247482,2.7566877718669796,1.0140298763963373,0.016228286271387747
matern52,187,D100,D100|0|3,2.696871146,2.740373552136856,1.008094244004157,0.016016172003471087
matern52,188,D100,D100|0|3,2.647227765,2.7439446154166487,1.0093965257738804,0.016037276464714968
matern52,189,D100,D100|0|3,2.657785564,2.767281769535877,1.0178655277618736,0.016346835084185708
matern52,190,D200,D200|0|3,2.748276141,2.742146871094664,1.0087411431975042,0.012117913435614629
matern52,191,D200,D200|0|3,2.682650303,2.7519815653027107,1.0123212213941228,0.012119115800298081
matern52,192,D200,D200|0|3,2.701945369,2.7517647621631314,1.0122424375524297,0.01223001038494307
matern52,193,D200,D200|0|3,2.740214864,2.7383415834207723,1.0073524756300118,0.012187201640785095
matern52,194,D200,D200|0|3,2.744762506,2.7576154536493833,1.0143663402262055,0.012138628227739588
matern52,195,D400,D400|0|3,2.766825409,2.7918397327545605,1.026700780944012,0.010976163999458236
matern52,196,D400,D400|0|3,2.901334736,2.7328282843606666,1.0053370745148862,0.011493501451613779
matern52,197,D400,D400|0|3,2.782567861,2.6618030151930894,0.9790037184343812,0.012749620278818576
matern52,198,D400,D400|0|3,2.801594694,2.6756400051470197,0.9841886059918017,0.012212968168643284
matern52,199,D400,D400|0|3,2.750904643,2.6559619186458563,0.9768068936521584,0.013133564138257435
matern52,200,D600,D600|0|3,2.782887365,2.7195236134024747,1.0004567228372887,0.010256498298179767
matern52,201,D600,D600|0|3,2.84132757,2.716225177554834,0.9992431140487559,0.010258415851181396
matern52,202,D600,D600|0|3,2.766425103,2.713905510727788,0.9983887453046834,0.010259204013563191
matern52,203,D600,D600|0|3,2.732959456,2.6988303854513815,0.992818488582579,0.010264992227874362
matern52,204,D600,D600|0|3,2.763235638,2.7086061376526476,0.9964341622236623,0.010258854124362726
matern52,205,D800,D800|0|3,2.63522,2.7568099395680754,1.014074192258068,0.01035899224731615
matern52,206,D800,D800|0|3,2.651727808,2.776692200959986,1.0212603634923632,0.010443447032711297
matern52,207,D800,D800|0|3,2.695769239,2.764056346562975,1.0166992915742532,0.010430898580279464
matern52,208,D800,D800|0|3,2.623911376,2.7668012072953427,1.017691854094979,0.010404302884834418
matern52,209,D800,D800|0|3,2.604061726,2.7548240679538214,1.0133535813838774,0.010486908783482681
matern52,210,S50,S50|0|3,2.731521141,2.607445281014186,0.9583709224431385,0.01756537086726551
matern52,211,S50,S50|0|3,2.632174683,2.6073834679866392,0.9583472158055768,0.01745996071315775
matern52,212,S50,S50|0|3,2.697323437,2.62311105377255,0.9643610384454282,0.01750616874187745
matern52,213,S50,S50|0|3,2.665334753,2.612733685283366,0.9603970622029072,0.01754459707500835
matern52,214,S50,S50|0|3,2.709654543,2.6077883536651947,0.9585024880356069,0.017516999434191417
matern52,215,S100,S100|0|3,2.644428335,2.6978540576163996,0.9924566635190856,0.011167238888758209
matern52,216,S100,S100|0|3,2.67892849,2.7034993558547433,0.9945469915764369,0.011167359030191575
matern52,217,S100,S100|0|3,2.651410329,2.702664269898975,0.9942380531053806,0.011154436279162124
matern52,218,S100,S100|0|3,2.645760415,2.685335018528101,0.9878054943031064,0.011173618476045777
matern52,219,S100,S100|0|3,2.649109535,2.6929056683504484,0.9906207847534365,0.011154188301184137
matern52,220,S200,S200|0|3,2.67459967,2.67652529823301,0.98451942278982,0.010403200207484722
matern52,221,S200,S200|0|3,2.653136363,2.684527225540305,0.9875046325836903,0.010384912564799186
matern52,222,S200,S200|0|3,2.703511806,2.6796509315496735,0.9856865366178091,0.01037086007311204
matern52,223,S200,S200|0|3,2.650051828,2.6818405257406637,0.9865033221448076,0.010371494674865643
matern52,224,S200,S200|0|3,2.691075341,2.6843760965074686,0.9874483346681528,0.010374790901745878
matern52,225,S400,S400|0|3,2.800140568,2.671506446634584,0.9826425255269768,0.010299485240621914
matern52,226,S400,S400|0|3,2.686679766,2.663423797631561,0.9796124371032707,0.010298000972760644
matern52,227,S400,S400|0|3,2.64679232,2.6804031626592715,0.985967217036818,0.010259428655284257
matern52,228,S400,S400|0|3,2.721755729,2.6773886444690445,0.9848419331076015,0.010277192911710212
matern52,229,S400,S400|0|3,2.689948259,2.672547291947541,0.9830320595313241,0.010290061315837602
matern52,230,S600,S600|0|3,2.647347587,2.674911215787127,0.9839161894372053,0.010448413239803543
matern52,231,S600,S600|0|3,2.628741468,2.6731461151150877,0.9832560990055148,0.010489076747408897
matern52,232,S600,S600|0|3,2.6300257,2.678837124128509,0.9853827914497821,0.01047567658971605
matern52,233,S600,S600|0|3,2.653703494,2.6665446869653935,0.9807835095775339,0.010480871736944286
matern52,234,S600,S600|0|3,2.628540977,2.6587562657809207,0.977858444193725,0.010487081120426858
matern52,235,S800,S800|0|3,2.664593931,2.644338894734134,0.9724210887886349,0.010889598677381953
matern52,236,S800,S800|0|3,2.656532806,2.649539552422063,0.974385871098195,0.010944136284643084
matern52,237,S800,S800|0|3,2.702334908,2.6486766048730694,0.9740601208717018,0.010912723530838008
matern52,238,S800,S800|0|3,2.646022521,2.6353555276376732,0.9690180979914393,0.010958138948716884
matern52,239,S800,S800|0|3,2.700193466,2.643827173156888,0.9722275541786116,0.010950927089213334
matern52,240,D50,D50|0|4,2.994801895,2.9483962080748616,1.081261364236274,0.03139425442040287
matern52,241,D50,D50|0|4,3.017042885,2.9590313795183847,1.084861978133179,0.03280899885869724
matern52,242,D50,D50|0|4,3.041828615,2.890161528053686,1.0613123926225367,0.030891213858308647
matern52,243,D50,D50|0|4,2.99137326,2.923962310079833,1.0729396519548788,0.03104000865479321
matern52,244,D50,D50|0|4,2.98648365,2.8954006175111235,1.063123484010949,0.031083293385753306
matern52,245,D100,D100|0|4,2.991563797,2.9595306181233236,1.0850306808032943,0.016506447232052916
matern52,246,D100,D100|0|4,3.009996481,2.958617283555539,1.084722025260983,0.016752023193914656
matern52,247,D100,D100|0|4,2.962123796,2.962448024240887,1.0860159617473037,0.016629001969224746
matern52,248,D100,D100|0|4,2.956168224,2.9648992008231256,1.086843035522095,0.016583531133332694
matern52,249,D100,D100|0|4,2.915595762,2.9720857428297918,1.0892639766512617,0.01662361377921954
matern52,250,D200,D200|0|4,3.125488432,3.160006478747898,1.1505740778333955,0.013336716511147349
matern52,251,D200,D200|0|4,2.986670763,3.167113940563156,1.152820744352701,0.013588375485228286
matern52,252,D200,D200|0|4,3.122846689,3.083168545763544,1.1259578168107807,0.012880822580746444
matern52,253,D200,D200|0|4,3.025946716,3.153078053348046,1.1483791355207247,0.013594812233506852
matern52,254,D200,D200|0|4,3.063166499,3.170520058438414,1.1538956307231483,0.013727589816567253
matern52,255,D400,D400|0|4,3.154841788,3.0892352070010793,1.1279235544501391,0.011073072220939697
matern52,256,D400,D400|0|4,3.024652821,3.1053941082127836,1.1331406342915358,0.01113836095284384
matern52,257,D400,D400|0|4,3.205285799,3.1011358753854723,1.1317684557935,0.011016408731856879
matern52,258,D400,D400|0|4,3.203743204,3.079827838765152,1.1248736989183945,0.011118345770085853
matern52,259,D400,D400|0|4,3.038918026,3.1030839980214915,1.1323964550391086,0.01111226232579779
matern52,260,D600,D600|0|4,3.342236258,3.1082203559786614,1.1340503295991766,0.010559107783561464
matern52,261,D600,D600|0|4,3.081920399,3.0824197315916506,1.1257149156821649,0.010548523627186534
matern52,262,D600,D600|0|4,3.123416728,3.1084929609531615,1.1341380302734,0.010559527446351151
matern52,263,D600,D600|0|4,3.124444876,3.101213458256144,1.131793473046319,0.01054306707970251
matern52,264,D600,D600|0|4,3.296475183,3.1047595537307715,1.1329362739749436,0.010540388886818425
matern52,265,D800,D800|0|4,3.007268472,3.0451905443112244,1.113563475332537,0.010329918221810022
matern52,266,D800,D800|0|4,3.095796473,3.040772104902099,1.1121114650458843,0.010348343894059113
matern52,267,D800,D800|0|4,2.985437636,3.0300826736946442,1.108589904196785,0.01033449386597757
matern52,268,D800,D800|0|4,3.011094667,3.028048622209209,1.1079183929790455,0.010390287743401139
matern52,269,D800,D800|0|4,3.168463788,3.029051041430621,1.1082493828211248,0.010337953787502047
matern52,270,S50,S50|0|4,2.959020881,2.8356312495895084,1.0422645753885256,0.02484628780325225
matern52,271,S50,S50|0|4,2.959927376,2.8557307759486914,1.0493277739095999,0.021055830392147402
matern52,272,S50,S50|0|4,3.018549894,2.8372343938700433,1.0428297727416693,0.019304059051717053
matern52,273,S50,S50|0|4,2.976615558,2.8585728757749354,1.050322505808294,0.020845816282141907
matern52,274,S50,S50|0|4,2.981243906,2.8432549203332855,1.0449494946122782,0.020309457679334085
matern52,275,S100,S100|0|4,2.939393159,3.0901932047390526,1.128233614760516,0.011418127510258416
matern52,276,S100,S100|0|4,2.929744229,3.0842444692365665,1.1263067227398373,0.011342087865130999
matern52,277,S100,S100|0|4,3.000321687,3.0803161357729114,1.125032233202918,0.011335071338292549
matern52,278,S100,S100|0|4,3.087471777,3.0897313722906627,1.1280841525968623,0.011421195278300187
matern52,279,S100,S100|0|4,3.109757546,3.087420694853173,1.127336015746693,0.011400522255651252
matern52,280,S200,S200|0|4,2.983634778,2.9492901716359827,1.0815645216137308,0.01046607076760405
matern52,281,S200,S200|0|4,3.076031721,2.915898378921013,1.070177964060764,0.010593891203015994
matern52,282,S200,S200|0|4,2.978891815,2.93060711064863,1.0752096065645174,0.010521243075985905
matern52,283,S200,S200|0|4,3.074036077,2.927525108282822,1.07415739315076,0.010544380639067862
matern52,284,S200,S200|0|4,3.157526941,2.948861414144845,1.0814191345426605,0.010474824610105637
matern52,285,S400,S400|0|4,2.893415666,3.0192829618637878,1.105019373349422,0.010326552675808738
matern52,286,S400,S400|0|4,2.835511238,3.0048339202155017,1.100222298644708,0.01030063981938567
matern52,287,S400,S400|0|4,2.874224375,2.9906084366625425,1.0954768572237965,0.010289070358579589
matern52,288,S400,S400|0|4,2.877137236,2.9926172032518576,1.0961483233478178,0.010293906390560355
matern52,289,S400,S400|0|4,2.934912279,3.020865008337335,1.1055432169762769,0.010337773784224066
matern52,290,S600,S600|0|4,2.909473986,2.937206397712873,1.077458924760205,0.010601925258158427
matern52,291,S600,S600|0|4,3.056239128,2.9492634125100325,1.0815554484992567,0.010658614757878533
matern52,292,S600,S600|0|4,3.048550845,2.9176545352564434,1.07078005215847,0.010527024630264857
matern52,293,S600,S600|0|4,3.107367274,2.934884284899625,1.0766680265742599,0.010601140243528859
matern52,294,S600,S600|0|4,2.952127628,2.9172540239545905,1.070642771068829,0.010526216872131894
matern52,295,S800,S800|0|4,2.823288905,2.89383012899341,1.0625809288339294,0.014090657076401192
matern52,296,S800,S800|0|4,2.863719184,2.897903406787595,1.0639875123518328,0.013724652945103201
matern52,297,S800,S800|0|4,2.851970661,2.9101319901941958,1.068198437609833,0.012577883058410627
matern52,298,S800,S800|0|4,2.838814561,2.8992918180908984,1.0644665065122816,0.013066908167785352
matern52,299,S800,S800|0|4,2.819979547,2.9214842291792302,1.0720917848048117,0.01184586015241471
matern52,300,D50,D50|20|0,1.552767498,1.6063511987359804,0.473965270780893,0.03219333092840159
matern52,301,D50,D50|20|0,1.548674901,1.6050774007664652,0.47317198019581586,0.03225745174351224
matern52,302,D50,D50|20|0,1.557422765,1.5971930750778678,0.46824776053378603,0.03255486624676257
matern52,303,D50,D50|20|0,1.562692913,1.6086842565563644,0.47541661292772486,0.03225925833980798
matern52,304,D50,D50|20|0,1.558102838,1.6058472071082606,0.4736514722117021,0.032188223370573456
matern52,305,D100,D100|20|0,1.572517305,1.5572949558516187,0.4429503134794396,0.016818247956887692
matern52,306,D100,D100|20|0,1.578127171,1.5573932123566547,0.44301340583396254,0.016838351719291197
matern52,307,D100,D100|20|0,1.571879021,1.5568724014210789,0.44267893793364804,0.017047328525502704
matern52,308,D100,D100|20|0,1.585865962,1.5565064020566244,0.4424438240016512,0.017120481684536618
matern52,309,D100,D100|20|0,1.566831298,1.5569179185440338,0.4427081737641188,0.01715374089267579
matern52,310,D200,D200|20|0,1.566116653,1.5745406394837342,0.4539635722666397,0.01241861558250925
matern52,311,D200,D200|20|0,1.576968715,1.5743223290347719,0.45382491240656014,0.012413298860528544
matern52,312,D200,D200|20|0,1.576836284,1.5744435337667955,0.4539018979541459,0.012394823851150528
matern52,313,D200,D200|20|0,1.583116266,1.5740032885441684,0.4536222392841143,0.012453838569978089
matern52,314,D200,D200|20|0,1.576286602,1.5729627854669228,0.4529609654790011,0.012530979033479273
matern52,315,D400,D400|20|0,1.567755435,1.5715458961111954,0.4520597821177213,0.01084097811329355
matern52,316,D400,D400|20|0,1.562605939,1.5712389607205834,0.451864455103261,0.01080260367638913
matern52,317,D400,D400|20|0,1.567598269,1.5713437930273524,0.4519311723960247,0.010801282640990107
matern52,318,D400,D400|20|0,1.55788804,1.5690318312793698,0.4504587611673925,0.011287225265727681
matern52,319,D400,D400|20|0,1.555636875,1.56496633941486,0.44786431539969673,0.012441257419448074
matern52,320,D600,D600|20|0,1.568956739,1.5797755665370363,0.45728279045376985,0.011095972083325188
matern52,321,D600,D600|20|0,1.571242561,1.578977339985591,0.4567773843064335,0.011130759054803029
matern52,322,D600,D600|20|0,1.573089533,1.5766187811060917,0.4552825419830267,0.010513160198779258
matern52,323,D600,D600|20|0,1.568257404,1.575693804378539,0.45469568599776755,0.01041595683655598
matern52,324,D600,D600|20|0,1.575665406,1.57723890805754,0.4556757917872716,0.0107533541474129
matern52,325,D800,D800|20|0,1.561065551,1.5687744801677983,0.4502947286640416,0.010294966577567717
matern52,326,D800,D800|20|0,1.571763461,1.5683113165591336,0.4499994459449566,0.010406839189201099
matern52,327,D800,D800|20|0,1.576918877,1.5684843725448958,0.45010978528681367,0.010303455999884203
matern52,328,D800,D800|20|0,1.581314446,1.5688403892979264,0.45033674091403386,0.01029898941466597
matern52,329,D800,D800|20|0,1.566478551,1.5691562824385117,0.45053807518853933,0.010195672866675148
matern52,330,S50,S50|20|0,1.553567545,1.6047212601435847,0.4729500718071813,0.021198765927807745
matern52,331,S50,S50|20|0,1.564751479,1.5863928055021703,0.4614627631035906,0.019537457200425233
matern52,332,S50,S50|20|0,1.551504027,1.5878726514889367,0.46239516533272285,0.019412055449441436
matern52,333,S50,S50|20|0,1.564022461,1.589113252644236,0.46317615791864775,0.01939430210358749
matern52,334,S50,S50|20|0,1.570885043,1.5878410417993252,0.4623752581920512,0.01937375972959486
matern52,335,S100,S100|20|0,1.566786998,1.557043549565943,0.4427888626379305,0.011380524166474853
matern52,336,S100,S100|20|0,1.57161871,1.5573099819547949,0.44295996228143936,0.0113867631164218
matern52,337,S100,S100|20|0,1.576159572,1.5579283001774602,0.443356925964334,0.011416296551570117
matern52,338,S100,S100|20|0,1.574140115,1.5588633573240789,0.44395693859104973,0.01138497234659686
matern52,339,S100,S100|20|0,1.575161986,1.5587680623940987,0.44389580568777776,0.011449179961740047
matern52,340,S200,S200|20|0,1.55049502,1.5675266445346405,0.44949899148869615,0.010609780310977361
matern52,341,S200,S200|20|0,1.55748727,1.5686485597449034,0.4502144586963893,0.010503849428896976
matern52,342,S200,S200|20|0,1.552948023,1.5684039025697256,0.45005847968194,0.01049490946370695
matern52,343,S200,S200|20|0,1.570748186,1.5693249094264174,0.45064553289037623,0.01038019375378819
matern52,344,S200,S200|20|0,1.560910389,1.5691701838051568,0.45054693428385323,0.010400162423623096
matern52,345,S400,S400|20|0,1.569008578,1.565649048532462,0.44830046551321917,0.010274644777575578
matern52,346,S400,S400|20|0,1.576788168,1.5633222407780718,0.44681319831377864,0.010468107081518392
matern52,347,S400,S400|20|0,1.590173634,1.5648770623673716,0.44780726650871266,0.010294393086321728
matern52,348,S400,S400|20|0,1.579849587,1.5649445246159883,0.44785037583411813,0.010298266536563766
matern52,349,S400,S400|20|0,1.569267854,1.5653927849659137,0.4481367733105928,0.010278437617259096
matern52,350,S600,S600|20|0,1.587079653,1.5716234027302403,0.45210909961333884,0.010458602403138981
matern52,351,S600,S600|20|0,1.567946889,1.5706233841525825,0.4514726005225649,0.010507031000967419
matern52,352,S600,S600|20|0,1.571871059,1.5714597816175637,0.4520049845751883,0.010473307866747727
matern52,353,S600,S600|20|0,1.569880939,1.5732964802448197,0.4531730870818104,0.010480134876825501
matern52,354,S600,S600|20|0,1.566603451,1.5716334192629984,0.452115472960046,0.010465002076521979
matern52,355,S800,S800|20|0,1.561161878,1.5748475773034591,0.45415849127920266,0.011061889450256133
matern52,356,S800,S800|20|0,1.567127956,1.5742212453837225,0.4537607026227698,0.011005911273517082
matern52,357,S800,S800|20|0,1.5717416,1.5708658705895646,0.4516269772641676,0.010874861738742083
matern52,358,S800,S800|20|0,1.580639482,1.571722524797581,0.45217216748411027,0.010891189470160628
matern52,359,D50,D50|20|1,2.106587464,2.0850480184220332,0.7347918854038101,0.036277134074097765
matern52,360,D50,D50|20|1,2.117544335,2.010522799330534,0.6983947874204797,0.04343847864616382
matern52,361,D50,D50|20|1,2.118184975,2.0283737813506053,0.7072343790765477,0.04170038975137091
matern52,362,D50,D50|20|1,2.099811401,2.0227749471927736,0.7044703049347995,0.03955620562981713
matern52,363,D50,D50|20|1,2.091618493,2.090597301168249,0.7374498151791822,0.034076116508862886
matern52,364,D100,D100|20|1,2.060357876,2.027407925385549,0.706758093096111,0.01686224334922711
matern52,365,D100,D100|20|1,2.051589607,2.055764867317107,0.7206479769074651,0.01703777353030146
matern52,366,D100,D100|20|1,2.058574592,2.030067282142044,0.7080689364167856,0.016898238073583302
matern52,367,D100,D100|20|1,2.052924413,2.023760335551735,0.7049573331253806,0.016921627765035578
matern52,368,D100,D100|20|1,2.049683521,2.038019828456882,0.7119786641236064,0.017042638350751954
matern52,369,D200,D200|20|1,2.057366791,2.066010377877615,0.7256193938588941,0.012556092524317062
matern52,370,D200,D200|20|1,2.058764596,2.067796101486294,0.726483354824977,0.012556157750814806
matern52,371,D200,D200|20|1,2.057642712,2.076950831556273,0.7309008717954129,0.012673777868382393
matern52,372,D200,D200|20|1,2.069375924,2.0753448074483813,0.7301273121418603,0.012506697859678177
matern52,373,D200,D200|20|1,2.056356092,2.0802073510888497,0.7324675767681912,0.012508339286637561
matern52,374,D400,D400|20|1,2.0430377,2.063175691707092,0.7242463936752909,0.011221486445796696
matern52,375,D400,D400|20|1,2.067464556,2.011515864170755,0.6988885991132475,0.012065384299634305
matern52,376,D400,D400|20|1,2.05092407,2.066048174889062,0.7256376883776987,0.011104822978600598
matern52,377,D400,D400|20|1,2.046116935,2.0407643891535625,0.713324438238871,0.011436388278994302
matern52,378,D400,D400|20|1,2.040174013,2.0585873801192665,0.7220200097695975,0.01107572558082252
matern52,379,D600,D600|20|1,2.030799499,2.0284050566226357,0.7072497978475875,0.010304014755615407
matern52,380,D600,D600|20|1,2.029389278,2.0256031202757403,0.7058674933870214,0.010287243083906703
matern52,381,D600,D600|20|1,2.035717652,2.027813551742101,0.7069581444916725,0.010359755344975756
matern52,382,D600,D600|20|1,2.032341943,2.0364659453548644,0.7112159258230637,0.010391518215518957
matern52,383,D600,D600|20|1,2.038835416,2.028267353559746,0.7071819081838341,0.010319707581240782
matern52,384,D800,D800|20|1,2.00530262,2.0150302963440754,0.7006342306921048,0.010214711098592956
matern52,385,D800,D800|20|1,2.009512232,2.004559882936952,0.6954245269056083,0.010391453347002665
matern52,386,D800,D800|20|1,2.00461922,1.9995899257295973,0.6929421224017568,0.011238800013133456
matern52,387,D800,D800|20|1,2.017234302,2.0111492480382913,0.6987063238687257,0.010242405042388101
matern52,388,D800,D800|20|1,2.007206069,1.9969635854625711,0.69162781964678,0.010958392385739056
matern52,389,S50,S50|20|1,2.034582604,2.0338916733099532,0.7099510382484043,0.018978336505065214
matern52,390,S50,S50|20|1,2.023307961,2.03416134997762,0.7100836209195337,0.018991871576986962
matern52,391,S50,S50|20|1,2.025826924,2.0349949919035737,0.7104933579104852,0.019038743403841946
matern52,392,S50,S50|20|1,2.013036975,2.036095398675617,0.711033953521621,0.019111300910503705
matern52,393,S50,S50|20|1,2.03287125,2.032459625625331,0.7092466978515479,0.019172095720645273
matern52,394,S100,S100|20|1,2.019725426,2.0362139013281935,0.7110921527613546,0.011669728942818269
matern52,395,S100,S100|20|1,2.039797618,2.0452953000139993,0.7155421800547872,0.012329091949930399
matern52,396,S100,S100|20|1,2.036185006,2.0346496742814177,0.7103236538447452,0.011732610767989099
matern52,397,S100,S100|20|1,2.03838733,2.034276410075852,0.7101401832193888,0.011595256231421375
matern52,398,S100,S100|20|1,2.036193882,2.033012290868157,0.7095185803082872,0.012055200467233688
matern52,399,S200,S200|20|1,2.012022796,2.0096139391678585,0.697942633557425,0.01044540625111734
matern52,400,S200,S200|20|1,2.023972604,2.010953841114599,0.6986091573269863,0.010417851570587548
matern52,401,S200,S200|20|1,2.013429352,2.0095615231643853,0.697916550593908,0.010528568234865417
matern52,402,S200,S200|20|1,2.013525821,2.00649571701419,0.6963897761669569,0.010530286858757638
matern52,403,S200,S200|20|1,2.013365047,2.0100304435641503,0.6981498680081002,0.010529932997608914
matern52,404,S400,S400|20|1,2.000918649,2.003647414104979,0.6949692266777937,0.010346110167456684
matern52,405,S400,S400|20|1,2.006587247,2.010605257357877,0.6984357998061547,0.01025857084826451
matern52,406,S400,S400|20|1,2.007552339,2.015138095962537,0.7006877270267458,0.010266485281997648
matern52,407,S400,S400|20|1,2.016135748,2.0013966897123447,0.6938452816868134,0.010274107098925676
matern52,408,S400,S400|20|1,2.007400124,2.0166002019598395,0.7014130251256586,0.010368243446571269
matern52,409,S600,S600|20|1,2.002293432,2.007208088744953,0.6967447459269183,0.010435859382990173
matern52,410,S600,S600|20|1,2.009319501,2.0128234477887066,0.6995384367947176,0.01042029869959324
matern52,411,S600,S600|20|1,2.017374996,2.00850796797604,0.6973921419370579,0.01043337985276805
matern52,412,S600,S600|20|1,2.016442329,2.007150255629416,0.6967159327963605,0.010446909644790583
matern52,413,S600,S600|20|1,2.004084507,2.001745204066696,0.6940194020974706,0.010437825693107241
matern52,414,S800,S800|20|1,2.007171096,2.0190756039182927,0.702639784849664,0.010881672447794123
matern52,415,S800,S800|20|1,2.008164277,2.014530136834462,0.7003859854949047,0.010877777111046032
matern52,416,S800,S800|20|1,2.006201599,2.0164992311492242,0.7013629540513838,0.010893192883667233
matern52,417,S800,S800|20|1,2.010861938,2.0189549357891416,0.7025800190167907,0.010892111067090504
matern52,418,S800,S800|20|1,2.001144559,2.0169466094280204,0.7015847883331932,0.010888527985544023
matern52,419,D50,D50|20|2,2.484568666,2.336171126779948,0.8485133186098994,0.03594957363377514
matern52,420,D50,D50|20|2,2.497363881,2.340115511376291,0.8502002919872778,0.03533954365394107
matern52,421,D50,D50|20|2,2.49842825,2.337051527110212,0.8488901037134069,0.03555654609334375
matern52,422,D50,D50|20|2,2.461581844,2.347016279626838,0.8531448532005345,0.034550923955438746
matern52,423,D50,D50|20|2,2.435941445,2.4115931514838653,0.8802875878065008,0.02993405405776482
matern52,424,D100,D100|20|2,2.40022232,2.426806285001845,0.8865761069136414,0.016762983186096272
matern52,425,D100,D100|20|2,2.377815583,2.387913048248399,0.8704197829111424,0.016217358812603055
matern52,426,D100,D100|20|2,2.394952399,2.3901315901383726,0.8713484230630506,0.016247787390303036
matern52,427,D100,D100|20|2,2.394366926,2.3910756507648188,0.8717433277769222,0.016354572819881043
matern52,428,D100,D100|20|2,2.379854414,2.3927540472985336,0.8724450235765286,0.016251007421553165
matern52,429,D200,D200|20|2,2.376433228,2.367603801369221,0.8618783894123048,0.012370996743302158
matern52,430,D200,D200|20|2,2.409641323,2.3888937735017812,0.8708304025169832,0.012426906577685767
matern52,431,D200,D200|20|2,2.405379084,2.4079904586527188,0.8787925650852023,0.012288991787735626
matern52,432,D200,D200|20|2,2.374945926,2.3794930133812544,0.8668874454037802,0.012365317762887284
matern52,433,D200,D200|20|2,2.383753703,2.3737019799020227,0.864450753303938,0.012318905466254401
matern52,434,D400,D400|20|2,2.422115978,2.3637780595366644,0.8602612116917979,0.012214075908347485
matern52,435,D400,D400|20|2,2.412479091,2.4050455332628196,0.8775688361281154,0.011235178940095117
matern52,436,D400,D400|20|2,2.389934264,2.3789672583492654,0.8666664684473255,0.011713167256371917
matern52,437,D400,D400|20|2,2.384713733,2.3655303508649617,0.861002246640853,0.012095469774214253
matern52,438,D400,D400|20|2,2.399226086,2.4146043949180713,0.881535462057818,0.011098476238708996
matern52,439,D600,D600|20|2,2.360350625,2.3407665810763234,0.8504784744714214,0.010299524293187541
matern52,440,D600,D600|20|2,2.354270436,2.34333999112039,0.8515772583113338,0.010311801167132302
matern52,441,D600,D600|20|2,2.37100385,2.3424151626749534,0.8511825179004116,0.010297220438805637
matern52,442,D600,D600|20|2,2.328001537,2.3315548080802064,0.8465353446374639,0.010283485447613747
matern52,443,D600,D600|20|2,2.321628667,2.3256949559822107,0.8440189001746816,0.010296573710685514
matern52,444,D800,D800|20|2,2.324864186,2.341866429932442,0.8509482310693689,0.010551430324340846
matern52,445,D800,D800|20|2,2.332444837,2.339058021035138,0.8497482932093603,0.010632309202302197
matern52,446,D800,D800|20|2,2.333356188,2.356996700319576,0.8573882240037465,0.01048987803449304
matern52,447,D800,D800|20|2,2.344244002,2.346737612594812,0.8530261136846788,0.010517529277304115
matern52,448,D800,D800|20|2,2.392456042,2.359360332930708,0.85839053692974,0.010456424967837451
matern52,449,S50,S50|20|2,2.358059239,2.312967780901231,0.8385314535808325,0.017861158570730097
matern52,450,S50,S50|20|2,2.359048519,2.3239102215621252,0.8432512072461043,0.01766181908442541
matern52,451,S50,S50|20|2,2.346389412,2.321246309590188,0.8421042438462236,0.017692789025141844
matern52,452,S50,S50|20|2,2.368014463,2.325639062211273,0.843994866737942,0.01765192975637752
matern52,453,S50,S50|20|2,2.377940402,2.325488469741957,0.8439301114852278,0.017652264027157694
matern52,454,S100,S100|20|2,2.355055985,2.358042515597425,0.857831832316258,0.011310673863256591
matern52,455,S100,S100|20|2,2.34418626,2.3614563653404423,0.8592785326649842,0.011298794613100288
matern52,456,S100,S100|20|2,2.350460873,2.360674776150321,0.8589475002671793,0.011316206372582792
matern52,457,S100,S100|20|2,2.354754656,2.357156749903265,0.8574561257322075,0.011392416953574746
matern52,458,S100,S100|20|2,2.348310931,2.3588963713906903,0.858193870418955,0.011366366128633539
matern52,459,S200,S200|20|2,2.31502858,2.306076159062408,0.8355474477813004,0.010499702007034376
matern52,460,S200,S200|20|2,2.327331882,2.3064981723513105,0.8357304316249237,0.010455655575650145
matern52,461,S200,S200|20|2,2.321342581,2.3095607369725215,0.8370573492967855,0.010471028565429969
matern52,462,S200,S200|20|2,2.354421515,2.320470800868596,0.8417700964993031,0.010372897030575782
matern52,463,S200,S200|20|2,2.346264224,2.3177584300839245,0.8406005246826458,0.010380693036424797
matern52,464,S400,S400|20|2,2.302433632,2.298380862919098,0.8322049023861393,0.010245524424592015
matern52,465,S400,S400|20|2,2.301666197,2.301854000800277,0.8337148855256877,0.010245070254824833
matern52,466,S400,S400|20|2,2.301228007,2.304964907372297,0.8350654517653836,0.010244591984837424
matern52,467,S400,S400|20|2,2.312349059,2.294816615667502,0.8306529342926194,0.010249971231691586
matern52,468,S400,S400|20|2,2.29357413,2.3067658631376595,0.8358464842872426,0.01023546443097547
matern52,469,S600,S600|20|2,2.306805401,2.2968765753608227,0.8315501892902077,0.010386108079278674
matern52,470,S600,S600|20|2,2.300352377,2.2990331994167756,0.832488686484422,0.010387614209888374
matern52,471,S600,S600|20|2,2.312753062,2.3037797849148918,0.8345511588016141,0.010380955214462674
matern52,472,S600,S600|20|2,2.305671252,2.301057344540099,0.8333687323159635,0.010384953442518191
matern52,473,S600,S600|20|2,2.308124581,2.300699718629866,0.833213302159159,0.010383501040596531
matern52,474,S800,S800|20|2,2.283433535,2.300387461175577,0.8330775701277646,0.01092572924031597
matern52,475,S800,S800|20|2,2.28344892,2.303451624023269,0.8344087040981056,0.011075215091664266
matern52,476,S800,S800|20|2,2.305620968,2.3019777718869805,0.8337686542526285,0.010997954071253412
matern52,477,S800,S800|20|2,2.285418849,2.3052253680090287,0.8351784452087996,0.010811800226846843
matern52,478,S800,S800|20|2,2.29616334,2.3111443010686235,0.8377427703072424,0.0108029674718125
matern52,479,D50,D50|20|3,2.690730088,2.679301832505422,0.9855562503249025,0.030061047231578267
matern52,480,D50,D50|20|3,2.738434207,2.74972251010111,1.0115000011694075,0.031694360156137656
matern52,481,D50,D50|20|3,2.817365633,2.7241177065127604,1.0021445982614696,0.03308685614083335
matern52,482,D50,D50|20|3,2.759699812,2.73867646354425,1.007474761195268,0.031679634374548994
matern52,483,D50,D50|20|3,2.814001244,2.669105819187922,0.9817435171403504,0.040365933042645095
matern52,484,D100,D100|20|3,2.632649339,2.6681436789596176,0.9813829792868884,0.01640214681707358
matern52,485,D100,D100|20|3,2.670840698,2.6816163378152966,0.9864197238494541,0.01658651869681877
matern52,486,D100,D100|20|3,2.656750954,2.6708351498732417,0.9823912137181947,0.0163876850679318
matern52,487,D100,D100|20|3,2.667506004,2.6903695762665554,0.9896785731234257,0.01665197753797472
matern52,488,D100,D100|20|3,2.657418213,2.682035758439231,0.9865761175219976,0.01664161749824352
matern52,489,D200,D200|20|3,2.588700967,2.60995159177292,0.9593316739491599,0.012693216850549194
matern52,490,D200,D200|20|3,2.613579889,2.6450729733726086,0.9726986541064779,0.01235836718130874
matern52,491,D200,D200|20|3,2.697432993,2.6989666458179475,0.9928689759817182,0.012268302165926824
matern52,492,D200,D200|20|3,2.669193554,2.700026548537779,0.9932616057537118,0.012256164734358482
matern52,493,D200,D200|20|3,2.699238938,2.703111946662928,0.994403682146259,0.012258588590036288
matern52,494,D400,D400|20|3,2.610637885,2.66011289425502,0.9783685633422505,0.01058578219788211
matern52,495,D400,D400|20|3,2.659162876,2.6606405149211634,0.978566888890269,0.010592142273488578
matern52,496,D400,D400|20|3,2.621120179,2.6621097613509104,0.9791189517866299,0.010583687088685978
matern52,497,D400,D400|20|3,2.716696143,2.690897929117721,0.9898749405600323,0.010667362542102236
matern52,498,D400,D400|20|3,2.661629247,2.6958847444892133,0.9917264415758485,0.010671131202616561
matern52,499,D600,D600|20|3,2.72971974,2.6203964039998886,0.963325605565029,0.010169446793859914
matern52,500,D600,D600|20|3,2.633703639,2.6275766656627635,0.9660620015213205,0.010170669959236439
matern52,501,D600,D600|20|3,2.607496322,2.6310831666359147,0.9673956118344696,0.010168611991015259
matern52,502,D600,D600|20|3,2.586980655,2.633624836578411,0.9683611621131969,0.010168580855844236
matern52,503,D600,D600|20|3,2.621748382,2.680484291029884,0.9859974838056393,0.0103970105954364
matern52,504,D800,D800|20|3,2.655372422,2.5913482593254558,0.9521783037114211,0.010130091799334703
matern52,505,D800,D800|20|3,2.660303152,2.596148148599453,0.95402886524105,0.010123594111820544
matern52,506,D800,D800|20|3,2.611077525,2.5778946311364326,0.9469730313529299,0.0101758083305316
matern52,507,D800,D800|20|3,2.607165303,2.5931411341338944,0.952869933973861,0.010127538257301677
matern52,508,D800,D800|20|3,2.65987949,2.564336797605893,0.9416998867524885,0.01025718402437231
matern52,509,S50,S50|20|3,2.600572749,2.506318729751682,0.9188150350390463,0.01769125162241319
matern52,510,S50,S50|20|3,2.600756865,2.5024682822993665,0.91727755772107,0.017584033576484533
matern52,511,S50,S50|20|3,2.611409827,2.5061291462107493,0.9187393899467822,0.017712692409681253
matern52,512,S50,S50|20|3,2.606183706,2.49925137498244,0.9159912370230251,0.017572299413099225
matern52,513,S50,S50|20|3,2.601032081,2.504170463727534,0.9179575274892516,0.01755110679594493
matern52,514,S100,S100|20|3,2.602353853,2.615136085659327,0.9613161365679276,0.011187068015988538
matern52,515,S100,S100|20|3,2.591555322,2.6175579578028634,0.9622418059444878,0.011212465477253054
matern52,516,S100,S100|20|3,2.593729911,2.6127862842964387,0.960417193793019,0.01122836183049868
matern52,517,S100,S100|20|3,2.590178255,2.6144721963914495,0.9610622402010726,0.011244230747478318
matern52,518,S100,S100|20|3,2.585105566,2.6057340420687543,0.9577144174964101,0.011237429649265036
matern52,519,S200,S200|20|3,2.549463877,2.583960530567263,0.9493233112554254,0.010523905061999888
matern52,520,S200,S200|20|3,2.553809437,2.5800522612197705,0.9478096550151031,0.010542367389285066
matern52,521,S200,S200|20|3,2.557795714,2.5837431611641426,0.949239185145952,0.010563985519563845
matern52,522,S200,S200|20|3,2.566834809,2.579277540331525,0.9475093365924137,0.010591410906846703
matern52,523,S400,S400|20|3,2.593864362,2.588124218152866,0.9509333732274741,0.010243008294242305
matern52,524,S400,S400|20|3,2.570231272,2.5773988192618176,0.946780680759927,0.010252709042666296
matern52,525,S400,S400|20|3,2.541498191,2.576869535135233,0.9465753037434226,0.010221259544282124
matern52,526,S400,S400|20|3,2.548421595,2.5785854723117003,0.9472409820346126,0.010235042328147577
matern52,527,S400,S400|20|3,2.588285054,2.583405933880425,0.9491086577398357,0.010236670757124488
matern52,528,S600,S600|20|3,2.580068962,2.6038892175961106,0.9570061802754806,0.010344941693043534
matern52,529,S600,S600|20|3,2.584900044,2.601842330875952,0.9562197828953676,0.010345663001646856
matern52,530,S600,S600|20|3,2.561216983,2.611443954972342,0.9599033078070811,0.010376538930992654
matern52,531,S600,S600|20|3,2.587510212,2.610937110448838,0.9597092030419381,0.010361473756663383
matern52,532,S600,S600|20|3,2.581396513,2.6118880322631135,0.9600733438273558,0.010372232580567438
matern52,533,S800,S800|20|3,2.560087009,2.573808379326522,0.9453866616966993,0.01084039807915643
matern52,534,S800,S800|20|3,2.596600528,2.5752365879014856,0.9459414086917948,0.010870679490991431
matern52,535,S800,S800|20|3,2.622113085,2.5787329065851092,0.9472981568152321,0.010804720401303283
matern52,536,S800,S800|20|3,2.569463249,2.5749374123133735,0.9458252279225873,0.010831690466565394
matern52,537,S800,S800|20|3,2.568817026,2.5799745322383134,0.9477795276593454,0.010823200659564172
matern52,538,D50,D50|20|3,2.984611462,2.944405074888686,1.0799067847740456,0.03344175441585846
matern52,539,D50,D50|20|3,3.075366021,2.9625612609515932,1.0860541850496717,0.043350922007188104
matern52,540,D50,D50|20|3,3.115050296,2.9605017163624066,1.0853587527437587,0.043781017624808516
matern52,541,D50,D50|20|3,3.094452059,2.9591248014657037,1.084893549434939,0.04282034150683871
matern52,542,D50,D50|20|3,3.004673665,3.0300912546786742,1.1085927361234365,0.03572516152981583
matern52,543,D100,D100|20|3,2.895548145,2.953545924088743,1.0830064566839641,0.017619336423054285
matern52,544,D100,D100|20|3,3.084940581,2.9619968531026664,1.085863653421905,0.017730985130314732
matern52,545,D100,D100|20|3,2.95128913,2.966266450530945,1.0873040746541671,0.019414425442010295
matern52,546,D100,D100|20|3,2.944572615,2.9519025766711455,1.0824499037109578,0.01895175323758805
matern52,547,D100,D100|20|3,2.924704326,2.953827628718445,1.0831018305848685,0.01901909647610986
matern52,548,D200,D200|20|4,2.998124447,2.9814105957116452,1.0923965427861768,0.012488502641261787
matern52,549,D200,D200|20|4,2.966529382,3.0052832733205963,1.100371830872271,0.012583996721866992
matern52,550,D200,D200|20|4,2.971769703,2.9973149888408193,1.0977168841934177,0.012661554261860783
matern52,551,D200,D200|20|4,2.937807548,2.9874467339971864,1.0944190874743067,0.012459964338163978
matern52,552,D200,D200|20|4,2.99205482,3.006577538374044,1.1008024014107392,0.012697756471097341
matern52,553,D400,D400|20|4,3.117623303,2.9489635004968253,1.081453752848042,0.012475249887550782
matern52,554,D400,D400|20|4,3.108333693,2.91989044866333,1.071546097995337,0.01281916592642369
matern52,555,D400,D400|20|4,3.026542576,3.0309951958621877,1.1088910130734821,0.01139971763526739
matern52,556,D400,D400|20|4,3.01931705,2.976659745223278,1.0908017809846533,0.012169705573924659
matern52,557,D400,D400|20|4,2.919158592,3.028159179311937,1.1079549033189688,0.010870438503757145
matern52,558,D600,D600|20|4,2.893907337,2.995508597312988,1.097114032613834,0.0104921690816829
matern52,559,D600,D600|20|4,2.976918996,2.991704858685627,1.095843411759218,0.010458660769907549
matern52,560,D600,D600|20|4,3.111563662,2.9921202504370124,1.0959822499586898,0.010453300672227227
matern52,561,D600,D600|20|4,2.942187821,2.9745345793220968,1.09008758283362,0.010454870098894946
matern52,562,D600,D600|20|4,2.996728535,2.981604305712753,1.0924615132765674,0.010420461815797316
matern52,563,D800,D800|20|4,2.883213228,2.9348531696284783,1.076657424644825,0.010201202684432385
matern52,564,D800,D800|20|4,2.97817025,2.9365857737925234,1.077247605086462,0.010227854237569698
matern52,565,D800,D800|20|4,3.035298035,2.9293124111709448,1.074767723533895,0.010236217703008218
matern52,566,D800,D800|20|4,2.975689921,2.9245400999340916,1.0731372375299995,0.010190849648532748
matern52,567,D800,D800|20|4,2.974881534,2.9256433718350245,1.0735144126799196,0.010207016901798737
matern52,568,S50,S50|20|4,2.764611869,2.677444699108425,0.9848628691987124,0.01951913044449649
matern52,569,S50,S50|20|4,2.784814878,2.686805440761034,0.988352919405185,0.019532967611101727
matern52,570,S50,S50|20|4,2.791268732,2.6979375425777157,0.9924876079911886,0.020179131649675563
matern52,571,S50,S50|20|4,2.77002425,2.697175760795839,0.9922052110352384,0.01991656465645687
matern52,572,S50,S50|20|4,2.879657362,2.7034945746917827,0.9945452230658662,0.01904473978781734
matern52,573,S100,S100|20|4,2.81862213,2.9262667616706994,1.0737274678444082,0.011775534453211231
matern52,574,S100,S100|20|4,2.834304486,2.944854945161322,1.0800595612763495,0.011757868507622367
matern52,575,S100,S100|20|4,2.875183276,2.929011174495627,1.0746648829614418,0.011821962865038125
matern52,576,S100,S100|20|4,2.824508975,2.936651814601828,1.0772700938103772,0.011850134536656442
matern52,577,S100,S100|20|4,2.820972955,2.934874378688937,1.0766646512359348,0.011749617588688515
matern52,578,S200,S200|20|4,2.957256887,2.871891411496459,1.0549708411036574,0.010432348306204835
matern52,579,S200,S200|20|4,2.7989606,2.8759820830210043,1.0563942100135966,0.010426421373813229
matern52,580,S200,S200|20|4,2.964542875,2.87587976125922,1.0563586313559148,0.010407076226769145
matern52,581,S200,S200|20|4,3.094040534,2.872695984776262,1.0552509563598327,0.010402960082245014
matern52,582,S200,S200|20|4,2.961390736,2.880846095720904,1.0580840342384348,0.01039308964402574
matern52,583,S400,S400|20|4,2.87458441,2.8825681504706875,1.0586816157161734,0.010264067014110645
matern52,584,S400,S400|20|4,2.947651822,2.8823215037296017,1.0585960471256084,0.010365774401939712
matern52,585,S400,S400|20|4,2.9562895,2.896455101525807,1.0634876104938888,0.010264808464371538
matern52,586,S400,S400|20|4,2.963229596,2.8897812554628355,1.0611808091084287,0.010267479923347604
matern52,587,S400,S400|20|4,3.031494443,2.8988187430461427,1.064303324026947,0.010249509898266706
matern52,588,S600,S600|20|4,2.826666765,2.906518352698991,1.0669559225033414,0.010463086226343291
matern52,589,S600,S600|20|4,2.783083499,2.904711086088883,1.0663339313438422,0.010430164106350741
matern52,590,S600,S600|20|4,2.952572722,2.915623055473998,1.0700835381205296,0.010452099744221146
matern52,591,S600,S600|20|4,2.799750857,2.9069943426989306,1.0671196754788461,0.010427795367830556
matern52,592,S600,S600|20|4,2.923157083,2.89504948518868,1.0630022042082925,0.010451180683013922
matern52,593,S800,S800|20|4,2.859815802,2.904965521313278,1.0664215214944657,0.011266034150435198
matern52,594,S800,S800|20|4,2.921387841,2.894919805406675,1.0629574095727707,0.011035981830252693
matern52,595,S800,S800|20|4,2.794301319,2.90910198961437,1.0678444389240418,0.011015896967464201
matern52,596,S800,S800|20|4,2.886741594,2.894224286680355,1.0627171257869112,0.010928051098841898
matern52,597,S800,S800|20|4,2.757657512,2.8939202919366362,1.0626120853063672,0.010934420298810097
matern52,598,D50,D50|60|0,1.562679674,1.606259819500861,0.4739083829506358,0.0379531767720304
matern52,599,D50,D50|60|0,1.567789136,1.6006712572552007,0.4704230770497052,0.040187434842080746
matern52,600,D50,D50|60|0,1.575701472,1.584414259864387,0.46021478689199213,0.04577023732414733
matern52,601,D50,D50|60|0,1.570019941,1.5856903517860583,0.46101986568081615,0.04546416691021494
matern52,602,D50,D50|60|0,1.552722579,1.5953825027518502,0.4671135211236377,0.04104830650642563
matern52,603,D100,D100|60|0,1.576622382,1.545317150318906,0.43522916457093763,0.0203085292377686
matern52,604,D100,D100|60|0,1.574302539,1.5444168356511137,0.43464638644352493,0.02073751640140358
matern52,605,D100,D100|60|0,1.583288008,1.550505700504935,0.43858113611074057,0.018776330712911675
matern52,606,D100,D100|60|0,1.57697478,1.5563343513542984,0.4423332814354679,0.017756654441335677
matern52,607,D100,D100|60|0,1.586395774,1.5478830953145373,0.4368882524931197,0.01928659159969783
matern52,608,D200,D200|60|0,1.573185206,1.5857069896124043,0.46103035810705917,0.013203422604090695
matern52,609,D200,D200|60|0,1.581615633,1.586065767873933,0.4612565901170367,0.013164182935393455
matern52,610,D200,D200|60|0,1.577652296,1.5858842438985734,0.4611421343564578,0.013186306135793044
matern52,611,D200,D200|60|0,1.575414512,1.5842951139827257,0.46013958537133465,0.013178242260204386
matern52,612,D200,D200|60|0,1.573976112,1.5876309074726684,0.46224290978506144,0.013424871747606065
matern52,613,D400,D400|60|0,1.570033462,1.5674691099676823,0.4494622867710696,0.011119313133893777
matern52,614,D400,D400|60|0,1.574157889,1.5687570273239335,0.45028360345696505,0.011060025625524345
matern52,615,D400,D400|60|0,1.57801922,1.568051035839916,0.44983346976582295,0.01108973047788985
matern52,616,D400,D400|60|0,1.577174853,1.568475209256367,0.45010394314043595,0.011140157827475718
matern52,617,D400,D400|60|0,1.55836031,1.5688384517387435,0.45033550588694465,0.012059295373526843
matern52,618,D600,D600|60|0,1.568375759,1.570102914603582,0.4511411679147818,0.010393158456654821
matern52,619,D600,D600|60|0,1.564564806,1.5705322522448184,0.4514145760765719,0.010431987844300678
matern52,620,D600,D600|60|0,1.561426419,1.5781256346312105,0.4562378356240559,0.013507610230398004
matern52,621,D600,D600|60|0,1.562924626,1.5694727286658385,0.45073972133867657,0.010387927018035183
matern52,622,D600,D600|60|0,1.570899386,1.5689251486201603,0.4503907661885359,0.010317627356059783
matern52,623,D800,D800|60|0,1.560605139,1.5644249089533804,0.4475182861410257,0.01039390973729535
matern52,624,D800,D800|60|0,1.573095612,1.5644239070570454,0.4475176457161322,0.010732285321998778
matern52,625,D800,D800|60|0,1.568672064,1.5647723064552648,0.44774032232436434,0.011111909761504958
matern52,626,D800,D800|60|0,1.584954696,1.5653766009681325,0.44812643463930374,0.011341360308407333
matern52,627,D800,D800|60|0,1.571780184,1.5645866446475851,0.4476216642791874,0.010711946489106967
matern52,628,S50,S50|60|0,1.585030001,1.5745643755464753,0.4539786470657513,0.022845860983609623
matern52,629,S50,S50|60|0,1.575896097,1.5743865215957418,0.45386568630089213,0.02109848547192494
matern52,630,S50,S50|60|0,1.558030671,1.5753539729112285,0.45447999173183035,0.02109631409743252
matern52,631,S50,S50|60|0,1.559559837,1.575499852881031,0.45457258883596285,0.02052529160184224
matern52,632,S50,S50|60|0,1.558580143,1.5760750620830417,0.4549376185267797,0.01997357394079742
matern52,633,S100,S100|60|0,1.560233628,1.5711146632061286,0.45178534401049714,0.012656464327543316
matern52,634,S100,S100|60|0,1.565566604,1.5703068140602032,0.45127102323591806,0.012454084012544855
matern52,635,S100,S100|60|0,1.575050725,1.5703899821525675,0.45132398479049035,0.012498668026410451
matern52,636,S100,S100|60|0,1.558494761,1.5658591503365193,0.4484346512097143,0.011470945569134725
matern52,637,S100,S100|60|0,1.576208874,1.565863008149088,0.4484371149101152,0.011617292592434911
matern52,638,S200,S200|60|0,1.583216207,1.5635238760549508,0.44694216870095127,0.01048207609309615
matern52,639,S200,S200|60|0,1.5638467,1.5633101117899366,0.44680543981404636,0.010529064084274184
matern52,640,S200,S200|60|0,1.565238263,1.5634639417981355,0.44690383516061544,0.010548942756063008
matern52,641,S200,S200|60|0,1.556928929,1.5631731145402006,0.4467178031693524,0.010537362003716707
matern52,642,S200,S200|60|0,1.570737295,1.5630253732183892,0.4466232849725713,0.010600086048192287
matern52,643,S400,S400|60|0,1.54696515,1.5651830553993602,0.448002785458158,0.010302007045439517
matern52,644,S400,S400|60|0,1.570397211,1.5651867266191426,0.44800513100838885,0.010357811486332818
matern52,645,S400,S400|60|0,1.560877234,1.5654539002753582,0.44817581406576,0.010356823265018866
matern52,646,S400,S400|60|0,1.554539254,1.565831301063582,0.4484168657527094,0.010459779351401034
matern52,647,S400,S400|60|0,1.553679247,1.5653786194228099,0.4481277240755805,0.010304471413110174
matern52,648,S600,S600|60|0,1.563733267,1.561135175175198,0.44541323302770397,0.010514822593768883
matern52,649,S600,S600|60|0,1.568274191,1.5611648103568432,0.445432215945286,0.010492315846311466
matern52,650,S600,S600|60|0,1.574524496,1.5605024163982268,0.4450078312044138,0.012162584607846022
matern52,651,S600,S600|60|0,1.565081714,1.5604394978233225,0.4449675109571025,0.01165994775658994
matern52,652,S600,S600|60|0,1.579240583,1.5661987688227306,0.4486515172424047,0.02372829060330719
matern52,653,S800,S800|60|0,1.566374266,1.5646778643792063,0.4476799653473035,0.011081611539995805
matern52,654,S800,S800|60|0,1.55938477,1.564972782673526,0.44786843257796416,0.011179030812577625
matern52,655,S800,S800|60|0,1.551797708,1.5651863882916597,0.44800491485046107,0.011268984129906979
matern52,656,S800,S800|60|0,1.559272305,1.5648057793391854,0.44776171363207695,0.01111855734651954
matern52,657,S800,S800|60|0,1.562510743,1.5650953812841097,0.447946768642372,0.011235708307837575
matern52,658,D50,D50|60|1,1.976807007,1.9399072044727463,0.6626401391852075,0.04497760678595583
matern52,659,D50,D50|60|1,1.977099387,1.940711348195405,0.6630545801941625,0.04997263904923077
matern52,660,D50,D50|60|1,1.941417591,1.96601495432175,0.6760086281669258,0.03186296930077815
matern52,661,D50,D50|60|1,1.950789971,1.9575107460295755,0.6716736385380342,0.032763016511019274
matern52,662,D50,D50|60|1,1.973459585,1.939098628417647,0.6622232405768298,0.04362831088773861
matern52,663,D100,D100|60|1,1.916011638,1.8850513053520594,0.6339550382229796,0.01688970412333886
matern52,664,D100,D100|60|1,1.936770574,1.9176956130594434,0.6511242636894826,0.016635510673863523
matern52,665,D100,D100|60|1,1.935694889,1.919560747443407,0.6520963824929294,0.016613974513886014
matern52,666,D100,D100|60|1,1.935043626,1.9086529553942015,0.6463977342905342,0.016742051276339102
matern52,667,D100,D100|60|1,1.923452039,1.9162505608108495,0.6503704438644309,0.016628781349487295
matern52,668,D200,D200|60|1,1.935862752,1.9368379771716004,0.6610567346545542,0.012487409357063103
matern52,669,D200,D200|60|1,1.931989992,1.9335512676517286,0.6593583471787642,0.012520626418115634
matern52,670,D200,D200|60|1,1.931671261,1.934994298174311,0.660104379797461,0.012517391279266443
matern52,671,D200,D200|60|1,1.937569797,1.9329475955066386,0.6590460894120558,0.012521447795330477
matern52,672,D200,D200|60|1,1.924824304,1.931620874625791,0.6583594818680454,0.012557181734669527
matern52,673,D400,D400|60|1,1.941402004,1.9066668668577131,0.6453566217188954,0.013587621463926888
matern52,674,D400,D400|60|1,1.936789975,1.9454062612334835,0.6654708299293043,0.011102901620841389
matern52,675,D400,D400|60|1,1.941163574,1.9306673248439101,0.6578657073219688,0.01191544478637801
matern52,676,D400,D400|60|1,1.937676406,1.926843027345761,0.6558829265116009,0.010853782863074868
matern52,677,D400,D400|60|1,1.931018644,1.9200249042853357,0.6523381569375134,0.011061023230201148
matern52,678,D600,D600|60|1,1.927224159,1.9195027531768805,0.6520661697774994,0.010498511650971347
matern52,679,D600,D600|60|1,1.910781866,1.9180108984054771,0.6512886586168846,0.010372742903348615
matern52,680,D600,D600|60|1,1.92201239,1.9205184379051918,0.652595169333208,0.010406258777820544
matern52,681,D600,D600|60|1,1.91966687,1.9202784176570413,0.6524701847232487,0.01038642226991616
matern52,682,D600,D600|60|1,1.913762311,1.9208747124578862,0.6527806617000502,0.010396126270646963
matern52,683,D800,D800|60|1,1.88915259,1.9058022086664503,0.6449030268495552,0.010226793601393315
matern52,684,D800,D800|60|1,1.900906673,1.904455894732881,0.6441963482188363,0.010312891854658907
matern52,685,D800,D800|60|1,1.913404801,1.9023538048012794,0.6430919640698138,0.010458393874123714
matern52,686,D800,D800|60|1,1.900392618,1.9044610468003986,0.6441990534852398,0.0105346775181303
matern52,687,D800,D800|60|1,1.904667126,1.9065461260184136,0.6452932941053761,0.010576760444481687
matern52,688,S50,S50|60|1,1.899997057,1.9045747382008331,0.6442587491178804,0.018628778795239245
matern52,689,S50,S50|60|1,1.916839241,1.9159519353624972,0.6502145933062962,0.01930340353521216
matern52,690,S50,S50|60|1,1.899315305,1.9087607548729373,0.646454212045866,0.018768227569018355
matern52,691,S50,S50|60|1,1.899928153,1.905403256039484,0.6446936691373468,0.01861348537285493
matern52,692,S50,S50|60|1,1.912556384,1.9066256929993648,0.6453350268070425,0.018737600379906884
matern52,693,S100,S100|60|1,1.901407517,1.8978843478722152,0.6407397646495471,0.011351541368826875
matern52,694,S100,S100|60|1,1.901510538,1.9042314480103928,0.6440784878104856,0.011328856826651884
matern52,695,S100,S100|60|1,1.915035485,1.9046449126204368,0.6442955936299035,0.011324373260758091
matern52,696,S100,S100|60|1,1.913200167,1.9028953469209828,0.6433765930661121,0.01134066945919625
matern52,697,S100,S100|60|1,1.907698465,1.9035312196786487,0.6437106979030005,0.011337229476750418
matern52,698,S200,S200|60|1,1.905498373,1.9027273972736358,0.6432883291162961,0.010373174444121393
matern52,699,S200,S200|60|1,1.91729971,1.9007814142021717,0.6422650722565308,0.010479024731876067
matern52,700,S200,S200|60|1,1.910400488,1.9022405066663592,0.6430324054805513,0.010544258028535968
matern52,701,S200,S200|60|1,1.897281321,1.9034342945161797,0.6436597779973021,0.010682933121531086
matern52,702,S200,S200|60|1,1.895335741,1.9030512944365119,0.6434585424628385,0.010506995937116508
matern52,703,S400,S400|60|1,1.889473327,1.8976241528197537,0.6406026578282493,0.010259564707016073
matern52,704,S400,S400|60|1,1.893931912,1.8971067693354844,0.6403299726244293,0.010262265408163697
matern52,705,S400,S400|60|1,1.893219697,1.900575695183076,0.6421568377427102,0.010255243427616035
matern52,706,S400,S400|60|1,1.907870918,1.8942245838452685,0.6388095642101065,0.010408004237717055
matern52,707,S400,S400|60|1,1.898590819,1.900168740930695,0.6419426932450853,0.010255726508241926
matern52,708,S600,S600|60|1,1.902126597,1.9065007176168955,0.6452694767208108,0.010643682776730808
matern52,709,S600,S600|60|1,1.88602699,1.902806866992699,0.6433300944577993,0.010430147747493726
matern52,710,S600,S600|60|1,1.896243659,1.902441460325209,0.6431380404118177,0.010425908892733187
matern52,711,S600,S600|60|1,1.896482114,1.9014105139742652,0.6425959865237314,0.010429014193224923
matern52,712,S600,S600|60|1,1.901931071,1.9008061791351525,0.6422781009885399,0.010431193781966315
matern52,713,S800,S800|60|1,1.902341294,1.8943546914889875,0.6388782483443503,0.010934554090798628
matern52,714,S800,S800|60|1,1.900172569,1.891862193457101,0.6375616315378199,0.01102889242117564
matern52,715,S800,S800|60|1,1.905278369,1.897067410318694,0.6403092255448656,0.010949331239398142
matern52,716,S800,S800|60|1,1.903246777,1.8940173398444309,0.6387001498668733,0.010912419490947126
matern52,717,S800,S800|60|1,1.900872555,1.8960267654564986,0.6397605205351398,0.010906660632017569
matern52,718,D50,D50|60|2,2.174585394,2.174326116354503,0.7767187849717849,0.03038601332576956
matern52,719,D50,D50|60|2,2.186009433,2.1558204017651614,0.7681713479838269,0.03620122271390279
matern52,720,D50,D50|60|2,2.184639492,2.1622287378297544,0.7711395128018779,0.037385945206605015
matern52,721,D50,D50|60|2,2.192962284,2.162057061240616,0.7710601116719779,0.03510181502611957
matern52,722,D50,D50|60|2,2.16369584,2.176660268958975,0.7777917153933877,0.03216310345190274
matern52,723,D100,D100|60|2,2.11272867,2.123863567610961,0.7532368676117991,0.016356831442378095
matern52,724,D100,D100|60|2,2.124306279,2.1162290342272856,0.7496357473764569,0.016300943742532735
matern52,725,D100,D100|60|2,2.122002279,2.11605797275558,0.7495549109532578,0.016307707304026663
matern52,726,D100,D100|60|2,2.124775808,2.117122555409098,0.750057881553674,0.016302891927126674
matern52,727,D100,D100|60|2,2.117765849,2.1191172566537255,0.7509996135993273,0.016345383076788424
matern52,728,D200,D200|60|2,2.109818744,2.1128501112172797,0.7480377996375813,0.01231465062288264
matern52,729,D200,D200|60|2,2.112322092,2.108837953252089,0.7461370627229403,0.01235072304395446
matern52,730,D200,D200|60|2,2.111399747,2.1091369214613995,0.74627882184607,0.012363993302445793
matern52,731,D200,D200|60|2,2.102545668,2.1135837518729446,0.7483849673382,0.01233184743218305
matern52,732,D200,D200|60|2,2.107358134,2.113017545006054,0.7481170419624635,0.012339338468188228
matern52,733,D400,D400|60|2,2.146058733,2.133454325153505,0.757742415004992,0.011753203439715938
matern52,734,D400,D400|60|2,2.155542539,2.13609544240335,0.7589796028728071,0.01125934633327016
matern52,735,D400,D400|60|2,2.156566308,2.114194217748455,0.7486737553891053,0.012193491474997863
matern52,736,D400,D400|60|2,2.134518523,2.118867929597925,0.750881950584885,0.010637116917516284
matern52,737,D400,D400|60|2,2.110115309,2.116739613472458,0.7498769867005073,0.010608920443006984
matern52,738,D600,D600|60|2,2.109465836,2.1148614898090154,0.7489893209017113,0.010229697492903832
matern52,739,D600,D600|60|2,2.102792121,2.119535584766729,0.7511970008966657,0.010258807917303846
matern52,740,D600,D600|60|2,2.123117965,2.1112835217259747,0.7472960666815442,0.010249095915602729
matern52,741,D600,D600|60|2,2.104946989,2.1081419889400212,0.745806985592896,0.010218063860220887
matern52,742,D600,D600|60|2,2.118912553,2.1115489913349514,0.7474217972704348,0.010236210294263968
matern52,743,D800,D800|60|2,2.11901124,2.110798694766522,0.7470664041895683,0.01021212918907368
matern52,744,D800,D800|60|2,2.086614536,2.1103185254013304,0.746838896000519,0.010204226676655527
matern52,745,D800,D800|60|2,2.095935746,2.113021840816219,0.7481190749819282,0.010462668187748568
matern52,746,D800,D800|60|2,2.099875733,2.1156671303851438,0.7493701908393459,0.010257120962046997
matern52,747,D800,D800|60|2,2.115936961,2.1043516479069835,0.7440074139459322,0.010446049000451263
matern52,748,S50,S50|60|2,2.102431834,2.092904163769922,0.7385526534857145,0.017744646354892795
matern52,749,S50,S50|60|2,2.100273804,2.0929650553169563,0.7385817473459626,0.0176792085216282
matern52,750,S50,S50|60|2,2.105827904,2.086947850027172,0.735702639774795,0.01779411814925032
matern52,751,S50,S50|60|2,2.113033012,2.089642369808329,0.736992936410646,0.017646405558155304
matern52,752,S50,S50|60|2,2.104644152,2.0909495700915812,0.7376183025524015,0.01766602532325122
matern52,753,S100,S100|60|2,2.072598857,2.0896665347244667,0.7370045004834104,0.011248086718041185
matern52,754,S100,S100|60|2,2.084589502,2.0959542627691596,0.7400089450227899,0.011296251453219119
matern52,755,S100,S100|60|2,2.093344018,2.09532599864685,0.7397091492144309,0.011345350614778161
matern52,756,S100,S100|60|2,2.07970639,2.097866054758211,0.7409206636834534,0.011282883774899267
matern52,757,S100,S100|60|2,2.09527821,2.0909801442980434,0.7376329246089881,0.011477132949800444
matern52,758,S200,S200|60|2,2.089254246,2.0874379103954164,0.7359374337773723,0.010526671691265635
matern52,759,S200,S200|60|2,2.083163123,2.086659794678834,0.7355646031535706,0.010339278134361798
matern52,760,S200,S200|60|2,2.090858734,2.084513828262935,0.7345356521679627,0.01035420485084601
matern52,761,S200,S200|60|2,2.098389623,2.0871115640001974,0.7357810833027232,0.010337912388751062
matern52,762,S200,S200|60|2,2.085890942,2.0862395062301933,0.7353631660137049,0.010342646938602502
matern52,763,S400,S400|60|2,2.094851401,2.088335349264809,0.7363672650097716,0.010239080213900268
matern52,764,S400,S400|60|2,2.109402368,2.086782139691674,0.7356232334231655,0.010232469916942875
matern52,765,S400,S400|60|2,2.105495945,2.0900433408751757,0.7371848030225552,0.010238886572592283
matern52,766,S400,S400|60|2,2.094026671,2.0892423564763054,0.7368014913914863,0.01023358570013074
matern52,767,S400,S400|60|2,2.100462011,2.094931121410498,0.7395206752252665,0.010228885097705634
matern52,768,S600,S600|60|2,2.067569824,2.088506223042934,0.7364490846216779,0.010591864917864798
matern52,769,S600,S600|60|2,2.077971448,2.093898905428276,0.7390278330729225,0.010573312825520535
matern52,770,S600,S600|60|2,2.093497015,2.092134555339867,0.7381848631304109,0.01059254959558524
matern52,771,S600,S600|60|2,2.071425418,2.089179279611224,0.7367712996728998,0.010466507954422095
matern52,772,S600,S600|60|2,2.078372912,2.0869724869887816,0.7357144449649379,0.010439045725688321
matern52,773,S800,S800|60|2,2.107105097,2.0925552966730487,0.7383859491604291,0.010817828697808441
matern52,774,S800,S800|60|2,2.096315821,2.0808271094774646,0.7327654634591434,0.01087805935459568
matern52,775,S800,S800|60|2,2.091819696,2.0867669997034812,0.7356159782129418,0.010825178245977648
matern52,776,S800,S800|60|2,2.080625873,2.0935930918538577,0.7388817725788795,0.010849411897954613
matern52,777,S800,S800|60|2,2.078743065,2.089257346141628,0.7368086660553079,0.010823146409792069
matern52,778,D50,D50|60|3,2.463313831,2.4203167344642726,0.883898413614322,0.05840222817237604
matern52,779,D50,D50|60|3,2.456460946,2.4196660363215945,0.8836295291255069,0.060294111759271136
matern52,780,D50,D50|60|3,2.477797241,2.423845183475369,0.8853551979641769,0.057422546033246334
matern52,781,D50,D50|60|3,2.489735943,2.420803804359742,0.8840996355806858,0.05536011918952422
matern52,782,D50,D50|60|3,2.483038597,2.4196043708191626,0.8836040436711936,0.05720250360460794
matern52,783,D100,D100|60|3,2.30928496,2.309417399249557,0.8369952846068114,0.016961367593791438
matern52,784,D100,D100|60|3,2.322408306,2.3157918812704743,0.8397516943908032,0.017015328562128527
matern52,785,D100,D100|60|3,2.340507982,2.3101432598886387,0.8373095398785199,0.017127182610903367
matern52,786,D100,D100|60|3,2.330253185,2.316989967210032,0.8402689153631915,0.017054711186831755
matern52,787,D100,D100|60|3,2.324213387,2.3171519347770597,0.840338817222271,0.01704561213710701
matern52,788,D200,D200|60|3,2.298523459,2.3219604200071484,0.8424118374831983,0.012197300927101752
matern52,789,D200,D200|60|3,2.282325312,2.329926406285729,0.8458366817936888,0.01230401687866911
matern52,790,D200,D200|60|3,2.301963817,2.3252426635457812,0.8438244050105426,0.012253618065862474
matern52,791,D200,D200|60|3,2.316246545,2.3255185393302478,0.8439430418412702,0.01237345200561831
matern52,792,D200,D200|60|3,2.30111204,2.3140935188840928,0.8390180423386369,0.012364212628191219
matern52,793,D400,D400|60|3,2.33591885,2.356392954438741,0.8571320406926435,0.013589442936153332
matern52,794,D400,D400|60|3,2.349718811,2.2945376468966265,0.8305313621692841,0.0130198654439798
matern52,795,D400,D400|60|3,2.335387295,2.3327997463795556,0.8470691541128696,0.011583246303547956
matern52,796,D400,D400|60|3,2.335258747,2.3178966065306588,0.8406601393199231,0.011525056674937815
matern52,797,D400,D400|60|3,2.348098119,2.2930963930097064,0.829903040937992,0.012852241466849204
matern52,798,D600,D600|60|3,2.257288781,2.2959315185699203,0.8311386516056747,0.01029607874675779
matern52,799,D600,D600|60|3,2.292989259,2.2880708439722213,0.8277090363127715,0.01031334667191883
matern52,800,D600,D600|60|3,2.25613049,2.289529572186112,0.8283463694701693,0.010309114174363452
matern52,801,D600,D600|60|3,2.235203325,2.2791157225241374,0.8237875267383921,0.01034894716667159
matern52,802,D600,D600|60|3,2.28360844,2.3144340453965704,0.8391651848189884,0.01033364206099949
matern52,803,D800,D800|60|3,2.360326338,2.2747467981053853,0.821868748672789,0.010574075922436699
matern52,804,D800,D800|60|3,2.292278272,2.263805642016084,0.8170473094898171,0.010441246158193505
matern52,805,D800,D800|60|3,2.331007013,2.2760700217639127,0.82245028106497,0.010234401022813639
matern52,806,D800,D800|60|3,2.313535068,2.2866156541945366,0.827072844159561,0.010363999410390038
matern52,807,D800,D800|60|3,2.264275175,2.2815426442190057,0.8248518125185538,0.010291996049512931
matern52,808,S50,S50|60|3,2.309719445,2.2715757051010006,0.8204737339036382,0.017652832601774533
matern52,809,S50,S50|60|3,2.330925835,2.2646123054584684,0.8174035767161523,0.017562189325355488
matern52,810,S50,S50|60|3,2.312834879,2.271981333880378,0.8206522851034911,0.01758638511876584
matern52,811,S50,S50|60|3,2.313376171,2.266607062693947,0.8182840272978913,0.01757242664955195
matern52,812,S50,S50|60|3,2.324054228,2.2714372675453154,0.8204127886426136,0.01757859398246117
matern52,813,S100,S100|60|3,2.312044444,2.314883550264175,0.8393593840113007,0.011239180480221692
matern52,814,S100,S100|60|3,2.3095972,2.314526663909478,0.8392052017984947,0.011283424174010844
matern52,815,S100,S100|60|3,2.314251368,2.3070477657073245,0.835968683661857,0.011271050190382104
matern52,816,S100,S100|60|3,2.299677968,2.3137770126853603,0.8388812596879265,0.011219140090524077
matern52,817,S100,S100|60|3,2.298125383,2.310919202667319,0.8376453686158548,0.011268606724560188
matern52,818,S200,S200|60|3,2.276398727,2.2603560510119873,0.8155223455709019,0.010391940252000931
matern52,819,S200,S200|60|3,2.272829187,2.2772302915331437,0.822959920102376,0.010390715475705012
matern52,820,S200,S200|60|3,2.286129747,2.265725838388903,0.8178951660490021,0.010384166430404027
matern52,821,S200,S200|60|3,2.261135889,2.2737158815663365,0.8214154453792127,0.01038208192747095
matern52,822,S200,S200|60|3,2.262462882,2.2755574431900247,0.8222250523616099,0.010382521816329338
matern52,823,S400,S400|60|3,2.265209939,2.274517535676552,0.8217679576823316,0.01050564072319204
matern52,824,S400,S400|60|3,2.260113665,2.2705891837977865,0.8200393501492582,0.010394448426328948
matern52,825,S400,S400|60|3,2.26545348,2.2728600567075654,0.821038975314488,0.010509907356451591
matern52,826,S400,S400|60|3,2.262923493,2.273755851300238,0.821433024260952,0.01027687017435605
matern52,827,S400,S400|60|3,2.264649093,2.2716221762225985,0.8204941913535725,0.010297395701300486
matern52,828,S600,S600|60|3,2.256457642,2.282069423861013,0.8250826733526863,0.01039893042420435
matern52,829,S600,S600|60|3,2.244555717,2.2734869054562443,0.8213147346253667,0.01043267428432348
matern52,830,S600,S600|60|3,2.251435767,2.281657238298748,0.8249020378353126,0.01040059312226384
matern52,831,S600,S600|60|3,2.259728358,2.284834875161387,0.826293757035337,0.010387666292779688
matern52,832,S600,S600|60|3,2.239327466,2.27405063259406,0.8215626609529614,0.01050410276270026
matern52,833,S800,S800|60|3,2.303463897,2.2618571052757463,0.8161862038487008,0.010907767479110755
matern52,834,S800,S800|60|3,2.318188487,2.2661473441526137,0.8180811843897403,0.011350359007614726
matern52,835,S800,S800|60|3,2.293922562,2.26276013795986,0.8165853680862741,0.011578277554088542
matern52,836,S800,S800|60|3,2.312004574,2.2573609335456686,0.8141964024383982,0.011437271147439892
matern52,837,S800,S800|60|3,2.305107446,2.267540400443192,0.8186957200229363,0.011509468780811714
matern52,838,D50,D50|60|4,2.551150309,2.523247425114303,0.9255467326723472,0.04593432721587553
matern52,839,D50,D50|60|4,2.530407846,2.522793631148684,0.9253668712872406,0.0447364726337037
matern52,840,D50,D50|60|4,2.50789591,2.530953684159388,0.9285961819721558,0.03965821426462421
matern52,841,D50,D50|60|4,2.579330174,2.5176911101514654,0.9233422554012423,0.04434753369530664
matern52,842,D50,D50|60|4,2.550404569,2.521300265451232,0.9247747468059373,0.0456539241056305
matern52,843,D100,D100|60|4,2.406558707,2.38141412587619,0.867694481770175,0.01821320936485094
matern52,844,D100,D100|60|4,2.424481226,2.396282921883557,0.8739187542018814,0.018055201039717104
matern52,845,D100,D100|60|4,2.437580559,2.3783364730708905,0.8664012824017489,0.018222868640474163
matern52,846,D100,D100|60|4,2.421963301,2.3769230459303605,0.865806813403156,0.01817726909870259
matern52,847,D100,D100|60|4,2.433721572,2.4032341028139843,0.8768153730720398,0.017815586308154743
matern52,848,D200,D200|60|4,2.432216992,2.4688898663491474,0.903768602786182,0.013054795552319526
matern52,849,D200,D200|60|4,2.439415531,2.4696022287923105,0.9040570966966226,0.012734694702507248
matern52,850,D200,D200|60|4,2.431978139,2.4677897825581874,0.9033229251698868,0.012816229930851452
matern52,851,D200,D200|60|4,2.417912189,2.47899065821384,0.9078514846771915,0.012592033076872278
matern52,852,D200,D200|60|4,2.430729546,2.469035545446839,0.9038276069571992,0.012873667670992947
matern52,853,D400,D400|60|4,2.495810042,2.486513768010925,0.9108816362620621,0.011824217379580124
matern52,854,D400,D400|60|4,2.500932047,2.4752659141685918,0.9063478303175008,0.01117005909365712
matern52,855,D400,D400|60|4,2.493851185,2.4790445351862864,0.9078732178720346,0.011113557221967893
matern52,856,D400,D400|60|4,2.539970885,2.4846368137064663,0.9101264974414625,0.013164572109913751
matern52,857,D400,D400|60|4,2.516497463,2.511275734322569,0.9207908847092617,0.012381250970161793
matern52,858,D600,D600|60|4,2.547285901,2.4679565539523844,0.9033905021411857,0.010243213749820899
matern52,859,D600,D600|60|4,2.436899708,2.454170743136271,0.8977889213484622,0.010235263964186603
matern52,860,D600,D600|60|4,2.544729567,2.460228974809044,0.9002544248033406,0.010242582188334457
matern52,861,D600,D600|60|4,2.494341893,2.4573042792277406,0.8990649276408154,0.010267095201100746
matern52,862,D600,D600|60|4,2.495167323,2.4499087657413114,0.8960507853903323,0.01025718766744901
matern52,863,D800,D800|60|4,2.523521034,2.458385588965529,0.8995048698602078,0.010146403872825909
matern52,864,D800,D800|60|4,2.505860679,2.4580978613536617,0.8993878237580076,0.010151999093882962
matern52,865,D800,D800|60|4,2.435591109,2.4580961796587193,0.899387139612944,0.010172419554683778
matern52,866,D800,D800|60|4,2.450759489,2.461231708120678,0.9006619189966754,0.010191451649980565
matern52,867,D800,D800|60|4,2.457880084,2.457130390220685,0.8989941610038269,0.010235456021410882
matern52,868,S50,S50|60|4,2.458894978,2.374690084464625,0.8648669382202088,0.018326015207339567
matern52,869,S50,S50|60|4,2.443524954,2.373773043422573,0.8644806907002198,0.018863053425415433
matern52,870,S50,S50|60|4,2.4462853,2.3743970367280722,0.8647435259814159,0.018390869605582644
matern52,871,S50,S50|60|4,2.436664803,2.3631055462660164,0.8599766634222531,0.019273524540181396
matern52,872,S50,S50|60|4,2.430834245,2.3730069181402755,0.8641578928055824,0.018349425075087595
matern52,873,S100,S100|60|4,2.423006829,2.4686685614516355,0.9036789613567605,0.011848333500060088
matern52,874,S100,S100|60|4,2.428058594,2.457325677778319,0.8990736357432627,0.011759089972330897
matern52,875,S100,S100|60|4,2.427931445,2.4574758602687914,0.8991347501094714,0.011493768036507089
matern52,876,S100,S100|60|4,2.436739376,2.4468233883780703,0.8947906071022647,0.01149965246246825
matern52,877,S100,S100|60|4,2.434408586,2.442036123822188,0.8928321682990804,0.011322368693943773
matern52,878,S200,S200|60|4,2.38490477,2.4255178501513375,0.8860450480458077,0.01053195473424731
matern52,879,S200,S200|60|4,2.389709097,2.428829000086279,0.8874092482361157,0.010552349356402136
matern52,880,S200,S200|60|4,2.417374609,2.424370025575746,0.8855717073721947,0.010388317047358379
matern52,881,S200,S200|60|4,2.404362305,2.427309653515249,0.8867835055508329,0.010575752815834437
matern52,882,S200,S200|60|4,2.419070098,2.4223973531127734,0.8847576915889844,0.010464798014076956
matern52,883,S400,S400|60|4,2.401888874,2.4375431774157987,0.8909906375445873,0.010248725933257015
matern52,884,S400,S400|60|4,2.395168219,2.430230389297733,0.8879860632688239,0.01035426684999964
matern52,885,S400,S400|60|4,2.432666343,2.4324799956453647,0.8889113112601847,0.010334887132624596
matern52,886,S400,S400|60|4,2.383491014,2.4348286451984906,0.8898763824766285,0.010236499381215057
matern52,887,S400,S400|60|4,2.407730185,2.433357852868825,0.8892721359569029,0.010304061143301025
matern52,888,S600,S600|60|4,2.458733728,2.434430898543357,0.8897130119877706,0.010723323552351994
matern52,889,S600,S600|60|4,2.431071561,2.4293290715119014,0.8876151169707344,0.01042103415221842
matern52,890,S600,S600|60|4,2.448813984,2.431158396059632,0.8883678499615347,0.010461893549543954
matern52,891,S600,S600|60|4,2.419401756,2.4293192080140256,0.8876110567888449,0.01048904542122406
matern52,892,S600,S600|60|4,2.467632558,2.429758162480521,0.8877917307868985,0.01042287703065124
matern52,893,S800,S800|60|4,2.474028012,2.4266733552309456,0.8865213298131749,0.010865995010357503
matern52,894,S800,S800|60|4,2.376310192,2.4258491785578022,0.8861816398167537,0.010958015698712183
matern52,895,S800,S800|60|4,2.433759695,2.4263808179527806,0.8864007718024544,0.010957251851226982
matern52,896,S800,S800|60|4,2.403238898,2.423114756537626,0.8850538020573353,0.010926740319568641
matern52,897,S800,S800|60|4,2.433044644,2.4256116331193702,0.8860837124304085,0.010972045705377784
matern52,898,D50,D50|78|0,1.589431846,1.5599217471993772,0.44463565795160664,0.03996659604167603
matern52,899,D50,D50|78|0,1.562397952,1.5669536192459088,0.44913336449672764,0.035299785885153936
matern52,900,D50,D50|78|0,1.555646262,1.5666078887870987,0.4489127015486242,0.033014659193537535
matern52,901,D50,D50|78|0,1.539581805,1.565666996098714,0.4483119287868054,0.0350644229332669
matern52,902,D50,D50|78|0,1.555216413,1.5670379074216558,0.449187154160835,0.034670326919959076
matern52,903,D100,D100|78|0,1.549823783,1.558113081685956,0.4434755261278543,0.016997199991617536
matern52,904,D100,D100|78|0,1.550599187,1.5618573118670651,0.44587569760789986,0.01686264334251374
matern52,905,D100,D100|78|0,1.55695821,1.5555094269915806,0.44180309776250737,0.01709079301404923
matern52,906,D100,D100|78|0,1.546230414,1.556285833289751,0.442302106372869,0.01704063919553708
matern52,907,D100,D100|78|0,1.556457307,1.5612505175413327,0.44548711394924173,0.016875940327529718
matern52,908,D200,D200|78|0,1.549875433,1.5501026191254765,0.43832113462704647,0.012481320677868816
matern52,909,D200,D200|78|0,1.558093969,1.5494367482114864,0.43789147663899136,0.012425511091824985
matern52,910,D200,D200|78|0,1.554728738,1.5500142613568737,0.4382641317642298,0.012458218222362384
matern52,911,D200,D200|78|0,1.561541857,1.5491074167707053,0.43767890491208605,0.012412449929886483
matern52,912,D200,D200|78|0,1.556081921,1.5487563805493036,0.4374522737585746,0.012468693156644173
matern52,913,D400,D400|78|0,1.542456238,1.5457686889564497,0.435521319926197,0.010830116191572696
matern52,914,D400,D400|78|0,1.545031608,1.5468523355763717,0.43622211491897195,0.010899285435510813
matern52,915,D400,D400|78|0,1.537369758,1.5489155376103327,0.43755503290503944,0.011162039652121623
matern52,916,D400,D400|78|0,1.544806451,1.5495843807725969,0.43798675353777805,0.011419082969810144
matern52,917,D400,D400|78|0,1.539156414,1.5492390469445538,0.43776387292677993,0.011230065651783064
matern52,918,D600,D600|78|0,1.542447237,1.5460932688976263,0.4357312775160206,0.010285703382762836
matern52,919,D600,D600|78|0,1.546575518,1.5524959793744926,0.43986394504725923,0.01344562540316933
matern52,920,D600,D600|78|0,1.541695288,1.5469113140965898,0.4362602422789799,0.010694012780118722
matern52,921,D600,D600|78|0,1.550522448,1.5469474205829516,0.4362835830255749,0.010846127184878056
matern52,922,D600,D600|78|0,1.543662144,1.5483284655699907,0.43717593971976243,0.01080986696258169
matern52,923,D800,D800|78|0,1.54433342,1.5449872391590322,0.43501565087160726,0.01020737884311083
matern52,924,D800,D800|78|0,1.539910547,1.5451415064717344,0.4351154961049482,0.010254973320617162
matern52,925,D800,D800|78|0,1.545442519,1.5447567898048722,0.4348664803562332,0.01019683405303874
matern52,926,D800,D800|78|0,1.539417335,1.5447114880089718,0.4348371537590132,0.010189712445811148
matern52,927,D800,D800|78|0,1.54238931,1.5449989545550347,0.4350232336860718,0.01019725724333229
matern52,928,S50,S50|78|0,1.548807985,1.547825370193729,0.4368509588516427,0.019437186953322073
matern52,929,S50,S50|78|0,1.540683399,1.5463416300803474,0.43589190251953297,0.019427681335472832
matern52,930,S50,S50|78|0,1.556520847,1.5467886091615424,0.4361809165924843,0.01948199536283819
matern52,931,S50,S50|78|0,1.543026865,1.5475881254900812,0.43669767096009393,0.01936963458231792
matern52,932,S50,S50|78|0,1.533543839,1.5519573800585182,0.43951696008145746,0.01976918022527432
matern52,933,S100,S100|78|0,1.544624216,1.5442409357772384,0.4345324859164464,0.011365427027398055
matern52,934,S100,S100|78|0,1.556176022,1.5440789635838743,0.434427592512401,0.011426808615182466
matern52,935,S100,S100|78|0,1.552243065,1.5435001278177602,0.4340526477704138,0.011650408843419448
matern52,936,S100,S100|78|0,1.550063034,1.5445683766986937,0.4347445034866857,0.011340020548512467
matern52,937,S100,S100|78|0,1.562998247,1.5446022306460234,0.43476642130970955,0.0113776586638749
matern52,938,S200,S200|78|0,1.538695512,1.5481290266943701,0.4370471222718275,0.010486210624893718
matern52,939,S200,S200|78|0,1.535105888,1.5476593392726408,0.43674368588031137,0.010439242281603901
matern52,940,S200,S200|78|0,1.544362492,1.547953943510122,0.43693402247048513,0.01044462612965726
matern52,941,S200,S200|78|0,1.539243373,1.5481291117746132,0.43704717722864256,0.010473570677480932
matern52,942,S200,S200|78|0,1.542617125,1.5477239664755378,0.43678544303703337,0.01050031845055776
matern52,943,S400,S400|78|0,1.545529317,1.5440458929211756,0.4344061745553969,0.010300396339766926
matern52,944,S400,S400|78|0,1.546372452,1.5438525542435075,0.43428095108627773,0.010454778307933016
matern52,945,S400,S400|78|0,1.553085785,1.5616030518650483,0.4457128909941002,0.024298852046834032
matern52,946,S400,S400|78|0,1.547268342,1.5439856668083962,0.43436716840431194,0.010378223128173152
matern52,947,S400,S400|78|0,1.552784765,1.5439789927851792,0.4343628458009452,0.010292323958113475
matern52,948,S600,S600|78|0,1.540318569,1.5444705868844884,0.4346811894169114,0.010852880290063463
matern52,949,S600,S600|78|0,1.54364548,1.5427578721143245,0.4335716408566928,0.01509771586855545
matern52,950,S600,S600|78|0,1.548861287,1.54351354720187,0.43406134185830747,0.012057027247963608
matern52,951,S600,S600|78|0,1.544459836,1.5446293679080374,0.4347839902495245,0.010533135941100025
matern52,952,S600,S600|78|0,1.556102788,1.5438216218630896,0.4342609150470749,0.011683166838389963
matern52,953,S800,S800|78|0,1.559235426,1.5450775628158784,0.43507411155943115,0.011273613674966192
matern52,954,S800,S800|78|0,1.544798773,1.5451395756217912,0.43511424647755703,0.011101662108725157
matern52,955,S800,S800|78|0,1.559736863,1.545206432224074,0.43515751451429036,0.011053780733350818
matern52,956,S800,S800|78|0,1.545674012,1.5456401619613842,0.43543816884438447,0.011007175792613035
matern52,957,S800,S800|78|0,1.527674983,1.5453867118577747,0.43527417796722684,0.011096695730609417
matern52,958,D50,D50|78|1,1.861633919,1.8674701186263876,0.6245846371612868,0.035940952661477406
matern52,959,D50,D50|78|1,1.858298087,1.8719865095476995,0.6270001715912391,0.03310435735116542
matern52,960,D50,D50|78|1,1.866432645,1.857214896297111,0.6190779979677276,0.035812587314970425
matern52,961,D50,D50|78|1,1.858334491,1.8703011600241377,0.6260994660408856,0.0331298419027379
matern52,962,D50,D50|78|1,1.842270226,1.8738709856442404,0.6280063370729435,0.03325794836210627
matern52,963,D100,D100|78|1,1.841506621,1.8213783998988144,0.5995935770161551,0.016723207539861933
matern52,964,D100,D100|78|1,1.843976596,1.824268077781079,0.6011788533204414,0.01683928627947246
matern52,965,D100,D100|78|1,1.851759894,1.8245292275599676,0.6013219962563082,0.0166600431617847
matern52,966,D100,D100|78|1,1.838969233,1.834346953644813,0.6066885345926375,0.01720911731425364
matern52,967,D100,D100|78|1,1.836763694,1.825014775516767,0.6015880831752519,0.016729327216762225
matern52,968,D200,D200|78|1,1.828959327,1.8298694501175194,0.6042446255750051,0.01265119063327271
matern52,969,D200,D200|78|1,1.829062221,1.8293677464063762,0.6039704133896002,0.01265293648463503
matern52,970,D200,D200|78|1,1.82885645,1.8292521474522234,0.6039072207336016,0.012662016717927752
matern52,971,D200,D200|78|1,1.842479042,1.828938595933218,0.603735796364689,0.0127816911896286
matern52,972,D200,D200|78|1,1.838641851,1.8294512701976926,0.604016069537637,0.012702970414331211
matern52,973,D400,D400|78|1,1.836794382,1.8257276771716369,0.6019786347812172,0.010940859346356926
matern52,974,D400,D400|78|1,1.844766925,1.826161635125833,0.6022162969440749,0.01081362295388219
matern52,975,D400,D400|78|1,1.850348254,1.825133583863898,0.601653180993464,0.010816893829635292
matern52,976,D400,D400|78|1,1.834540582,1.8233552311547752,0.6006783374677631,0.010835202621352742
matern52,977,D400,D400|78|1,1.843996508,1.8259066814483125,0.6020766754168555,0.010679477554389066
matern52,978,D600,D600|78|1,1.809627456,1.814178863071329,0.5956329483047571,0.010745575841200394
matern52,979,D600,D600|78|1,1.819273655,1.8256849008041502,0.6019552047433483,0.010703058897523633
matern52,980,D600,D600|78|1,1.815949651,1.822657400519555,0.6002955463398999,0.010520358560442544
matern52,981,D600,D600|78|1,1.821722597,1.824058510333852,0.6010639691715607,0.010292670650664299
matern52,982,D600,D600|78|1,1.816334794,1.825689834380357,0.6019579070549785,0.010299205035987441
matern52,983,D800,D800|78|1,1.784705458,1.8173928583499008,0.5974029786741073,0.010315230435191733
matern52,984,D800,D800|78|1,1.793779733,1.8173277545243738,0.5973671553839741,0.010209702401661688
matern52,985,D800,D800|78|1,1.822903868,1.8158603039070418,0.596559352058889,0.010291313879876985
matern52,986,D800,D800|78|1,1.802357094,1.8099591850305548,0.5933042953166101,0.010351697051986245
matern52,987,D800,D800|78|1,1.813384683,1.822219541588253,0.600055286413234,0.010197089179819098
matern52,988,S50,S50|78|1,1.831227016,1.8130318250263,0.5950004854114224,0.0185359803828657
matern52,989,S50,S50|78|1,1.846071835,1.8117745857390823,0.5943067990761196,0.018430216356066623
matern52,990,S50,S50|78|1,1.828786354,1.8130767279476157,0.5950252518632051,0.018867157281629375
matern52,991,S50,S50|78|1,1.827511566,1.8142734402592184,0.5956850791748938,0.018694304033607886
matern52,992,S50,S50|78|1,1.819777763,1.8144038672488387,0.5957569659692398,0.018459199588296803
matern52,993,S100,S100|78|1,1.811594519,1.8210293488108702,0.5994019174804337,0.011326184379196328
matern52,994,S100,S100|78|1,1.818458589,1.8231110994530897,0.6005444370392847,0.011321961187914491
matern52,995,S100,S100|78|1,1.80407353,1.824074260074769,0.6010726035836877,0.011339731953390405
matern52,996,S100,S100|78|1,1.818628157,1.8212663456670302,0.5995320534586047,0.011331835670226876
matern52,997,S100,S100|78|1,1.809708774,1.8209301182268136,0.5993474245158749,0.011334844431115626
matern52,998,S200,S200|78|1,1.810675917,1.8111328595183456,0.5939525387274108,0.010369256063087952
matern52,999,S200,S200|78|1,1.801129455,1.8082884550204483,0.5923807929502414,0.010443091643791471
matern52,1000,S200,S200|78|1,1.819134646,1.8092417297354686,0.5929078236526265,0.010399365822297058
matern52,1001,S200,S200|78|1,1.808303844,1.8094786234582902,0.5930387504444417,0.010399876712418009
matern52,1002,S200,S200|78|1,1.815022468,1.8103121144646657,0.5934992693426054,0.01050741475124636
matern52,1003,S400,S400|78|1,1.799772023,1.8072058866026321,0.5917819434719248,0.010291328598658452
matern52,1004,S400,S400|78|1,1.807563313,1.8056430855256291,0.5909168084017717,0.0103809701001697
matern52,1005,S400,S400|78|1,1.803653703,1.8056033949534873,0.59089482675507,0.010335157357014704
matern52,1006,S400,S400|78|1,1.808822638,1.8076884007340754,0.5920489023901976,0.010329716282162187
matern52,1007,S400,S400|78|1,1.80385226,1.811583673907976,0.5942014206853548,0.010308138520621863
matern52,1008,S600,S600|78|1,1.819705197,1.7984676286826025,0.5869349849271153,0.010444159810146254
matern52,1009,S600,S600|78|1,1.818966939,1.8003775330714984,0.5879963835049123,0.010425339037470898
matern52,1010,S600,S600|78|1,1.824045849,1.8028137060005698,0.589348614423922,0.01041337617837293
matern52,1011,S600,S600|78|1,1.815561419,1.8022796038935056,0.5890523102425539,0.010444406503389821
matern52,1012,S600,S600|78|1,1.81652825,1.804429273360251,0.5902443497414177,0.010525141673367272
matern52,1013,S800,S800|78|1,1.817894711,1.8104936539317256,0.5935995450706196,0.010862293891649638
matern52,1014,S800,S800|78|1,1.809453289,1.8088924447975836,0.5927147490334326,0.01086603852319153
matern52,1015,S800,S800|78|1,1.801825915,1.8068284126732348,0.5915730500860232,0.010871763899992233
matern52,1016,S800,S800|78|1,1.802967307,1.8072708229033194,0.5918178747039747,0.01105164935963615
matern52,1017,S800,S800|78|1,1.796182709,1.8116248751887343,0.5942241636658936,0.010860331889806016
matern52,1018,D50,D50|78|2,2.048716118,2.005590891003924,0.6959387260705816,0.04523954857372919
matern52,1019,D50,D50|78|2,2.027640154,2.035755011450316,0.710866763083953,0.03395254634113367
matern52,1020,D50,D50|78|2,2.075518832,1.9974629302883262,0.6918778404326862,0.04472558892706314
matern52,1021,D50,D50|78|2,2.072316368,1.9972521416296645,0.6917723066686693,0.04577808126728157
matern52,1022,D50,D50|78|2,2.058495049,2.0014023366111933,0.6938481031618919,0.04977735244281186
matern52,1023,D100,D100|78|2,1.970485404,1.9556332770834768,0.6707140678812579,0.01633785342674638
matern52,1024,D100,D100|78|2,1.977013669,1.9529750758762097,0.6693538898449607,0.016332202986437918
matern52,1025,D100,D100|78|2,1.978128464,1.9526400869361857,0.669182347628495,0.016327859411508938
matern52,1026,D100,D100|78|2,1.972137944,1.9505847913322958,0.6681292206076617,0.016330556190496146
matern52,1027,D100,D100|78|2,1.962600245,1.9499925540883825,0.6678255541521512,0.016328557942997715
matern52,1028,D200,D200|78|2,1.975250671,1.9708219407257954,0.6784506845289864,0.012344497228723501
matern52,1029,D200,D200|78|2,1.981161733,1.964792342582397,0.6753865616617873,0.012508245178874031
matern52,1030,D200,D200|78|2,1.964957492,1.9717236414982087,0.6789081051316553,0.012331177880202503
matern52,1031,D200,D200|78|2,1.960153436,1.9931354141968496,0.6897089838281015,0.012444116094308174
matern52,1032,D200,D200|78|2,1.942723807,2.0045720848273882,0.6954306139541439,0.013432911526157108
matern52,1033,D400,D400|78|2,1.959613803,1.9578496548507944,0.6718467560993137,0.010644562300250564
matern52,1034,D400,D400|78|2,1.961783202,1.9595389580265619,0.6727092200759174,0.010703116692678162
matern52,1035,D400,D400|78|2,1.984038462,1.9657801068499827,0.6758891674786687,0.010705067372650715
matern52,1036,D400,D400|78|2,2.012992775,1.9819395492852785,0.6840759355866008,0.011069253753965409
matern52,1037,D400,D400|78|2,1.998116771,1.9866763405352486,0.6864630617942304,0.012222056125073414
matern52,1038,D600,D600|78|2,1.951705064,1.966555756537089,0.6762836656721661,0.010287141990103757
matern52,1039,D600,D600|78|2,1.947197559,1.9682348493866293,0.6771371255482431,0.010228104530361607
matern52,1040,D600,D600|78|2,1.954218438,1.9647598362885907,0.6753700171333895,0.010249222087572129
matern52,1041,D600,D600|78|2,1.954750676,1.9676184843750084,0.6768239202713228,0.010251901554975669
matern52,1042,D600,D600|78|2,1.969541654,1.9807214284782735,0.6834611361615635,0.010305517201883392
matern52,1043,D800,D800|78|2,1.958691803,1.9326507110670563,0.6588924860541171,0.010677868583470737
matern52,1044,D800,D800|78|2,1.939747135,1.9305411696361556,0.6578003623876149,0.01048676841798822
matern52,1045,D800,D800|78|2,1.935442189,1.9461406726982224,0.6658482692797354,0.010266269964805461
matern52,1046,D800,D800|78|2,1.972016693,1.957266342804078,0.6715487766517663,0.010296388194492698
matern52,1047,D800,D800|78|2,1.984965003,1.9650418524758904,0.6755135440643235,0.010218910998281545
matern52,1048,S50,S50|78|2,1.973547647,1.947307759838317,0.666447782639305,0.019217212270486946
matern52,1049,S50,S50|78|2,1.977099328,1.9427134460333975,0.6640856793509418,0.01727729870666563
matern52,1050,S50,S50|78|2,1.971799243,1.9408804989716304,0.6631417355587617,0.017286487803535984
matern52,1051,S50,S50|78|2,1.965956881,1.9419577473978642,0.6636966123707846,0.017277776349290924
matern52,1052,S50,S50|78|2,1.966607202,1.940073655541156,0.6627259391283088,0.01729206634602508
matern52,1053,S100,S100|78|2,1.953922335,1.9736475060387886,0.6798833566966523,0.01118154128083777
matern52,1054,S100,S100|78|2,1.967330539,1.973663473716423,0.6798914471043838,0.011177076749752544
matern52,1055,S100,S100|78|2,1.959074643,1.9709175319416923,0.6784991865756479,0.011185162221854648
matern52,1056,S100,S100|78|2,1.966565981,1.970693309032616,0.6783854143549166,0.01121285096826838
matern52,1057,S100,S100|78|2,1.955034403,1.9681882464413876,0.6771134477351071,0.01118466543143672
matern52,1058,S200,S200|78|2,1.969323837,1.9703907288693752,0.678231862610815,0.010520284149713632
matern52,1059,S200,S200|78|2,1.981766088,1.9709561985704878,0.678518804976155,0.010570969447300025
matern52,1060,S200,S200|78|2,1.971328348,1.9614078698797175,0.6736625163468023,0.010439021857477877
matern52,1061,S200,S200|78|2,1.955312941,1.9617032389531788,0.6738130953468996,0.01036455642858743
matern52,1062,S200,S200|78|2,1.967573296,1.9598974231833346,0.6728921367623526,0.010379833838203047
matern52,1063,S400,S400|78|2,1.960705784,1.9557346898516859,0.6707659232776763,0.010326265321256032
matern52,1064,S400,S400|78|2,1.957890055,1.9568068495633473,0.6713139863347443,0.010374199973318137
matern52,1065,S400,S400|78|2,1.949374428,1.9530843453441598,0.6694098385422002,0.010259943128000434
matern52,1066,S400,S400|78|2,1.961315049,1.9511307845915955,0.668409094038843,0.010340223594250615
matern52,1067,S400,S400|78|2,1.956350003,1.9543880508730769,0.6700771269809129,0.010271692467285926
matern52,1068,S600,S600|78|2,1.952490208,1.9524217236246677,0.6690705115949884,0.010641941914588815
matern52,1069,S600,S600|78|2,1.945341136,1.9503960643680673,0.6680324618839679,0.010471430624470243
matern52,1070,S600,S600|78|2,1.945316352,1.9490965115921046,0.6673659378176906,0.01041378132441689
matern52,1071,S600,S600|78|2,1.946777397,1.9500470259259886,0.6678534881443541,0.010405903494905173
matern52,1072,S600,S600|78|2,1.941493302,1.9496855556516954,0.6676681060609589,0.010405997936793072
matern52,1073,S800,S800|78|2,1.938492808,1.9462055427667229,0.6658816013961072,0.011002609436821804
matern52,1074,S800,S800|78|2,1.920010403,1.9438247650124565,0.6646575605207646,0.01111083565410313
matern52,1075,S800,S800|78|2,1.936963931,1.9449682784963365,0.66524566768103,0.011321158903945269
matern52,1076,S800,S800|78|2,1.934103721,1.944101384639586,0.6647998572707279,0.011513856394963145
matern52,1077,S800,S800|78|2,1.956494024,1.9446126879775818,0.6650628250957693,0.011424876955186838
matern52,1078,D50,D50|78|3,2.173824888,2.1923404051011652,0.7849696513268346,0.03703191792598654
matern52,1079,D50,D50|78|3,2.183314693,2.1902583038872994,0.7840194838537133,0.036590543786081134
matern52,1080,D50,D50|78|3,2.208895721,2.1938089678873354,0.7856392878194225,0.04063630249948873
matern52,1081,D50,D50|78|3,2.207947518,2.1812771962877897,0.77991057510304,0.035652408099368454
matern52,1082,D50,D50|78|3,2.204059039,2.1930994009027973,0.7853157948576027,0.03769636354998113
matern52,1083,D100,D100|78|3,2.110443847,2.0602231003096674,0.7228142780585444,0.017003986603652745
matern52,1084,D100,D100|78|3,2.110474752,2.083362069777671,0.7339829684783531,0.016358127776213958
matern52,1085,D100,D100|78|3,2.116896351,2.0926761197313137,0.7384436869752726,0.016460453499874763
matern52,1086,D100,D100|78|3,2.13463104,2.092288017530792,0.7382582124101843,0.016501452586585724
matern52,1087,D100,D100|78|3,2.11252368,2.0911919891574393,0.7377342331409267,0.01635654117388159
matern52,1088,D200,D200|78|3,2.117708297,2.1107536046571522,0.7470450423273085,0.01222543869855347
matern52,1089,D200,D200|78|3,2.109405472,2.105420615453098,0.7445152644909097,0.012299727744354293
matern52,1090,D200,D200|78|3,2.100518085,2.1041509318536518,0.743912027974471,0.012261449601882714
matern52,1091,D200,D200|78|3,2.117438459,2.10861164393284,0.7460297422610114,0.012234613060441268
matern52,1092,D200,D200|78|3,2.134237176,2.1341640093963625,0.7580750053135742,0.012105285896247533
matern52,1093,D400,D400|78|3,2.109788548,2.134080335671496,0.7580357977527539,0.010576346529803724
matern52,1094,D400,D400|78|3,2.13076654,2.1305839947567153,0.7563961180840988,0.01057633160833332
matern52,1095,D400,D400|78|3,2.158121598,2.146500040989584,0.7638386277784873,0.010874377809028175
matern52,1096,D400,D400|78|3,2.149065463,2.152817384419267,0.7667773956577401,0.010777828359905192
matern52,1097,D400,D400|78|3,2.143923119,2.15374130162802,0.7672064701416994,0.010913241741180357
matern52,1098,D600,D600|78|3,2.124680917,2.113926358634639,0.7485470517583381,0.010228473697907716
matern52,1099,D600,D600|78|3,2.099230499,2.1117433607962437,0.7475138436859908,0.01027667213494573
matern52,1100,D600,D600|78|3,2.120016659,2.1163288638554643,0.7496829196210433,0.010227980981485441
matern52,1101,D600,D600|78|3,2.116318793,2.1241376803067693,0.7533659225155956,0.010713721811621297
matern52,1102,D600,D600|78|3,2.121924309,2.1283751551176078,0.7553588506394379,0.01051863711239365
matern52,1103,D800,D800|78|3,2.078791987,2.0749635485095634,0.7299435865450175,0.010546427222250495
matern52,1104,D800,D800|78|3,2.120605244,2.094934778479034,0.739522420898576,0.010208576032447304
matern52,1105,D800,D800|78|3,2.132835138,2.110285261596105,0.7468231334191895,0.010435545405055204
matern52,1106,D800,D800|78|3,2.088280708,2.1040949544223695,0.7438854242859991,0.01018211509190954
matern52,1107,D800,D800|78|3,2.082623381,2.096958487875051,0.7404879557653525,0.010200136536835986
matern52,1108,S50,S50|78|3,2.13105359,2.0864417775363187,0.7354601162922083,0.021182240131943992
matern52,1109,S50,S50|78|3,2.125737217,2.086084439564957,0.7352888349371527,0.021197904541798006
matern52,1110,S50,S50|78|3,2.127780473,2.083690774407917,0.7341407320792571,0.01982195052133614
matern52,1111,S50,S50|78|3,2.115058345,2.0968636121062008,0.7404427102749122,0.019708631465609083
matern52,1112,S50,S50|78|3,2.120433061,2.095134200438318,0.7396176088109652,0.018988581509848425
matern52,1113,S100,S100|78|3,2.10025556,2.109536505456322,0.7464682576974292,0.01134214752418585
matern52,1114,S100,S100|78|3,2.092586996,2.112685563510576,0.7479599171064877,0.011314022736037994
matern52,1115,S100,S100|78|3,2.097468661,2.1124567472248166,0.7478516053531054,0.011317679423617506
matern52,1116,S100,S100|78|3,2.083759863,2.1075853343550324,0.7455429008713116,0.01142156176142935
matern52,1117,S100,S100|78|3,2.090691433,2.111429772647371,0.7473653353774087,0.011330643255078035
matern52,1118,S200,S200|78|3,2.095038662,2.1022060819367563,0.7429873085323945,0.01041116717896237
matern52,1119,S200,S200|78|3,2.095806206,2.0885098429933127,0.7364508178926645,0.010368253930667294
matern52,1120,S200,S200|78|3,2.102775437,2.0786992219861777,0.731742324040207,0.01054454608661254
matern52,1121,S200,S200|78|3,2.069632317,2.0775698932745144,0.7311988901536429,0.01058133476211201
matern52,1122,S200,S200|78|3,2.102405588,2.0785668247060145,0.7316786296416666,0.010552347000098996
matern52,1123,S400,S400|78|3,2.104027112,2.0936570909015972,0.738912341111903,0.010267910281117603
matern52,1124,S400,S400|78|3,2.117542431,2.0912627449499364,0.73776806771751,0.010256401337321542
matern52,1125,S400,S400|78|3,2.103087168,2.092976194836971,0.7385870696949156,0.010262669823111416
matern52,1126,S400,S400|78|3,2.089959666,2.091421933633499,0.7378441856636963,0.010283901248091991
matern52,1127,S400,S400|78|3,2.102186006,2.0917218818236654,0.737987593685946,0.01025874791692796
matern52,1128,S600,S600|78|3,2.087092666,2.0910392048963624,0.7376611696233659,0.010407847007453334
matern52,1129,S600,S600|78|3,2.08206794,2.091085726421998,0.7376834174167253,0.010409598361774785
matern52,1130,S600,S600|78|3,2.097250237,2.094493733539422,0.7393118695357942,0.010400542687144219
matern52,1131,S600,S600|78|3,2.113023395,2.091852104787105,0.7380498480951658,0.010403531019672113
matern52,1132,S600,S600|78|3,2.105152683,2.088673836720908,0.7365293366939689,0.010428522145962002
matern52,1133,S800,S800|78|3,2.055897074,2.088609513250112,0.7364985398983425,0.010993031788138328
matern52,1134,S800,S800|78|3,2.081431625,2.0867784557275684,0.7356214680412949,0.012046621456017944
matern52,1135,S800,S800|78|3,2.075425638,2.085779281864869,0.7351425417113865,0.011654537883832597
matern52,1136,S800,S800|78|3,2.073550491,2.0870719923961634,0.7357621231379388,0.011808764692863235
matern52,1137,S800,S800|78|3,2.050699731,2.0871950488912665,0.7358210827080484,0.012565535301450778
matern52,1138,D50,D50|78|3,2.296855612,2.238438924121159,0.8057787140385919,0.055460780258161764
matern52,1139,D50,D50|78|3,2.28927411,2.2581238890466184,0.8145343309391841,0.049204015258008466
matern52,1140,D50,D50|78|3,2.265432391,2.2658285354806496,0.8179404913759392,0.04427287422493083
matern52,1141,D50,D50|78|3,2.309014532,2.239904706371347,0.8064333231635146,0.05594673608360298
matern52,1142,D50,D50|78|3,2.323146548,2.2380772319114626,0.8056171186381169,0.05713590004719471
matern52,1143,D100,D100|78|4,2.172610234,2.1504165164352074,0.7656615519511294,0.017861794351569565
matern52,1144,D100,D100|78|4,2.167009878,2.157166652071373,0.7687956254662907,0.01748169577940707
matern52,1145,D100,D100|78|4,2.155731334,2.146829518235646,0.7639921111028692,0.017872354920675
matern52,1146,D100,D100|78|4,2.160182521,2.1552731948242627,0.7679174880610129,0.017580143682287788
matern52,1147,D100,D100|78|4,2.171657899,2.1510862420428594,0.7659729434115876,0.017417147052882085
matern52,1148,D200,D200|78|4,2.194175268,2.2350138743674943,0.804247435816955,0.01245711756455378
matern52,1149,D200,D200|78|4,2.227146471,2.2289126139684203,0.8015138494936502,0.012839825964620119
matern52,1150,D200,D200|78|4,2.219782185,2.2290839356848586,0.8015907099015105,0.012763773031718589
matern52,1151,D200,D200|78|4,2.209961444,2.2372936156984813,0.8052669281186393,0.012558340324314675
matern52,1152,D200,D200|78|4,2.223157782,2.2264496090340464,0.8004082131561323,0.012668821659175733
matern52,1153,D400,D400|78|4,2.208759938,2.2165938550846094,0.7959717181299164,0.010741171192434304
matern52,1154,D400,D400|78|4,2.215521349,2.217321123894433,0.796299766285911,0.010727039501308086
matern52,1155,D400,D400|78|4,2.21109678,2.2152007330221366,0.7953430237801835,0.01077876635752494
matern52,1156,D400,D400|78|4,2.238669537,2.2376195677193933,0.8054126078259894,0.010867815728454468
matern52,1157,D400,D400|78|4,2.277323367,2.247317643456922,0.8097373465665502,0.011327763225888892
matern52,1158,D600,D600|78|4,2.215719494,2.202149832018333,0.7894340795906829,0.010188516486501698
matern52,1159,D600,D600|78|4,2.228725024,2.1943297034719342,0.7858766256184496,0.010233270551007046
matern52,1160,D600,D600|78|4,2.259070385,2.2163829040244907,0.795876544583227,0.010251260833046526
matern52,1161,D600,D600|78|4,2.23342589,2.194567463991172,0.7859849719799151,0.01034298254052369
matern52,1162,D600,D600|78|4,2.171001568,2.237056021215543,0.8051607252053931,0.02178911040940795
matern52,1163,D800,D800|78|4,2.175697215,2.1986139644665204,0.787827145669118,0.01015416389771629
matern52,1164,D800,D800|78|4,2.183416165,2.22162342317622,0.7982382003363175,0.01051222753302225
matern52,1165,D800,D800|78|4,2.236248929,2.2097120985097605,0.7928622348759764,0.01072631189370639
matern52,1166,D800,D800|78|4,2.214218214,2.2025764209706606,0.7896277756022668,0.010154666852337544
matern52,1167,D800,D800|78|4,2.177187795,2.2007513245804207,0.7887988132355215,0.010147705345400746
matern52,1168,S50,S50|78|4,2.222032953,2.1571555420606883,0.7687904751737603,0.020716366239043858
matern52,1169,S50,S50|78|4,2.214924375,2.158795309538064,0.7695503390427697,0.01970944007389368
matern52,1170,S50,S50|78|4,2.215731321,2.157357797447641,0.7688842310026038,0.020622736329297627
matern52,1171,S50,S50|78|4,2.19161935,2.159727382107784,0.7699820017435335,0.019981317626837643
matern52,1172,S50,S50|78|4,2.203313428,2.159873925502735,0.770049852169798,0.021134024773412592
matern52,1173,S100,S100|78|4,2.14918061,2.1654449852891573,0.7726258762651643,0.011962895489875256
matern52,1174,S100,S100|78|4,2.155837945,2.171969132515771,0.7756341904217956,0.011932861385358137
matern52,1175,S100,S100|78|4,2.162778819,2.170051464772273,0.7747508837560553,0.012145559933121122
matern52,1176,S100,S100|78|4,2.148500592,2.1732953526149945,0.7762446113271019,0.011769222164736614
matern52,1177,S100,S100|78|4,2.142818588,2.1717604438533535,0.7755381031037851,0.011780278257833988
matern52,1178,S200,S200|78|4,2.206816048,2.191532193031281,0.7846009307215028,0.010429507675257849
matern52,1179,S200,S200|78|4,2.196338291,2.192884802825709,0.7852179385647883,0.010507211618495459
matern52,1180,S200,S200|78|4,2.191421843,2.1890164802141854,0.7834523471620821,0.010386541292223946
matern52,1181,S200,S200|78|4,2.189803313,2.192769153042874,0.7851651985246367,0.01042551721088907
matern52,1182,S200,S200|78|4,2.18060903,2.1955376526363235,0.7864269607866391,0.01063023795048459
matern52,1183,S400,S400|78|4,2.226271571,2.1675781291019676,0.7736104747447129,0.0102891031461638
matern52,1184,S400,S400|78|4,2.213920664,2.1700523878948,0.7747513091479622,0.010257371453645331
matern52,1185,S400,S400|78|4,2.188920086,2.1723313454285433,0.7758009435805381,0.01025415434012995
matern52,1186,S400,S400|78|4,2.195478145,2.172949523092109,0.776085471870626,0.010246719830213661
matern52,1187,S400,S400|78|4,2.199391193,2.1720471089889988,0.7756700910579356,0.010253638108484113
matern52,1188,S600,S600|78|4,2.189764122,2.1940816363136615,0.7857635700549076,0.010669786268392966
matern52,1189,S600,S600|78|4,2.174324856,2.19421653921045,0.7858250530678821,0.010682213080040798
matern52,1190,S600,S600|78|4,2.171721222,2.1915337042357157,0.7846016202865104,0.010605183482559658
matern52,1191,S600,S600|78|4,2.179246712,2.1939489600409185,0.7857030981553298,0.010825644043314361
matern52,1192,S600,S600|78|4,2.180835264,2.1926782874015833,0.7851237589030073,0.010584878721088037
matern52,1193,S800,S800|78|4,2.170123198,2.1829438324603077,0.7806743477179274,0.011016722994602768
matern52,1194,S800,S800|78|4,2.144811587,2.1804291986067743,0.7795217375175058,0.011154512379450941
matern52,1195,S800,S800|78|4,2.141743393,2.181702469036088,0.7801055211180422,0.011079061191050723
matern52,1196,S800,S800|78|4,2.131005724,2.178680797623682,0.7787195549259394,0.011295059553781038
matern52,1197,S800,S800|78|4,2.147763194,2.178277132950698,0.7785342583586687,0.011235599721614753
matern52,1198,D50,D50|91|0,1.474887956,1.5395913348914718,0.4315170142559077,0.04050098825835768
matern52,1199,D50,D50|91|0,1.486720847,1.5462847243535873,0.4358551016129605,0.044078662277921836
matern52,1200,D50,D50|91|0,1.47655687,1.5296087957582953,0.4250120136634609,0.03643845190912505
matern52,1201,D50,D50|91|0,1.470630924,1.5312888849375244,0.4261097892333856,0.03653452701904325
matern52,1202,D50,D50|91|0,1.469018895,1.5290545598100937,0.42464960963932497,0.03599052103992055
matern52,1203,D100,D100|91|0,1.51890701,1.4924259662213917,0.400402961182543,0.01776121954814261
matern52,1204,D100,D100|91|0,1.499253844,1.4883622415683295,0.3976763486979255,0.018273216179297933
matern52,1205,D100,D100|91|0,1.505115183,1.4895117844342276,0.3984484048110861,0.018035990368420775
matern52,1206,D100,D100|91|0,1.498529419,1.4868183458659883,0.3966384985267839,0.018606580948203263
matern52,1207,D100,D100|91|0,1.487426062,1.4814694441461316,0.3930344628752364,0.019447611397032823
matern52,1208,D200,D200|91|0,1.496959188,1.4946710155416547,0.4019061261327904,0.012948057620765507
matern52,1209,D200,D200|91|0,1.512561412,1.494148871974078,0.40155672831523076,0.012903001248587337
matern52,1210,D200,D200|91|0,1.49550738,1.4931781936581165,0.4009068641866655,0.012846174777670293
matern52,1211,D200,D200|91|0,1.499524673,1.4977378624610094,0.40395587810062783,0.0131655419450273
matern52,1212,D200,D200|91|0,1.507948275,1.49435264036245,0.40169309658397456,0.012986167391054819
matern52,1213,D400,D400|91|0,1.480943664,1.4721576379268808,0.3867291055557899,0.01080507009796642
matern52,1214,D400,D400|91|0,1.488196875,1.4733364706815204,0.38752953684107627,0.010808213368007216
matern52,1215,D400,D400|91|0,1.495449395,1.4823113173551243,0.393602570504904,0.01093576437669065
matern52,1216,D400,D400|91|0,1.489649011,1.4933859142804478,0.4010459675945675,0.012268409394946158
matern52,1217,D400,D400|91|0,1.488574134,1.4889768125053986,0.3980891810523439,0.011490844115782911
matern52,1218,D600,D600|91|0,1.454631794,1.4691567418088542,0.38468859116539555,0.010998627342140214
matern52,1219,D600,D600|91|0,1.449676887,1.469867891280961,0.38517252687520837,0.010616346935606613
matern52,1220,D600,D600|91|0,1.464974381,1.4686858976367396,0.38436805379567807,0.010948988753343712
matern52,1221,D600,D600|91|0,1.454164751,1.4686594406151483,0.384350039555917,0.011202180262490561
matern52,1222,D600,D600|91|0,1.463072572,1.4815515428276125,0.3930898784000422,0.010531515793382481
matern52,1223,D800,D800|91|0,1.471779432,1.486049453460503,0.3961212253249255,0.011132617008257186
matern52,1224,D800,D800|91|0,1.476235518,1.4847080126923164,0.39521812847192306,0.010919546806274959
matern52,1225,D800,D800|91|0,1.473976524,1.4901572844783024,0.3988816744388495,0.013382015160399769
matern52,1226,D800,D800|91|0,1.46374932,1.4827091512803685,0.3938709220605441,0.010617504723089073
matern52,1227,D800,D800|91|0,1.457317453,1.455388384854731,0.3752727961753057,0.011089946543285954
matern52,1228,S50,S50|91|0,1.464285745,1.4909141763545457,0.39938947299547717,0.024924168119703837
matern52,1229,S50,S50|91|0,1.46329805,1.487801422100412,0.39729947461576287,0.024671487602882822
matern52,1230,S50,S50|91|0,1.456338684,1.4859231184336217,0.39603620769848286,0.024237827497861766
matern52,1231,S50,S50|91|0,1.474668071,1.480051595722406,0.3920769491429579,0.023297778327985373
matern52,1232,S50,S50|91|0,1.471097952,1.4741474990071737,0.3880798559298056,0.02248634406968668
matern52,1233,S100,S100|91|0,1.442874313,1.4647784372971262,0.38170399369166536,0.013884477872316869
matern52,1234,S100,S100|91|0,1.45146606,1.4670991265090612,0.38328706777718985,0.013186064538977887
matern52,1235,S100,S100|91|0,1.454374894,1.4683290386504,0.38412504584656165,0.012719920185116649
matern52,1236,S100,S100|91|0,1.456256666,1.4657398904691632,0.38236015966573467,0.013440514914751438
matern52,1237,S100,S100|91|0,1.452714446,1.4669129790413002,0.3831601784111518,0.01306426569800008
matern52,1238,S200,S200|91|0,1.470202477,1.4666502947505489,0.38298108952372234,0.010477724717381202
matern52,1239,S200,S200|91|0,1.483981407,1.479167452192461,0.39147939719297536,0.01119340517245903
matern52,1240,S200,S200|91|0,1.481539669,1.4725034987657362,0.38696401261258906,0.010643550442599492
matern52,1241,S200,S200|91|0,1.480093475,1.4715269946796223,0.38630063353136085,0.010585149485257715
matern52,1242,S200,S200|91|0,1.481454481,1.472259728765171,0.3867984509138808,0.010648560121548883
matern52,1243,S400,S400|91|0,1.485518466,1.470172623388177,0.38537982477249016,0.010425602442316934
matern52,1244,S400,S400|91|0,1.497415762,1.4662304116677751,0.38269476141994135,0.010321071725580602
matern52,1245,S400,S400|91|0,1.487051311,1.4667916588770764,0.38307747058656366,0.01034675643875795
matern52,1246,S400,S400|91|0,1.496107801,1.465185411985016,0.38198179554277484,0.010325832365052124
matern52,1247,S400,S400|91|0,1.476622947,1.4673092960788185,0.3834303127109891,0.010377801119599652
matern52,1248,S600,S600|91|0,1.466414868,1.4685065184648776,0.384245910505983,0.010509532883714102
matern52,1249,S600,S600|91|0,1.459969508,1.4681194042382637,0.3839822649215294,0.010497343806412474
matern52,1250,S600,S600|91|0,1.450253824,1.4643930914119796,0.3814408845609143,0.01072029162560225
matern52,1251,S600,S600|91|0,1.462794051,1.4659629805497367,0.3825123511331645,0.010609958818922445
matern52,1252,S600,S600|91|0,1.466989729,1.4648677005359543,0.3817649315897295,0.010690672927900035
matern52,1253,S800,S800|91|0,1.470174519,1.4747003069746454,0.38845478743547784,0.010951950624077968
matern52,1254,S800,S800|91|0,1.467155176,1.4669309754836393,0.3831724465771607,0.011123942527231674
matern52,1255,S800,S800|91|0,1.4584823,1.4687203253153254,0.3843914946655981,0.011014559955966032
matern52,1256,S800,S800|91|0,1.454521861,1.4701968989803034,0.38539633670539,0.010974922107312157
matern52,1257,S800,S800|91|0,1.463400253,1.4666431475742618,0.3829762163827104,0.011336594309248826
matern52,1258,D50,D50|91|1,1.729470914,1.7021102045881533,0.5318687781067822,0.04700734316252157
matern52,1259,D50,D50|91|1,1.689766162,1.7053140240819005,0.5337492721238863,0.03394476885011873
matern52,1260,D50,D50|91|1,1.714578735,1.6981602275628747,0.5295454459595983,0.042224597677128675
matern52,1261,D50,D50|91|1,1.702565187,1.7037215721703285,0.532815018442786,0.03296413920646057
matern52,1262,D50,D50|91|1,1.698018472,1.7149959151862633,0.5394106987994768,0.03871785834370847
matern52,1263,D100,D100|91|1,1.668958873,1.6630621573662991,0.508660576160707,0.017494017690482293
matern52,1264,D100,D100|91|1,1.671957444,1.6675679561016536,0.5113662512615992,0.01728328944019487
matern52,1265,D100,D100|91|1,1.674909848,1.667619451756037,0.511397131477965,0.017252574545435127
matern52,1266,D100,D100|91|1,1.670677177,1.6657165099986246,0.5102553671997926,0.01744032207241895
matern52,1267,D100,D100|91|1,1.665343864,1.666128184739273,0.5105024824050082,0.017415039262927617
matern52,1268,D200,D200|91|1,1.682406209,1.685894971794055,0.5222965633297167,0.01270383003440431
matern52,1269,D200,D200|91|1,1.685021577,1.6847892645236833,0.5216404904183956,0.012655078745190085
matern52,1270,D200,D200|91|1,1.682213246,1.686693938656095,0.5227703636642377,0.01269319335396403
matern52,1271,D200,D200|91|1,1.687370265,1.6867975336618628,0.5228317807489704,0.012684773843910821
matern52,1272,D200,D200|91|1,1.677856605,1.6871774193917843,0.523056966612418,0.012722812428193793
matern52,1273,D400,D400|91|1,1.664712711,1.6740316507423547,0.5152348791420411,0.012883694642944256
matern52,1274,D400,D400|91|1,1.68152969,1.67431436810214,0.5154037490012887,0.01126869977174435
matern52,1275,D400,D400|91|1,1.66376522,1.6726786175449542,0.5144263040562689,0.011149626534722002
matern52,1276,D400,D400|91|1,1.676002275,1.668254221276384,0.5117777031603641,0.011308030741561214
matern52,1277,D400,D400|91|1,1.661059428,1.6623554024550298,0.508235513798344,0.010923694996230545
matern52,1278,D600,D600|91|1,1.657446277,1.6624695818514708,0.5083041967497925,0.010531311037142749
matern52,1279,D600,D600|91|1,1.662346504,1.6615696010496754,0.5077626984254551,0.010496016371860173
matern52,1280,D600,D600|91|1,1.663387642,1.6611748896856868,0.507525116891909,0.010452891536008252
matern52,1281,D600,D600|91|1,1.662600791,1.658320016410211,0.5058050516048029,0.010371106427246292
matern52,1282,D600,D600|91|1,1.643923459,1.6440382411946142,0.49715555743073725,0.010789657526560477
matern52,1283,D800,D800|91|1,1.6463813,1.647120508940967,0.4990286172747003,0.010569490701859863
matern52,1284,D800,D800|91|1,1.645158439,1.6499256761261383,0.5007302421259057,0.010642711616646034
matern52,1285,D800,D800|91|1,1.645998258,1.6479627448075014,0.4995398249256258,0.010893580339014806
matern52,1286,D800,D800|91|1,1.660498838,1.6480963381112252,0.49962088737046445,0.01039666438693652
matern52,1287,D800,D800|91|1,1.666612787,1.650466269055197,0.5010578352983969,0.01036360849117384
matern52,1288,S50,S50|91|1,1.678825145,1.6699653118783266,0.5128028548825934,0.019238029136535946
matern52,1289,S50,S50|91|1,1.665647429,1.66441743842379,0.5094751753751692,0.019114228968934215
matern52,1290,S50,S50|91|1,1.668386105,1.6619754847834753,0.5080069458933458,0.019307827955224875
matern52,1291,S50,S50|91|1,1.666702835,1.6645468784557687,0.5095529413226068,0.019116084854871124
matern52,1292,S50,S50|91|1,1.672894046,1.6653827269883956,0.5100549630763489,0.01908489225089274
matern52,1293,S100,S100|91|1,1.684319088,1.6632273080505156,0.5087598764086676,0.011380666602128383
matern52,1294,S100,S100|91|1,1.667581631,1.661251624419395,0.507571308874423,0.011358814950640209
matern52,1295,S100,S100|91|1,1.661599677,1.6608250765700123,0.5073145129662494,0.01137321158378431
matern52,1296,S100,S100|91|1,1.670694196,1.6654787273090315,0.5101126060146576,0.011450249435545101
matern52,1297,S100,S100|91|1,1.656714185,1.6648862181909445,0.509756783674443,0.011352130277533122
matern52,1298,S200,S200|91|1,1.656880386,1.649825554500486,0.5006695577780956,0.010390677014695274
matern52,1299,S200,S200|91|1,1.66193843,1.6491739018605924,0.5002744969986144,0.010388382478586856
matern52,1300,S200,S200|91|1,1.648533727,1.6506287027083,0.5011562472826769,0.010426187139027885
matern52,1301,S200,S200|91|1,1.648155468,1.6476755026194994,0.49936550834888765,0.010392508911121895
matern52,1302,S200,S200|91|1,1.641284712,1.6472419552177737,0.49910234703466627,0.010415438087165838
matern52,1303,S400,S400|91|1,1.649160877,1.6386468018798341,0.4938707804315864,0.010304160606024855
matern52,1304,S400,S400|91|1,1.649526937,1.6359148524703389,0.49220219065883203,0.010355829258244992
matern52,1305,S400,S400|91|1,1.63614477,1.6392032971180572,0.4942103293595499,0.010277016279487579
matern52,1306,S400,S400|91|1,1.648707247,1.6373517212962918,0.49308013254707383,0.010323594691492348
matern52,1307,S400,S400|91|1,1.638026635,1.6370850928130005,0.49291727798672214,0.01032397220713829
matern52,1308,S600,S600|91|1,1.643608489,1.6383629936115711,0.4936975687009636,0.010461682623932793
matern52,1309,S600,S600|91|1,1.63892971,1.6384143961299986,0.4937289425248874,0.010449710275134482
matern52,1310,S600,S600|91|1,1.633105927,1.6370665768877115,0.4929059676216828,0.0104617687169607
matern52,1311,S600,S600|91|1,1.63598518,1.6355859591764763,0.4920011249621342,0.010542270978153072
matern52,1312,S600,S600|91|1,1.633706334,1.6371658576196384,0.4929666112894389,0.010452832631954019
matern52,1313,S800,S800|91|1,1.61739273,1.6433409074773258,0.49673130838843904,0.010932648201470437
matern52,1314,S800,S800|91|1,1.624811061,1.6397678960241298,0.49455470500568743,0.011066794239944116
matern52,1315,S800,S800|91|1,1.626210849,1.639555664287397,0.4944252687160833,0.011001740852646023
matern52,1316,S800,S800|91|1,1.640387878,1.6384709690215136,0.49376347097810835,0.011111038594870353
matern52,1317,S800,S800|91|1,1.630202716,1.6363074154769028,0.49244212729901243,0.011584835103049794
matern52,1318,D50,D50|91|2,1.790464747,1.8268854827296193,0.6026125949330725,0.04118159820820114
matern52,1319,D50,D50|91|2,1.825534745,1.8142282472876288,0.5956601691842235,0.045047102572277384
matern52,1320,D50,D50|91|2,1.828657725,1.8143138133930155,0.5957073319862368,0.04381791230568875
matern52,1321,D50,D50|91|2,1.818651128,1.8131280530724594,0.5950535597652384,0.04448564792258026
matern52,1322,D50,D50|91|2,1.818651128,1.8131280530724594,0.5950535597652384,0.04448564792258026
matern52,1323,D100,D100|91|2,1.73642222,1.746195980376246,0.5574396964655927,0.017153680776002385
matern52,1324,D100,D100|91|2,1.748199464,1.7483132433761872,0.558651462194885,0.017171651161246332
matern52,1325,D100,D100|91|2,1.739144831,1.7443781012619652,0.5563981031711273,0.017190766017301986
matern52,1326,D100,D100|91|2,1.750080305,1.7429603554432906,0.555585021266757,0.01717120997875047
matern52,1327,D100,D100|91|2,1.750310728,1.7467445371284291,0.5577537909965153,0.01721098219615544
matern52,1328,D200,D200|91|2,1.734852865,1.7446752981572669,0.5565684627856118,0.012374897377724388
matern52,1329,D200,D200|91|2,1.74061346,1.7460009652563773,0.5573280102559617,0.012361677376085014
matern52,1330,D200,D200|91|2,1.743749892,1.7446628697151714,0.5565613391183157,0.012416566234653406
matern52,1331,D200,D200|91|2,1.742424891,1.7438454449744676,0.5560927005588363,0.012460921227037314
matern52,1332,D200,D200|91|2,1.73414359,1.7391246279036459,0.5533818992238086,0.01242383375267209
matern52,1333,D400,D400|91|2,1.740645841,1.743116106037754,0.5556743770776739,0.010664650518227849
matern52,1334,D400,D400|91|2,1.746214007,1.741721457629545,0.554873967613998,0.010667754441395642
matern52,1335,D400,D400|91|2,1.738835295,1.7416362797520526,0.5548250619982495,0.010649444953374259
matern52,1336,D400,D400|91|2,1.749276228,1.7433988581363087,0.5558365746314375,0.010719784145917363
matern52,1337,D400,D400|91|2,1.769148943,1.7539596197020964,0.5618758718503761,0.01107870364811066
matern52,1338,D600,D600|91|2,1.730542783,1.7424175590828257,0.5552735506726553,0.010444833762764442
matern52,1339,D600,D600|91|2,1.74540229,1.7428172690044492,0.555502923982112,0.010396390906914976
matern52,1340,D600,D600|91|2,1.757779863,1.7346220389341063,0.5507895446724036,0.010816858765743115
matern52,1341,D600,D600|91|2,1.748370119,1.7449185508330356,0.5567078788246634,0.010344563476350524
matern52,1342,D600,D600|91|2,1.746275065,1.7359846970875468,0.55157480115757,0.010747466858759977
matern52,1343,D800,D800|91|2,1.725438872,1.7300452585037331,0.5481475691523119,0.010359532691124418
matern52,1344,D800,D800|91|2,1.725118598,1.7280392512164644,0.546987384948229,0.010248228152452195
matern52,1345,D800,D800|91|2,1.72499252,1.7329393026766124,0.5498189856980641,0.01021220731382137
matern52,1346,D800,D800|91|2,1.729433568,1.7314255023201508,0.5489450589969124,0.010235548877620876
matern52,1347,D800,D800|91|2,1.738769491,1.7435249206448875,0.5559088804899142,0.010489807112519803
matern52,1348,S50,S50|91|2,1.748629463,1.737682885816122,0.5525525509412405,0.017985711650440814
matern52,1349,S50,S50|91|2,1.756372992,1.7381271348243121,0.5528081742393903,0.018050369376775167
matern52,1350,S50,S50|91|2,1.740802984,1.7316157522292648,0.549054933465809,0.01818866136909652
matern52,1351,S50,S50|91|2,1.745758805,1.732723378634201,0.5496943780472069,0.018209842415639953
matern52,1352,S50,S50|91|2,1.741539263,1.732532115730866,0.5495839891285021,0.01814061258764751
matern52,1353,S100,S100|91|2,1.731218987,1.7423866565389852,0.5552558150743667,0.011360002567252132
matern52,1354,S100,S100|91|2,1.730916374,1.739143635842235,0.5533928287652632,0.01124850221806663
matern52,1355,S100,S100|91|2,1.738408547,1.7398888634789678,0.5538212396227509,0.01124059225880843
matern52,1356,S100,S100|91|2,1.716852321,1.7376687713954206,0.5525444283556182,0.011248419962145031
matern52,1357,S100,S100|91|2,1.718301381,1.7355439430190662,0.5513208760908102,0.011254555309479336
matern52,1358,S200,S200|91|2,1.720659702,1.7294787990868647,0.5478200909139757,0.010435718615796927
matern52,1359,S200,S200|91|2,1.729430345,1.731129998053985,0.5487743733476275,0.010496372737098839
matern52,1360,S200,S200|91|2,1.724092597,1.7329752702615577,0.5498397407306477,0.010493444202264886
matern52,1361,S200,S200|91|2,1.726380004,1.7292869577148084,0.5477091603764705,0.010425707242639828
matern52,1362,S200,S200|91|2,1.731441458,1.7302972078608294,0.5482931902057137,0.010431390787256647
matern52,1363,S400,S400|91|2,1.722319891,1.7289330826319416,0.5475045030209678,0.010239942422292724
matern52,1364,S400,S400|91|2,1.723230333,1.7291589452213039,0.5476351314645513,0.010239619291661417
matern52,1365,S400,S400|91|2,1.725528541,1.7290976670245555,0.5475996926850588,0.010254602117454334
matern52,1366,S400,S400|91|2,1.709170995,1.7315094392669812,0.5489935363424373,0.01024646050356293
matern52,1367,S400,S400|91|2,1.723136082,1.728875712929783,0.5474713203289476,0.010240171738959131
matern52,1368,S600,S600|91|2,1.737644411,1.7275409122289074,0.5466989592903418,0.010458937666568718
matern52,1369,S600,S600|91|2,1.729149565,1.7273583708038205,0.5465932882358175,0.01040161804550502
matern52,1370,S600,S600|91|2,1.723136082,1.7269253424391657,0.5463425686060066,0.01039505747450647
matern52,1371,S600,S600|91|2,1.744636921,1.726374088627747,0.5460233065048741,0.010396419824198384
matern52,1372,S600,S600|91|2,1.740173895,1.72600635718541,0.5458102758441462,0.010406841407752578
matern52,1373,S800,S800|91|2,1.726003366,1.7273394718177533,0.5465823472002026,0.010854303472310568
matern52,1374,S800,S800|91|2,1.725344844,1.7250437345727634,0.5452524035374466,0.010872970400896182
matern52,1375,S800,S800|91|2,1.72037826,1.72380048953342,0.5445314402161662,0.010873121083922693
matern52,1376,S800,S800|91|2,1.718505501,1.7265921260512165,0.5461495964308122,0.010898087757889249
matern52,1377,S800,S800|91|2,1.741021878,1.7223575691965747,0.5436940320668151,0.010893251511875542
matern52,1378,D50,D50|91|3,1.890935262,1.9314833847680524,0.6582883008444101,0.047933534661089766
matern52,1379,D50,D50|91|3,1.90281035,1.9223649561850709,0.6535561760735266,0.07332590599065184
matern52,1380,D50,D50|91|3,1.900928922,1.9210015908090194,0.6528467119011311,0.05660296345487293
matern52,1381,D50,D50|91|3,1.912294445,1.9189940787055875,0.6518011314062049,0.056546625182103426
matern52,1382,D50,D50|91|3,1.90491284,1.917887396304723,0.6512242658247362,0.055576245812097975
matern52,1383,D100,D100|91|3,1.840321892,1.8278975470830912,0.6031664250078459,0.020285701870348265
matern52,1384,D100,D100|91|3,1.871227712,1.8268043480063736,0.6025681824476029,0.020007102159066634
matern52,1385,D100,D100|91|3,1.871235522,1.8175424146228598,0.5974852669471092,0.01850675363873424
matern52,1386,D100,D100|91|3,1.850146182,1.8171096986448327,0.5972471610890593,0.018004745742337982
matern52,1387,D100,D100|91|3,1.86020318,1.8126111773155604,0.5947684450741055,0.018166843594974672
matern52,1388,D200,D200|91|3,1.815573851,1.8264627966720608,0.6023811984019354,0.01232825670204582
matern52,1389,D200,D200|91|3,1.818119597,1.820115607000593,0.5989000194013694,0.012411734058808613
matern52,1390,D200,D200|91|3,1.831804801,1.8125866799189523,0.5947549300067502,0.013076144566714482
matern52,1391,D200,D200|91|3,1.845330448,1.809395977813199,0.5929930756674949,0.012904261484356942
matern52,1392,D200,D200|91|3,1.809977806,1.823238442923972,0.6006142841394896,0.012490482525223924
matern52,1393,D400,D400|91|3,1.832611478,1.8269952457657843,0.6026726751843746,0.010626407751854928
matern52,1394,D400,D400|91|3,1.826254441,1.8269682158225395,0.6026578803220125,0.010614817720453086
matern52,1395,D400,D400|91|3,1.824627321,1.8220202841404605,0.5999459316739635,0.010795777468589085
matern52,1396,D400,D400|91|3,1.81936414,1.8206422362769983,0.5991893159175058,0.010606362140174599
matern52,1397,D400,D400|91|3,1.830170268,1.8206207370679814,0.5991775072625559,0.01067397960873347
matern52,1398,D600,D600|91|3,1.806505961,1.8191336626853971,0.5983603782466924,0.010216000572018885
matern52,1399,D600,D600|91|3,1.814622772,1.8212701854594802,0.5995341617655042,0.010206785546103405
matern52,1400,D600,D600|91|3,1.828929893,1.8242927736462753,0.6011923906389637,0.010251681958120892
matern52,1401,D600,D600|91|3,1.835355942,1.8227351481306573,0.6003382016150597,0.010300975706229018
matern52,1402,D600,D600|91|3,1.83108934,1.815444511652684,0.5963303477327343,0.010623087411406643
matern52,1403,D800,D800|91|3,1.797889951,1.8168069389596853,0.5970805311324361,0.010188374750818276
matern52,1404,D800,D800|91|3,1.807596419,1.8215134955463577,0.5996677464680534,0.01018225839813385
matern52,1405,D800,D800|91|3,1.824456516,1.8183225763607975,0.5979144147575179,0.010181607636324745
matern52,1406,D800,D800|91|3,1.815756719,1.8216475388615947,0.5997413327377965,0.010188610988018175
matern52,1407,D800,D800|91|3,1.801076604,1.8224140923353052,0.6001620465251016,0.010186072197347013
matern52,1408,S50,S50|91|3,1.802804034,1.827441260733222,0.6029167702555895,0.017985396011774426
matern52,1409,S50,S50|91|3,1.809305451,1.8269734463236278,0.6026607432582999,0.018121910948397664
matern52,1410,S50,S50|91|3,1.812438275,1.8242814762788753,0.6011861978816694,0.017993274653413667
matern52,1411,S50,S50|91|3,1.830297402,1.8228275222265768,0.6003888791670823,0.01814402943615836
matern52,1412,S50,S50|91|3,1.808132345,1.8278594028515156,0.6031455569730726,0.01798487967839399
matern52,1413,S100,S100|91|3,1.838194388,1.8191832317348946,0.5983876265875814,0.011259100502049882
matern52,1414,S100,S100|91|3,1.797916352,1.787062777213793,0.5805733655064118,0.02327641765167049
matern52,1415,S100,S100|91|3,1.840538585,1.8179364736792532,0.5977020521740595,0.011326724801005737
matern52,1416,S100,S100|91|3,1.826153596,1.8187628526949946,0.5981565186865763,0.011233262415833568
matern52,1417,S100,S100|91|3,1.827035596,1.8194636997042444,0.5985417871726504,0.011174504202743395
matern52,1418,S200,S200|91|3,1.809660246,1.8186506139535747,0.5980948051956659,0.010604477397042178
matern52,1419,S200,S200|91|3,1.810580824,1.8168794192298428,0.5971204246526921,0.010807142859192716
matern52,1420,S200,S200|91|3,1.827443553,1.8183925509414567,0.5979528970571858,0.010525251776755916
matern52,1421,S200,S200|91|3,1.819873108,1.8176265248824606,0.5975315427934402,0.010439671891331378
matern52,1422,S200,S200|91|3,1.82116145,1.8163214003498178,0.5968132470910195,0.01042378581512094
matern52,1423,S400,S400|91|3,1.827366889,1.811131997398861,0.5939520627161203,0.01027680697432936
matern52,1424,S400,S400|91|3,1.801485664,1.8105732337364056,0.5936434988594678,0.010802314664058968
matern52,1425,S400,S400|91|3,1.835738463,1.808792525365275,0.5926595096009458,0.010347101035790982
matern52,1426,S400,S400|91|3,1.811037344,1.8120897963328475,0.5944807628679875,0.010288338065064837
matern52,1427,S400,S400|91|3,1.809516659,1.8116164212400314,0.5942194971543304,0.010281506042902054
matern52,1428,S600,S600|91|3,1.842325226,1.808347378259268,0.5924133775075711,0.010399497262782147
matern52,1429,S600,S600|91|3,1.813712362,1.8082753727274652,0.5923735582967934,0.010432214302133992
matern52,1430,S600,S600|91|3,1.81941482,1.8061400156907872,0.5911919800576368,0.010405594926722573
matern52,1431,S600,S600|91|3,1.824800504,1.806954414875886,0.5916427843277944,0.010402154203827434
matern52,1432,S600,S600|91|3,1.810243275,1.8056851104022338,0.590940082318916,0.010397153967350465
matern52,1433,S800,S800|91|3,1.782843619,1.8041362700003296,0.5900819564818,0.011174081988453727
matern52,1434,S800,S800|91|3,1.812439986,1.806953149820481,0.5916420842238861,0.011251777718227557
matern52,1435,S800,S800|91|3,1.788621446,1.8030260965324947,0.5894664180667912,0.011522869349697597
matern52,1436,S800,S800|91|3,1.805524812,1.8058332904626295,0.591022142020145,0.01107858428861619
matern52,1437,S800,S800|91|3,1.798149608,1.8064493547450156,0.5913632361973553,0.011169395952071089
matern52,1438,D50,D50|91|4,1.98171331,1.985606199194364,0.6859242575394622,0.05382607933189237
matern52,1439,D50,D50|91|4,1.977918113,1.9874164605102123,0.6868355342152699,0.06143849991875315
matern52,1440,D50,D50|91|4,1.975119796,1.985176625519675,0.6857078902913261,0.05335299816825449
matern52,1441,D50,D50|91|4,1.985368784,1.984551353182449,0.6853928700452278,0.05270682161290719
matern52,1442,D50,D50|91|4,1.982776136,1.9881160937252418,0.687187503775427,0.041940644721036854
matern52,1443,D100,D100|91|4,1.901575873,1.8972143124705028,0.6403866589895146,0.019033520501320737
matern52,1444,D100,D100|91|4,1.936489464,1.8971879382613708,0.6403727573484183,0.019506575776558354
matern52,1445,D100,D100|91|4,1.927870888,1.9001960641391156,0.6419570725006686,0.020275641801993385
matern52,1446,D100,D100|91|4,1.909319154,1.9023736778427316,0.643102410569093,0.01904155877577578
matern52,1447,D100,D100|91|4,1.915467843,1.8961715528577818,0.639836881204704,0.018867532927582496
matern52,1448,D200,D200|91|4,1.88462312,1.8748951833427117,0.6285527556425665,0.012809793582973485
matern52,1449,D200,D200|91|4,1.896441345,1.8713013722097291,0.6266341097935558,0.013061063923573262
matern52,1450,D200,D200|91|4,1.898457048,1.9020925086358749,0.6429546004987247,0.013043118339885256
matern52,1451,D200,D200|91|4,1.880764078,1.8944135113060987,0.6389092979171758,0.012663679196381625
matern52,1452,D200,D200|91|4,1.876312808,1.884778397787581,0.6338102531337604,0.012593479904032067
matern52,1453,D400,D400|91|4,1.879603373,1.8713081675704077,0.6266377411425418,0.010902995071771485
matern52,1454,D400,D400|91|4,1.86098472,1.8696802031086859,0.6257674018614868,0.01099531707113287
matern52,1455,D400,D400|91|4,1.86673485,1.8733233909459712,0.6277140678991915,0.010680661677428918
matern52,1456,D400,D400|91|4,1.888753096,1.8845157971393862,0.633670916358736,0.010917807395237539
matern52,1457,D400,D400|91|4,1.885233324,1.88348815385101,0.633125458696153,0.010846215987941943
matern52,1458,D600,D600|91|4,1.822471144,1.8608846451717311,0.6210519903395473,0.01024475822186848
matern52,1459,D600,D600|91|4,1.842546204,1.8607859049301585,0.6209989280169872,0.01030668767825669
matern52,1460,D600,D600|91|4,1.867332114,1.8681735604458338,0.6249612479347936,0.01031155491123863
matern52,1461,D600,D600|91|4,1.877333081,1.866988365858112,0.6243266330769197,0.010254532340018916
matern52,1462,D600,D600|91|4,1.866049127,1.8688527900612297,0.625324761359195,0.010370283259450296
matern52,1463,D800,D800|91|4,1.857228637,1.8500672572872265,0.6152219937197886,0.010312467078716674
matern52,1464,D800,D800|91|4,1.855300706,1.8466635796408064,0.613380540415032,0.010378439759778745
matern52,1465,D800,D800|91|4,1.878267981,1.8605504044190713,0.6208723603048404,0.010353834400081188
matern52,1466,D800,D800|91|4,1.876924281,1.8647631281608574,0.6231340360004183,0.011035884399979655
matern52,1467,D800,D800|91|4,1.82775045,1.8491893757413624,0.6147473677884564,0.010454545699730384
matern52,1468,S50,S50|91|4,1.877396422,1.886812860343225,0.6348890883593865,0.019002921464263897
matern52,1469,S50,S50|91|4,1.888569121,1.887739732546837,0.6353802046967175,0.01905151776247197
matern52,1470,S50,S50|91|4,1.895854585,1.8870262674647231,0.6350021865146063,0.018923918887630217
matern52,1471,S50,S50|91|4,1.882504687,1.882467653625043,0.632583497874988,0.019807441753387146
matern52,1472,S50,S50|91|4,1.867779812,1.8829668037553553,0.632848620074769,0.019639099002272373
matern52,1473,S100,S100|91|4,1.883443029,1.881395178446658,0.6320136178048262,0.01148781568997437
matern52,1474,S100,S100|91|4,1.893646428,1.8807347492268902,0.6316625245468854,0.011238481433893006
matern52,1475,S100,S100|91|4,1.88819627,1.8816595782582595,0.6321541418360355,0.011296907749371048
matern52,1476,S100,S100|91|4,1.881334885,1.8806374737070322,0.63161080112569,0.011268051251361254
matern52,1477,S100,S100|91|4,1.877746376,1.8809469155347698,0.6317753285143727,0.011304338599800458
matern52,1478,S200,S200|91|4,1.893085265,1.8683184403119568,0.6250387965371544,0.010577634814396449
matern52,1479,S200,S200|91|4,1.879307862,1.8662070342646637,0.6239080471090752,0.010524646442726484
matern52,1480,S200,S200|91|4,1.887049371,1.8651660198403084,0.6233500678149817,0.010506297621593854
matern52,1481,S200,S200|91|4,1.878233348,1.8653481019597513,0.6234476855232346,0.01050911002344497
matern52,1482,S200,S200|91|4,1.860544951,1.8667741670891325,0.6242118969268169,0.010536406091106993
matern52,1483,S400,S400|91|4,1.824360742,1.819316444645282,0.598460850675692,0.020956728914418223
matern52,1484,S400,S400|91|4,1.861976236,1.8433036575549437,0.6115594277609256,0.010834995291903972
matern52,1485,S400,S400|91|4,1.847779778,1.852010491971758,0.6162718014194728,0.010326088544281948
matern52,1486,S400,S400|91|4,1.845557556,1.847221887920119,0.6136828282301073,0.010549283322224982
matern52,1487,S400,S400|91|4,1.849355485,1.8415272500135516,0.6105952545201072,0.011006874241990974
matern52,1488,S600,S600|91|4,1.852619799,1.847362656257135,0.61375903075594,0.010467929098376518
matern52,1489,S600,S600|91|4,1.836251919,1.8539935427880845,0.6173419842832749,0.010442905344064633
matern52,1490,S600,S600|91|4,1.81680461,1.8613557783518644,0.6213051352893854,0.011582180072742823
matern52,1491,S600,S600|91|4,1.826380347,1.8447175366471895,0.6123261691038093,0.01065560700902362
matern52,1492,S600,S600|91|4,1.827097635,1.8453827259888846,0.612686695540251,0.01062578398799366
matern52,1493,S800,S800|91|4,1.860479626,1.851954815747061,0.6162417383815791,0.010985480730211808
matern52,1494,S800,S800|91|4,1.853817398,1.848420408553964,0.6143314411529579,0.010970321457877179
matern52,1495,S800,S800|91|4,1.864159369,1.852756445139469,0.61667450053143,0.010990976593627478
matern52,1496,S800,S800|91|4,1.842760175,1.8528451414894838,0.6167223720297325,0.010994091111497604
matern52,1497,S800,S800|91|4,1.851627686,1.8513322876906582,0.6159055354111486,0.010951046354508573
structured,0,D50,D50|0|0,1.560186908,1.5687283918142696,0.45026534966079435,0.02496287364960843
structured,1,D50,D50|0|0,1.561484361,1.5611408421558723,0.44541686305954153,0.024945303578007928
structured,2,D50,D50|0|0,1.560393514,1.5619651973756485,0.4459447703598293,0.024729370411117776
structured,3,D50,D50|0|0,1.558472561,1.562611296884154,0.44635833009754167,0.02512669629316665
structured,4,D50,D50|0|0,1.561608985,1.5617698084900082,0.4458196708328028,0.024741614965319486
structured,5,D100,D100|0|0,1.561041612,1.5607988479019774,0.4451977721806549,0.0232383069894384
structured,6,D100,D100|0|0,1.556557304,1.56091753594263,0.4452738124265427,0.0230874370245127
structured,7,D100,D100|0|0,1.560626044,1.5595874133145629,0.44442130763629006,0.02321580600151923
structured,8,D100,D100|0|0,1.555448691,1.5612121271127803,0.445462524109155,0.02306639484390738
structured,9,D100,D100|0|0,1.570784601,1.5608818998353902,0.4452509819353631,0.023281165918233405
structured,10,D200,D200|0|0,1.559258194,1.5695719489514874,0.45080293820614553,0.018833141059839683
structured,11,D200,D200|0|0,1.557328689,1.573475386459516,0.4532867948575674,0.018836128047903987
structured,12,D200,D200|0|0,1.560386696,1.5718016239618595,0.4522224926354704,0.018892489242679195
structured,13,D200,D200|0|0,1.56406944,1.5683101990719797,0.44999873340303953,0.018877366387209465
structured,14,D200,D200|0|0,1.559799742,1.5694937307395118,0.45075310286023484,0.018830939011270247
structured,15,D400,D400|0|0,1.57747785,1.5628576628827038,0.4465159806787706,0.012128224949062601
structured,16,D400,D400|0|0,1.582462146,1.560176416509915,0.4447989023738915,0.011862017386919992
structured,17,D400,D400|0|0,1.571871059,1.561317607049787,0.4455300846744831,0.011900745591593048
structured,18,D400,D400|0|0,1.578362744,1.5617970311272509,0.4458371013144547,0.01210083101874653
structured,19,D400,D400|0|0,1.571060369,1.560605751800299,0.44507404832765407,0.012344476596631645
structured,20,D600,D600|0|0,1.562491354,1.569057967055089,0.45047541829156634,0.01035583986689041
structured,21,D600,D600|0|0,1.560566365,1.5675990030157512,0.4495451513491024,0.010418602182343672
structured,22,D600,D600|0|0,1.566691898,1.5686119544379977,0.45019112285498136,0.01035372457090419
structured,23,D600,D600|0|0,1.559224889,1.566232710395065,0.44867318831330344,0.010471297737557022
structured,24,D600,D600|0|0,1.58159802,1.5688019404401825,0.45031223279379246,0.010399157165162655
structured,25,D800,D800|0|0,1.644690279,1.5764856636868032,0.45519810620127676,0.010504741235718882
structured,26,D800,D800|0|0,1.57983316,1.5795622972802685,0.45714778162199265,0.01050372920183687
structured,27,D800,D800|0|0,1.564816559,1.5788782498861658,0.45671462646546346,0.010615465402595751
structured,28,D800,D800|0|0,1.566544735,1.5842637218184614,0.4601197705811464,0.010841766601750423
structured,29,D800,D800|0|0,1.592458478,1.5841512912698366,0.4600488009965385,0.010813233969061012
structured,30,S50,S50|0|0,1.575816199,1.5776834801347002,0.4559576193731207,0.025581334785413412
structured,31,S50,S50|0|0,1.602076658,1.581018681678925,0.45806937452622865,0.02420487185362098
structured,32,S50,S50|0|0,1.579807863,1.58266308672283,0.45910892610718534,0.023889735814094433
structured,33,S50,S50|0|0,1.580573721,1.5792549205130695,0.45695316651958173,0.024556349647121962
structured,34,S50,S50|0|0,1.592722949,1.580217548709792,0.4575625266174377,0.024112624112372305
structured,35,S100,S100|0|0,1.567218001,1.5656792513171887,0.4483197562306628,0.013250844318233486
structured,36,S100,S100|0|0,1.570607716,1.5677287656285557,0.4496279258610219,0.013318956410026516
structured,37,S100,S100|0|0,1.571419163,1.5663145706065833,0.44872545262358754,0.013671317647498031
structured,38,S100,S100|0|0,1.566838091,1.5658489647213698,0.4484281463792669,0.013468265933857583
structured,39,S100,S100|0|0,1.564440461,1.5584371829105057,0.4436835132919953,0.013125973830055433
structured,40,S200,S200|0|0,1.56406097,1.581405941915068,0.45831428802404894,0.01087478162972718
structured,41,S200,S200|0|0,1.580191426,1.575659802838701,0.4546741069913614,0.01105696113181697
structured,42,S200,S200|0|0,1.583074977,1.5830675115182946,0.4593644278216329,0.010947746457875409
structured,43,S200,S200|0|0,1.572904736,1.583957463321246,0.4599264390678002,0.011048161481713394
structured,44,S200,S200|0|0,1.585051572,1.5812800602996449,0.4582346837791753,0.01099983302269509
structured,45,S400,S400|0|0,1.562576774,1.572783639361594,0.4528470681196281,0.010178471887225635
structured,46,S400,S400|0|0,1.582775974,1.5729388419384287,0.45294574343373045,0.010193081075851151
structured,47,S400,S400|0|0,1.570456464,1.5760873150862669,0.4549453928745189,0.010153686773129424
structured,48,S400,S400|0|0,1.5750196,1.5764369807294565,0.45516722503935747,0.010140784604079453
structured,49,S400,S400|0|0,1.577183511,1.5804112833404151,0.45768511907682496,0.0102736643133598
structured,50,S600,S600|0|0,1.555828114,1.5835128520725477,0.4596457032077306,0.010079728718971958
structured,51,S600,S600|0|0,1.56117239,1.583062585677253,0.4593613162368968,0.010091144509590701
structured,52,S600,S600|0|0,1.561823954,1.5820310296060658,0.4587094833162332,0.010133242213256843
structured,53,S600,S600|0|0,1.559846724,1.584919800445598,0.4605338069611161,0.010052987459212686
structured,54,S600,S600|0|0,1.561648453,1.5827205722919886,0.4591452474984337,0.010110427500952068
structured,55,S800,S800|0|0,1.589227754,1.5731907898105635,0.4531059071282782,0.01060200485250865
structured,56,S800,S800|0|0,1.580440672,1.5729792155289815,0.4529714107205558,0.0107516696725607
structured,57,S800,S800|0|0,1.59815524,1.5755780812629414,0.45462224065896534,0.010977288243395562
structured,58,S800,S800|0|0,1.615199232,1.5746554831393205,0.45403650748640084,0.010648650460655931
structured,59,S800,S800|0|0,1.584848504,1.5748333974999438,0.4541494873174497,0.010665568033968773
structured,60,D50,D50|0|1,2.044100443,2.0599995873017747,0.7227057824625254,0.0260631783420185
structured,61,D50,D50|0|1,2.04957737,2.0614913983917873,0.7234297006563734,0.026599635767263884
structured,62,D50,D50|0|1,1.999572687,1.9981346941296636,0.692214092433419,0.025128801842629396
structured,63,D50,D50|0|1,2.017631508,1.996693733428074,0.6914926793413606,0.025157153822712174
structured,64,D50,D50|0|1,2.006211894,1.9938374276594995,0.6900611374532954,0.025242313047573132
structured,65,D100,D100|0|1,2.016437285,1.956943543242967,0.6713838393738786,0.02399240664213792
structured,66,D100,D100|0|1,1.994408192,1.9697927228201906,0.677928320371674,0.023414062597766218
structured,67,D100,D100|0|1,1.97356662,1.9576349104082935,0.6717370662567733,0.023805746273083662
structured,68,D100,D100|0|1,1.983306755,1.9622614879111875,0.6740976284661466,0.02381414432855365
structured,69,D100,D100|0|1,1.971798525,1.9633069366157208,0.6746302640573224,0.023385093236681892
structured,70,D200,D200|0|1,1.964318123,1.9725902696402808,0.6793475367669368,0.019066143267550798
structured,71,D200,D200|0|1,1.961302475,1.9705662663581676,0.6783209462974024,0.01895657578805577
structured,72,D200,D200|0|1,1.966048011,1.9553435517481064,0.6705659077930852,0.01885172910757447
structured,73,D200,D200|0|1,1.959125658,1.9624471938551724,0.6741922627226897,0.019117434315668924
structured,74,D200,D200|0|1,1.970214261,1.9585902108119606,0.6722249342383348,0.018855638509157203
structured,75,D400,D400|0|1,1.964858008,1.9778600046599748,0.6820154544874624,0.012257935971225974
structured,76,D400,D400|0|1,1.951867166,1.9692375969653708,0.6776464612269467,0.011893439108143885
structured,77,D400,D400|0|1,1.959093971,1.9664860223440142,0.6762482049793982,0.012036450112452048
structured,78,D400,D400|0|1,1.953838928,1.9752454363664853,0.6806926622099796,0.011837106309026933
structured,79,D400,D400|0|1,1.947956474,1.9762762105308844,0.6812143722143209,0.011865829496312999
structured,80,D600,D600|0|1,1.954137272,1.9510149206003473,0.6683497092797716,0.01035674244938084
structured,81,D600,D600|0|1,1.941923138,1.9440925165798768,0.6647952957391096,0.010190067729951421
structured,82,D600,D600|0|1,1.944425234,1.9440660761956614,0.6647816952731898,0.010148631805939773
structured,83,D600,D600|0|1,1.943606342,1.9465153360037164,0.6660407667959882,0.01020949011608815
structured,84,D600,D600|0|1,1.939217447,1.9447452726224017,0.6651310032610164,0.010173129631802188
structured,85,D800,D800|0|1,1.937833439,1.933573654444026,0.6593699251819312,0.010459828590263067
structured,86,D800,D800|0|1,1.931115531,1.9344175527129661,0.6598062748203526,0.010371827119126634
structured,87,D800,D800|0|1,1.937390462,1.9334850877557719,0.6593241194705759,0.010444557330424797
structured,88,D800,D800|0|1,1.939430677,1.9343630997761847,0.659778124898361,0.010490961990369098
structured,89,D800,D800|0|1,1.930410702,1.9367773672616098,0.6610254409381645,0.010380213444746862
structured,90,S50,S50|0|1,2.018231427,1.9961146089343846,0.6912025955466509,0.023656691618385853
structured,91,S50,S50|0|1,2.016383376,1.993507017984265,0.6898954082666175,0.02360451226579498
structured,92,S50,S50|0|1,2.019922289,2.007512268462785,0.696896278134071,0.02386655984986793
structured,93,S50,S50|0|1,2.023950784,1.998393881023397,0.6923437984466366,0.02369898074597258
structured,94,S50,S50|0|1,2.020788185,1.992311511439356,0.6892955281807909,0.023579777960663642
structured,95,S100,S100|0|1,1.928651999,1.9395184754494188,0.6624397337351737,0.012828156310345479
structured,96,S100,S100|0|1,1.93017593,1.9375494200855663,0.6614239890610009,0.0128499447526058
structured,97,S100,S100|0|1,1.932332607,1.9416107216002314,0.6635178974588026,0.012848304184953611
structured,98,S100,S100|0|1,1.936713222,1.9403588814188302,0.662872946388696,0.012872502410784923
structured,99,S100,S100|0|1,1.941062316,1.9436062363524123,0.6645451322048934,0.012895952700552276
structured,100,S200,S200|0|1,1.935150704,1.9321260295606597,0.6586209663546196,0.010791486355339169
structured,101,S200,S200|0|1,1.934574776,1.9349847048250592,0.6600994219673311,0.011024921067704242
structured,102,S200,S200|0|1,1.931366726,1.9334851352276492,0.6593241440230676,0.010907572773429202
structured,103,S200,S200|0|1,1.93014659,1.9328469509745876,0.6589940201513315,0.010824125697121429
structured,104,S200,S200|0|1,1.934298104,1.9325310704266652,0.6588305791906406,0.010817231342036325
structured,105,S400,S400|0|1,1.928885505,1.91970968594293,0.6521739693689684,0.011005938748451558
structured,106,S400,S400|0|1,1.934057083,1.9556363633029021,0.67071564599768,0.01210307185511282
structured,107,S400,S400|0|1,1.924819553,1.9183447095003985,0.6514626837229389,0.010702596404702213
structured,108,S400,S400|0|1,1.919839737,1.920272131657516,0.6524669112344899,0.010971260164072256
structured,109,S400,S400|0|1,1.9194336,1.922416907541261,0.653583200418748,0.01038017072031769
structured,110,S600,S600|0|1,1.925053088,1.9179091814205458,0.651235624673091,0.01035604817001173
structured,111,S600,S600|0|1,1.926645985,1.9210013956732845,0.6528466103209212,0.010400905819959196
structured,112,S600,S600|0|1,1.921919857,1.9187355150823995,0.651666383182152,0.010352390774639984
structured,113,S600,S600|0|1,1.927081693,1.918450047289958,0.6515175929877097,0.010350510289808766
structured,114,S600,S600|0|1,1.924848505,1.9143429037489135,0.6493744325480166,0.010473316504490172
structured,115,S800,S800|0|1,1.92363974,1.9269838640281234,0.6559560157739858,0.012581301595031779
structured,116,S800,S800|0|1,1.912130921,1.9285253721175095,0.6567556549796576,0.013119521200894772
structured,117,S800,S800|0|1,1.917343839,1.9255112343449752,0.655191508763713,0.012973953506592924
structured,118,S800,S800|0|1,1.910109237,1.9251189689947665,0.6549877679052813,0.0123250494853305
structured,119,S800,S800|0|1,1.916211727,1.9299353557911436,0.65748650794711,0.013373301113514114
structured,120,D50,D50|0|2,2.401662904,2.4203937719647852,0.883930242619761,0.025846872685747143
structured,121,D50,D50|0|2,2.408329379,2.4072027996745846,0.8784654093749731,0.024815994624173984
structured,122,D50,D50|0|2,2.409795375,2.3986290191173634,0.874897332098575,0.024730622892201907
structured,123,D50,D50|0|2,2.433450011,2.417162954268874,0.8825945195020362,0.024817480254065903
structured,124,D50,D50|0|2,2.434746684,2.4063011523098,0.8780907769307811,0.024842140807163945
structured,125,D100,D100|0|2,2.383093911,2.4024001837178752,0.8764683141596226,0.022998322393056186
structured,126,D100,D100|0|2,2.377584742,2.416960548668226,0.8825107791504943,0.023015205936093644
structured,127,D100,D100|0|2,2.412540012,2.4194789910143895,0.8835522240204763,0.023016160938077287
structured,128,D100,D100|0|2,2.430015758,2.419689591659094,0.883639264032098,0.023026466799628963
structured,129,D100,D100|0|2,2.430136719,2.4117553622953314,0.8803548484703586,0.023026700728041458
structured,130,D200,D200|0|2,2.428161204,2.408501260786743,0.8790046705618413,0.018715694343496406
structured,131,D200,D200|0|2,2.404430077,2.4081079945006687,0.8788413746554868,0.018664614136291363
structured,132,D200,D200|0|2,2.384685146,2.4098128164535044,0.8795490749647628,0.018668682799885872
structured,133,D200,D200|0|2,2.384331984,2.3960689911966817,0.8738294741611425,0.018711141848617677
structured,134,D200,D200|0|2,2.388001759,2.405244300029573,0.8776514784526966,0.01865665869397158
structured,135,D400,D400|0|2,2.4082186,2.4268968623831793,0.8866134299136661,0.011541474661401393
structured,136,D400,D400|0|2,2.417180474,2.426668665245355,0.8865193971302646,0.011528801778830956
structured,137,D400,D400|0|2,2.394055265,2.425066768603927,0.8858590574553266,0.011531616571285354
structured,138,D400,D400|0|2,2.419993966,2.426634825958748,0.8865054522835559,0.011532111631051804
structured,139,D400,D400|0|2,2.429802299,2.417240502147295,0.8826266011762806,0.01152413327995942
structured,140,D600,D600|0|2,2.420626025,2.4094194360784256,0.879385820589236,0.010223125040566342
structured,141,D600,D600|0|2,2.394758376,2.4086726452844136,0.8790758261817481,0.010213492796014665
structured,142,D600,D600|0|2,2.384010172,2.3899180939444418,0.8712590950400455,0.010190301852385626
structured,143,D600,D600|0|2,2.418643886,2.4077309926747166,0.878684807200584,0.010246046540007027
structured,144,D600,D600|0|2,2.39934375,2.390366187517263,0.8714465707413845,0.01032498990772106
structured,145,D800,D800|0|2,2.360297782,2.350960959550651,0.85482416352922,0.010489966268610642
structured,146,D800,D800|0|2,2.375450943,2.3504110879545763,0.8545902439019171,0.010498096748717349
structured,147,D800,D800|0|2,2.371242957,2.3703028614202464,0.8630177366114367,0.010327929247905772
structured,148,D800,D800|0|2,2.383375605,2.354816420586501,0.8564627713880594,0.010465883629939474
structured,149,D800,D800|0|2,2.365110163,2.367837820620701,0.8619772267627996,0.010336229844048831
structured,150,S50,S50|0|2,2.38150949,2.348036180580298,0.8535793109528795,0.022512157614044778
structured,151,S50,S50|0|2,2.394125437,2.3563698033336977,0.8571222158377831,0.022485701485702864
structured,152,S50,S50|0|2,2.396222224,2.3617915799879428,0.859420475096101,0.022488955592385798
structured,153,S50,S50|0|2,2.392269046,2.355862291669194,0.8569068140255488,0.02249169884770106
structured,154,S50,S50|0|2,2.369866879,2.3589119130218292,0.8582004589152238,0.022496927181384484
structured,155,S100,S100|0|2,2.374401007,2.3935568580216366,0.8727804847475693,0.012406025720029225
structured,156,S100,S100|0|2,2.370325356,2.3956757224280114,0.8736653298700516,0.012419118366330341
structured,157,S100,S100|0|2,2.391706078,2.407356097303131,0.8785290902362435,0.012509115733662625
structured,158,S100,S100|0|2,2.424080577,2.408779023678089,0.8791199899434222,0.01250723246759483
structured,159,S100,S100|0|2,2.379081599,2.3862412264570705,0.8697194193437048,0.012398183045479134
structured,160,S200,S200|0|2,2.41122508,2.367277970946869,0.8617407596092668,0.010791038235270965
structured,161,S200,S200|0|2,2.384056674,2.371810607353911,0.8636536328186445,0.010882257148730805
structured,162,S200,S200|0|2,2.375336473,2.3817108847737205,0.8678190885765265,0.01107774815383518
structured,163,S200,S200|0|2,2.354090276,2.378271203757254,0.8663738387620479,0.011098173474993393
structured,164,S200,S200|0|2,2.349382093,2.375427413754723,0.865177384981282,0.01106951068240026
structured,165,S400,S400|0|2,2.333697666,2.3563738960695515,0.8571239527180867,0.010175079859556506
structured,166,S400,S400|0|2,2.347239773,2.345559678813982,0.8525240424251573,0.010317832054604145
structured,167,S400,S400|0|2,2.35748471,2.3564594887770363,0.8571602759659102,0.010167412824850479
structured,168,S400,S400|0|2,2.334848634,2.3474835490058767,0.8533439241975049,0.010265803645549198
structured,169,S400,S400|0|2,2.323961879,2.3549342829553255,0.8565128217521945,0.010185236181947147
structured,170,S600,S600|0|2,2.352788986,2.3480747634780466,0.8535957428039194,0.010176338112313542
structured,171,S600,S600|0|2,2.360231398,2.3509868000963,0.8548351549510604,0.010178734829930522
structured,172,S600,S600|0|2,2.337840207,2.3471837137377567,0.8532161897908911,0.010175480973076455
structured,173,S600,S600|0|2,2.352483628,2.3517171691283005,0.8551457715846621,0.010185220696137625
structured,174,S600,S600|0|2,2.358437625,2.3502491847434106,0.8545213585956677,0.01018057356314509
structured,175,S800,S800|0|2,2.327082283,2.3116286685482286,0.8379523274213647,0.013494273185109703
structured,176,S800,S800|0|2,2.375686483,2.315874697582716,0.8397874553035721,0.013610376254125183
structured,177,S800,S800|0|2,2.357065093,2.3143554189921693,0.8391312120470517,0.013387093968504543
structured,178,S800,S800|0|2,2.344086808,2.3169748229208613,0.8402623791507443,0.012993995145639722
structured,179,S800,S800|0|2,2.371926086,2.3208465646584155,0.8419320176785922,0.012378264252810607
structured,180,D50,D50|0|3,2.712659774,2.7398113322120716,1.0078890611723286,0.02474607528873511
structured,181,D50,D50|0|3,2.725048716,2.7448212705183748,1.009715961919418,0.024771431863895674
structured,182,D50,D50|0|3,2.731434141,2.7353558040751653,1.0062615203102812,0.024728851793629807
structured,183,D50,D50|0|3,2.738759908,2.728542048454431,1.0037674183571543,0.024755755992780577
structured,184,D50,D50|0|3,2.737732498,2.713979462666123,0.9984159942013353,0.024921039777565872
structured,185,D100,D100|0|3,2.675096745,2.78326389743293,1.0236243028533871,0.023136942982902763
structured,186,D100,D100|0|3,2.867247482,2.777257769493559,1.0214640270249973,0.023137753034358735
structured,187,D100,D100|0|3,2.696871146,2.759370615870218,1.0150026159963206,0.02309409106959134
structured,188,D100,D100|0|3,2.647227765,2.7632647930837835,1.016412876703612,0.023099124318227797
structured,189,D100,D100|0|3,2.657785564,2.788265836391347,1.0254198385648392,0.023184139590770942
structured,190,D200,D200|0|3,2.748276141,2.6820164399158943,0.9865689145632558,0.018817555558826436
structured,191,D200,D200|0|3,2.682650303,2.6910148683562882,0.9899183969455168,0.018804212048106485
structured,192,D200,D200|0|3,2.701945369,2.691215096226173,0.9899928002583795,0.018884930338670763
structured,193,D200,D200|0|3,2.740214864,2.676634948901964,0.9845603894950584,0.018861919934552288
structured,194,D200,D200|0|3,2.744762506,2.6952958341402877,0.9915079698171386,0.018820372347876858
structured,195,D400,D400|0|3,2.766825409,2.81645505495851,1.035479021461595,0.012216996322535216
structured,196,D400,D400|0|3,2.901334736,2.781095440548147,1.022844893450491,0.012782559722086353
structured,197,D400,D400|0|3,2.782567861,2.7454420326024462,1.0099420939107067,0.014576308031942877
structured,198,D400,D400|0|3,2.801594694,2.7465626531700105,1.0103501855447212,0.0138936473660928
structured,199,D400,D400|0|3,2.750904643,2.7474974313526337,1.0106904723917023,0.0150299900130219
structured,200,D600,D600|0|3,2.782887365,2.7103803972567184,0.9970889930323539,0.010070886741663595
structured,201,D600,D600|0|3,2.84132757,2.7079635963032604,0.996196911940195,0.010071315721618268
structured,202,D600,D600|0|3,2.766425103,2.7059913227410375,0.9954683230697807,0.010067607813158547
structured,203,D600,D600|0|3,2.732959456,2.6907465876419083,0.9898186969804419,0.010059571693777228
structured,204,D600,D600|0|3,2.763235638,2.7004357500873213,0.9934131489097227,0.010049374518676189
structured,205,D800,D800|0|3,2.63522,2.7442902559657982,1.0095224826826887,0.010343235410669177
structured,206,D800,D800|0|3,2.651727808,2.76290376645732,1.0162822159671225,0.010472157945590945
structured,207,D800,D800|0|3,2.695769239,2.751955981707203,1.0123119249239905,0.010465594612237391
structured,208,D800,D800|0|3,2.623911376,2.7537359190661372,1.012958505754529,0.010411777122107252
structured,209,D800,D800|0|3,2.604061726,2.74547663512249,1.0099546974556282,0.010602255301254058
structured,210,S50,S50|0|3,2.731521141,2.610343234977846,0.9594817203425756,0.022435499053101004
structured,211,S50,S50|0|3,2.632174683,2.6163544711263724,0.961781925610591,0.02241793164797245
structured,212,S50,S50|0|3,2.697323437,2.6354716305474315,0.9690621529020986,0.02245183190769909
structured,213,S50,S50|0|3,2.665334753,2.618310900171573,0.9625294152770835,0.02242945149554708
structured,214,S50,S50|0|3,2.709654543,2.6131090331940983,0.9605407128757645,0.022425505961026906
structured,215,S100,S100|0|3,2.644428335,2.702062928773595,0.9940155289683588,0.012356100614041245
structured,216,S100,S100|0|3,2.67892849,2.707962550731425,0.9961965258301162,0.012351773142474511
structured,217,S100,S100|0|3,2.651410329,2.7088996917768906,0.996542534649562,0.01235536940899236
structured,218,S100,S100|0|3,2.645760415,2.688552959842625,0.9890031157318,0.01238808530827059
structured,219,S100,S100|0|3,2.649109535,2.703129499282085,0.9944101756110193,0.012375965524585341
structured,220,S200,S200|0|3,2.67459967,2.6894759069666154,0.9893463445079589,0.01062367576613722
structured,221,S200,S200|0|3,2.653136363,2.6980278111246863,0.9925210657845811,0.010720938757768595
structured,222,S200,S200|0|3,2.703511806,2.6944881928411304,0.9912082764338197,0.01067391005390642
structured,223,S200,S200|0|3,2.650051828,2.696857164985825,0.9920870820527987,0.010671124429794867
structured,224,S200,S200|0|3,2.691075341,2.6990737646724083,0.9929086640337997,0.010695230301476476
structured,225,S400,S400|0|3,2.800140568,2.667435753321199,0.9811176189257289,0.010314610652235962
structured,226,S400,S400|0|3,2.686679766,2.6593474433519373,0.9780807706490879,0.010334531855956515
structured,227,S400,S400|0|3,2.64679232,2.674915273359035,0.9839177063357124,0.010286620812677715
structured,228,S400,S400|0|3,2.721755729,2.672164064350001,0.982888655118008,0.010308994898867415
structured,229,S400,S400|0|3,2.689948259,2.6679380237578254,0.9813058983074914,0.010312252878454175
structured,230,S600,S600|0|3,2.647347587,2.6744560744319017,0.9837460230112969,0.010221055175729769
structured,231,S600,S600|0|3,2.628741468,2.674598272401328,0.983799190528484,0.010321509822092309
structured,232,S600,S600|0|3,2.6300257,2.679731429370289,0.985716576579581,0.010284581614662664
structured,233,S600,S600|0|3,2.653703494,2.667683845338802,0.9812106222832708,0.010309255903798373
structured,234,S600,S600|0|3,2.628540977,2.6600932780401325,0.9783611891111579,0.010353451737077846
structured,235,S800,S800|0|3,2.664593931,2.6359023148853464,0.969225557867609,0.010710294997575233
structured,236,S800,S800|0|3,2.656532806,2.640713352291327,0.9710490898595538,0.01083396798405464
structured,237,S800,S800|0|3,2.702334908,2.640095340061273,0.9708150301657155,0.010755318578558075
structured,238,S800,S800|0|3,2.646022521,2.626067347459712,0.9654874219568104,0.010899424526055424
structured,239,S800,S800|0|3,2.700193466,2.634782480114729,0.9688006283447773,0.010857613709890756
structured,240,D50,D50|0|4,2.994801895,3.0156828348532168,1.1038262837582322,0.02576201895436754
structured,241,D50,D50|0|4,3.017042885,3.037658072319717,1.1110868475824847,0.025329495918098948
structured,242,D50,D50|0|4,3.041828615,2.9561572452991114,1.0838901969685346,0.026301313696551722
structured,243,D50,D50|0|4,2.99137326,2.991996812427459,1.0959409947465093,0.025889742828168957
structured,244,D50,D50|0|4,2.98648365,2.963319504637858,1.0863100942454171,0.026487682690969416
structured,245,D100,D100|0|4,2.991563797,3.034471862078012,1.1100373935791754,0.023363701852409793
structured,246,D100,D100|0|4,3.009996481,3.049240904066192,1.1148926757298554,0.023491264132025392
structured,247,D100,D100|0|4,2.962123796,3.0460144813528203,1.1138340086812422,0.023439691202469342
structured,248,D100,D100|0|4,2.956168224,3.04380667192736,1.113108926789141,0.023412978563399512
structured,249,D100,D100|0|4,2.915595762,3.049171706742344,1.1148699821771995,0.02344141548106895
structured,250,D200,D200|0|4,3.125488432,3.1023603354451,1.1321632203049674,0.019382459413617874
structured,251,D200,D200|0|4,2.986670763,3.1040984489371892,1.1327233186147803,0.01946936740589505
structured,252,D200,D200|0|4,3.122846689,3.040462960860546,1.112009793579981,0.019277655336944824
structured,253,D200,D200|0|4,3.025946716,3.092644972384611,1.1290267028873058,0.019423547690321907
structured,254,D200,D200|0|4,3.063166499,3.1041299746819866,1.1327334747310331,0.019519894328669102
structured,255,D400,D400|0|4,3.154841788,3.115303771678684,1.1363266664827205,0.01329379951632885
structured,256,D400,D400|0|4,3.024652821,3.131621884333658,1.1415510442548382,0.01335124202176465
structured,257,D400,D400|0|4,3.205285799,3.12456911321996,1.139296389911911,0.013159218125628236
structured,258,D400,D400|0|4,3.203743204,3.1084149844873483,1.134112944984539,0.013383977077529224
structured,259,D400,D400|0|4,3.038918026,3.1288153342850062,1.1406544454587293,0.013316567848430794
structured,260,D600,D600|0|4,3.342236258,3.1151501882102424,1.1362773655908556,0.010575116859810498
structured,261,D600,D600|0|4,3.081920399,3.105066812644942,1.1330352329139841,0.010826838681789852
structured,262,D600,D600|0|4,3.123416728,3.114446546531332,1.1360514627878768,0.01056493344892122
structured,263,D600,D600|0|4,3.124444876,3.113760783628292,1.1358312508169328,0.010621398831361309
structured,264,D600,D600|0|4,3.296475183,3.112814143780947,1.135527186426582,0.010545952794832104
structured,265,D800,D800|0|4,3.007268472,3.0720440053527653,1.1223431398419321,0.010469334423397876
structured,266,D800,D800|0|4,3.095796473,3.066151975345423,1.1204233471746694,0.010495826400438996
structured,267,D800,D800|0|4,2.985437636,3.057833219556213,1.1177065669601156,0.010491470349702901
structured,268,D800,D800|0|4,3.011094667,3.0529926113985977,1.116122293637987,0.010568498906791604
structured,269,D800,D800|0|4,3.168463788,3.055788339889456,1.1170376083982774,0.010481582868606815
structured,270,S50,S50|0|4,2.959020881,2.828296814768329,1.0396746982440914,0.023882957706564237
structured,271,S50,S50|0|4,2.959927376,2.892345354923356,1.062067714498564,0.02304432450205968
structured,272,S50,S50|0|4,3.018549894,2.914834496555158,1.0698130417086746,0.022815147510605233
structured,273,S50,S50|0|4,2.976615558,2.8983179265458734,1.0641305433836539,0.022992902565988568
structured,274,S50,S50|0|4,2.981243906,2.896196177528656,1.063398213088504,0.022934848349861793
structured,275,S100,S100|0|4,2.939393159,3.089744405617218,1.1280883708597131,0.012696743535069326
structured,276,S100,S100|0|4,2.929744229,3.0669371462172546,1.1206793913509592,0.012591498539819444
structured,277,S100,S100|0|4,3.000321687,3.0661106551360358,1.1204098708407686,0.012577330986762262
structured,278,S100,S100|0|4,3.087471777,3.090079564245533,1.1281968395249302,0.012700652596157259
structured,279,S100,S100|0|4,3.109757546,3.085524776492825,1.1267217487233527,0.012679319149562192
structured,280,S200,S200|0|4,2.983634778,2.943389525289513,1.0795618170303634,0.01083816308276853
structured,281,S200,S200|0|4,3.076031721,2.9085894993104158,1.0676682555336865,0.011062943729921655
structured,282,S200,S200|0|4,2.978891815,2.924041757437038,1.0729668227147802,0.010944838830056286
structured,283,S200,S200|0|4,3.074036077,2.920121514013701,1.0716252298025895,0.01098704621214064
structured,284,S200,S200|0|4,3.157526941,2.9421243958832837,1.0791319040464984,0.010861321321312468
structured,285,S400,S400|0|4,2.893415666,3.025063662933468,1.10693213685919,0.010193626018280288
structured,286,S400,S400|0|4,2.835511238,3.012433215592082,1.1027481294729713,0.010193539302442633
structured,287,S400,S400|0|4,2.874224375,2.9977510987818072,1.0978623738128424,0.01019842025404564
structured,288,S400,S400|0|4,2.877137236,2.995100509092353,1.0969777899667117,0.010186161851893808
structured,289,S400,S400|0|4,2.934912279,3.02881012185197,1.1081698433360543,0.010237108445117498
structured,290,S600,S600|0|4,2.909473986,2.930953924243922,1.0753279414564112,0.010285011868777344
structured,291,S600,S600|0|4,3.056239128,2.9418984517115354,1.079055104830142,0.010332654736648652
structured,292,S600,S600|0|4,3.048550845,2.915400773356533,1.0700072969237526,0.01023345946381436
structured,293,S600,S600|0|4,3.107367274,2.92804122435113,1.074333675354846,0.010310839615856302
structured,294,S600,S600|0|4,2.952127628,2.914543413292883,1.0697131740154084,0.010234155928255426
structured,295,S800,S800|0|4,2.823288905,2.929035799565976,1.0746732902242917,0.015307799155980368
structured,296,S800,S800|0|4,2.863719184,2.930669731782298,1.0752309743092439,0.014772047160932271
structured,297,S800,S800|0|4,2.851970661,2.9341299233113434,1.0764109607142454,0.013021407819406196
structured,298,S800,S800|0|4,2.838814561,2.9278651594522067,1.0742735429389785,0.013764117566147408
structured,299,S800,S800|0|4,2.819979547,2.937732722088964,1.077638100873103,0.011870398250384185
structured,300,D50,D50|20|0,1.552767498,1.5652724208354252,0.44805987966490696,0.026343976125078796
structured,301,D50,D50|20|0,1.548674901,1.56511636774571,0.44796017761485263,0.026314051831671178
structured,302,D50,D50|20|0,1.557422765,1.5655759656803414,0.44825378547470257,0.02589838575051507
structured,303,D50,D50|20|0,1.562692913,1.5655715082201866,0.44825093830113966,0.02664767070025214
structured,304,D50,D50|20|0,1.558102838,1.5652302994118619,0.4480329693394226,0.026290778077756018
structured,305,D100,D100|20|0,1.572517305,1.5643268437026232,0.4474555996394801,0.023206973529876433
structured,306,D100,D100|20|0,1.578127171,1.5643691269451367,0.447482628946842,0.023232077855147037
structured,307,D100,D100|20|0,1.571879021,1.5668069238907032,0.449039741928383,0.023432465960755784
structured,308,D100,D100|20|0,1.585865962,1.5677730555728302,0.44965617648679285,0.02344738656493517
structured,309,D100,D100|20|0,1.566831298,1.5675579968254152,0.44951899241011434,0.023540132819164217
structured,310,D200,D200|20|0,1.566116653,1.5732073674387408,0.45311644465553885,0.018746057984491925
structured,311,D200,D200|20|0,1.576968715,1.572845438887814,0.45288636043584884,0.018736855408596136
structured,312,D200,D200|20|0,1.576836284,1.574105913039844,0.4536874368291425,0.01874112973433699
structured,313,D200,D200|20|0,1.583116266,1.5711480888977714,0.45180661892878443,0.01874751752477614
structured,314,D200,D200|20|0,1.576286602,1.5700517178820483,0.45110856014380857,0.018762361599898473
structured,315,D400,D400|20|0,1.567755435,1.5695338133463121,0.45077864109221244,0.011852737542724232
structured,316,D400,D400|20|0,1.562605939,1.5700051422335037,0.45107889466281703,0.01181290291594708
structured,317,D400,D400|20|0,1.567598269,1.569972734460138,0.45105825262351645,0.011811437748055351
structured,318,D400,D400|20|0,1.55788804,1.568732666009784,0.45026807428139404,0.01228965294197395
structured,319,D400,D400|20|0,1.555636875,1.568638413215062,0.4502079903497389,0.013447101194135041
structured,320,D600,D600|20|0,1.568956739,1.586139152397783,0.46130285731963394,0.011511845406645304
structured,321,D600,D600|20|0,1.571242561,1.5859935254316242,0.46121104087873976,0.011626731396702413
structured,322,D600,D600|20|0,1.573089533,1.5803997064614244,0.4576777938181947,0.010393066761021873
structured,323,D600,D600|20|0,1.568257404,1.5785219693362047,0.45648894677537905,0.010226005147545156
structured,324,D600,D600|20|0,1.575665406,1.583513873329449,0.4596463481387588,0.010919414634278195
structured,325,D800,D800|20|0,1.561065551,1.5662256954009848,0.4486687094068526,0.010353809627060402
structured,326,D800,D800|20|0,1.571763461,1.5645788116634154,0.44761665784262844,0.01045536857327452
structured,327,D800,D800|20|0,1.576918877,1.5659642227104935,0.4485017510180355,0.010361821063732136
structured,328,D800,D800|20|0,1.581314446,1.566205457862911,0.44865578810893164,0.010357611838287572
structured,329,D800,D800|20|0,1.566478551,1.5682420473162189,0.4499552769257244,0.010256050233118397
structured,330,S50,S50|20|0,1.553567545,1.588549058065763,0.46282105751512154,0.02543104739086556
structured,331,S50,S50|20|0,1.564751479,1.5715276826871387,0.45204819255508444,0.02271578464515544
structured,332,S50,S50|20|0,1.551504027,1.5723281463470749,0.45255741671850874,0.022773351152481407
structured,333,S50,S50|20|0,1.564022461,1.5734887093340157,0.45329526198594533,0.02286741070408503
structured,334,S50,S50|20|0,1.570885043,1.5729604028955144,0.4529594507748804,0.022760375422058478
structured,335,S100,S100|20|0,1.566786998,1.5614748253845654,0.44563077553902997,0.012491518139214095
structured,336,S100,S100|20|0,1.57161871,1.5621790994404736,0.44608170517771034,0.01251219540385927
structured,337,S100,S100|20|0,1.576159572,1.5635858965413563,0.4469818350324354,0.012571321334732679
structured,338,S100,S100|20|0,1.574140115,1.5640181495136745,0.44725824660417224,0.012520429794778888
structured,339,S100,S100|20|0,1.575161986,1.5648734544621903,0.4478049609542207,0.012619734110291384
structured,340,S200,S200|20|0,1.55049502,1.5672159631833378,0.44930077339477353,0.010825853497325585
structured,341,S200,S200|20|0,1.55748727,1.5672098817157123,0.44929689295993386,0.010841368635178128
structured,342,S200,S200|20|0,1.552948023,1.5675702899770738,0.4495268346101995,0.010796705878750952
structured,343,S200,S200|20|0,1.570748186,1.5698480153705974,0.4509788091778274,0.010692496267959466
structured,344,S200,S200|20|0,1.560910389,1.569157761262137,0.4505390176204341,0.01072298874117836
structured,345,S400,S400|20|0,1.569008578,1.5656892373326419,0.44832613428261636,0.010142583934681385
structured,346,S400,S400|20|0,1.576788168,1.567298927799932,0.44935370957118304,0.010409381661671688
structured,347,S400,S400|20|0,1.590173634,1.5661826822994431,0.4486412461285326,0.010164170965784567
structured,348,S400,S400|20|0,1.579849587,1.566487508193272,0.4488358570363238,0.01017308803023123
structured,349,S400,S400|20|0,1.569267854,1.565817104192654,0.4484077990446433,0.010144925882296613
structured,350,S600,S600|20|0,1.587079653,1.5723333517525249,0.4525607273485739,0.01008625164390172
structured,351,S600,S600|20|0,1.567946889,1.5735458538691078,0.45333157841905136,0.010121758270414482
structured,352,S600,S600|20|0,1.571871059,1.5729752252541567,0.4529688739547508,0.010105597540150276
structured,353,S600,S600|20|0,1.569880939,1.5711093334065618,0.45178195163645096,0.010166289475961219
structured,354,S600,S600|20|0,1.566603451,1.5726832359069394,0.4527832280229619,0.010098664798551482
structured,355,S800,S800|20|0,1.561161878,1.5716165157366118,0.4521047175147354,0.011015528826232138
structured,356,S800,S800|20|0,1.567127956,1.5720895688248455,0.45240567000779913,0.010901304396536552
structured,357,S800,S800|20|0,1.5717416,1.5695520299813601,0.45079024742345497,0.010548856340569955
structured,358,S800,S800|20|0,1.580639482,1.569687836642305,0.45087676942674215,0.010609014587420208
structured,359,D50,D50|20|1,2.106587464,2.0680767828724753,0.7266190850055023,0.03157772352099378
structured,360,D50,D50|20|1,2.117544335,2.0110665737265654,0.6986652150295181,0.03975462355155464
structured,361,D50,D50|20|1,2.118184975,2.0256292363985797,0.7058803863146743,0.03766494152578899
structured,362,D50,D50|20|1,2.099811401,2.0236649891936906,0.7049102185523314,0.035641966071770795
structured,363,D50,D50|20|1,2.091618493,2.0713825922701385,0.7282163032897564,0.029242940837545427
structured,364,D100,D100|20|1,2.060357876,2.0621323859373035,0.7237405862192683,0.023436517215431305
structured,365,D100,D100|20|1,2.051589607,2.077267169453096,0.7310531690014611,0.023667131527291736
structured,366,D100,D100|20|1,2.058574592,2.0629310713413314,0.724127821675052,0.023472526520940826
structured,367,D100,D100|20|1,2.052924413,2.0592286783618055,0.722331484706125,0.023451125852247852
structured,368,D100,D100|20|1,2.049683521,2.066247019987253,0.7257339279196324,0.02359239976263228
structured,369,D200,D200|20|1,2.057366791,2.054827737374736,0.7201920183395754,0.018672086692773447
structured,370,D200,D200|20|1,2.058764596,2.0525755207640968,0.7190953561932918,0.018697398353691826
structured,371,D200,D200|20|1,2.057642712,2.06280264154088,0.7240655637546768,0.018813619025100776
structured,372,D200,D200|20|1,2.069375924,2.058983646121053,0.7222124853822752,0.018700307099746533
structured,373,D200,D200|20|1,2.056356092,2.0610518804642606,0.7232164740632427,0.018774496490570926
structured,374,D400,D400|20|1,2.0430377,2.056056927705826,0.7207900357824698,0.012037802688280218
structured,375,D400,D400|20|1,2.067464556,2.0200783991230926,0.7031363221070441,0.01323486637127002
structured,376,D400,D400|20|1,2.05092407,2.0578420191277065,0.7216578701930789,0.01200613072575845
structured,377,D400,D400|20|1,2.046116935,2.039961240408068,0.7129308078756599,0.012193354391077955
structured,378,D400,D400|20|1,2.040174013,2.0521413526846204,0.7188838102599272,0.011935411471620468
structured,379,D600,D600|20|1,2.030799499,2.0262243701508993,0.706174145080113,0.010272096450028008
structured,380,D600,D600|20|1,2.029389278,2.0247031032228398,0.7054230741169464,0.010209169637084252
structured,381,D600,D600|20|1,2.035717652,2.026410545980402,0.7062660239853126,0.010368069910810965
structured,382,D600,D600|20|1,2.032341943,2.0308347957320367,0.7084469379466986,0.010382633800624444
structured,383,D600,D600|20|1,2.038835416,2.0263212159215374,0.7062219401109645,0.010300570483719603
structured,384,D800,D800|20|1,2.00530262,2.0173175723782233,0.7017686944605716,0.010212411882451467
structured,385,D800,D800|20|1,2.009512232,2.00897523751859,0.6976247599821157,0.010552503892719788
structured,386,D800,D800|20|1,2.00461922,2.0067540857828443,0.6965185340473317,0.012128150519673192
structured,387,D800,D800|20|1,2.017234302,2.0145760338376326,0.7004087682170413,0.010283087648259309
structured,388,D800,D800|20|1,2.007206069,2.0035618667624013,0.6949265299596566,0.011714404417752003
structured,389,S50,S50|20|1,2.034582604,2.0333667709042653,0.709692927082959,0.02262005382089738
structured,390,S50,S50|20|1,2.023307961,2.0333351735637253,0.7096773875420868,0.02262354322458499
structured,391,S50,S50|20|1,2.025826924,2.0333936866062605,0.709706164008161,0.0226382771486809
structured,392,S50,S50|20|1,2.013036975,2.033610091956499,0.7098125840472,0.02266276855974049
structured,393,S50,S50|20|1,2.03287125,2.032226893889706,0.7091321838614717,0.022677386649000233
structured,394,S100,S100|20|1,2.019725426,2.0276082202255687,0.7068568817731423,0.012574075660396377
structured,395,S100,S100|20|1,2.039797618,2.0342602059713464,0.7101322176504214,0.01285734092009583
structured,396,S100,S100|20|1,2.036185006,2.0269593706750078,0.7065368232013943,0.012601707631849266
structured,397,S100,S100|20|1,2.03838733,2.0265019093806758,0.7063111092918893,0.012542656438157104
structured,398,S100,S100|20|1,2.036193882,2.027171443426272,0.7066414437778791,0.012765097948922527
structured,399,S200,S200|20|1,2.012022796,2.0130257223645356,0.6996389247004737,0.010691204370187809
structured,400,S200,S200|20|1,2.023972604,2.0136759969572475,0.6999619059609156,0.01065523054631658
structured,401,S200,S200|20|1,2.013429352,2.012828266151468,0.6995408306246381,0.010827207631532252
structured,402,S200,S200|20|1,2.013525821,2.0113534693807797,0.6988078633117095,0.010822679397575093
structured,403,S200,S200|20|1,2.013365047,2.013050971284584,0.6996514673925137,0.010831652225737877
structured,404,S400,S400|20|1,2.000918649,2.0081397467885487,0.6972087944220795,0.01029501798506017
structured,405,S400,S400|20|1,2.006587247,2.0092750813582945,0.6977740009783037,0.010105803096355602
structured,406,S400,S400|20|1,2.007552339,2.0114144305625086,0.6988381713897541,0.010123618716624809
structured,407,S400,S400|20|1,2.016135748,2.005450958053586,0.6958689522035113,0.010202200278686992
structured,408,S400,S400|20|1,2.007400124,2.0133896309855177,0.6998196852976984,0.010263319719087085
structured,409,S600,S600|20|1,2.002293432,2.005113704585258,0.69570076966689,0.010094300980480485
structured,410,S600,S600|20|1,2.009319501,2.008890522950087,0.6975825910428997,0.010038762362739024
structured,411,S600,S600|20|1,2.017374996,2.005857107259473,0.6960714543303298,0.010088039089541749
structured,412,S600,S600|20|1,2.016442329,2.0047579842353827,0.6955233473559468,0.010136745422652553
structured,413,S600,S600|20|1,2.004084507,2.0027608703400164,0.6945266638052704,0.01008793605858358
structured,414,S800,S800|20|1,2.007171096,2.0070384861754227,0.6966602456021546,0.010577029071963997
structured,415,S800,S800|20|1,2.008164277,2.0049728115080057,0.6956305003214558,0.010509628092513419
structured,416,S800,S800|20|1,2.006201599,2.0063602694270313,0.6963222693400646,0.010486932719981532
structured,417,S800,S800|20|1,2.010861938,2.006715336502531,0.6964992244295235,0.01063398439037813
structured,418,S800,S800|20|1,2.001144559,2.005772166083423,0.6960291068598757,0.010599302587311602
structured,419,D50,D50|20|2,2.484568666,2.3241251040997337,0.8433436689090247,0.033402871615312794
structured,420,D50,D50|20|2,2.497363881,2.3309115045184425,0.8462593947333936,0.032756785375529084
structured,421,D50,D50|20|2,2.49842825,2.3265860132293663,0.8444019627042013,0.032996563848019564
structured,422,D50,D50|20|2,2.461581844,2.3419733818441304,0.8509938995448101,0.031870755151952056
structured,423,D50,D50|20|2,2.435941445,2.4364174600901873,0.8905287063024816,0.025843777089507136
structured,424,D100,D100|20|2,2.40022232,2.4517712085976933,0.896810705644514,0.023584343502859942
structured,425,D100,D100|20|2,2.377815583,2.4287630757787917,0.887382105443365,0.023467304565058827
structured,426,D100,D100|20|2,2.394952399,2.4291474875947507,0.8875403676475562,0.023461427956608674
structured,427,D100,D100|20|2,2.394366926,2.4260878850720036,0.8862800361938145,0.023430019465485993
structured,428,D100,D100|20|2,2.379854414,2.431016543109003,0.8883095003741818,0.023463150383674122
structured,429,D200,D200|20|2,2.376433228,2.357134685084314,0.8574467649112845,0.018744827340189656
structured,430,D200,D200|20|2,2.409641323,2.3732088557349806,0.8642429869540358,0.01874167445451237
structured,431,D200,D200|20|2,2.405379084,2.390396791636494,0.8714593737685854,0.01861479648095073
structured,432,D200,D200|20|2,2.374945926,2.3700730545348807,0.8629207793702305,0.018758625207330223
structured,433,D200,D200|20|2,2.383753703,2.3595671751006613,0.8584782018365366,0.018715454515094213
structured,434,D400,D400|20|2,2.422115978,2.396691054514985,0.8740890587495065,0.013022103044652285
structured,435,D400,D400|20|2,2.412479091,2.427233844514249,0.8867522733655462,0.012229950111999198
structured,436,D400,D400|20|2,2.389934264,2.4055615752859247,0.8777833795374774,0.012538383889308285
structured,437,D400,D400|20|2,2.384713733,2.396781894995541,0.8741269604886104,0.012914355554136893
structured,438,D400,D400|20|2,2.399226086,2.4360581665306533,0.890381227448725,0.012216475256341662
structured,439,D600,D600|20|2,2.360350625,2.350833783838574,0.854770066862288,0.010176300022998533
structured,440,D600,D600|20|2,2.354270436,2.353448620283903,0.8558817504263235,0.010206792925189018
structured,441,D600,D600|20|2,2.37100385,2.352626090407246,0.8555321895138441,0.010182800815965941
structured,442,D600,D600|20|2,2.328001537,2.341259172766908,0.8506888926614528,0.01018052096583214
structured,443,D600,D600|20|2,2.321628667,2.334968616389747,0.8479984505122264,0.01022847518324444
structured,444,D800,D800|20|2,2.324864186,2.3547141093382136,0.8564193227905172,0.01060579534112562
structured,445,D800,D800|20|2,2.332444837,2.351901066860721,0.8552239657421332,0.010719734004487608
structured,446,D800,D800|20|2,2.333356188,2.369950277077932,0.8628689747910601,0.010489922795466566
structured,447,D800,D800|20|2,2.344244002,2.3596409999822248,0.8585094888147035,0.010539873021212997
structured,448,D800,D800|20|2,2.392456042,2.372431971131913,0.8639155771738394,0.010468628909366397
structured,449,S50,S50|20|2,2.358059239,2.301427990062374,0.8335297955225273,0.02265259042243215
structured,450,S50,S50|20|2,2.359048519,2.321238088006001,0.842100701956372,0.022422171245281862
structured,451,S50,S50|20|2,2.346389412,2.315981541931635,0.8398335898739963,0.022451506035542232
structured,452,S50,S50|20|2,2.368014463,2.3242328810090576,0.8433900409439188,0.022417523066540667
structured,453,S50,S50|20|2,2.377940402,2.324227070571498,0.8433875410030265,0.022417712920438336
structured,454,S100,S100|20|2,2.355055985,2.360647704468901,0.8589360324288644,0.012421213568922621
structured,455,S100,S100|20|2,2.34418626,2.3650167879190453,0.8607851204045565,0.0124443107504713
structured,456,S100,S100|20|2,2.350460873,2.363332720917786,0.8600727927437855,0.012432483525560341
structured,457,S100,S100|20|2,2.354754656,2.356570703705614,0.857207470625845,0.012421418198626027
structured,458,S100,S100|20|2,2.348310931,2.359378105743145,0.8583980697958515,0.012417977297070108
structured,459,S200,S200|20|2,2.31502858,2.3115194915866732,0.8379050968512882,0.01073857104791416
structured,460,S200,S200|20|2,2.327331882,2.3122017445959484,0.8382002067765526,0.010682756436320526
structured,461,S200,S200|20|2,2.321342581,2.3156626208829056,0.8396958759054691,0.010712927286371954
structured,462,S200,S200|20|2,2.354421515,2.3295696899681935,0.8456835681046273,0.01066518658895347
structured,463,S200,S200|20|2,2.346264224,2.3264731810202535,0.8443534646282369,0.010653335894059493
structured,464,S400,S400|20|2,2.302433632,2.2974362424667305,0.8317938240320584,0.010224599926511204
structured,465,S400,S400|20|2,2.301666197,2.3014415985313192,0.8335357085594635,0.010174070283250366
structured,466,S400,S400|20|2,2.301228007,2.305084518673809,0.8351173433138185,0.01015009558454774
structured,467,S400,S400|20|2,2.312349059,2.2930114591701347,0.8298660013208182,0.01030273015635679
structured,468,S400,S400|20|2,2.29357413,2.3081513844864623,0.836446937693485,0.01013087681244323
structured,469,S600,S600|20|2,2.306805401,2.296822240701699,0.8315265331206149,0.010032526788045955
structured,470,S600,S600|20|2,2.300352377,2.298428171331101,0.8322254855392147,0.01002915514047118
structured,471,S600,S600|20|2,2.312753062,2.3051441917691373,0.835143230574117,0.010035559484244066
structured,472,S600,S600|20|2,2.305671252,2.3008802503981416,0.833291767281827,0.01002718014081375
structured,473,S600,S600|20|2,2.308124581,2.3018775129080282,0.8337250998953492,0.010034075479147657
structured,474,S800,S800|20|2,2.283433535,2.292608365010142,0.8296901933923434,0.010871569875894894
structured,475,S800,S800|20|2,2.28344892,2.2947305860576335,0.8306154449255438,0.011330638142589328
structured,476,S800,S800|20|2,2.305620968,2.2936817842790465,0.8301582925546571,0.011098067608279211
structured,477,S800,S800|20|2,2.285418849,2.3004387508486284,0.8330998659810266,0.010489834749275225
structured,478,S800,S800|20|2,2.29616334,2.307636489428518,0.8362238359937776,0.01049085164000574
structured,479,D50,D50|20|3,2.690730088,2.759429958390367,1.015024121582309,0.025086289464522304
structured,480,D50,D50|20|3,2.738434207,2.8410498857678594,1.0441736619462807,0.026063018974548664
structured,481,D50,D50|20|3,2.817365633,2.7923969539860436,1.026900350290582,0.028381409836676533
structured,482,D50,D50|20|3,2.759699812,2.8257237452313135,1.038764524788816,0.0262523634446428
structured,483,D50,D50|20|3,2.814001244,2.681669295331624,0.9864394720112905,0.036872863707764526
structured,484,D100,D100|20|3,2.632649339,2.7166256112174834,0.9993905260351854,0.023467449663034653
structured,485,D100,D100|20|3,2.670840698,2.7190728946502425,1.0002909746511173,0.023529072918641505
structured,486,D100,D100|20|3,2.656750954,2.7219461490686157,1.0013471204437954,0.023461905897637497
structured,487,D100,D100|20|3,2.667506004,2.725855962988771,1.0027824936497285,0.023536320968942787
structured,488,D100,D100|20|3,2.657418213,2.7159897316145374,0.9991564289877334,0.023554953976334524
structured,489,D200,D200|20|3,2.588700967,2.582398779806129,0.9487187265895585,0.01883090302174703
structured,490,D200,D200|20|3,2.613579889,2.6150359287614164,0.9612778369106136,0.01874527116033453
structured,491,D200,D200|20|3,2.697432993,2.6640839276166965,0.9798602565425126,0.018935058487383794
structured,492,D200,D200|20|3,2.669193554,2.665237716685193,0.9802932531464074,0.018880178396094766
structured,493,D200,D200|20|3,2.699238938,2.668311517334579,0.9814458818575436,0.018904252559827608
structured,494,D400,D400|20|3,2.610637885,2.667750237848687,0.9812355096715707,0.011477941267849238
structured,495,D400,D400|20|3,2.659162876,2.666807493009069,0.9808820614957345,0.011472217768339756
structured,496,D400,D400|20|3,2.621120179,2.6699164389355974,0.9820471756436169,0.011481068656318422
structured,497,D400,D400|20|3,2.716696143,2.7091761294701264,0.9966445774051806,0.011736512421944883
structured,498,D400,D400|20|3,2.661629247,2.714043034030716,0.9984394175989482,0.01175512464488729
structured,499,D600,D600|20|3,2.72971974,2.629868117771457,0.9669336995983071,0.009902635495303734
structured,500,D600,D600|20|3,2.633703639,2.6333213782717633,0.968245930897762,0.00990776605469257
structured,501,D600,D600|20|3,2.607496322,2.638674446338006,0.9702766874021254,0.009914395675059967
structured,502,D600,D600|20|3,2.586980655,2.639889671189304,0.9707371250687749,0.009919551314700481
structured,503,D600,D600|20|3,2.621748382,2.6795602350723824,0.985652689667398,0.010281482051827754
structured,504,D800,D800|20|3,2.655372422,2.6029779733347573,0.9566561639461824,0.01017066543897246
structured,505,D800,D800|20|3,2.660303152,2.6074752637831637,0.9583824212833301,0.010136876637762963
structured,506,D800,D800|20|3,2.611077525,2.5936077867112743,0.953049874273945,0.010391695155024918
structured,507,D800,D800|20|3,2.607165303,2.6056695971925428,0.9576896852435753,0.01016406641986358
structured,508,D800,D800|20|3,2.65987949,2.5823783146062755,0.9487108016783845,0.01071553510644883
structured,509,S50,S50|20|3,2.600572749,2.5147359771581432,0.9221678187798186,0.022607672887904894
structured,510,S50,S50|20|3,2.600756865,2.51314336583696,0.9215343066106507,0.02252664719308885
structured,511,S50,S50|20|3,2.611409827,2.514186669689965,0.9219493594759328,0.02262789270284533
structured,512,S50,S50|20|3,2.606183706,2.5136562530896374,0.9217383677602242,0.022419486369874262
structured,513,S50,S50|20|3,2.601032081,2.5167336758511096,0.9229619004043574,0.02244621021369611
structured,514,S100,S100|20|3,2.602353853,2.6160976246793806,0.9616837512011572,0.012357694336171019
structured,515,S100,S100|20|3,2.591555322,2.6199168771551316,0.9631425909930491,0.01236868819888919
structured,516,S100,S100|20|3,2.593729911,2.6167917257274156,0.9619490352557691,0.012353643407980541
structured,517,S100,S100|20|3,2.590178255,2.618587151762212,0.9626349172701165,0.012366146524108192
structured,518,S100,S100|20|3,2.585105566,2.611595460078036,0.9599613219607939,0.012342514080178564
structured,519,S200,S200|20|3,2.549463877,2.579863523074704,0.9477364995013152,0.011167372334172053
structured,520,S200,S200|20|3,2.553809437,2.576137389838598,0.946291141384543,0.011232773232280903
structured,521,S200,S200|20|3,2.557795714,2.5788636170995023,0.947348843414628,0.01128735631942242
structured,522,S200,S200|20|3,2.566834809,2.5745416105987142,0.9456715029676248,0.011382118668270196
structured,523,S400,S400|20|3,2.593864362,2.5956511059871175,0.9538373930405734,0.010115791641864163
structured,524,S400,S400|20|3,2.570231272,2.589156110093111,0.9513319963996748,0.010126755849406258
structured,525,S400,S400|20|3,2.541498191,2.583914407105867,0.9493054611867014,0.010119415323277117
structured,526,S400,S400|20|3,2.548421595,2.5877505489819614,0.9507889844281443,0.010114244799694111
structured,527,S400,S400|20|3,2.588285054,2.591450142102085,0.9522176194512013,0.01010717432128054
structured,528,S600,S600|20|3,2.580068962,2.5792838429833296,0.9475117801619812,0.010160379535319473
structured,529,S600,S600|20|3,2.584900044,2.5772232882687636,0.9467125745090865,0.010155498524041202
structured,530,S600,S600|20|3,2.561216983,2.580167651462288,0.9478543780092735,0.010315577469614642
structured,531,S600,S600|20|3,2.587510212,2.582001013253811,0.9485646848541998,0.010261881779754931
structured,532,S600,S600|20|3,2.581396513,2.581173517365023,0.9482441472117221,0.010303926367125911
structured,533,S800,S800|20|3,2.560087009,2.5720572989683026,0.9447060841086776,0.010450970472894328
structured,534,S800,S800|20|3,2.596600528,2.575474043127608,0.94603361159089,0.010472212640716924
structured,535,S800,S800|20|3,2.622113085,2.5726425649096383,0.9449336060086313,0.010430463948929474
structured,536,S800,S800|20|3,2.569463249,2.5722191878971725,0.9447690235441206,0.010445142510223276
structured,537,S800,S800|20|3,2.568817026,2.5755415173033893,0.9460598099880773,0.01044212136209262
structured,538,D50,D50|20|3,2.984611462,3.0721465677006523,1.1223765249873559,0.026209127330306618
structured,539,D50,D50|20|3,3.075366021,2.998996276858994,1.0982776583052791,0.03626561187311883
structured,540,D50,D50|20|3,3.115050296,2.993938160544487,1.0965896313233712,0.03670032163993163
structured,541,D50,D50|20|3,3.094452059,2.9988272968729843,1.0982213112040424,0.03576398698704256
structured,542,D50,D50|20|3,3.004673665,3.134354695014056,1.142423313986161,0.02897329735697405
structured,543,D100,D100|20|3,2.895548145,2.990966486823037,1.0955965749120313,0.024029684633315913
structured,544,D100,D100|20|3,3.084940581,2.9967641591011684,1.0975330929128535,0.024049669923800518
structured,545,D100,D100|20|3,2.95128913,2.9510645464144285,1.0821659684475986,0.023971851545583282
structured,546,D100,D100|20|3,2.944572615,2.9476847234752235,1.0810200227040423,0.023882997658311724
structured,547,D100,D100|20|3,2.924704326,2.9478275618618612,1.0810684793536947,0.023895302167550078
structured,548,D200,D200|20|4,2.998124447,2.9659357085292877,1.087192567327501,0.018837788290100497
structured,549,D200,D200|20|4,2.966529382,2.941402379473049,1.078886467443105,0.019035030891161632
structured,550,D200,D200|20|4,2.971769703,2.9204739911756366,1.0717459288518731,0.019108147744601987
structured,551,D200,D200|20|4,2.937807548,2.950587130363939,1.0820041777904477,0.01888783312149351
structured,552,D200,D200|20|4,2.99205482,2.927396681914684,1.0741135236089419,0.019153887507948813
structured,553,D400,D400|20|4,3.117623303,3.0512629043007213,1.1155555719010866,0.013010852106944295
structured,554,D400,D400|20|4,3.108333693,3.0316989604984217,1.109123175416244,0.013249462453445755
structured,555,D400,D400|20|4,3.026542576,3.077759475988651,1.1242018894097132,0.012336860862048396
structured,556,D400,D400|20|4,3.01931705,3.0665344871866016,1.1205480924535978,0.012815442013448971
structured,557,D400,D400|20|4,2.919158592,3.0415217714437657,1.1123579728801665,0.011807342040422103
structured,558,D600,D600|20|4,2.893907337,2.967748526835306,1.0878035935602808,0.010420992733263188
structured,559,D600,D600|20|4,2.976918996,2.9648856237598595,1.0868384562452182,0.010391121345578687
structured,560,D600,D600|20|4,3.111563662,2.965369135541712,1.0870015223536904,0.010377284107579873
structured,561,D600,D600|20|4,2.942187821,2.9521188827148817,1.0825231778497193,0.0106009290166047
structured,562,D600,D600|20|4,2.996728535,2.957330356782134,1.084286954881073,0.010411541394739205
structured,563,D800,D800|20|4,2.883213228,2.9480566906494547,1.081146204348927,0.0103032382503752
structured,564,D800,D800|20|4,2.97817025,2.9523867618329227,1.0826139150373355,0.010310664815962637
structured,565,D800,D800|20|4,3.035298035,2.9469204077206297,1.0807606954914926,0.010297786795177412
structured,566,D800,D800|20|4,2.975689921,2.9367849740111263,1.0773154367379045,0.010329540573994642
structured,567,D800,D800|20|4,2.974881534,2.9416252417890445,1.078962231940724,0.010295948844991128
structured,568,S50,S50|20|4,2.764611869,2.748097082086292,1.010908702006195,0.02303500867980929
structured,569,S50,S50|20|4,2.784814878,2.758028457728599,1.0145160975661003,0.022977234708906353
structured,570,S50,S50|20|4,2.791268732,2.763530419899787,1.016508999974322,0.023154870608494395
structured,571,S50,S50|20|4,2.77002425,2.76547499334144,1.0172124080473812,0.02305632692388546
structured,572,S50,S50|20|4,2.879657362,2.7740304058840395,1.0203012828578168,0.022760078037339267
structured,573,S100,S100|20|4,2.81862213,2.9298448329727353,1.0749494635968668,0.012794155833060405
structured,574,S100,S100|20|4,2.834304486,2.9487119185599697,1.0813684372214154,0.012827992823093834
structured,575,S100,S100|20|4,2.875183276,2.931670397517798,1.07557236212474,0.012807326370249434
structured,576,S100,S100|20|4,2.824508975,2.938789313923867,1.0779976985534363,0.012821672862452506
structured,577,S100,S100|20|4,2.820972955,2.939024613623673,1.0780777622311342,0.012794290632018746
structured,578,S200,S200|20|4,2.957256887,2.8725697353386956,1.0552070073264068,0.010756098067074065
structured,579,S200,S200|20|4,2.7989606,2.8769496914880768,1.056730597968164,0.01074924064020388
structured,580,S200,S200|20|4,2.964542875,2.878655069934558,1.0573231954681934,0.010717906574285454
structured,581,S200,S200|20|4,3.094040534,2.876013747524575,1.0564052199324157,0.010710661712619945
structured,582,S200,S200|20|4,2.961390736,2.885084003202497,1.0595540167640665,0.010700709604527184
structured,583,S400,S400|20|4,2.87458441,2.8957681275730227,1.0632504048722016,0.010182424637759672
structured,584,S400,S400|20|4,2.947651822,2.8983572622683016,1.0641441152058269,0.010316118478297352
structured,585,S400,S400|20|4,2.9562895,2.90429792695506,1.0661916836270313,0.010142421923563103
structured,586,S400,S400|20|4,2.963229596,2.9007188998748643,1.0649586027797397,0.010155219052282023
structured,587,S400,S400|20|4,3.031494443,2.8974472919798266,1.063830105205167,0.010134232538540032
structured,588,S600,S600|20|4,2.826666765,2.9027624501327924,1.0656628525977863,0.010112457559086345
structured,589,S600,S600|20|4,2.783083499,2.8988874671325546,1.064327031363581,0.01006846342646445
structured,590,S600,S600|20|4,2.952572722,2.905755411994236,1.066693395051943,0.010113055360149979
structured,591,S600,S600|20|4,2.799750857,2.898213791862258,1.0640946133866538,0.010061539377846795
structured,592,S600,S600|20|4,2.923157083,2.8915495048263185,1.0617925192810302,0.010126324527803841
structured,593,S800,S800|20|4,2.859815802,2.880143240345814,1.0578400291422345,0.011602471342975726
structured,594,S800,S800|20|4,2.921387841,2.8750522557839253,1.0560708500089773,0.01103011878812971
structured,595,S800,S800|20|4,2.794301319,2.8894577053784403,1.0610688393190064,0.0109349015142517
structured,596,S800,S800|20|4,2.886741594,2.8776464988204804,1.056972772158243,0.01075168180993785
structured,597,S800,S800|20|4,2.757657512,2.877107573324039,1.0567854746677643,0.010769814165527771
structured,598,D50,D50|60|0,1.562679674,1.5790651475942477,0.4568329931901167,0.02809610446912034
structured,599,D50,D50|60|0,1.567789136,1.5778397948578737,0.4560566930985724,0.027977865661768072
structured,600,D50,D50|60|0,1.575701472,1.5776807209392718,0.45595587048123215,0.026549464512786797
structured,601,D50,D50|60|0,1.570019941,1.577593042413337,0.4559002946215551,0.026697278947364723
structured,602,D50,D50|60|0,1.552722579,1.57698426754068,0.4555143317362624,0.027457028517826866
structured,603,D100,D100|60|0,1.576622382,1.5705578130907338,0.45143085122015864,0.023940536437235843
structured,604,D100,D100|60|0,1.574302539,1.569827954587528,0.4509660302902852,0.023972687666169536
structured,605,D100,D100|60|0,1.583288008,1.567579900426619,0.44953296538477905,0.02368498780275373
structured,606,D100,D100|60|0,1.57697478,1.5680019361707078,0.449802156730201,0.023419035421363216
structured,607,D100,D100|60|0,1.586395774,1.5709266256529295,0.45166565267856573,0.02380468852836413
structured,608,D200,D200|60|0,1.573185206,1.5811993464376854,0.4581836391071974,0.019401886154796127
structured,609,D200,D200|60|0,1.581615633,1.5815904479123573,0.4584309533469004,0.019474532562072207
structured,610,D200,D200|60|0,1.577652296,1.5813776509569413,0.45829639811328104,0.01943279242482162
structured,611,D200,D200|60|0,1.575414512,1.5805592433098319,0.45777873587475293,0.01920762464927834
structured,612,D200,D200|60|0,1.573976112,1.5816868907726003,0.45849192989112786,0.019744324955887942
structured,613,D400,D400|60|0,1.570033462,1.5665177027454231,0.44885513217320927,0.01213446089023308
structured,614,D400,D400|60|0,1.574157889,1.5654098867463873,0.44814769816422745,0.012019812569047054
structured,615,D400,D400|60|0,1.57801922,1.5660395462443495,0.4485498502793564,0.01207121176735238
structured,616,D400,D400|60|0,1.577174853,1.5656991034405914,0.44833243570989134,0.01209966619422917
structured,617,D400,D400|60|0,1.55836031,1.5639175012540332,0.44719389217306293,0.012776288044275497
structured,618,D600,D600|60|0,1.568375759,1.5684231298678029,0.4500707387563988,0.010147273908155632
structured,619,D600,D600|60|0,1.564564806,1.5690470307242517,0.4504684482693109,0.010201506433966919
structured,620,D600,D600|60|0,1.561426419,1.5760143522267163,0.4548990981370616,0.014356871840923265
structured,621,D600,D600|60|0,1.562924626,1.569314630304467,0.45063898284101855,0.010262195291645923
structured,622,D600,D600|60|0,1.570899386,1.5682736411930673,0.449975422769066,0.010155756725512282
structured,623,D800,D800|60|0,1.560605139,1.5608359099280118,0.4452215174480621,0.010346223709892157
structured,624,D800,D800|60|0,1.573095612,1.559435600042231,0.44432396095317706,0.010693199014614003
structured,625,D800,D800|60|0,1.568672064,1.5595601926187146,0.4444038537038137,0.011026091359820292
structured,626,D800,D800|60|0,1.584954696,1.5610038060147144,0.44532907972040237,0.011082947146831737
structured,627,D800,D800|60|0,1.571780184,1.560636373658736,0.4450936699123997,0.010585258288570962
structured,628,S50,S50|60|0,1.585030001,1.5718916793849034,0.45227978538917046,0.023359123022906093
structured,629,S50,S50|60|0,1.575896097,1.5742799530507192,0.4537979950761013,0.02300588872344931
structured,630,S50,S50|60|0,1.558030671,1.5741378693434889,0.453707737864167,0.023003527158164425
structured,631,S50,S50|60|0,1.559559837,1.5743090812197815,0.45381649743937974,0.022900001517150426
structured,632,S50,S50|60|0,1.558580143,1.5732630194235784,0.45315181888634415,0.02277564817572594
structured,633,S100,S100|60|0,1.560233628,1.5761629851156935,0.4549934030401053,0.014101829724953958
structured,634,S100,S100|60|0,1.565566604,1.5742810765102142,0.45379870870971645,0.013760060279186763
structured,635,S100,S100|60|0,1.575050725,1.5740879467970346,0.45367602314649813,0.013802614725923944
structured,636,S100,S100|60|0,1.558494761,1.5660909774244756,0.4485826912990662,0.01253196804178299
structured,637,S100,S100|60|0,1.576208874,1.5652981215387787,0.4480762988466544,0.012620939775723308
structured,638,S200,S200|60|0,1.583216207,1.5652438221753922,0.4480416087742208,0.010788487937064429
structured,639,S200,S200|60|0,1.5638467,1.5643371008028346,0.4474621564959489,0.010846071838558855
structured,640,S200,S200|60|0,1.565238263,1.564719329555368,0.44770646577124745,0.010880049664979123
structured,641,S200,S200|60|0,1.556928929,1.563916331785561,0.4471931443913491,0.010847578478376248
structured,642,S200,S200|60|0,1.570737295,1.5633381174789582,0.4468233540064779,0.010928283756206969
structured,643,S400,S400|60|0,1.54696515,1.5631820220112143,0.44672350147976486,0.010200868578451445
structured,644,S400,S400|60|0,1.570397211,1.562409349988762,0.44622908493823354,0.01030804008867786
structured,645,S400,S400|60|0,1.560877234,1.564488524665049,0.44755894927410816,0.010366649871678667
structured,646,S400,S400|60|0,1.554539254,1.5654866973982453,0.44819676439801004,0.010601839568309792
structured,647,S400,S400|60|0,1.553679247,1.5647338479049726,0.4477157442929452,0.010222428043706685
structured,648,S600,S600|60|0,1.563733267,1.5634331675620416,0.4468841515989129,0.010137002300476391
structured,649,S600,S600|60|0,1.568274191,1.5631186724881068,0.44668297465313705,0.010103216302349454
structured,650,S600,S600|60|0,1.574524496,1.5665966405474394,0.4489055215260282,0.011805228553935346
structured,651,S600,S600|60|0,1.565081714,1.565503777877561,0.44820767498969066,0.011299840642720594
structured,652,S600,S600|60|0,1.579240583,1.5712519936244995,0.45187274973583463,0.025416396054760294
structured,653,S800,S800|60|0,1.566374266,1.5640311570065848,0.4472665632844007,0.010861053188564736
structured,654,S800,S800|60|0,1.55938477,1.5640161215522286,0.4472569499678377,0.011090187180457773
structured,655,S800,S800|60|0,1.551797708,1.5640658838667978,0.44728876647040205,0.01131076612921573
structured,656,S800,S800|60|0,1.559272305,1.564039018242426,0.44727158953726626,0.010953342469786681
structured,657,S800,S800|60|0,1.562510743,1.5640690753249857,0.4472908069566532,0.011230539176490296
structured,658,D50,D50|60|1,1.976807007,1.9258022418526533,0.6553426299383618,0.036250564329944154
structured,659,D50,D50|60|1,1.977099387,1.9208884684052954,0.6527878229678127,0.04029191663933773
structured,660,D50,D50|60|1,1.941417591,1.9590974250083375,0.6724838697361899,0.026343633669259143
structured,661,D50,D50|60|1,1.950789971,1.9523134374595563,0.6690150475695568,0.02661426171076595
structured,662,D50,D50|60|1,1.973459585,1.9266807615042443,0.6557987096490595,0.03514749330797457
structured,663,D100,D100|60|1,1.916011638,1.9064739286207968,0.6452554252263296,0.02343942595878198
structured,664,D100,D100|60|1,1.936770574,1.927898521429888,0.6564305606900017,0.02335035151981029
structured,665,D100,D100|60|1,1.935694889,1.9296941349003403,0.6573615110313703,0.023382110674315663
structured,666,D100,D100|60|1,1.935043626,1.9243769695121506,0.65460226315159,0.023448743986528724
structured,667,D100,D100|60|1,1.923452039,1.9277997923719978,0.65637934866568,0.02338669063380551
structured,668,D200,D200|60|1,1.935862752,1.934449463092884,0.6598227708021416,0.018625693428948358
structured,669,D200,D200|60|1,1.931989992,1.9316499329734687,0.6583745252595783,0.018670822614799704
structured,670,D200,D200|60|1,1.931671261,1.9328139765656631,0.6589769599851434,0.0186824339348222
structured,671,D200,D200|60|1,1.937569797,1.931168702945571,0.6581253652157116,0.018666002587211596
structured,672,D200,D200|60|1,1.924824304,1.9300617038335615,0.6575519733039543,0.01870919298816093
structured,673,D400,D400|60|1,1.941402004,1.928356892264824,0.6566682891534572,0.015028208420977926
structured,674,D400,D400|60|1,1.936789975,1.951039896771273,0.6683625108277226,0.012356128735710514
structured,675,D400,D400|60|1,1.941163574,1.9430893200680812,0.6642791395229994,0.013059974861836132
structured,676,D400,D400|60|1,1.937676406,1.930158135288829,0.657601934943087,0.01169100822918771
structured,677,D400,D400|60|1,1.931018644,1.9261148455204269,0.6555049406326832,0.011939461832268433
structured,678,D600,D600|60|1,1.927224159,1.9206486323888456,0.6526629583573881,0.010360797176847632
structured,679,D600,D600|60|1,1.910781866,1.918827915793473,0.6517145391085649,0.010278211168464522
structured,680,D600,D600|60|1,1.92201239,1.9211271821268254,0.6529120878035398,0.010320668567054414
structured,681,D600,D600|60|1,1.91966687,1.920817750384588,0.6527510070237047,0.010345393976347967
structured,682,D600,D600|60|1,1.913762311,1.921357546544003,0.6530319916853873,0.010378200714784996
structured,683,D800,D800|60|1,1.88915259,1.905152220806723,0.6445619113216428,0.010207892027760635
structured,684,D800,D800|60|1,1.900906673,1.9036086847688167,0.6437513925410348,0.010256054711102141
structured,685,D800,D800|60|1,1.913404801,1.9013723888724323,0.6425759353649837,0.010405199712954493
structured,686,D800,D800|60|1,1.900392618,1.903334355229834,0.6436072718980017,0.0104875814284569
structured,687,D800,D800|60|1,1.904667126,1.9053541760277166,0.6446679104724908,0.01056009910361604
structured,688,S50,S50|60|1,1.899997057,1.9034133196288807,0.643648758440217,0.02258352345450853
structured,689,S50,S50|60|1,1.916839241,1.912158094403224,0.6482324965682985,0.022754914971353055
structured,690,S50,S50|60|1,1.899315305,1.906439633993952,0.6452374365537398,0.022631265495028946
structured,691,S50,S50|60|1,1.899928153,1.9038926152963078,0.6439005352494103,0.022572082907626346
structured,692,S50,S50|60|1,1.912556384,1.9047190773322242,0.6443345317371532,0.022621997034990488
structured,693,S100,S100|60|1,1.901407517,1.8987893402168983,0.6412164937214513,0.01245427342196964
structured,694,S100,S100|60|1,1.901510538,1.9036088771884083,0.643751493622514,0.012400886970213411
structured,695,S100,S100|60|1,1.915035485,1.9041183266632031,0.6440190807948931,0.012395493134898312
structured,696,S100,S100|60|1,1.913200167,1.902537864418589,0.6431887130095759,0.012413010157681363
structured,697,S100,S100|60|1,1.907698465,1.9030311816993362,0.6434479737285549,0.012408465870447163
structured,698,S200,S200|60|1,1.905498373,1.906229732639177,0.6451273292589274,0.010597953836529178
structured,699,S200,S200|60|1,1.91729971,1.904786383312779,0.6443698675471458,0.010748381265376528
structured,700,S200,S200|60|1,1.910400488,1.9058866989273577,0.6449473590408592,0.010867722321099218
structured,701,S200,S200|60|1,1.897281321,1.9067782988887996,0.6454150633779595,0.011117600588426035
structured,702,S200,S200|60|1,1.895335741,1.9064978639976926,0.6452679799359881,0.010817147357480674
structured,703,S400,S400|60|1,1.889473327,1.8984555700903707,0.6410406977771438,0.010144562112623417
structured,704,S400,S400|60|1,1.893931912,1.8981440476662397,0.6408765917579716,0.010164403703156272
structured,705,S400,S400|60|1,1.893219697,1.9000804898641341,0.641896248361491,0.010100984509133305
structured,706,S400,S400|60|1,1.907870918,1.897051325115327,0.6403007465253678,0.010450118519246763
structured,707,S400,S400|60|1,1.898590819,1.8998510911474502,0.641775510020775,0.010104053664737869
structured,708,S600,S600|60|1,1.902126597,1.904369701447234,0.6441510884486079,0.010469528767344418
structured,709,S600,S600|60|1,1.88602699,1.9027805082372051,0.6433162417970164,0.010050829544050538
structured,710,S600,S600|60|1,1.896243659,1.9024347024008053,0.643134488167742,0.010039117214813724
structured,711,S600,S600|60|1,1.896482114,1.9016115211348419,0.6427016956986498,0.010033207691507118
structured,712,S600,S600|60|1,1.901931071,1.9011293240222207,0.6424480906622615,0.010031762718578857
structured,713,S800,S800|60|1,1.902341294,1.893210820378175,0.6382742344245881,0.010530895328256927
structured,714,S800,S800|60|1,1.900172569,1.8915668662752336,0.6374055153914329,0.010675479858933948
structured,715,S800,S800|60|1,1.905278369,1.8948747830729378,0.6391527588171034,0.01058897374045895
structured,716,S800,S800|60|1,1.903246777,1.8926407257018159,0.6379730632488411,0.010536791109054311
structured,717,S800,S800|60|1,1.900872555,1.8944185208196125,0.6389119422748413,0.010484483960768965
structured,718,D50,D50|60|2,2.174585394,2.1687199702726727,0.7741371180570168,0.025904398135700356
structured,719,D50,D50|60|2,2.186009433,2.1280288698576912,0.7551961380498206,0.030995357414785034
structured,720,D50,D50|60|2,2.184639492,2.1314555006635674,0.7568050800000713,0.03183956996178251
structured,721,D50,D50|60|2,2.192962284,2.137583419812869,0.7596759478802901,0.030012549066895232
structured,722,D50,D50|60|2,2.16369584,2.1631042789927437,0.7715443561614724,0.02733519154003605
structured,723,D100,D100|60|2,2.11272867,2.137096879475441,0.7594483096451641,0.023368481693542036
structured,724,D100,D100|60|2,2.124306279,2.1328102787346186,0.757440489792387,0.023407112673352968
structured,725,D100,D100|60|2,2.122002279,2.134809946812413,0.758377624831803,0.02347108272348487
structured,726,D100,D100|60|2,2.124775808,2.133334846136564,0.7576864108237794,0.02340287499212485
structured,727,D100,D100|60|2,2.117765849,2.1324137812722617,0.7572545687444323,0.023355654833640747
structured,728,D200,D200|60|2,2.109818744,2.1091026567449425,0.7462625758667593,0.01868828002183768
structured,729,D200,D200|60|2,2.112322092,2.1056402266754253,0.7446195665804589,0.018694811862489256
structured,730,D200,D200|60|2,2.111399747,2.106062868249322,0.7448202652364608,0.01869158305607672
structured,731,D200,D200|60|2,2.102545668,2.110010097418897,0.7466927329831109,0.018677039567137017
structured,732,D200,D200|60|2,2.107358134,2.109542146486549,0.7464709317552947,0.01867894352931007
structured,733,D400,D400|60|2,2.146058733,2.1563054947998346,0.7683963381851131,0.01294317488215941
structured,734,D400,D400|60|2,2.155542539,2.1526923725665164,0.7667193250180985,0.012410638844618325
structured,735,D400,D400|60|2,2.156566308,2.141263117082212,0.7613958965368862,0.01349558354221195
structured,736,D400,D400|60|2,2.134518523,2.123759816087319,0.7531880160473872,0.011527338676393193
structured,737,D400,D400|60|2,2.110115309,2.120186197912121,0.7515039140309929,0.011471567257586052
structured,738,D600,D600|60|2,2.109465836,2.1158029485214227,0.7494343851424098,0.009996714236511146
structured,739,D600,D600|60|2,2.102792121,2.120431994979492,0.7516198391421282,0.010122353203802581
structured,740,D600,D600|60|2,2.123117965,2.112805580110527,0.7480167230946695,0.009980877983743386
structured,741,D600,D600|60|2,2.104946989,2.1095181379213437,0.7464595507540351,0.009939790477359527
structured,742,D600,D600|60|2,2.118912553,2.112896254813964,0.7480596389022645,0.009969631963620778
structured,743,D800,D800|60|2,2.11901124,2.11045655803326,0.7469043022964008,0.010210264489338892
structured,744,D800,D800|60|2,2.086614536,2.110005031756718,0.7466903322039553,0.01019899722329316
structured,745,D800,D800|60|2,2.095935746,2.1129493584416,0.7480847716839603,0.01053600036965133
structured,746,D800,D800|60|2,2.099875733,2.115163603277482,0.7491321633020906,0.01027279105313314
structured,747,D800,D800|60|2,2.115936961,2.104462414190844,0.7440600493354989,0.010616931056511285
structured,748,S50,S50|60|2,2.102431834,2.0782608823285793,0.7315314297096273,0.02251618098961957
structured,749,S50,S50|60|2,2.100273804,2.0790050777840223,0.7318894512894504,0.022493424084427983
structured,750,S50,S50|60|2,2.105827904,2.0777670881724988,0.731293801781274,0.022516658030122916
structured,751,S50,S50|60|2,2.113033012,2.077114736211223,0.7309797846832147,0.02247782627329353
structured,752,S50,S50|60|2,2.104644152,2.077477808235517,0.731154565733984,0.02248924925291161
structured,753,S100,S100|60|2,2.072598857,2.092406608551907,0.7383148908690652,0.012413805937307601
structured,754,S100,S100|60|2,2.084589502,2.0992709227046724,0.7415901047841233,0.012424151727031074
structured,755,S100,S100|60|2,2.093344018,2.0987000053365925,0.7413181079640472,0.012490875441607277
structured,756,S100,S100|60|2,2.07970639,2.1012498839569296,0.7425323505149543,0.012408163882562332
structured,757,S100,S100|60|2,2.09527821,2.0942005959829286,0.7391719034585821,0.01268774729482369
structured,758,S200,S200|60|2,2.089254246,2.091829501063835,0.7380390424338369,0.010750730653192786
structured,759,S200,S200|60|2,2.083163123,2.0919819662520274,0.7381119258271021,0.010516542553084646
structured,760,S200,S200|60|2,2.090858734,2.089793888705294,0.7370654432693033,0.010549805555179355
structured,761,S200,S200|60|2,2.098389623,2.092416392849242,0.7383195669556436,0.01051493930506534
structured,762,S200,S200|60|2,2.085890942,2.0914119252141905,0.7378394001906671,0.010529382932290419
structured,763,S400,S400|60|2,2.094851401,2.088603639035719,0.7364957273943219,0.010092539504053767
structured,764,S400,S400|60|2,2.109402368,2.0869090787127518,0.7356840616035336,0.010081472906553606
structured,765,S400,S400|60|2,2.105495945,2.090199515252672,0.7372595232639114,0.010103816389211895
structured,766,S400,S400|60|2,2.094026671,2.0893111740152834,0.7368344298418289,0.010093193124899903
structured,767,S400,S400|60|2,2.100462011,2.093920185990792,0.7390379961492405,0.010214074895098488
structured,768,S600,S600|60|2,2.067569824,2.084674370208222,0.7346126656956443,0.01067005139013486
structured,769,S600,S600|60|2,2.077971448,2.0899102627035813,0.7371211285494581,0.010578091231262016
structured,770,S600,S600|60|2,2.093497015,2.088135006853335,0.7362713263847869,0.010646959684564198
structured,771,S600,S600|60|2,2.071425418,2.0861347639215335,0.7353129584810627,0.01025341254634347
structured,772,S600,S600|60|2,2.078372912,2.084362611843117,0.7344631067605578,0.010189410255223939
structured,773,S800,S800|60|2,2.107105097,2.0892804871212665,0.7368197421688013,0.010451000172087568
structured,774,S800,S800|60|2,2.096315821,2.0765371105980495,0.7307016556352344,0.010523750320094215
structured,775,S800,S800|60|2,2.091819696,2.0832456285802654,0.7339270759125702,0.01042081741798503
structured,776,S800,S800|60|2,2.080625873,2.091145300102464,0.7377119063644147,0.010573618007547922
structured,777,S800,S800|60|2,2.078743065,2.086154885880237,0.7353226040044526,0.010443405540605712
structured,778,D50,D50|60|3,2.463313831,2.340889914578714,0.8505311624473691,0.0438149194791898
structured,779,D50,D50|60|3,2.456460946,2.336154691326085,0.8485062833754133,0.04500917069426713
structured,780,D50,D50|60|3,2.477797241,2.3464479977805928,0.8529026943961059,0.04314604148679683
structured,781,D50,D50|60|3,2.489735943,2.3483306910710344,0.8537047315169759,0.041875999160125084
structured,782,D50,D50|60|3,2.483038597,2.3429089273415586,0.8513932886641609,0.0430673359469129
structured,783,D100,D100|60|3,2.30928496,2.342021765992825,0.8510145588952872,0.023809643009972303
structured,784,D100,D100|60|3,2.322408306,2.3454135901074937,0.8524617573946697,0.023836676691488777
structured,785,D100,D100|60|3,2.340507982,2.331493980940519,0.8465092556375657,0.02383386824792505
structured,786,D100,D100|60|3,2.330253185,2.3433276188365775,0.8515719785326756,0.02383741867064257
structured,787,D100,D100|60|3,2.324213387,2.3443416727371704,0.852004625911719,0.02383910680704622
structured,788,D200,D200|60|3,2.298523459,2.305944380625734,0.8354903021395688,0.018745788293179227
structured,789,D200,D200|60|3,2.282325312,2.3113481718487967,0.8378309784683156,0.0188557739886291
structured,790,D200,D200|60|3,2.301963817,2.307366443008501,0.8361068062001766,0.01880175899721131
structured,791,D200,D200|60|3,2.316246545,2.3069653288131544,0.8359329503891115,0.01889605415917276
structured,792,D200,D200|60|3,2.30111204,2.296382799165333,0.831335188935501,0.018866446519715505
structured,793,D400,D400|60|3,2.33591885,2.3998970870544682,0.8754258560405379,0.014348548292376122
structured,794,D400,D400|60|3,2.349718811,2.3348541066342383,0.8479494080700082,0.014287098379014672
structured,795,D400,D400|60|3,2.335387295,2.352485425234871,0.8554723970213816,0.012415765829576758
structured,796,D400,D400|60|3,2.335258747,2.3370456801446955,0.8488876018546491,0.012408574645902441
structured,797,D400,D400|60|3,2.348098119,2.331468104994168,0.8464981571358519,0.014122140340815678
structured,798,D600,D600|60|3,2.257288781,2.2926784780695892,0.8297207751473576,0.010056132269471251
structured,799,D600,D600|60|3,2.292989259,2.2876247317305145,0.8275140442134329,0.010160507865246127
structured,800,D600,D600|60|3,2.25613049,2.2886334624929914,0.8279548981757759,0.010132383080862145
structured,801,D600,D600|60|3,2.235203325,2.2812597871003124,0.8247278285752149,0.010411783368257628
structured,802,D600,D600|60|3,2.28360844,2.3075452231923617,0.8361842855527108,0.010178703878243324
structured,803,D800,D800|60|3,2.360326338,2.3006097215777714,0.83317418414144,0.010724990263287172
structured,804,D800,D800|60|3,2.292278272,2.2825871278026013,0.8253095048515948,0.010671683911280072
structured,805,D800,D800|60|3,2.331007013,2.2849102412664117,0.8263267418531381,0.010284136680812423
structured,806,D800,D800|60|3,2.313535068,2.305050748717635,0.8351026930034844,0.0104736059139605
structured,807,D800,D800|60|3,2.264275175,2.2956406779776337,0.8310119670713907,0.010359634426960952
structured,808,S50,S50|60|3,2.309719445,2.2600738069899973,0.8153974707111108,0.022469586514336542
structured,809,S50,S50|60|3,2.330925835,2.249285239942392,0.8106124946114501,0.022489587030715335
structured,810,S50,S50|60|3,2.312834879,2.2587783026083983,0.8148240930542763,0.02244547950635808
structured,811,S50,S50|60|3,2.313376171,2.252257785627036,0.8119331733652982,0.02246295417923303
structured,812,S50,S50|60|3,2.324054228,2.257847862117817,0.8144120861846311,0.022445999472643374
structured,813,S100,S100|60|3,2.312044444,2.320899195355203,0.8419546947916918,0.012513768660961513
structured,814,S100,S100|60|3,2.3095972,2.3205975761400413,0.8418247284336674,0.012527411437070549
structured,815,S100,S100|60|3,2.314251368,2.312837690778233,0.8384752081879691,0.012508573626743057
structured,816,S100,S100|60|3,2.299677968,2.3197376836640613,0.8414541118994394,0.012508921830691265
structured,817,S100,S100|60|3,2.298125383,2.3168252000979273,0.8401978002641964,0.01251043712738939
structured,818,S200,S200|60|3,2.276398727,2.257552196908084,0.814281127595673,0.010634728817118511
structured,819,S200,S200|60|3,2.272829187,2.275425214987002,0.8221669426244426,0.01067664100972883
structured,820,S200,S200|60|3,2.286129747,2.262388965806633,0.8164213195011124,0.01060657044906404
structured,821,S200,S200|60|3,2.261135889,2.270950970122554,0.8201986733362262,0.010625626129899852
structured,822,S200,S200|60|3,2.262462882,2.273069996394615,0.821131339114523,0.010632370247236596
structured,823,S400,S400|60|3,2.265209939,2.2690061362297533,0.8193419101703163,0.010397178297529473
structured,824,S400,S400|60|3,2.260113665,2.2632440017994377,0.8167991831100698,0.010270323030876676
structured,825,S400,S400|60|3,2.26545348,2.2674574863284165,0.8186591536928719,0.010414788956934012
structured,826,S400,S400|60|3,2.262923493,2.2670841951859386,0.8184945103090245,0.010132483404448658
structured,827,S400,S400|60|3,2.264649093,2.2642723651491234,0.8172534557328603,0.010147763883891119
structured,828,S600,S600|60|3,2.256457642,2.276521044137816,0.8226484198254472,0.010145161267034103
structured,829,S600,S600|60|3,2.244555717,2.2641335653768033,0.8171921539085572,0.010132355986458593
structured,830,S600,S600|60|3,2.251435767,2.275855418522651,0.8223559898713924,0.010143338873800483
structured,831,S600,S600|60|3,2.259728358,2.2814363540213374,0.8248052244462754,0.010158362131809437
structured,832,S600,S600|60|3,2.239327466,2.262552334350904,0.8164935275292414,0.010143884601911875
structured,833,S800,S800|60|3,2.303463897,2.263375252050906,0.816857173519311,0.010565394651195412
structured,834,S800,S800|60|3,2.318188487,2.2782763418763023,0.8234191666563692,0.011282965975391324
structured,835,S800,S800|60|3,2.293922562,2.2777631442774666,0.8231938843239549,0.01167251767233303
structured,836,S800,S800|60|3,2.312004574,2.271153612836464,0.8202879018911146,0.011401145741784703
structured,837,S800,S800|60|3,2.305107446,2.2814526692905206,0.824812375735338,0.011580770664665918
structured,838,D50,D50|60|4,2.551150309,2.4724145404618136,0.9051952198978918,0.03492807918583485
structured,839,D50,D50|60|4,2.530407846,2.476509088528915,0.9068499429481292,0.0342204354337965
structured,840,D50,D50|60|4,2.50789591,2.5087307093107634,0.9197769317359231,0.031346872906060495
structured,841,D50,D50|60|4,2.579330174,2.47269864006742,0.9053101210520402,0.033957488807829415
structured,842,D50,D50|60|4,2.550404569,2.471455672500303,0.9048073181398644,0.03475199000309136
structured,843,D100,D100|60|4,2.406558707,2.442485231812542,0.8930160585756995,0.0239707151990249
structured,844,D100,D100|60|4,2.424481226,2.4481051995886585,0.8953143374149146,0.023989716788240283
structured,845,D100,D100|60|4,2.437580559,2.4407536018877427,0.8923068448524505,0.023954222824322788
structured,846,D100,D100|60|4,2.421963301,2.4391992178080937,0.8916697960162636,0.023926215276382858
structured,847,D100,D100|60|4,2.433721572,2.436297770990971,0.8904795800582566,0.024033262359521003
structured,848,D200,D200|60|4,2.432216992,2.444500143162246,0.8938406616016038,0.019066952095597278
structured,849,D200,D200|60|4,2.439415531,2.44664483234539,0.8947176298089808,0.018903576401568395
structured,850,D200,D200|60|4,2.431978139,2.4449804255419623,0.89403711698148,0.01895085252664111
structured,851,D200,D200|60|4,2.417912189,2.454326272517655,0.8978522928371032,0.018795862936083586
structured,852,D200,D200|60|4,2.430729546,2.4457458381773067,0.8943501226989627,0.01897846983143322
structured,853,D400,D400|60|4,2.495810042,2.5082079627848564,0.9195685391036964,0.012645121423940014
structured,854,D400,D400|60|4,2.500932047,2.492555527230654,0.9133085003311495,0.012079445492501069
structured,855,D400,D400|60|4,2.493851185,2.495505228923504,0.9144912052663471,0.01201306952532867
structured,856,D400,D400|60|4,2.539970885,2.5165648386465276,0.9228948123092806,0.013875204736125657
structured,857,D400,D400|60|4,2.516497463,2.533810294945237,0.9297242152232784,0.013202801132273373
structured,858,D600,D600|60|4,2.547285901,2.474518202007765,0.9060457112153482,0.010038664568483692
structured,859,D600,D600|60|4,2.436899708,2.461372281630764,0.9007190324717455,0.010043006710130276
structured,860,D600,D600|60|4,2.544729567,2.465035910683324,0.902206375617067,0.009978583205373006
structured,861,D600,D600|60|4,2.494341893,2.460939881862017,0.9005433427732877,0.009983811639684047
structured,862,D600,D600|60|4,2.495167323,2.455727064774778,0.8984228741318062,0.010039541372598604
structured,863,D800,D800|60|4,2.523521034,2.4608224797993676,0.9004956354465032,0.01013768241366182
structured,864,D800,D800|60|4,2.505860679,2.4608995160639404,0.9005269400446272,0.010188177016071403
structured,865,D800,D800|60|4,2.435591109,2.4597131449988154,0.9000447354210035,0.010138630877524032
structured,866,D800,D800|60|4,2.450759489,2.4623693575996004,0.9011240399053285,0.010165510853554128
structured,867,D800,D800|60|4,2.457880084,2.4580195198579484,0.8993559524703043,0.01022357548683667
structured,868,S50,S50|60|4,2.458894978,2.378958360063346,0.8666627280416813,0.022542761593861326
structured,869,S50,S50|60|4,2.443524954,2.383664896096438,0.8686391756051609,0.02258817922466495
structured,870,S50,S50|60|4,2.4462853,2.3799031819918266,0.8670598070205694,0.022531242916721525
structured,871,S50,S50|60|4,2.436664803,2.376053053539714,0.8654407301819678,0.022681904367817435
structured,872,S50,S50|60|4,2.430834245,2.3781651406570563,0.8663292410453814,0.02253902909518329
structured,873,S100,S100|60|4,2.423006829,2.4794696648051087,0.9080446924721738,0.012782930921708674
structured,874,S100,S100|60|4,2.428058594,2.468680819044997,0.9036839266093352,0.012723675966746043
structured,875,S100,S100|60|4,2.427931445,2.4707836622338646,0.9045353724791768,0.012608826412601755
structured,876,S100,S100|60|4,2.436739376,2.4601248503047772,0.9002121008128378,0.01257302920152
structured,877,S100,S100|60|4,2.434408586,2.458201988770069,0.8994301838335104,0.012479723534336459
structured,878,S200,S200|60|4,2.38490477,2.428367064499002,0.8872190415479246,0.01077211387312246
structured,879,S200,S200|60|4,2.389709097,2.4306842355698834,0.8881727961405133,0.010803419754047633
structured,880,S200,S200|60|4,2.417374609,2.4370071279630126,0.8907706995312876,0.010634811126900706
structured,881,S200,S200|60|4,2.404362305,2.4285196909382947,0.8872818910426847,0.010835453754663424
structured,882,S200,S200|60|4,2.419070098,2.4284389156672197,0.8872486293751989,0.010698559020064401
structured,883,S400,S400|60|4,2.401888874,2.4439729563878627,0.8936249759403794,0.01010182967351214
structured,884,S400,S400|60|4,2.395168219,2.4257166977068363,0.8861270261706123,0.010377943242541592
structured,885,S400,S400|60|4,2.432666343,2.428158008892557,0.8871329488773774,0.0103265655522157
structured,886,S400,S400|60|4,2.383491014,2.4391303229421255,0.8916415507468953,0.010084323368759208
structured,887,S400,S400|60|4,2.407730185,2.445842877972179,0.894389798886196,0.01022224981784746
structured,888,S600,S600|60|4,2.458733728,2.4429030682860207,0.8931871141597516,0.010441588494300205
structured,889,S600,S600|60|4,2.431071561,2.421506551810841,0.8843898885402619,0.010026666064173026
structured,890,S600,S600|60|4,2.448813984,2.4319349990726273,0.8886872363917333,0.010081886477086579
structured,891,S600,S600|60|4,2.419401756,2.432550219929866,0.8889401802625936,0.010136125440895677
structured,892,S600,S600|60|4,2.467632558,2.421901328168074,0.8845529044860134,0.010029166001727282
structured,893,S800,S800|60|4,2.474028012,2.4246430955627583,0.8856843364703137,0.01044972206497373
structured,894,S800,S800|60|4,2.376310192,2.416650914828511,0.882382662175236,0.01062478762723511
structured,895,S800,S800|60|4,2.433759695,2.4171826206123352,0.8826026555953942,0.010620344957266891
structured,896,S800,S800|60|4,2.403238898,2.4149913253858957,0.8816956951253708,0.010581103374404325
structured,897,S800,S800|60|4,2.433044644,2.4160488894715804,0.882133515576265,0.010655238868921533
structured,898,D50,D50|78|0,1.589431846,1.5519145954533593,0.43948939154415995,0.026693197188672368
structured,899,D50,D50|78|0,1.562397952,1.5480081988557781,0.4369690715719708,0.027932992967217303
structured,900,D50,D50|78|0,1.555646262,1.5467873797760192,0.4361801217935026,0.02767509456077454
structured,901,D50,D50|78|0,1.539581805,1.5478052231614479,0.43683794241982116,0.027639456122193824
structured,902,D50,D50|78|0,1.555216413,1.5476719353165027,0.4367518246174899,0.027903871268123746
structured,903,D100,D100|78|0,1.549823783,1.5504714191039508,0.438559026046936,0.023447477123354144
structured,904,D100,D100|78|0,1.550599187,1.5492537940517022,0.4377733918173536,0.02341595466347928
structured,905,D100,D100|78|0,1.55695821,1.547874102241526,0.4368824425587887,0.023427750374425887
structured,906,D100,D100|78|0,1.546230414,1.5476042386729154,0.4367080827089862,0.02342859705286627
structured,907,D100,D100|78|0,1.556457307,1.5498717470848404,0.4381721836914648,0.02340631503166832
structured,908,D200,D200|78|0,1.549875433,1.556452735629491,0.4424093446366708,0.018837602688544133
structured,909,D200,D200|78|0,1.558093969,1.5566636506648281,0.44254484553640494,0.018799115933279063
structured,910,D200,D200|78|0,1.554728738,1.5562497464639915,0.44227891831616317,0.018813434723988248
structured,911,D200,D200|78|0,1.561541857,1.556571592955469,0.4424857059583248,0.018773633301210586
structured,912,D200,D200|78|0,1.556081921,1.5580675434494948,0.4434462991722041,0.0188762541696179
structured,913,D400,D400|78|0,1.542456238,1.5396024141021667,0.4315242104323086,0.011824353329091831
structured,914,D400,D400|78|0,1.545031608,1.5403560888754584,0.43201361623930645,0.011937708354574642
structured,915,D400,D400|78|0,1.537369758,1.5380582184567584,0.430520723719931,0.01247067996135902
structured,916,D400,D400|78|0,1.544806451,1.540263666685881,0.4319536139041022,0.012938548220208235
structured,917,D400,D400|78|0,1.539156414,1.5389411237358825,0.43109459794294314,0.012634953393752512
structured,918,D600,D600|78|0,1.542447237,1.5472025352657106,0.4364484843309268,0.010069181405955726
structured,919,D600,D600|78|0,1.546575518,1.5574008895527345,0.4430183353386608,0.014955930494545007
structured,920,D600,D600|78|0,1.541695288,1.550337371195954,0.43847256608300683,0.010784060183063162
structured,921,D600,D600|78|0,1.550522448,1.5508101736814162,0.43877748707259756,0.011050470730721556
structured,922,D600,D600|78|0,1.543662144,1.5476773794383702,0.4367553422313769,0.01112379234873542
structured,923,D800,D800|78|0,1.54433342,1.5423072199514238,0.43327949002508487,0.010247062019216272
structured,924,D800,D800|78|0,1.539910547,1.5427397100084883,0.4335598682946649,0.010294342794955346
structured,925,D800,D800|78|0,1.545442519,1.540762986069788,0.4322777392328018,0.010313312571332176
structured,926,D800,D800|78|0,1.539417335,1.540797946445174,0.43230042927603196,0.010256167086783338
structured,927,D800,D800|78|0,1.54238931,1.542690377334859,0.433527890468406,0.010234492560761312
structured,928,S50,S50|78|0,1.548807985,1.5497318875574635,0.43808194019974306,0.022783490364608874
structured,929,S50,S50|78|0,1.540683399,1.5510568849070197,0.43893655979974144,0.022786982949818207
structured,930,S50,S50|78|0,1.556520847,1.5500717189068898,0.43830120012322915,0.02281183047831087
structured,931,S50,S50|78|0,1.543026865,1.5509485302449135,0.43886669875976975,0.02273553641296192
structured,932,S50,S50|78|0,1.533543839,1.5495484532781219,0.43796356802337755,0.022737145315653278
structured,933,S100,S100|78|0,1.544624216,1.544938545548301,0.4349841332144673,0.012472058534588396
structured,934,S100,S100|78|0,1.556176022,1.5456417534672588,0.4354391985181043,0.012576686035134885
structured,935,S100,S100|78|0,1.552243065,1.543543926124263,0.4340810233334057,0.012720273080797952
structured,936,S100,S100|78|0,1.550063034,1.543445536304767,0.4340172784967441,0.012410823372629618
structured,937,S100,S100|78|0,1.562998247,1.5457256945315014,0.4354935052711354,0.01249548076627915
structured,938,S200,S200|78|0,1.538695512,1.5494577030969559,0.43790500074302197,0.010889470148639184
structured,939,S200,S200|78|0,1.535105888,1.54892395529904,0.4375604674594936,0.010724890175708195
structured,940,S200,S200|78|0,1.544362492,1.5486399011062175,0.4373770625601684,0.010759108686208255
structured,941,S200,S200|78|0,1.539243373,1.5481432334907832,0.43705629898189646,0.010806345573126182
structured,942,S200,S200|78|0,1.542617125,1.5480884414158445,0.4370209062330989,0.010797199621506015
structured,943,S400,S400|78|0,1.545529317,1.545967659706702,0.4356500312573642,0.010228549416429061
structured,944,S400,S400|78|0,1.546372452,1.545733657195697,0.43549865666618187,0.010533093538877483
structured,945,S400,S400|78|0,1.553085785,1.5752243641444252,0.45439771555710257,0.024295764322592856
structured,946,S400,S400|78|0,1.547268342,1.5468624519950294,0.43622865490041973,0.010432263689516988
structured,947,S400,S400|78|0,1.552784765,1.5449683905833063,0.43500345097103604,0.010193177001889132
structured,948,S600,S600|78|0,1.540318569,1.54768422335794,0.4367597642798792,0.010717411870887584
structured,949,S600,S600|78|0,1.54364548,1.5475343207701402,0.43666290353432613,0.017831184299660865
structured,950,S600,S600|78|0,1.548861287,1.5489484477859912,0.43757627991640907,0.012774690121487525
structured,951,S600,S600|78|0,1.544459836,1.5479482093182408,0.43693031809508953,0.010182745833246493
structured,952,S600,S600|78|0,1.556102788,1.5485892397016623,0.43734434854240833,0.012143239918502427
structured,953,S800,S800|78|0,1.559235426,1.5425900449871548,0.43346285109823157,0.010912281664407265
structured,954,S800,S800|78|0,1.544798773,1.5440689106663943,0.4344210818672574,0.01074158190999666
structured,955,S800,S800|78|0,1.559736863,1.5445023147652153,0.4347017320903101,0.010697845822843985
structured,956,S800,S800|78|0,1.545674012,1.5446533134607485,0.43479949258788675,0.01068861980698437
structured,957,S800,S800|78|0,1.527674983,1.5436301076586911,0.43413685532312024,0.010750473279805814
structured,958,D50,D50|78|1,1.861633919,1.8415300265809436,0.6105967622715124,0.028825882372987017
structured,959,D50,D50|78|1,1.858298087,1.8535270847690708,0.6170903562718174,0.02713850046291028
structured,960,D50,D50|78|1,1.866432645,1.8339517663572156,0.6064730737922553,0.028709622454211745
structured,961,D50,D50|78|1,1.858334491,1.8521822629021567,0.6163645454756754,0.027097566996861715
structured,962,D50,D50|78|1,1.842270226,1.8543781018011831,0.6175493847551441,0.0272837515889683
structured,963,D100,D100|78|1,1.841506621,1.8351227954780156,0.6071113977842193,0.023503922922016852
structured,964,D100,D100|78|1,1.843976596,1.835640476918726,0.6073934543516015,0.02352413500660851
structured,965,D100,D100|78|1,1.851759894,1.8384713222604365,0.6089344231933861,0.023538783123310494
structured,966,D100,D100|78|1,1.838969233,1.839917603519303,0.6097207899221779,0.023559318730229494
structured,967,D100,D100|78|1,1.836763694,1.8376902433102602,0.6085094805198946,0.02352863505284071
structured,968,D200,D200|78|1,1.828959327,1.8331625733928223,0.6060426574466168,0.01871834831480962
structured,969,D200,D200|78|1,1.829062221,1.8325610710038884,0.6057144808284738,0.018719502794539104
structured,970,D200,D200|78|1,1.82885645,1.8325199086823087,0.6056920189391952,0.018724217514755278
structured,971,D200,D200|78|1,1.842479042,1.8333383909583227,0.60613856227105,0.018799223915579956
structured,972,D200,D200|78|1,1.838641851,1.8332010637259764,0.6060636539090329,0.018748554374365192
structured,973,D400,D400|78|1,1.836794382,1.8238200701927672,0.6009332410586803,0.01187498891328176
structured,974,D400,D400|78|1,1.844766925,1.8243257987593047,0.6012104934427371,0.011750990816906977
structured,975,D400,D400|78|1,1.850348254,1.823255756089212,0.600623779926015,0.011726810380359649
structured,976,D400,D400|78|1,1.834540582,1.821393838153732,0.59960205311837,0.011709376387574057
structured,977,D400,D400|78|1,1.843996508,1.8241362071434701,0.6011065638331107,0.011633217552843984
structured,978,D600,D600|78|1,1.809627456,1.8089743710155937,0.5927600388255643,0.011128747342212215
structured,979,D600,D600|78|1,1.819273655,1.823100394780676,0.6005385653708801,0.010484558429174031
structured,980,D600,D600|78|1,1.815949651,1.8194738231936929,0.5985473511535568,0.010369722201696496
structured,981,D600,D600|78|1,1.821722597,1.8218314876320187,0.5998423069820519,0.01007182186327568
structured,982,D600,D600|78|1,1.816334794,1.8239577927965003,0.6010087514702083,0.01008105719029384
structured,983,D800,D800|78|1,1.784705458,1.8141645531554065,0.5956250604538671,0.010333223493956432
structured,984,D800,D800|78|1,1.793779733,1.8141261398304396,0.595603886116848,0.010241098323405862
structured,985,D800,D800|78|1,1.822903868,1.8124796097582339,0.5946958578948528,0.010311715809068481
structured,986,D800,D800|78|1,1.802357094,1.8059222356144784,0.5910713951610205,0.010390467414056082
structured,987,D800,D800|78|1,1.813384683,1.8195038256613734,0.5985638406572451,0.010237571480578807
structured,988,S50,S50|78|1,1.831227016,1.822650498003146,0.600291759270823,0.02256968525829489
structured,989,S50,S50|78|1,1.846071835,1.821421544325582,0.5996172645243522,0.02254863066517746
structured,990,S50,S50|78|1,1.828786354,1.8220412018134229,0.5999574120910988,0.022636403740161303
structured,991,S50,S50|78|1,1.827511566,1.8237782851778939,0.6009103300850455,0.02260019206376785
structured,992,S50,S50|78|1,1.819777763,1.8244341233544072,0.6012698695581553,0.022569633034944
structured,993,S100,S100|78|1,1.811594519,1.8189335068712293,0.5982503440966664,0.012407750111605212
structured,994,S100,S100|78|1,1.818458589,1.8210737582659473,0.5994263041898561,0.012390725511555125
structured,995,S100,S100|78|1,1.80407353,1.8219083793936726,0.5998845118399568,0.012393335083656629
structured,996,S100,S100|78|1,1.818628157,1.8189539816025435,0.5982616004817961,0.012419238497536464
structured,997,S100,S100|78|1,1.809708774,1.819123393549891,0.598354733161506,0.012398802908937473
structured,998,S200,S200|78|1,1.810675917,1.8165721426320443,0.5969512870746623,0.010589646179292624
structured,999,S200,S200|78|1,1.801129455,1.8137230658895556,0.595381675148483,0.010651142560589657
structured,1000,S200,S200|78|1,1.819134646,1.8146565299299064,0.5958962101006807,0.010608353656113179
structured,1001,S200,S200|78|1,1.808303844,1.8149342501177024,0.5960492412301759,0.01060842468973932
structured,1002,S200,S200|78|1,1.815022468,1.8162136698687892,0.5967539328771287,0.010743333749871907
structured,1003,S400,S400|78|1,1.799772023,1.8074965890316004,0.5919427879295556,0.010204466192473918
structured,1004,S400,S400|78|1,1.807563313,1.8062982978016593,0.591279611788472,0.010450169879711707
structured,1005,S400,S400|78|1,1.803653703,1.806013757421221,0.5911220725855034,0.01033975723615701
structured,1006,S400,S400|78|1,1.808822638,1.8083249670347177,0.592400984223131,0.010292752525225246
structured,1007,S400,S400|78|1,1.80385226,1.8124552883591893,0.5946824389509389,0.010309557257593716
structured,1008,S600,S600|78|1,1.819705197,1.799501446494186,0.5875096523677928,0.010125020115665908
structured,1009,S600,S600|78|1,1.818966939,1.8018340478641253,0.5888050616401505,0.010052433333975172
structured,1010,S600,S600|78|1,1.824045849,1.8047308943083868,0.5904114916441462,0.010015104559668397
structured,1011,S600,S600|78|1,1.815561419,1.803846344959154,0.5899212433782514,0.010072678514179529
structured,1012,S600,S600|78|1,1.81652825,1.8073174744030183,0.5918436876020778,0.010395447622294326
structured,1013,S800,S800|78|1,1.817894711,1.811904996130433,0.5943787758546732,0.010490788090953928
structured,1014,S800,S800|78|1,1.809453289,1.810057134921108,0.5933584110342865,0.010525861177657383
structured,1015,S800,S800|78|1,1.801825915,1.8077263344794658,0.5920698868404861,0.010463852291311273
structured,1016,S800,S800|78|1,1.802967307,1.8080238803057467,0.5922344700164676,0.010602689402167464
structured,1017,S800,S800|78|1,1.796182709,1.8131870050297916,0.5950860731880343,0.010520279026641642
structured,1018,D50,D50|78|2,2.048716118,1.9174979196543493,0.6510211693326619,0.03529400561131036
structured,1019,D50,D50|78|2,2.027640154,1.98610281353953,0.6861743334368463,0.027444159406237692
structured,1020,D50,D50|78|2,2.075518832,1.911942884421792,0.6481199420186928,0.03507343282227163
structured,1021,D50,D50|78|2,2.072316368,1.9097704009437733,0.6469830259029044,0.03578183861335501
structured,1022,D50,D50|78|2,2.058495049,1.9061347969352087,0.6450775251527084,0.03836228431136429
structured,1023,D100,D100|78|2,1.970485404,1.9813295097474575,0.6837680889410402,0.02352768941919871
structured,1024,D100,D100|78|2,1.977013669,1.9845861491128758,0.6854104032903762,0.02357758873662183
structured,1025,D100,D100|78|2,1.978128464,1.9825411827136696,0.6843794474327569,0.023554101514050026
structured,1026,D100,D100|78|2,1.972137944,1.9808527644866523,0.6835274411211727,0.02354431851161782
structured,1027,D100,D100|78|2,1.962600245,1.9781197574264435,0.6821467760727402,0.023521269021796853
structured,1028,D200,D200|78|2,1.975250671,1.9738776438262557,0.6799999552129332,0.01862959642134821
structured,1029,D200,D200|78|2,1.981161733,1.9689041908021436,0.6774771396626194,0.018705231614933784
structured,1030,D200,D200|78|2,1.964957492,1.9746348014303587,0.680383470586827,0.018627585720254906
structured,1031,D200,D200|78|2,1.960153436,1.9846394509873282,0.6854372608589933,0.01876027364693517
structured,1032,D200,D200|78|2,1.942723807,1.9915712263327645,0.6889238881683513,0.019637355429472973
structured,1033,D400,D400|78|2,1.959613803,1.9589925329863296,0.67243032730957,0.011545507175449082
structured,1034,D400,D400|78|2,1.961783202,1.9606396504087495,0.6732707722504758,0.011712175730571133
structured,1035,D400,D400|78|2,1.984038462,1.966920570224044,0.6764691574141751,0.011639584185461262
structured,1036,D400,D400|78|2,2.012992775,1.9795330406641225,0.6828609788438552,0.012063230697721306
structured,1037,D400,D400|78|2,1.998116771,1.9813942209841664,0.6838007489199395,0.013019161807655577
structured,1038,D600,D600|78|2,1.951705064,1.9657739513151442,0.6758860361292087,0.010138952826309082
structured,1039,D600,D600|78|2,1.947197559,1.968700235167949,0.6773735458973179,0.00995097942808122
structured,1040,D600,D600|78|2,1.954218438,1.9641825819589422,0.6750761699489048,0.010037053679901002
structured,1041,D600,D600|78|2,1.954750676,1.9671959117780047,0.6766091337243174,0.01006169951459576
structured,1042,D600,D600|78|2,1.969541654,1.981728282846759,0.683969334101478,0.010084488040473233
structured,1043,D800,D800|78|2,1.958691803,1.9315832728167752,0.6583400152245122,0.011038368081396369
structured,1044,D800,D800|78|2,1.939747135,1.9284934776905605,0.6567391165969367,0.011064874193885325
structured,1045,D800,D800|78|2,1.935442189,1.9443352077433345,0.6649201231403004,0.010347476459102051
structured,1046,D800,D800|78|2,1.972016693,1.957011752593937,0.6714186938092624,0.010312380378345578
structured,1047,D800,D800|78|2,1.984965003,1.9656394281871434,0.6758176011339194,0.010148081044307053
structured,1048,S50,S50|78|2,1.973547647,1.9527342219045998,0.6692305555394341,0.0228769097844612
structured,1049,S50,S50|78|2,1.977099328,1.9539955693120665,0.6698762861216366,0.022404388838777187
structured,1050,S50,S50|78|2,1.971799243,1.9520558642007746,0.6688831065367011,0.0224041456769154
structured,1051,S50,S50|78|2,1.965956881,1.9531304483297545,0.6694334434835728,0.022404574739856235
structured,1052,S50,S50|78|2,1.966607202,1.951219982439864,0.668454808969975,0.022405988850204433
structured,1053,S100,S100|78|2,1.953922335,1.972279217667521,0.6791898372666593,0.012266020164006998
structured,1054,S100,S100|78|2,1.967330539,1.9723696480178112,0.6792356868991032,0.012251260631739407
structured,1055,S100,S100|78|2,1.959074643,1.9694733370277946,0.6777661653975019,0.012250576087163184
structured,1056,S100,S100|78|2,1.966565981,1.9688999906482199,0.6774750064159011,0.012301265104133433
structured,1057,S100,S100|78|2,1.955034403,1.9667265642839826,0.6763705181953612,0.012248418053918493
structured,1058,S200,S200|78|2,1.969323837,1.9748095138358228,0.6804719450108885,0.010689860978567419
structured,1059,S200,S200|78|2,1.981766088,1.975078453536289,0.6806081208736489,0.010735121016606314
structured,1060,S200,S200|78|2,1.971328348,1.9659616745317299,0.6759815274005415,0.010556751870188208
structured,1061,S200,S200|78|2,1.955312941,1.9663670264292559,0.6761876911929339,0.010542643125215285
structured,1062,S200,S200|78|2,1.967573296,1.9645639260833574,0.6752703001249456,0.010518195776908698
structured,1063,S400,S400|78|2,1.960705784,1.9547838558305435,0.6702796276476861,0.01015635987511347
structured,1064,S400,S400|78|2,1.957890055,1.9563448790788633,0.6710778746178135,0.010182474720287688
structured,1065,S400,S400|78|2,1.949374428,1.9508698163243092,0.6682753327741142,0.010148278917501941
structured,1066,S400,S400|78|2,1.961315049,1.9500054451782507,0.6678321649708596,0.010244783962030707
structured,1067,S400,S400|78|2,1.956350003,1.9525120621278296,0.669116780498962,0.010145883517770052
structured,1068,S600,S600|78|2,1.952490208,1.9524758465393182,0.6690982321247495,0.010247898143547431
structured,1069,S600,S600|78|2,1.945341136,1.9492050075942546,0.6674216010349374,0.010144641873120202
structured,1070,S600,S600|78|2,1.945316352,1.9472826252900715,0.6664348752237566,0.010140890168992488
structured,1071,S600,S600|78|2,1.946777397,1.948200917788479,0.6669063404502231,0.010173641044015034
structured,1072,S600,S600|78|2,1.941493302,1.947861107403174,0.6667319025773303,0.010168743339511453
structured,1073,S800,S800|78|2,1.938492808,1.9425552359365867,0.6640042383439749,0.01076577812236323
structured,1074,S800,S800|78|2,1.920010403,1.9406900469790795,0.6630436041501222,0.010966343069296204
structured,1075,S800,S800|78|2,1.936963931,1.9420871760552785,0.6637632586944049,0.011423715851995458
structured,1076,S800,S800|78|2,1.934103721,1.9415762537127483,0.6635001450880293,0.011839493080308915
structured,1077,S800,S800|78|2,1.956494024,1.9419214833564693,0.6636779382363734,0.01164892896360978
structured,1078,D50,D50|78|3,2.173824888,2.15303905128853,0.7668803562987967,0.02687789533507331
structured,1079,D50,D50|78|3,2.183314693,2.154047079935494,0.767348435475603,0.026780679419590874
structured,1080,D50,D50|78|3,2.208895721,2.1303987247854863,0.7563091569375556,0.02828728263471547
structured,1081,D50,D50|78|3,2.207947518,2.1509877618094393,0.7659271607340469,0.026662539687421057
structured,1082,D50,D50|78|3,2.204059039,2.148942936593955,0.7649760638382822,0.02709841083337944
structured,1083,D100,D100|78|3,2.110443847,2.122476658252743,0.7525836418532565,0.0235647353682716
structured,1084,D100,D100|78|3,2.110474752,2.1303210833402564,0.7562727117129293,0.023446311004760557
structured,1085,D100,D100|78|3,2.116896351,2.1282048916900145,0.7552788505333378,0.02348270118376312
structured,1086,D100,D100|78|3,2.13463104,2.1263744467297108,0.7544183917534478,0.02350022147791846
structured,1087,D100,D100|78|3,2.11252368,2.1367263678302932,0.7592749231363468,0.023454133502003417
structured,1088,D200,D200|78|3,2.117708297,2.109323604130279,0.7463673293325659,0.018634518893040172
structured,1089,D200,D200|78|3,2.109405472,2.1054025130442597,0.7445066664528133,0.018648405244719814
structured,1090,D200,D200|78|3,2.100518085,2.103568759663191,0.7436353117305875,0.018647596614927417
structured,1091,D200,D200|78|3,2.117438459,2.107416015496046,0.7454625598013931,0.0186367110533315
structured,1092,D200,D200|78|3,2.134237176,2.1275891516361134,0.7549894849992309,0.018590241102406247
structured,1093,D400,D400|78|3,2.109788548,2.1348580137603066,0.7584001403755594,0.011536913526495707
structured,1094,D400,D400|78|3,2.13076654,2.1310930383532543,0.7566350116440775,0.011506688055542086
structured,1095,D400,D400|78|3,2.158121598,2.147797994789506,0.7644431288301764,0.011900136620479847
structured,1096,D400,D400|78|3,2.149065463,2.1547217083229375,0.7676615775475538,0.011878343190802571
structured,1097,D400,D400|78|3,2.143923119,2.155908078586985,0.7682120169741103,0.012010243474539297
structured,1098,D600,D600|78|3,2.124680917,2.1167091282290875,0.7498625846159511,0.009991375631308915
structured,1099,D600,D600|78|3,2.099230499,2.1143023097947675,0.748724880911206,0.0101131526463188
structured,1100,D600,D600|78|3,2.120016659,2.118872938367197,0.7508843144714124,0.010008015043662674
structured,1101,D600,D600|78|3,2.116318793,2.1266631306964316,0.7545541460052779,0.010513464923246379
structured,1102,D600,D600|78|3,2.121924309,2.129918655621022,0.7560837891427974,0.010279141237010582
structured,1103,D800,D800|78|3,2.078791987,2.076586315350365,0.7307253509350228,0.010877699455832316
structured,1104,D800,D800|78|3,2.120605244,2.098555097973824,0.7412490593314245,0.01029555774722127
structured,1105,D800,D800|78|3,2.132835138,2.1107985775440685,0.7470663486549229,0.010474195133482864
structured,1106,D800,D800|78|3,2.088280708,2.1081807704044806,0.7458253814637408,0.010199268301265376
structured,1107,D800,D800|78|3,2.082623381,2.1007673769356248,0.7423026955690234,0.010251145168102443
structured,1108,S50,S50|78|3,2.13105359,2.1000978818454055,0.7419839540457203,0.02322751084220433
structured,1109,S50,S50|78|3,2.125737217,2.0997298890702174,0.7418087122042913,0.02323696911214697
structured,1110,S50,S50|78|3,2.127780473,2.0973387148423783,0.740669262406247,0.02294449622286788
structured,1111,S50,S50|78|3,2.115058345,2.1108031825375795,0.7470685302882333,0.022782818934189857
structured,1112,S50,S50|78|3,2.120433061,2.1092878385748435,0.7463503732530967,0.022661545708463092
structured,1113,S100,S100|78|3,2.10025556,2.1084943385675716,0.745974109148737,0.012437563968192648
structured,1114,S100,S100|78|3,2.092586996,2.110937197465901,0.7471320182890591,0.012436654169589034
structured,1115,S100,S100|78|3,2.097468661,2.1108050655536412,0.7470694223729322,0.012435237829683225
structured,1116,S100,S100|78|3,2.083759863,2.1081937957955392,0.7458315599428366,0.012432574291536668
structured,1117,S100,S100|78|3,2.090691433,2.110107080690344,0.746738695342624,0.012433073203394299
structured,1118,S200,S200|78|3,2.095038662,2.1067513604535186,0.7451471214294709,0.010611799455866511
structured,1119,S200,S200|78|3,2.095806206,2.097758229075716,0.7408692645708427,0.010596372804784438
structured,1120,S200,S200|78|3,2.102775437,2.0882040867897453,0.7363044079592796,0.010962030654268316
structured,1121,S200,S200|78|3,2.069632317,2.086971529860896,0.7357139863445628,0.011006115385327411
structured,1122,S200,S200|78|3,2.102405588,2.0880410963785154,0.7362263520003193,0.010972943926952807
structured,1123,S400,S400|78|3,2.104027112,2.095239659653067,0.7396679428471598,0.010161913822109084
structured,1124,S400,S400|78|3,2.117542431,2.093385979835836,0.7387828410988581,0.010145066702725445
structured,1125,S400,S400|78|3,2.103087168,2.094755514593246,0.7394368470860229,0.010155487521382291
structured,1126,S400,S400|78|3,2.089959666,2.0929336502678266,0.7385667421815576,0.010188273147135787
structured,1127,S400,S400|78|3,2.102186006,2.0937394272796563,0.7389516669210124,0.01014806231079534
structured,1128,S600,S600|78|3,2.087092666,2.093515134316653,0.7388445356444594,0.010150437158989651
structured,1129,S600,S600|78|3,2.08206794,2.0935547985344853,0.738863481694308,0.010147917516035472
structured,1130,S600,S600|78|3,2.097250237,2.0968701495338133,0.7404458279871869,0.01017936984017974
structured,1131,S600,S600|78|3,2.113023395,2.094311474922689,0.7392248477681168,0.010159507231080363
structured,1132,S600,S600|78|3,2.105152683,2.0910958095576366,0.7376882393669691,0.010141925739789828
structured,1133,S800,S800|78|3,2.055897074,2.0833437711952603,0.7339741852413746,0.010756906199304686
structured,1134,S800,S800|78|3,2.081431625,2.0808913531672135,0.7327963370947967,0.012735708283227475
structured,1135,S800,S800|78|3,2.075425638,2.079806365114679,0.7322747956848737,0.0119488005182631
structured,1136,S800,S800|78|3,2.073550491,2.0811507424731697,0.7329209823051678,0.012261875030365911
structured,1137,S800,S800|78|3,2.050699731,2.081524277244119,0.7331004509257941,0.013763600764274034
structured,1138,D50,D50|78|3,2.296855612,2.1057579029933056,0.7446754512602198,0.032152213761691355
structured,1139,D50,D50|78|3,2.28927411,2.149549701598004,0.7652583790865104,0.028384856896878394
structured,1140,D50,D50|78|3,2.265432391,2.186988683713968,0.7825255673392082,0.028228866357384065
structured,1141,D50,D50|78|3,2.309014532,2.1055490713151697,0.7445762746010112,0.032350355158765054
structured,1142,D50,D50|78|3,2.323146548,2.1001680778009044,0.7420173785746333,0.033138502315857875
structured,1143,D100,D100|78|4,2.172610234,2.212092299279465,0.7939388094077603,0.02369300811415846
structured,1144,D100,D100|78|4,2.167009878,2.215934210296435,0.7956740799499367,0.023588158765383782
structured,1145,D100,D100|78|4,2.155731334,2.2094697554041396,0.7927525570605458,0.023677680425117174
structured,1146,D100,D100|78|4,2.160182521,2.214868389052407,0.7951929836967468,0.023614739352064505
structured,1147,D100,D100|78|4,2.171657899,2.2113028275103717,0.7935818565447006,0.023553191605055077
structured,1148,D200,D200|78|4,2.194175268,2.2163471485692194,0.7958604121073722,0.018663799457866958
structured,1149,D200,D200|78|4,2.227146471,2.2114815089873736,0.7936626569923392,0.01910612664468392
structured,1150,D200,D200|78|4,2.219782185,2.21214009963313,0.7939604178357798,0.019011443136068035
structured,1151,D200,D200|78|4,2.209961444,2.218739892921318,0.7969394189281455,0.018695767481246885
structured,1152,D200,D200|78|4,2.223157782,2.210353574208448,0.793152491062508,0.01893312481806393
structured,1153,D400,D400|78|4,2.208759938,2.2155533599601496,0.7955021962060764,0.011597175755939321
structured,1154,D400,D400|78|4,2.215521349,2.2159729352576862,0.7956915554790851,0.01159243733275753
structured,1155,D400,D400|78|4,2.21109678,2.2147271898768097,0.7951292310705177,0.011616244500045121
structured,1156,D400,D400|78|4,2.238669537,2.228613173076702,0.801379496533522,0.011889876887963663
structured,1157,D400,D400|78|4,2.277323367,2.236182571496136,0.8047702028970454,0.012855541507681787
structured,1158,D600,D600|78|4,2.215719494,2.2056879440515,0.7910394530063067,0.009965518559714054
structured,1159,D600,D600|78|4,2.228725024,2.200596966361778,0.7887286719022288,0.009970365704190139
structured,1160,D600,D600|78|4,2.259070385,2.21522955854741,0.7953560362974231,0.010044547526854491
structured,1161,D600,D600|78|4,2.23342589,2.2000477063281156,0.7884790448237585,0.010183375855372242
structured,1162,D600,D600|78|4,2.171001568,2.2719047054689785,0.8206185569638577,0.015640674837661298
structured,1163,D800,D800|78|4,2.175697215,2.2030871493658317,0.7898596264412177,0.010211390693060393
structured,1164,D800,D800|78|4,2.183416165,2.2197866906918846,0.7974111059937765,0.010472164639604393
structured,1165,D800,D800|78|4,2.236248929,2.213033114351998,0.7943640245141209,0.010740948250154765
structured,1166,D800,D800|78|4,2.214218214,2.2067556313677894,0.7915233967979397,0.01016264357423706
structured,1167,D800,D800|78|4,2.177187795,2.205249553587501,0.7908406787250222,0.010154632925004275
structured,1168,S50,S50|78|4,2.222032953,2.174621597216702,0.7768546711134975,0.022836715723392468
structured,1169,S50,S50|78|4,2.214924375,2.1729784768426064,0.7760987964128174,0.022701365262666282
structured,1170,S50,S50|78|4,2.215731321,2.1745741085712806,0.7768328332158098,0.02281745500981044
structured,1171,S50,S50|78|4,2.19161935,2.1742069824993826,0.7766639923084007,0.02270760482983582
structured,1172,S50,S50|78|4,2.203313428,2.177493739892837,0.7781745548346876,0.022883341097513107
structured,1173,S100,S100|78|4,2.14918061,2.166620122995983,0.7731684063085853,0.012899224925207517
structured,1174,S100,S100|78|4,2.155837945,2.1731537268387986,0.7761794428304016,0.012804171530195774
structured,1175,S100,S100|78|4,2.162778819,2.169692634175979,0.7745855142831415,0.012958774490927085
structured,1176,S100,S100|78|4,2.148500592,2.1752999235551376,0.777166550921303,0.012726575429474076
structured,1177,S100,S100|78|4,2.142818588,2.1737839687547016,0.7764694133634312,0.01275145127647708
structured,1178,S200,S200|78|4,2.206816048,2.1959389791136483,0.7866097359723435,0.010685742060478415
structured,1179,S200,S200|78|4,2.196338291,2.1961779791183216,0.7867185673204984,0.01079026568962377
structured,1180,S200,S200|78|4,2.191421843,2.1950646368718587,0.7862114934156021,0.010633637422775202
structured,1181,S200,S200|78|4,2.189803313,2.1972939061921397,0.7872265606009592,0.010680666511833803
structured,1182,S200,S200|78|4,2.18060903,2.1981879328832243,0.7876333540930699,0.010892150081753942
structured,1183,S400,S400|78|4,2.226271571,2.167785873003069,0.7737063116346068,0.010245545877708291
structured,1184,S400,S400|78|4,2.213920664,2.1711075779555453,0.7752374419280608,0.010197945100831182
structured,1185,S400,S400|78|4,2.188920086,2.173627338386252,0.7763973565197366,0.01017998816627062
structured,1186,S400,S400|78|4,2.195478145,2.1744500134071747,0.7767757651652959,0.010168662408236905
structured,1187,S400,S400|78|4,2.199391193,2.1733346269056875,0.7762626824722783,0.010181073207355795
structured,1188,S600,S600|78|4,2.189764122,2.194230271415595,0.7858313114120015,0.010358609673332034
structured,1189,S600,S600|78|4,2.174324856,2.194223253656715,0.78582811312867,0.010370965778941801
structured,1190,S600,S600|78|4,2.171721222,2.192572680642484,0.7850755943806621,0.010296763863192535
structured,1191,S600,S600|78|4,2.179246712,2.1928061613979075,0.7851820758337151,0.01051757908437716
structured,1192,S600,S600|78|4,2.180835264,2.1939801077020165,0.7857172951309953,0.010273886148734732
structured,1193,S800,S800|78|4,2.170123198,2.1831928425913936,0.7807884120039947,0.010904733694151127
structured,1194,S800,S800|78|4,2.144811587,2.181197756344493,0.7798741554356867,0.011288505764693818
structured,1195,S800,S800|78|4,2.141743393,2.1822395887322816,0.7803516837351417,0.011075341442065189
structured,1196,S800,S800|78|4,2.131005724,2.1797084446498283,0.7791911268705572,0.011692711923823262
structured,1197,S800,S800|78|4,2.147763194,2.1791835192562257,0.778950274194929,0.011532612290915498
structured,1198,D50,D50|91|0,1.474887956,1.5132806166894202,0.4142798879916749,0.030180988221062365
structured,1199,D50,D50|91|0,1.486720847,1.5181264428506693,0.4174769711900981,0.031636937036540275
structured,1200,D50,D50|91|0,1.47655687,1.506114646370521,0.40953325288828235,0.028807026041814194
structured,1201,D50,D50|91|0,1.470630924,1.5066807978901584,0.4099090842626825,0.02955233381396033
structured,1202,D50,D50|91|0,1.469018895,1.505266242658301,0.40896978797571837,0.029207067517449888
structured,1203,D100,D100|91|0,1.51890701,1.4876958982072508,0.3972285460402369,0.023990950079163978
structured,1204,D100,D100|91|0,1.499253844,1.4858883820691302,0.39601283046578345,0.02413795952343492
structured,1205,D100,D100|91|0,1.505115183,1.4858688042584103,0.39599965455032826,0.02404100367750717
structured,1206,D100,D100|91|0,1.498529419,1.4855510622763894,0.3957857891273966,0.024262004589072135
structured,1207,D100,D100|91|0,1.487426062,1.4807622995213783,0.39255702241859575,0.02434337460942184
structured,1208,D200,D200|91|0,1.496959188,1.4979070363449078,0.4040688246545706,0.019056938138903745
structured,1209,D200,D200|91|0,1.512561412,1.4964934860682553,0.4031246955234989,0.01897915173743457
structured,1210,D200,D200|91|0,1.49550738,1.4966773041149188,0.40324752048724466,0.018988145208564657
structured,1211,D200,D200|91|0,1.499524673,1.4992105766142676,0.4049386873158945,0.019146631388302884
structured,1212,D200,D200|91|0,1.507948275,1.4981583601751571,0.40423659391029565,0.019140796207813286
structured,1213,D400,D400|91|0,1.480943664,1.4718388596858196,0.3865125439922381,0.01190568779216091
structured,1214,D400,D400|91|0,1.488196875,1.4732563470550413,0.38747515292619217,0.011924970352452042
structured,1215,D400,D400|91|0,1.495449395,1.4773115549389921,0.3902239189752926,0.012013438990847182
structured,1216,D400,D400|91|0,1.489649011,1.4745656452616218,0.38836346863595417,0.013642463289572122
structured,1217,D400,D400|91|0,1.488574134,1.4769899218331517,0.39000618012254523,0.012721193152566123
structured,1218,D600,D600|91|0,1.454631794,1.4655996411815297,0.38226447011068587,0.011006336859840229
structured,1219,D600,D600|91|0,1.449676887,1.4672990603340577,0.38342333682629315,0.01045688788540206
structured,1220,D600,D600|91|0,1.464974381,1.4651259778209016,0.38194123045857975,0.01091388358729003
structured,1221,D600,D600|91|0,1.454164751,1.4647569737417376,0.38168934047716035,0.01130840420892954
structured,1222,D600,D600|91|0,1.463072572,1.479868631496034,0.39195332133371996,0.010397609972551928
structured,1223,D800,D800|91|0,1.471779432,1.4840266375093845,0.3947590943882604,0.011005863108247279
structured,1224,D800,D800|91|0,1.476235518,1.4825468150035126,0.3937614298083649,0.010833034937555356
structured,1225,D800,D800|91|0,1.473976524,1.4889557158738818,0.39807501240928966,0.01335637404451416
structured,1226,D800,D800|91|0,1.46374932,1.4789978488171829,0.3913647292429416,0.010641791711363023
structured,1227,D800,D800|91|0,1.457317453,1.4487296216169183,0.370687049389577,0.011179366627747435
structured,1228,S50,S50|91|0,1.464285745,1.4903730791086964,0.3990264772789127,0.023605251383464233
structured,1229,S50,S50|91|0,1.46329805,1.4900612057954883,0.39881719682879435,0.023511139942635605
structured,1230,S50,S50|91|0,1.456338684,1.4884341041313771,0.39772463051147006,0.02348987569557902
structured,1231,S50,S50|91|0,1.474668071,1.484396203609149,0.3950080926755358,0.023411288999205162
structured,1232,S50,S50|91|0,1.471097952,1.479805276275292,0.3919105090356587,0.023320683099273636
structured,1233,S100,S100|91|0,1.442874313,1.4593640880076737,0.3780007846789816,0.014809812090356454
structured,1234,S100,S100|91|0,1.45146606,1.4617722939403113,0.3796495994985134,0.014076335774837878
structured,1235,S100,S100|91|0,1.454374894,1.4636772036099368,0.38095190189029726,0.013623403599027605
structured,1236,S100,S100|91|0,1.456256666,1.4606773389366883,0.3789002589161876,0.01434055066131901
structured,1237,S100,S100|91|0,1.452714446,1.462064098763033,0.37984920356967056,0.013949785717138993
structured,1238,S200,S200|91|0,1.470202477,1.47485596317283,0.38856033293729075,0.010906041943792678
structured,1239,S200,S200|91|0,1.483981407,1.4867774297551444,0.39661097890815794,0.011444313195574684
structured,1240,S200,S200|91|0,1.481539669,1.4809299819360908,0.39267025660969757,0.011021395209084659
structured,1241,S200,S200|91|0,1.480093475,1.4797569311990266,0.39187783861153475,0.010970941261330249
structured,1242,S200,S200|91|0,1.481454481,1.4808460709553475,0.3926135939996506,0.011032730885425968
structured,1243,S400,S400|91|0,1.485518466,1.470864126016886,0.3858500689077201,0.01035026957042387
structured,1244,S400,S400|91|0,1.497415762,1.4663210817831924,0.38275659843501086,0.010270878607998465
structured,1245,S400,S400|91|0,1.487051311,1.4667287412141545,0.3830345749155947,0.010312259004227926
structured,1246,S400,S400|91|0,1.496107801,1.464814892584691,0.38172888130128335,0.01028848810092059
structured,1247,S400,S400|91|0,1.476622947,1.4670314244184641,0.38324091980290315,0.010361454993878205
structured,1248,S600,S600|91|0,1.466414868,1.469512567440353,0.3849307590283246,0.010169682980345101
structured,1249,S600,S600|91|0,1.459969508,1.468568260661923,0.3842879538325563,0.01013175950778079
structured,1250,S600,S600|91|0,1.450253824,1.4631684500194653,0.3806042555462104,0.010359951946895738
structured,1251,S600,S600|91|0,1.462794051,1.4652876726534345,0.38205158677818724,0.010242453960969693
structured,1252,S600,S600|91|0,1.466989729,1.4637577068342003,0.38100690104604046,0.010331288058830488
structured,1253,S800,S800|91|0,1.470174519,1.474049750761274,0.38801354541008504,0.01070981442116442
structured,1254,S800,S800|91|0,1.467155176,1.4630435606128207,0.38051889644969483,0.010802918988757198
structured,1255,S800,S800|91|0,1.4584823,1.4658112602971107,0.38240885049478135,0.010683514219657693
structured,1256,S800,S800|91|0,1.454521861,1.4679128040067522,0.3838415306126398,0.01066789221357414
structured,1257,S800,S800|91|0,1.463400253,1.4633986544580415,0.38076157600450355,0.011097526802291646
structured,1258,D50,D50|91|1,1.729470914,1.6599730008128593,0.5068013376656156,0.03496656740156513
structured,1259,D50,D50|91|1,1.689766162,1.685484408616658,0.5220530053475969,0.02678333987408532
structured,1260,D50,D50|91|1,1.714578735,1.6635846151636988,0.5089746809259076,0.03117138143765234
structured,1261,D50,D50|91|1,1.702565187,1.687662659535427,0.5233445299550583,0.026621685603391426
structured,1262,D50,D50|91|1,1.698018472,1.6808874360324342,0.5193218896813765,0.02903179490310115
structured,1263,D100,D100|91|1,1.668958873,1.6686041462799985,0.5119874363682817,0.02394810043310455
structured,1264,D100,D100|91|1,1.671957444,1.6712522314317313,0.5135731846203982,0.023841040825667934
structured,1265,D100,D100|91|1,1.674909848,1.6726332702367228,0.5143991930963613,0.02364395090233054
structured,1266,D100,D100|91|1,1.670677177,1.6732156300042393,0.5147473019265929,0.023576480021031
structured,1267,D100,D100|91|1,1.665343864,1.673521163985195,0.5149298881295792,0.023566136639796956
structured,1268,D200,D200|91|1,1.682406209,1.685266315609406,0.5219236021223814,0.018788474253622702
structured,1269,D200,D200|91|1,1.685021577,1.6852120220405662,0.5218913849927009,0.018855935100947394
structured,1270,D200,D200|91|1,1.682213246,1.6860499248936334,0.5223884705846897,0.018830391179553672
structured,1271,D200,D200|91|1,1.687370265,1.6862495411066596,0.5225068564014133,0.01884932318909776
structured,1272,D200,D200|91|1,1.677856605,1.686140245525701,0.5224420385197852,0.018814709899945756
structured,1273,D400,D400|91|1,1.664712711,1.6741292056450379,0.5152931528671668,0.013950575954543923
structured,1274,D400,D400|91|1,1.68152969,1.6725493348562495,0.5143490102570967,0.012336311920415729
structured,1275,D400,D400|91|1,1.66376522,1.6706475912474026,0.5132113304518066,0.01216032502667592
structured,1276,D400,D400|91|1,1.676002275,1.6656213628457286,0.5101982447123394,0.012404618613597108
structured,1277,D400,D400|91|1,1.661059428,1.6608576762102525,0.5073341413550315,0.011866015378991592
structured,1278,D600,D600|91|1,1.657446277,1.6634564042034585,0.5088976088612366,0.010369824379293388
structured,1279,D600,D600|91|1,1.662346504,1.6627241311518743,0.5084573001914989,0.010338110754850697
structured,1280,D600,D600|91|1,1.663387642,1.6624019968777106,0.5082635425638071,0.010353356063103817
structured,1281,D600,D600|91|1,1.662600791,1.6599186628464362,0.5067686028827173,0.010203078873126114
structured,1282,D600,D600|91|1,1.643923459,1.6427053401744731,0.4963444804116678,0.01072241370240674
structured,1283,D800,D800|91|1,1.6463813,1.6507383721969384,0.5012226861161605,0.010725244095304037
structured,1284,D800,D800|91|1,1.645158439,1.6539478552475044,0.5031650696519939,0.010735607449481316
structured,1285,D800,D800|91|1,1.645998258,1.652314808698554,0.502177219110318,0.01104777918776729
structured,1286,D800,D800|91|1,1.660498838,1.6511900321889155,0.5014962595795911,0.010518359122384071
structured,1287,D800,D800|91|1,1.666612787,1.653481020215049,0.5028827748223037,0.010473336701517797
structured,1288,S50,S50|91|1,1.678825145,1.6703997557690036,0.5130629724950868,0.022644528409382858
structured,1289,S50,S50|91|1,1.665647429,1.6643775487275494,0.5094512089270122,0.022688866457451145
structured,1290,S50,S50|91|1,1.668386105,1.6612245748317054,0.5075550260864854,0.022733580755372247
structured,1291,S50,S50|91|1,1.666702835,1.6646081948506242,0.5095897773326526,0.022652581608271535
structured,1292,S50,S50|91|1,1.672894046,1.6656073496853459,0.5101898315041259,0.022648978699496437
structured,1293,S100,S100|91|1,1.684319088,1.6626002154195871,0.5083827716827403,0.012480627900760544
structured,1294,S100,S100|91|1,1.667581631,1.6589651325907486,0.5061939938631219,0.012436698513018065
structured,1295,S100,S100|91|1,1.661599677,1.658304168121227,0.5057954947252155,0.012444608028340116
structured,1296,S100,S100|91|1,1.670694196,1.6656111779228493,0.5101921299048292,0.012507347138762176
structured,1297,S100,S100|91|1,1.656714185,1.6644700765749298,0.5095068004456512,0.012443358754155415
structured,1298,S200,S200|91|1,1.656880386,1.6563352691055624,0.5046074926607262,0.010658159681386678
structured,1299,S200,S200|91|1,1.66193843,1.655475405683785,0.504088221769039,0.010649901411082784
structured,1300,S200,S200|91|1,1.648533727,1.6579743480533629,0.5055965849730081,0.010674688769505841
structured,1301,S200,S200|91|1,1.648155468,1.652877196134632,0.5025175245695368,0.010663432242756284
structured,1302,S200,S200|91|1,1.641284712,1.6520151536601348,0.5019958479744726,0.010703866683221439
structured,1303,S400,S400|91|1,1.649160877,1.639542256333339,0.4944170908852392,0.010302128086549735
structured,1304,S400,S400|91|1,1.649526937,1.6364100259710572,0.49250483390049804,0.010724271178369346
structured,1305,S400,S400|91|1,1.63614477,1.6396567240255844,0.49448690530819883,0.010168001169882231
structured,1306,S400,S400|91|1,1.648707247,1.6368434850524716,0.49276968297649437,0.010217536530307788
structured,1307,S400,S400|91|1,1.638026635,1.6365263047370082,0.49257588860749546,0.01022045628532407
structured,1308,S600,S600|91|1,1.643608489,1.6393381385200398,0.49429258630502737,0.01013828053930092
structured,1309,S600,S600|91|1,1.63892971,1.6395548944566876,0.4944247991797894,0.010114147413419029
structured,1310,S600,S600|91|1,1.633105927,1.6379994537572902,0.4934756519493142,0.010094433639659844
structured,1311,S600,S600|91|1,1.63598518,1.6358968780106373,0.49219120319305937,0.01019580115078189
structured,1312,S600,S600|91|1,1.633706334,1.6382585462634616,0.4936338156267229,0.01008433727595112
structured,1313,S800,S800|91|1,1.61739273,1.646426786297394,0.49860735558227826,0.010591584631936856
structured,1314,S800,S800|91|1,1.624811061,1.6389912599326821,0.4940809671865728,0.01080706964591052
structured,1315,S800,S800|91|1,1.626210849,1.6391701251448962,0.49419009251103413,0.010678179739142476
structured,1316,S800,S800|91|1,1.640387878,1.6373534595024726,0.4930811941425976,0.010867919490658549
structured,1317,S800,S800|91|1,1.630202716,1.6338144191423647,0.4909174154114544,0.011737111061310646
structured,1318,D50,D50|91|2,1.790464747,1.7506576056355385,0.5599914919986908,0.03243252436850335
structured,1319,D50,D50|91|2,1.825534745,1.7333697243329684,0.5500673315063659,0.035585629496425866
structured,1320,D50,D50|91|2,1.828657725,1.7358139544518316,0.5514764414005736,0.03479867418552358
structured,1321,D50,D50|91|2,1.818651128,1.7337165268748411,0.5502673856832174,0.03527400054571572
structured,1322,D50,D50|91|2,1.818651128,1.7337165268748411,0.5502673856832174,0.03527400054571572
structured,1323,D100,D100|91|2,1.73642222,1.7653111539202486,0.5683269660207427,0.02385774550653644
structured,1324,D100,D100|91|2,1.748199464,1.767472224676295,0.5695504041962601,0.023919598808310776
structured,1325,D100,D100|91|2,1.739144831,1.7637803120288993,0.5674594101627345,0.023802760368213306
structured,1326,D100,D100|91|2,1.750080305,1.762120486534728,0.5665179057293385,0.023766502497921553
structured,1327,D100,D100|91|2,1.750310728,1.7664628910841087,0.5689791805678861,0.02387174189086269
structured,1328,D200,D200|91|2,1.734852865,1.7461456512472626,0.5574108738964998,0.018618372020037806
structured,1329,D200,D200|91|2,1.74061346,1.747217205970446,0.5580243542594554,0.018608147960025297
structured,1330,D200,D200|91|2,1.743749892,1.7462827097809561,0.5574893628558115,0.018644624600159268
structured,1331,D200,D200|91|2,1.742424891,1.7457225032168127,0.5571685119207304,0.01867722965931067
structured,1332,D200,D200|91|2,1.73414359,1.741569047263027,0.55478645819358,0.01871026233028275
structured,1333,D400,D400|91|2,1.740645841,1.7414493423750461,0.5547177218995747,0.011554843574618352
structured,1334,D400,D400|91|2,1.746214007,1.7402865667254597,0.5540497931863279,0.01154267579397306
structured,1335,D400,D400|91|2,1.738835295,1.7400444137665525,0.5539106380538676,0.011539621568949408
structured,1336,D400,D400|91|2,1.749276228,1.7418460423129354,0.5549454946812619,0.011605744291479302
structured,1337,D400,D400|91|2,1.769148943,1.750381677583433,0.5598338656310009,0.012342011013295143
structured,1338,D600,D600|91|2,1.730542783,1.738703925627675,0.5531399653437755,0.010180697135026236
structured,1339,D600,D600|91|2,1.74540229,1.7390990897240861,0.5533672146137125,0.01016658120178339
structured,1340,D600,D600|91|2,1.757779863,1.7323470401843948,0.5494771596904069,0.010908270353020945
structured,1341,D600,D600|91|2,1.748370119,1.740937298175023,0.5544236453040865,0.01025799824136823
structured,1342,D600,D600|91|2,1.746275065,1.7334252115289912,0.5500993421658101,0.01071569483408948
structured,1343,D800,D800|91|2,1.725438872,1.7261840131790802,0.5459131994808912,0.010381846248765435
structured,1344,D800,D800|91|2,1.725118598,1.7244520444456457,0.544909344626333,0.010307991074812064
structured,1345,D800,D800|91|2,1.72499252,1.7283052859444858,0.547141324884301,0.010215819047047364
structured,1346,D800,D800|91|2,1.729433568,1.7271179306792244,0.5464540832715912,0.01023213317381605
structured,1347,D800,D800|91|2,1.738769491,1.7380871232592798,0.5527851540443945,0.010398006782610304
structured,1348,S50,S50|91|2,1.748629463,1.737037496319261,0.5521810738534143,0.022499658445082137
structured,1349,S50,S50|91|2,1.756372992,1.7380551504893085,0.5527667584970006,0.02252000144710791
structured,1350,S50,S50|91|2,1.740802984,1.7297979800878356,0.548004627175311,0.022514719150275257
structured,1351,S50,S50|91|2,1.745758805,1.730774287522114,0.5485688734240133,0.02252746897561685
structured,1352,S50,S50|91|2,1.741539263,1.730767421086295,0.548564906153706,0.022510266623555684
structured,1353,S100,S100|91|2,1.731218987,1.7425463961212613,0.55534748947957,0.012470795886138626
structured,1354,S100,S100|91|2,1.730916374,1.739132739307476,0.5533865632857073,0.01240935789703544
structured,1355,S100,S100|91|2,1.738408547,1.7391592467496515,0.553401804928607,0.012363565942626543
structured,1356,S100,S100|91|2,1.716852321,1.7374009310268301,0.5523902787171611,0.01237983020176178
structured,1357,S100,S100|91|2,1.718301381,1.736013160213533,0.5515911969775886,0.012467060468859476
structured,1358,S200,S200|91|2,1.720659702,1.7359290320896272,0.5515427352698399,0.010775140402200371
structured,1359,S200,S200|91|2,1.729430345,1.7380699368396126,0.5527752658722721,0.010988119613547665
structured,1360,S200,S200|91|2,1.724092597,1.7397904489434082,0.5537646743322457,0.011048557343508769
structured,1361,S200,S200|91|2,1.726380004,1.7356315765100088,0.5513713682024699,0.010746091722245676
structured,1362,S200,S200|91|2,1.731441458,1.7366508762979205,0.5519584747129822,0.010777303194110608
structured,1363,S400,S400|91|2,1.722319891,1.7273796106359254,0.546605584295443,0.010118311446027968
structured,1364,S400,S400|91|2,1.723230333,1.7276231901712689,0.5467465853595753,0.010117712402879233
structured,1365,S400,S400|91|2,1.725528541,1.7278014745766994,0.5468497763840579,0.010179543009516321
structured,1366,S400,S400|91|2,1.709170995,1.7294421280459336,0.5477988871676599,0.010110416613922993
structured,1367,S400,S400|91|2,1.723136082,1.7274214799660728,0.5466298226403152,0.010124898354726703
structured,1368,S600,S600|91|2,1.737644411,1.7243215402074408,0.5448336630919766,0.0101487676972871
structured,1369,S600,S600|91|2,1.729149565,1.724551517589904,0.5449670268771609,0.01004742627485678
structured,1370,S600,S600|91|2,1.723136082,1.7243138739212422,0.5448292171095644,0.010030326960599585
structured,1371,S600,S600|91|2,1.744636921,1.7238408074447682,0.5445548289088271,0.010023237475296643
structured,1372,S600,S600|91|2,1.740173895,1.723379438918829,0.5442871532190126,0.01003735107653579
structured,1373,S800,S800|91|2,1.726003366,1.7236909755000565,0.5444679076247088,0.010536521851112684
structured,1374,S800,S800|91|2,1.725344844,1.721496633575349,0.5431940482762889,0.010597796475994741
structured,1375,S800,S800|91|2,1.72037826,1.7203129262972345,0.5425062081711389,0.010615490432079634
structured,1376,S800,S800|91|2,1.718505501,1.7230460434275232,0.5440936800137722,0.010673051850659284
structured,1377,S800,S800|91|2,1.741021878,1.7189652003738096,0.5417224820851573,0.010707058499472934
structured,1378,D50,D50|91|3,1.890935262,1.811220434081701,0.5940008910311617,0.02900102579618491
structured,1379,D50,D50|91|3,1.90281035,1.7647311320369086,0.5679983456578268,0.04531166383893606
structured,1380,D50,D50|91|3,1.900928922,1.7838242613068804,0.5787595210695091,0.03404973047251834
structured,1381,D50,D50|91|3,1.912294445,1.7825218311359192,0.5780291207128958,0.03408216959847799
structured,1382,D50,D50|91|3,1.90491284,1.7834696611043444,0.5785607147970704,0.033494922114796696
structured,1383,D100,D100|91|3,1.840321892,1.821415650470261,0.5996140286644958,0.025544637743999035
structured,1384,D100,D100|91|3,1.871227712,1.8213019098316203,0.5995515804308379,0.025593077213849375
structured,1385,D100,D100|91|3,1.871235522,1.822544589401893,0.6002336506655257,0.025291320670784465
structured,1386,D100,D100|91|3,1.850146182,1.8381987944454283,0.6087861761073781,0.02416204762785379
structured,1387,D100,D100|91|3,1.86020318,1.8222906219730781,0.6000942932380989,0.024995341890812157
structured,1388,D200,D200|91|3,1.815573851,1.8258421471229023,0.6020413310772273,0.018679019241303427
structured,1389,D200,D200|91|3,1.818119597,1.8208411079827538,0.5992985415748285,0.018670241141902338
structured,1390,D200,D200|91|3,1.831804801,1.8187143168559468,0.5981298321470939,0.018961265589212573
structured,1391,D200,D200|91|3,1.845330448,1.814903711428836,0.5960324147551703,0.01887067144187547
structured,1392,D200,D200|91|3,1.809977806,1.8241069748543597,0.6010905384270987,0.018725686986211323
structured,1393,D400,D400|91|3,1.832611478,1.8261167942329695,0.6021917419197342,0.01158238582982809
structured,1394,D400,D400|91|3,1.826254441,1.8262032311272671,0.602239074515845,0.011574435478621898
structured,1395,D400,D400|91|3,1.824627321,1.821728374062421,0.5997857065289021,0.011694064457581714
structured,1396,D400,D400|91|3,1.81936414,1.820445717376471,0.5990813707630797,0.011558518614715952
structured,1397,D400,D400|91|3,1.830170268,1.8198353668411233,0.5987460392175498,0.01159605885397911
structured,1398,D600,D600|91|3,1.806505961,1.8200342975979722,0.598855345745193,0.009992621059061945
structured,1399,D600,D600|91|3,1.814622772,1.8221939987249294,0.6000412688693733,0.0099861230922672
structured,1400,D600,D600|91|3,1.828929893,1.8259976833297662,0.60212651345881,0.010150072426742356
structured,1401,D600,D600|91|3,1.835355942,1.821711268971999,0.5997763170002708,0.010150138207142183
structured,1402,D600,D600|91|3,1.83108934,1.8182396424581857,0.5978688036019068,0.010269898909853598
structured,1403,D800,D800|91|3,1.797889951,1.8176687296480756,0.597554762236518,0.010241033288641269
structured,1404,D800,D800|91|3,1.807596419,1.8233637849255706,0.6006830286823907,0.010273438206965546
structured,1405,D800,D800|91|3,1.824456516,1.81951568806104,0.5985703602153963,0.010221525550123761
structured,1406,D800,D800|91|3,1.815756719,1.8253765365597918,0.601786287155747,0.01037451524909259
structured,1407,D800,D800|91|3,1.801076604,1.8259423922352789,0.602096233063542,0.010384894955068068
structured,1408,S50,S50|91|3,1.802804034,1.8309323956350312,0.6048253429108078,0.02253472326065205
structured,1409,S50,S50|91|3,1.809305451,1.8284467336533106,0.6034668270116958,0.02257123734549052
structured,1410,S50,S50|91|3,1.812438275,1.8266036344813874,0.6024583050256723,0.022540726010018698
structured,1411,S50,S50|91|3,1.830297402,1.8248771947229332,0.601512694207567,0.022577462715637125
structured,1412,S50,S50|91|3,1.808132345,1.8312652925274862,0.6050071446166239,0.02253330666417914
structured,1413,S100,S100|91|3,1.838194388,1.8179287831869473,0.5976978218235032,0.01238266106654885
structured,1414,S100,S100|91|3,1.797916352,1.806681935931837,0.5914919783705184,0.017982518733796308
structured,1415,S100,S100|91|3,1.840538585,1.8171901197798863,0.597291417831257,0.01245140160743712
structured,1416,S100,S100|91|3,1.826153596,1.8173810160017643,0.5973964625338763,0.012371076411300043
structured,1417,S100,S100|91|3,1.827035596,1.8181415438845645,0.597814849646797,0.01233801037755939
structured,1418,S200,S200|91|3,1.809660246,1.8213508649665164,0.5995784592677327,0.01074325159102268
structured,1419,S200,S200|91|3,1.810580824,1.821301903497864,0.5995515769532397,0.010922967743240473
structured,1420,S200,S200|91|3,1.827443553,1.8209900055662671,0.5993803122989252,0.01070777883427766
structured,1421,S200,S200|91|3,1.819873108,1.8216896268099694,0.5997644368022641,0.010697659455266843
structured,1422,S200,S200|91|3,1.82116145,1.8218389721305919,0.5998464152013081,0.010687322036160352
structured,1423,S400,S400|91|3,1.827366889,1.8120847238867341,0.5944779636395922,0.010253716762511057
structured,1424,S400,S400|91|3,1.801485664,1.8124175379260132,0.5946616103950216,0.010630079248902469
structured,1425,S400,S400|91|3,1.835738463,1.8104293755842376,0.5935640412242408,0.010290266063334202
structured,1426,S400,S400|91|3,1.811037344,1.812041840281344,0.5944542980171957,0.010285147595754333
structured,1427,S400,S400|91|3,1.809516659,1.8118997307076965,0.5943758698356499,0.010284034236378543
structured,1428,S600,S600|91|3,1.842325226,1.8107997812421426,0.59376861577236,0.010161032020171967
structured,1429,S600,S600|91|3,1.813712362,1.810308038789662,0.5934970179741486,0.01018016733791394
structured,1430,S600,S600|91|3,1.81941482,1.8089568511502996,0.5927503538071278,0.010174632321766817
structured,1431,S600,S600|91|3,1.824800504,1.8097134414012963,0.5931685130760608,0.010182938236770897
structured,1432,S600,S600|91|3,1.810243275,1.808578500435453,0.5925411778464506,0.010161646409907648
structured,1433,S800,S800|91|3,1.782843619,1.8126414271414837,0.594785133470322,0.011467129291528901
structured,1434,S800,S800|91|3,1.812439986,1.8152717593199408,0.5962351861613083,0.011605425595049994
structured,1435,S800,S800|91|3,1.788621446,1.8131850737228672,0.5950850080425487,0.012283372498071501
structured,1436,S800,S800|91|3,1.805524812,1.8134334263700658,0.5952219690422129,0.011194751622576157
structured,1437,S800,S800|91|3,1.798149608,1.8145051727838373,0.5958127984709131,0.01140362805537541
structured,1438,D50,D50|91|4,1.98171331,1.842707690363891,0.6112360607715199,0.03397568041346372
structured,1439,D50,D50|91|4,1.977918113,1.829453362935079,0.6040172134523307,0.038607137095336364
structured,1440,D50,D50|91|4,1.975119796,1.8434141507963913,0.6116193690134024,0.03367992918627186
structured,1441,D50,D50|91|4,1.985368784,1.8443862679241974,0.6121465760419541,0.03327722517363618
structured,1442,D50,D50|91|4,1.982776136,1.8980286227000727,0.640815780527174,0.029174863438340876
structured,1443,D100,D100|91|4,1.901575873,1.9188401042026648,0.6517208910958283,0.024701548241352678
structured,1444,D100,D100|91|4,1.936489464,1.8983453369115533,0.6409826314304754,0.024705412000715674
structured,1445,D100,D100|91|4,1.927870888,1.896678176154469,0.640104027722967,0.024626791624845035
structured,1446,D100,D100|91|4,1.909319154,1.9136453148952104,0.6490099649365295,0.024728935349455965
structured,1447,D100,D100|91|4,1.915467843,1.9150997710250819,0.6497697210274653,0.024594003972802828
structured,1448,D200,D200|91|4,1.88462312,1.873699031749606,0.6279145688637002,0.018893423474771017
structured,1449,D200,D200|91|4,1.896441345,1.8709571669741314,0.6264501539107837,0.018926448060597054
structured,1450,D200,D200|91|4,1.898457048,1.890027053609242,0.6365911430480696,0.01925905824642382
structured,1451,D200,D200|91|4,1.880764078,1.8889270121655157,0.6360089494274799,0.01885276884521672
structured,1452,D200,D200|91|4,1.876312808,1.8807365017615132,0.6316634563815352,0.018832660898490373
structured,1453,D400,D400|91|4,1.879603373,1.8752179128470754,0.6287248728544386,0.011954489042483387
structured,1454,D400,D400|91|4,1.86098472,1.8732906626193975,0.6276965970168926,0.012050049836189146
structured,1455,D400,D400|91|4,1.86673485,1.8773317118031778,0.6298514664460536,0.011622986859000328
structured,1456,D400,D400|91|4,1.888753096,1.8923283424553117,0.6378079980968738,0.012437213212763308
structured,1457,D400,D400|91|4,1.885233324,1.8888057562130103,0.6359447543348242,0.011918645000073641
structured,1458,D600,D600|91|4,1.822471144,1.8636079411098656,0.6225143621179131,0.010073403134327768
structured,1459,D600,D600|91|4,1.842546204,1.8640782922066226,0.6227667176381011,0.010488063431915374
structured,1460,D600,D600|91|4,1.867332114,1.8734257917675696,0.6277687290556395,0.010130312567280628
structured,1461,D600,D600|91|4,1.877333081,1.87067923173515,0.6263015904428912,0.010126454698120695
structured,1462,D600,D600|91|4,1.866049127,1.874057881984714,0.6281060702040832,0.010178956069975379
structured,1463,D800,D800|91|4,1.857228637,1.8524454905103351,0.6165066529294562,0.010398424004304206
structured,1464,D800,D800|91|4,1.855300706,1.8482517749475968,0.614240205794174,0.01059866829294802
structured,1465,D800,D800|91|4,1.878267981,1.8672756578711758,0.6244805011547017,0.010346724844487181
structured,1466,D800,D800|91|4,1.876924281,1.8728702158170099,0.6274721289185933,0.010965405817533138
structured,1467,D800,D800|91|4,1.82775045,1.852340614453908,0.6164500364050558,0.010583237510753964
structured,1468,S50,S50|91|4,1.877396422,1.8842324652829694,0.6335205577583616,0.022643032026060474
structured,1469,S50,S50|91|4,1.888569121,1.8852730923385936,0.6340726869785752,0.022649669969227553
structured,1470,S50,S50|91|4,1.895854585,1.8838396969958875,0.6333120860138785,0.02263659812499526
structured,1471,S50,S50|91|4,1.882504687,1.8807136980245078,0.6316513314106892,0.02283167973580216
structured,1472,S50,S50|91|4,1.867779812,1.8813675725964805,0.631998944623441,0.022789851104562824
structured,1473,S100,S100|91|4,1.883443029,1.8771485919313828,0.629753919058865,0.012710198676359322
structured,1474,S100,S100|91|4,1.893646428,1.8777429314072556,0.6300704871818811,0.012399098593715798
structured,1475,S100,S100|91|4,1.88819627,1.879010830592163,0.6307454844339622,0.01241237524186339
structured,1476,S100,S100|91|4,1.881334885,1.8771284569781974,0.6297431926511314,0.012474697628148802
structured,1477,S100,S100|91|4,1.877746376,1.8772347133760308,0.6297997968702974,0.012517220602601133
structured,1478,S200,S200|91|4,1.893085265,1.8750869528661553,0.628655033209043,0.010821310444301199
structured,1479,S200,S200|91|4,1.879307862,1.8726578500617108,0.6273587319546451,0.010801956662653558
structured,1480,S200,S200|91|4,1.887049371,1.8718085182179798,0.6269050855469799,0.010797009940543766
structured,1481,S200,S200|91|4,1.878233348,1.8715979258679922,0.6267925717960126,0.010803683370201184
structured,1482,S200,S200|91|4,1.860544951,1.8742372018744005,0.628201750979375,0.010817797594122165
structured,1483,S400,S400|91|4,1.824360742,1.8914631680805598,0.6373506925675282,0.014837949029394138
structured,1484,S400,S400|91|4,1.861976236,1.839078448946035,0.609264603193052,0.010858316214371473
structured,1485,S400,S400|91|4,1.847779778,1.8479496192442135,0.6140767105341315,0.0102365160621525
structured,1486,S400,S400|91|4,1.845557556,1.8429927259836987,0.611390731845225,0.010429093920617435
structured,1487,S400,S400|91|4,1.849355485,1.837450241273001,0.6083788721588771,0.011152859892683348
structured,1488,S600,S600|91|4,1.852619799,1.8452009160779106,0.6125881691667805,0.010178428580691337
structured,1489,S600,S600|91|4,1.836251919,1.8518963189944702,0.6162101513925412,0.010173617564396754
structured,1490,S600,S600|91|4,1.81680461,1.8635623949393356,0.622489922037946,0.011534368769847118
structured,1491,S600,S600|91|4,1.826380347,1.8436196943448278,0.6117308643547974,0.010392472179784248
structured,1492,S600,S600|91|4,1.827097635,1.8441419620539872,0.6120141081006316,0.010340870117398373
structured,1493,S800,S800|91|4,1.860479626,1.8434621268882325,0.6116453943466279,0.01072572177461777
structured,1494,S800,S800|91|4,1.853817398,1.8401497936291786,0.6098469778883895,0.010617399154774824
structured,1495,S800,S800|91|4,1.864159369,1.8446092873416524,0.6122674866878931,0.010776921552930146
structured,1496,S800,S800|91|4,1.842760175,1.8447414235387862,0.6123391178271071,0.010776605855847854
structured,1497,S800,S800|91|4,1.851627686,1.8424762562219341,0.6111104582802382,0.010747701034641118
physics_residual,0,D50,D50|0|0,1.560186908,1.5920037654552879,0.46499345265512776,0.031058355067481835
physics_residual,1,D50,D50|0|0,1.561484361,1.5755289335098306,0.4545910466989479,0.03027092690080549
physics_residual,2,D50,D50|0|0,1.560393514,1.5803176422850906,0.45762586625410256,0.030212745692890303
physics_residual,3,D50,D50|0|0,1.558472561,1.57154924655932,0.45206191405962715,0.030621539318103626
physics_residual,4,D50,D50|0|0,1.561608985,1.5788598183305051,0.456702952567716,0.030215000638792493
physics_residual,5,D100,D100|0|0,1.561041612,1.56249172342472,0.4462818056062111,0.01829872822739648
physics_residual,6,D100,D100|0|0,1.556557304,1.5621083289252988,0.44603640171776343,0.018184837787746676
physics_residual,7,D100,D100|0|0,1.560626044,1.5647965250232798,0.44775579957974343,0.01825376290653159
physics_residual,8,D100,D100|0|0,1.555448691,1.5618077671844137,0.4458439754601012,0.018181896681810222
physics_residual,9,D100,D100|0|0,1.570784601,1.5658620509048835,0.448436503589398,0.018441384206464125
physics_residual,10,D200,D200|0|0,1.559258194,1.575705889015613,0.45470335537534573,0.01384028604182285
physics_residual,11,D200,D200|0|0,1.557328689,1.575932542455966,0.4548471875094386,0.013933742750749687
physics_residual,12,D200,D200|0|0,1.560386696,1.5773281433526951,0.45573236709140974,0.01398028149870459
physics_residual,13,D200,D200|0|0,1.56406944,1.5761999248201326,0.4550168392405023,0.013865177618579314
physics_residual,14,D200,D200|0|0,1.559799742,1.5754538296857594,0.45454337660378735,0.013831363375311698
physics_residual,15,D400,D400|0|0,1.57747785,1.5594684146324396,0.4443450033386147,0.01129413479191054
physics_residual,16,D400,D400|0|0,1.582462146,1.561575565029618,0.44569528916032586,0.011012527523072918
physics_residual,17,D400,D400|0|0,1.571871059,1.5610729494338842,0.4453733729422525,0.011054696768202444
physics_residual,18,D400,D400|0|0,1.578362744,1.5592926052412073,0.44423226023948126,0.011278738574441352
physics_residual,19,D400,D400|0|0,1.571060369,1.5575574795341809,0.4431188759963674,0.011543461652278635
physics_residual,20,D600,D600|0|0,1.562491354,1.5733354434305193,0.4531978520919206,0.01043494453003322
physics_residual,21,D600,D600|0|0,1.560566365,1.5721812103446413,0.4524639611196391,0.010577097432249265
physics_residual,22,D600,D600|0|0,1.566691898,1.5737139305629386,0.45343838669386993,0.010423887766585111
physics_residual,23,D600,D600|0|0,1.559224889,1.575362215273124,0.454485223787911,0.010681655776535839
physics_residual,24,D600,D600|0|0,1.58159802,1.5770535419508545,0.45555825918061776,0.01060592555007873
physics_residual,25,D800,D800|0|0,1.644690279,1.5770995168700868,0.45558741117063106,0.010301273331189374
physics_residual,26,D800,D800|0|0,1.57983316,1.5770057799995605,0.4555279731609699,0.010307131144357017
physics_residual,27,D800,D800|0|0,1.564816559,1.5746894593528886,0.45405808417246724,0.010397271942900082
physics_residual,28,D800,D800|0|0,1.566544735,1.579371715418506,0.4570271194864573,0.010640055558285023
physics_residual,29,D800,D800|0|0,1.592458478,1.578824374945349,0.4566805035937286,0.010627793087026351
physics_residual,30,S50,S50|0|0,1.575816199,1.5468180219665293,0.43619993181225525,0.024322569927672455
physics_residual,31,S50,S50|0|0,1.602076658,1.55427208207166,0.4410073216080662,0.023422671491887256
physics_residual,32,S50,S50|0|0,1.579807863,1.5573999284127067,0.44301771819484714,0.023248576176155514
physics_residual,33,S50,S50|0|0,1.580573721,1.5513722928220468,0.4391398894476044,0.02352761394697194
physics_residual,34,S50,S50|0|0,1.592722949,1.5545747367081078,0.4412020270117391,0.023247580485478418
physics_residual,35,S100,S100|0|0,1.567218001,1.5766736307455418,0.45531733078932296,0.012237121218999706
physics_residual,36,S100,S100|0|0,1.570607716,1.5782213469841277,0.4562984831723161,0.012275408994068948
physics_residual,37,S100,S100|0|0,1.571419163,1.5783111626770623,0.4563553909929603,0.012581183487682113
physics_residual,38,S100,S100|0|0,1.566838091,1.5774742381913724,0.45582498451786824,0.012420635331368371
physics_residual,39,S100,S100|0|0,1.564440461,1.570481955571311,0.4513825503229879,0.012264841555978448
physics_residual,40,S200,S200|0|0,1.56406097,1.5781885852913695,0.45627772433967884,0.010322251830868347
physics_residual,41,S200,S200|0|0,1.580191426,1.5697862078123361,0.45093943671984305,0.010518398897534116
physics_residual,42,S200,S200|0|0,1.583074977,1.579544874899377,0.4571367516822394,0.01037588049436811
physics_residual,43,S200,S200|0|0,1.572904736,1.5788676547243368,0.45670791588003384,0.010455102185768554
physics_residual,44,S200,S200|0|0,1.585051572,1.575823329509724,0.4547778845870535,0.010422615471597316
physics_residual,45,S400,S400|0|0,1.562576774,1.573262841467748,0.45315170577376335,0.010004629795379982
physics_residual,46,S400,S400|0|0,1.582775974,1.5728520400435648,0.452890557378368,0.010017291818750024
physics_residual,47,S400,S400|0|0,1.570456464,1.575495041006868,0.45456953464239863,0.009973068757041393
physics_residual,48,S400,S400|0|0,1.5750196,1.5764887901588223,0.45520008939020834,0.009960443905126397
physics_residual,49,S400,S400|0|0,1.577183511,1.581014167084413,0.45806651902489265,0.010038629701888166
physics_residual,50,S600,S600|0|0,1.555828114,1.5843310085158813,0.4601622415836926,0.009992150145526773
physics_residual,51,S600,S600|0|0,1.56117239,1.584034998690422,0.45997538828098244,0.010001764474364518
physics_residual,52,S600,S600|0|0,1.561823954,1.5840170772167872,0.45996407440532283,0.010040204272654285
physics_residual,53,S600,S600|0|0,1.559846724,1.5850732472404165,0.46063061903144564,0.009971649583533668
physics_residual,54,S600,S600|0|0,1.561648453,1.5824183316319163,0.4589542665208745,0.010022506926674273
physics_residual,55,S800,S800|0|0,1.589227754,1.5707806561023745,0.4515727289669853,0.01064448693289657
physics_residual,56,S800,S800|0|0,1.580440672,1.5729135215700285,0.4529296458134516,0.010751010670580733
physics_residual,57,S800,S800|0|0,1.59815524,1.5749898468259633,0.454248825797112,0.010940979215068345
physics_residual,58,S800,S800|0|0,1.615199232,1.571420293836112,0.4519798561703458,0.010701970022780047
physics_residual,59,S800,S800|0|0,1.584848504,1.5717397837264644,0.45218314832446377,0.010717238440451683
physics_residual,60,D50,D50|0|1,2.044100443,2.1163801963726754,0.7497071747807925,0.027950018732068864
physics_residual,61,D50,D50|0|1,2.04957737,2.1086114568063636,0.746029653517081,0.028185118099237703
physics_residual,62,D50,D50|0|1,1.999572687,2.079866330950704,0.7323036276822018,0.029547653455511323
physics_residual,63,D50,D50|0|1,2.017631508,2.0799707766337363,0.7323538439192097,0.029757255662843846
physics_residual,64,D50,D50|0|1,2.006211894,2.0802935642779103,0.7325090204264557,0.03033606512642499
physics_residual,65,D100,D100|0|1,2.016437285,1.9100532411045272,0.6471311165938762,0.018971739471548798
physics_residual,66,D100,D100|0|1,1.994408192,1.9396564646496484,0.6625108773172078,0.018472399100499855
physics_residual,67,D100,D100|0|1,1.97356662,1.9157420693443767,0.6501050511465765,0.018846618499284942
physics_residual,68,D100,D100|0|1,1.983306755,1.9188020333606226,0.6517010503495164,0.01882570230753866
physics_residual,69,D100,D100|0|1,1.971798525,1.9395404637570781,0.6624510706640547,0.018572764407899033
physics_residual,70,D200,D200|0|1,1.964318123,1.9947211368663098,0.690504259552156,0.014311786992300896
physics_residual,71,D200,D200|0|1,1.961302475,1.990270940837029,0.6882707806430575,0.014184581152089868
physics_residual,72,D200,D200|0|1,1.966048011,1.9581068805600197,0.6719781292171045,0.014169785438710222
physics_residual,73,D200,D200|0|1,1.959125658,1.980776169648246,0.6834887727654588,0.014590397332211196
physics_residual,74,D200,D200|0|1,1.970214261,1.9680552752609575,0.6770458852584729,0.014173406426575006
physics_residual,75,D400,D400|0|1,1.964858008,1.9655707785308556,0.6757826756770321,0.011499812656860876
physics_residual,76,D400,D400|0|1,1.951867166,1.9575206128342486,0.6716786790109033,0.011087747065879524
physics_residual,77,D400,D400|0|1,1.959093971,1.9491996807357843,0.6674188681947649,0.011248733999953835
physics_residual,78,D400,D400|0|1,1.953838928,1.976174195312846,0.6811627509629017,0.010986148692357166
physics_residual,79,D400,D400|0|1,1.947956474,1.978229539711832,0.682202272833603,0.011007463692875046
physics_residual,80,D600,D600|0|1,1.954137272,1.9437634833560264,0.6646260336961525,0.010360147506284
physics_residual,81,D600,D600|0|1,1.941923138,1.9486107545500246,0.6671166851101749,0.010185465205706812
physics_residual,82,D600,D600|0|1,1.944425234,1.944218991029434,0.6648603494002446,0.010113734755532231
physics_residual,83,D600,D600|0|1,1.943606342,1.9421681826822577,0.6638049689423209,0.010179832082415713
physics_residual,84,D600,D600|0|1,1.939217447,1.9470890707925246,0.666335473054261,0.010142625737207625
physics_residual,85,D800,D800|0|1,1.937833439,1.930516540505861,0.657787604676053,0.010184171511510175
physics_residual,86,D800,D800|0|1,1.931115531,1.93458052041908,0.6598905176672756,0.01012111737647873
physics_residual,87,D800,D800|0|1,1.937390462,1.9307651724775494,0.6579163867699344,0.010171584328917365
physics_residual,88,D800,D800|0|1,1.939430677,1.930761698711432,0.6579145876028001,0.010211677360031231
physics_residual,89,D800,D800|0|1,1.930410702,1.9405061368122216,0.6629488343120173,0.010167873555092997
physics_residual,90,S50,S50|0|1,2.018231427,2.0373667771906887,0.7116581785672776,0.021050202525270668
physics_residual,91,S50,S50|0|1,2.016383376,2.0345325872380418,0.7102661056515783,0.02098546185459962
physics_residual,92,S50,S50|0|1,2.019922289,2.0453740589419835,0.7155806866761162,0.021486664713552994
physics_residual,93,S50,S50|0|1,2.023950784,2.040897231530271,0.7133895305415168,0.021057600271241306
physics_residual,94,S50,S50|0|1,2.020788185,2.0328797653837136,0.7094533914234586,0.020970238835712866
physics_residual,95,S100,S100|0|1,1.928651999,1.9251454527178389,0.6550015247386685,0.012904316440896898
physics_residual,96,S100,S100|0|1,1.93017593,1.92029433990129,0.6524784763220564,0.012896851082366283
physics_residual,97,S100,S100|0|1,1.932332607,1.9293367082242423,0.6571762693519694,0.012935608103480508
physics_residual,98,S100,S100|0|1,1.936713222,1.9265143854155196,0.6557123521807848,0.013006200212219295
physics_residual,99,S100,S100|0|1,1.941062316,1.9327609394676315,0.6589495192555304,0.01298471069779543
physics_residual,100,S200,S200|0|1,1.935150704,1.9452272285488992,0.665378797264094,0.01042439412116894
physics_residual,101,S200,S200|0|1,1.934574776,1.9493222432671549,0.6674817446047481,0.010506800301116889
physics_residual,102,S200,S200|0|1,1.931366726,1.9472011618967173,0.6663930399522199,0.010451209997581798
physics_residual,103,S200,S200|0|1,1.93014659,1.9471155238698301,0.6663490589235511,0.01044947069204931
physics_residual,104,S200,S200|0|1,1.934298104,1.9461605067253218,0.6658584606941123,0.010431314435057428
physics_residual,105,S400,S400|0|1,1.928885505,1.9074110405182294,0.6457468464012599,0.010445798539651182
physics_residual,106,S400,S400|0|1,1.934057083,1.9445480405212117,0.6650295801563652,0.012415793950400324
physics_residual,107,S400,S400|0|1,1.924819553,1.9091872439748547,0.6466776247816183,0.010273336080017199
physics_residual,108,S400,S400|0|1,1.919839737,1.9083326675455734,0.6462299118877171,0.010446758587328643
physics_residual,109,S400,S400|0|1,1.9194336,1.9193107465030628,0.651966135392399,0.010199570025383195
physics_residual,110,S600,S600|0|1,1.925053088,1.9238882057700288,0.6543482454462148,0.010186506060870928
physics_residual,111,S600,S600|0|1,1.926645985,1.9284710633664088,0.6567274938174616,0.01020106254910808
physics_residual,112,S600,S600|0|1,1.921919857,1.9243673482050467,0.6545972634393151,0.01016870971233828
physics_residual,113,S600,S600|0|1,1.927081693,1.925829007247788,0.6553565281510432,0.010291853157649562
physics_residual,114,S600,S600|0|1,1.924848505,1.9152191829247878,0.6498320719184383,0.010303861399129696
physics_residual,115,S800,S800|0|1,1.92363974,1.9280461476171433,0.6565071313879749,0.012260942025715664
physics_residual,116,S800,S800|0|1,1.912130921,1.9289157484144086,0.6569580566682557,0.012675188734442951
physics_residual,117,S800,S800|0|1,1.917343839,1.9234277575083338,0.6541088846719565,0.012575513154788899
physics_residual,118,S800,S800|0|1,1.910109237,1.9252859205092026,0.6550744868448899,0.012065952490441335
physics_residual,119,S800,S800|0|1,1.916211727,1.9307238045005706,0.657894960849919,0.012860370619230834
physics_residual,120,D50,D50|0|2,2.401662904,2.4170952509083197,0.8825665096781147,0.026972354235077402
physics_residual,121,D50,D50|0|2,2.408329379,2.405819256572725,0.8778904927742182,0.0269082462803249
physics_residual,122,D50,D50|0|2,2.409795375,2.3992785034748385,0.875168068605431,0.02700579321857594
physics_residual,123,D50,D50|0|2,2.433450011,2.414192297865089,0.8813647789331387,0.026906981297674513
physics_residual,124,D50,D50|0|2,2.434746684,2.404990214291265,0.8775458346476855,0.02689344366156993
physics_residual,125,D100,D100|0|2,2.383093911,2.3745898365077776,0.8648247221543923,0.017562013116812193
physics_residual,126,D100,D100|0|2,2.377584742,2.390001690891079,0.871294073428976,0.017506995325513697
physics_residual,127,D100,D100|0|2,2.412540012,2.392171703307483,0.8722016158313399,0.017507815569393688
physics_residual,128,D100,D100|0|2,2.430015758,2.3931347473378475,0.872604116299512,0.017500008427896167
physics_residual,129,D100,D100|0|2,2.430136719,2.3856288252726556,0.8694627479837815,0.017509596696981655
physics_residual,130,D200,D200|0|2,2.428161204,2.4207517425163894,0.8840781293342529,0.01375905982934183
physics_residual,131,D200,D200|0|2,2.404430077,2.422288421237126,0.8847127219539082,0.013730322989459143
physics_residual,132,D200,D200|0|2,2.384685146,2.4236542861696733,0.8852764368185637,0.013730263102863573
physics_residual,133,D200,D200|0|2,2.384331984,2.410103621526233,0.8796697430621554,0.013759661901644543
physics_residual,134,D200,D200|0|2,2.388001759,2.4201110892000774,0.8838134437431411,0.013731077844250348
physics_residual,135,D400,D400|0|2,2.4082186,2.4209537363536504,0.8841615684605111,0.010748113790103674
physics_residual,136,D400,D400|0|2,2.417180474,2.4201494372131753,0.8838292891766211,0.010739603547191843
physics_residual,137,D400,D400|0|2,2.394055265,2.4191153806495773,0.8834019281545422,0.010743072499142548
physics_residual,138,D400,D400|0|2,2.419993966,2.4205332190291426,0.8839878543394402,0.010740555873468383
physics_residual,139,D400,D400|0|2,2.429802299,2.4116249152138622,0.8803007589837348,0.010746106623320614
physics_residual,140,D600,D600|0|2,2.420626025,2.409452589039252,0.8793995802245425,0.010406277417936044
physics_residual,141,D600,D600|0|2,2.394758376,2.4089171285659514,0.8791773222796827,0.010388961913483121
physics_residual,142,D600,D600|0|2,2.384010172,2.3916759666939096,0.8719943614831478,0.010391073325261284
physics_residual,143,D600,D600|0|2,2.418643886,2.4070570640615365,0.8784048660652153,0.010516029258980732
physics_residual,144,D600,D600|0|2,2.39934375,2.390815312513485,0.8716344427130049,0.010612427437726857
physics_residual,145,D800,D800|0|2,2.360297782,2.345863030017377,0.8526533640500225,0.010210079931984611
physics_residual,146,D800,D800|0|2,2.375450943,2.3453984020652903,0.8524552817387582,0.010213050501122839
physics_residual,147,D800,D800|0|2,2.371242957,2.3638159597711725,0.8602772453166625,0.010135156861930335
physics_residual,148,D800,D800|0|2,2.383375605,2.3501800219966364,0.8544919303269981,0.010185610823719316
physics_residual,149,D800,D800|0|2,2.365110163,2.361273044612213,0.8592008992829256,0.01014468869474181
physics_residual,150,S50,S50|0|2,2.38150949,2.3560685341656096,0.856994354570676,0.018953073497556747
physics_residual,151,S50,S50|0|2,2.394125437,2.3614221164903184,0.8592640292852102,0.018953056134771416
physics_residual,152,S50,S50|0|2,2.396222224,2.363824707786126,0.8602809461118661,0.018997349630441942
physics_residual,153,S50,S50|0|2,2.392269046,2.3594825409527935,0.8584423326878862,0.01899219791613838
physics_residual,154,S50,S50|0|2,2.369866879,2.3602900385227454,0.858784509165347,0.019040466998703848
physics_residual,155,S100,S100|0|2,2.374401007,2.389750459971037,0.8711889504383509,0.011610426602046992
physics_residual,156,S100,S100|0|2,2.370325356,2.390545729954124,0.871521678771001,0.011591178958859178
physics_residual,157,S100,S100|0|2,2.391706078,2.398039259324216,0.8746514281661435,0.011585622549486908
physics_residual,158,S100,S100|0|2,2.424080577,2.400794401278927,0.8757996831181951,0.011578820260065504
physics_residual,159,S100,S100|0|2,2.379081599,2.383780238634595,0.8686875631733111,0.011640510213662254
physics_residual,160,S200,S200|0|2,2.41122508,2.3600055678768603,0.8586639783045916,0.01041094275316702
physics_residual,161,S200,S200|0|2,2.384056674,2.3630464879539455,0.8599516712884214,0.010491162865979358
physics_residual,162,S200,S200|0|2,2.375336473,2.370351263493963,0.8630381566093707,0.01065166796862016
physics_residual,163,S200,S200|0|2,2.354090276,2.3663336768778853,0.8613417855692463,0.010702814630435856
physics_residual,164,S200,S200|0|2,2.349382093,2.363793380446595,0.8602676932056683,0.010687123661059316
physics_residual,165,S400,S400|0|2,2.333697666,2.3579952817141803,0.8578118011437881,0.010070952903111226
physics_residual,166,S400,S400|0|2,2.347239773,2.3474830118894072,0.8533436953922674,0.010170127907440577
physics_residual,167,S400,S400|0|2,2.35748471,2.357975263748616,0.857803311707575,0.010053841387443774
physics_residual,168,S400,S400|0|2,2.334848634,2.3491226341894413,0.8540419112912383,0.010113399974816981
physics_residual,169,S400,S400|0|2,2.323961879,2.356557461495006,0.8572018513385504,0.01007783203214159
physics_residual,170,S600,S600|0|2,2.352788986,2.358084093699337,0.8578494646257177,0.010174713241610883
physics_residual,171,S600,S600|0|2,2.360231398,2.3610746711609987,0.8591168845244745,0.010149787850944622
physics_residual,172,S600,S600|0|2,2.337840207,2.3572044685872027,0.8574763696981353,0.010175484003545005
physics_residual,173,S600,S600|0|2,2.352483628,2.3618332534608344,0.8594381197966696,0.010132807315894825
physics_residual,174,S600,S600|0|2,2.358437625,2.360386479349468,0.85882536806613,0.010137752462189748
physics_residual,175,S800,S800|0|2,2.327082283,2.3115962034200837,0.8379382830566432,0.012750327208235537
physics_residual,176,S800,S800|0|2,2.375686483,2.3153311120480247,0.8395527062729602,0.01283999700561788
physics_residual,177,S800,S800|0|2,2.357065093,2.314272066780419,0.839095196095448,0.012686920729932731
physics_residual,178,S800,S800|0|2,2.344086808,2.317309771330754,0.8404069315206576,0.01242981439726754
physics_residual,179,S800,S800|0|2,2.371926086,2.3219085874347627,0.8423895144709406,0.012018678339907305
physics_residual,180,D50,D50|0|3,2.712659774,2.7070134177592,0.9958459673096471,0.026852881777353007
physics_residual,181,D50,D50|0|3,2.725048716,2.7099748904378815,0.9969393693276074,0.02686474653857332
physics_residual,182,D50,D50|0|3,2.731434141,2.703934567748113,0.9947079595699281,0.0268468482369719
physics_residual,183,D50,D50|0|3,2.738759908,2.6900457283507158,0.989558192856143,0.026850636753251077
physics_residual,184,D50,D50|0|3,2.737732498,2.670749372947777,0.9823590970587632,0.02697178570409738
physics_residual,185,D100,D100|0|3,2.675096745,2.7712683453121327,1.019305101795533,0.01773936855288951
physics_residual,186,D100,D100|0|3,2.867247482,2.763263839900618,1.016412531755371,0.017829513865466093
physics_residual,187,D100,D100|0|3,2.696871146,2.7505986709002364,1.0118185864947749,0.017657053477294557
physics_residual,188,D100,D100|0|3,2.647227765,2.7538228467325894,1.0129900724323098,0.017673812342274598
physics_residual,189,D100,D100|0|3,2.657785564,2.7722934229229232,1.0196749281509812,0.01792650328282857
physics_residual,190,D200,D200|0|3,2.748276141,2.751397003619775,1.0121087840057756,0.013593013885763566
physics_residual,191,D200,D200|0|3,2.682650303,2.761133044908015,1.015641119004731,0.013592526013020894
physics_residual,192,D200,D200|0|3,2.701945369,2.7597575780340087,1.015142841825774,0.013769675087524049
physics_residual,193,D200,D200|0|3,2.740214864,2.7467995100321345,1.0104364193866686,0.013710542475683396
physics_residual,194,D200,D200|0|3,2.744762506,2.766426413428932,1.0175563838440969,0.013626438750361288
physics_residual,195,D400,D400|0|3,2.766825409,2.791150245282913,1.026453785166529,0.011361116620403735
physics_residual,196,D400,D400|0|3,2.901334736,2.733488128610033,1.0055784964168477,0.012022555928575294
physics_residual,197,D400,D400|0|3,2.782567861,2.669471261986599,0.9818804235832811,0.013433575700290853
physics_residual,198,D400,D400|0|3,2.801594694,2.680393512595416,0.985963616801838,0.012867084234916828
physics_residual,199,D400,D400|0|3,2.750904643,2.6656138164955605,0.9804343562360923,0.013818670665568354
physics_residual,200,D600,D600|0|3,2.782887365,2.7059420561431367,0.9954501164162788,0.010198336475728641
physics_residual,201,D600,D600|0|3,2.84132757,2.703440094114323,0.9945250709535147,0.010212086688370016
physics_residual,202,D600,D600|0|3,2.766425103,2.7012798346788616,0.9937256735457072,0.010214892012145158
physics_residual,203,D600,D600|0|3,2.732959456,2.6827184366512626,0.9868306224595551,0.010162275414539412
physics_residual,204,D600,D600|0|3,2.763235638,2.694803702190281,0.9913253639308994,0.010195820363331757
physics_residual,205,D800,D800|0|3,2.63522,2.763931185626371,1.0166540089335467,0.01028064882307657
physics_residual,206,D800,D800|0|3,2.651727808,2.7824195738864708,1.0233208994862042,0.010423141933821609
physics_residual,207,D800,D800|0|3,2.695769239,2.7703785803797802,1.0189839824777818,0.010403936279690317
physics_residual,208,D800,D800|0|3,2.623911376,2.7732332857032533,1.0200138906476786,0.010356815559175156
physics_residual,209,D800,D800|0|3,2.604061726,2.7610835738518937,1.0156232019038498,0.010506901807227456
physics_residual,210,S50,S50|0|3,2.731521141,2.6261046051200627,0.9655016094817763,0.018798693554712743
physics_residual,211,S50,S50|0|3,2.632174683,2.6258701601150283,0.9654123306806891,0.018709805234728507
physics_residual,212,S50,S50|0|3,2.697323437,2.642568268265613,0.9717512731553615,0.018748738024679742
physics_residual,213,S50,S50|0|3,2.665334753,2.6316917035147016,0.9676268726793714,0.018780792137848838
physics_residual,214,S50,S50|0|3,2.709654543,2.6264159471837054,0.9656201590660786,0.01875778768437415
physics_residual,215,S100,S100|0|3,2.644428335,2.6905513496164044,0.989746135294445,0.011540921449949676
physics_residual,216,S100,S100|0|3,2.67892849,2.696208693533818,0.991846598634964,0.011538750696290581
physics_residual,217,S100,S100|0|3,2.651410329,2.6951286251844135,0.9914459305632024,0.011527153294538201
physics_residual,218,S100,S100|0|3,2.645760415,2.6781471375922883,0.9851251888486445,0.011556096649428778
physics_residual,219,S100,S100|0|3,2.649109535,2.6847532187805636,0.9875888126680555,0.01155763259479638
physics_residual,220,S200,S200|0|3,2.67459967,2.6797599593139405,0.985727223091193,0.010306180350004574
physics_residual,221,S200,S200|0|3,2.653136363,2.6908877429194833,0.9898711551256585,0.010331075781856783
physics_residual,222,S200,S200|0|3,2.703511806,2.6863184070176707,0.9881716342688305,0.010288559009263327
physics_residual,223,S200,S200|0|3,2.650051828,2.6884926430778346,0.988980680822652,0.010286710822542369
physics_residual,224,S200,S200|0|3,2.691075341,2.6912114494183337,0.9899914451789156,0.01030342744863237
physics_residual,225,S400,S400|0|3,2.800140568,2.6672912318049526,0.981063437515252,0.010254017489062133
physics_residual,226,S400,S400|0|3,2.686679766,2.6590732286312435,0.9779776517956352,0.010255208359351503
physics_residual,227,S400,S400|0|3,2.64679232,2.6758901430242634,0.9842820887417817,0.01012145631226126
physics_residual,228,S400,S400|0|3,2.721755729,2.673150192476683,0.9832576243087755,0.010198550508825689
physics_residual,229,S400,S400|0|3,2.689948259,2.6683130162358233,0.9814464435988597,0.010233562959400396
physics_residual,230,S600,S600|0|3,2.647347587,2.6804649770655145,0.9859902783786136,0.010072676842436764
physics_residual,231,S600,S600|0|3,2.628741468,2.6774763799038825,0.984874701602959,0.010130844761375593
physics_residual,232,S600,S600|0|3,2.6300257,2.6834919505128503,0.987118913007684,0.010109089978465938
physics_residual,233,S600,S600|0|3,2.653703494,2.6711582217846632,0.9825121692826585,0.010121387903555618
physics_residual,234,S600,S600|0|3,2.628540977,2.663266883702877,0.9795535210001527,0.01014031343256742
physics_residual,235,S800,S800|0|3,2.664593931,2.6428030078924745,0.9718400993190313,0.010652365532099917
physics_residual,236,S800,S800|0|3,2.656532806,2.6464776480586933,0.9732295664305102,0.010735009617889655
physics_residual,237,S800,S800|0|3,2.702334908,2.6464638202794575,0.9732243414419783,0.010684677809114241
physics_residual,238,S800,S800|0|3,2.646022521,2.631821668498078,0.9676762560376788,0.010766381240092954
physics_residual,239,S800,S800|0|3,2.700193466,2.640531029829337,0.9709800445933738,0.01074815661600436
physics_residual,240,D50,D50|0|4,2.994801895,2.96301737531067,1.0862081326682844,0.028367810327472088
physics_residual,241,D50,D50|0|4,3.017042885,2.9806978337479078,1.0921574455018634,0.02965675667634371
physics_residual,242,D50,D50|0|4,3.041828615,2.8982513383219097,1.0641075683372345,0.02776178445302158
physics_residual,243,D50,D50|0|4,2.99137326,2.935589888232092,1.0769084171509171,0.02801402517890666
physics_residual,244,D50,D50|0|4,2.98648365,2.903788707253783,1.0660163351053402,0.02788061671422541
physics_residual,245,D100,D100|0|4,2.991563797,2.9837607118465854,1.0931844887261546,0.018101380638731377
physics_residual,246,D100,D100|0|4,3.009996481,2.9856741847384103,1.0938255788763982,0.018367116712794413
physics_residual,247,D100,D100|0|4,2.962123796,2.9883949404624057,1.0947364340590495,0.01823646370718753
physics_residual,248,D100,D100|0|4,2.956168224,2.9901232835922955,1.095314618523248,0.018184270114750056
physics_residual,249,D100,D100|0|4,2.915595762,2.997349146790771,1.097728280311425,0.018221934823810227
physics_residual,250,D200,D200|0|4,3.125488432,3.1436016109701006,1.1453691524700202,0.015122299598405102
physics_residual,251,D200,D200|0|4,2.986670763,3.1488982758605832,1.1470526379644,0.015371178124407815
physics_residual,252,D200,D200|0|4,3.122846689,3.074602663337539,1.1231756777346973,0.014588783120833561
physics_residual,253,D200,D200|0|4,3.025946716,3.1358401581232864,1.1428971312029506,0.015361666180663234
physics_residual,254,D200,D200|0|4,3.063166499,3.1513632159585865,1.1478351261919044,0.015504253818419798
physics_residual,255,D400,D400|0|4,3.154841788,3.0974426114841975,1.1305768069836502,0.01162341124972035
physics_residual,256,D400,D400|0|4,3.024652821,3.1133294550664026,1.1356927178758494,0.011695414579371939
physics_residual,257,D400,D400|0|4,3.205285799,3.110470325351104,1.1347739447734688,0.01153984799606287
physics_residual,258,D400,D400|0|4,3.203743204,3.087220386616474,1.1272711348138171,0.011685448001634968
physics_residual,259,D400,D400|0|4,3.038918026,3.111251545720968,1.1350250715162447,0.011664137925481648
physics_residual,260,D600,D600|0|4,3.342236258,3.121564330251049,1.1383342640694534,0.010940002377708093
physics_residual,261,D600,D600|0|4,3.081920399,3.0947168658846,1.1296964208160731,0.011006250723264055
physics_residual,262,D600,D600|0|4,3.123416728,3.121886701277657,1.1384375310047643,0.010919258425170783
physics_residual,263,D600,D600|0|4,3.124444876,3.114109756045637,1.1359433187912065,0.010969325560866956
physics_residual,264,D600,D600|0|4,3.296475183,3.117827243813696,1.1371363630113536,0.010904054905094052
physics_residual,265,D800,D800|0|4,3.007268472,3.048849999092174,1.1147644700403172,0.01022941842103926
physics_residual,266,D800,D800|0|4,3.095796473,3.0422028241518015,1.1125818662205633,0.010249878403305466
physics_residual,267,D800,D800|0|4,2.985437636,3.0317793114368334,1.1091496786656376,0.010239779030360491
physics_residual,268,D800,D800|0|4,3.011094667,3.0263535240522286,1.1073584373763874,0.01030121270653719
physics_residual,269,D800,D800|0|4,3.168463788,3.0295265739778365,1.1084063611016317,0.01024014140731571
physics_residual,270,S50,S50|0|4,2.959020881,2.8581662594403765,1.050180251167798,0.025277921657020128
physics_residual,271,S50,S50|0|4,2.959927376,2.872680994558445,1.0552457381755878,0.021994527354726463
physics_residual,272,S50,S50|0|4,3.018549894,2.853762599041793,1.0486383337594527,0.02038391294077386
physics_residual,273,S50,S50|0|4,2.976615558,2.8754587997833174,1.0562122440507036,0.02180923817152735
physics_residual,274,S50,S50|0|4,2.981243906,2.859381354695991,1.0506052918866207,0.02130055016695688
physics_residual,275,S100,S100|0|4,2.939393159,3.0974913843964442,1.1305925530472176,0.011903111904856722
physics_residual,276,S100,S100|0|4,2.929744229,3.091261797899912,1.1285793563928819,0.011748337146317154
physics_residual,277,S100,S100|0|4,3.000321687,3.0873666719569686,1.1273185178498435,0.011753218717709867
physics_residual,278,S100,S100|0|4,3.087471777,3.0970664384673654,1.1304553532851371,0.01190900104586979
physics_residual,279,S100,S100|0|4,3.109757546,3.0946638749288975,1.1296792976310817,0.01187901316332022
physics_residual,280,S200,S200|0|4,2.983634778,2.9378119412221433,1.0776650665887,0.010397173804174084
physics_residual,281,S200,S200|0|4,3.076031721,2.903766243593684,1.0660085990924089,0.010624133562674113
physics_residual,282,S200,S200|0|4,2.978891815,2.91828535756746,1.0709962374945285,0.010503527290696011
physics_residual,283,S200,S200|0|4,3.074036077,2.9152847472055865,1.069967498464188,0.010545527219109641
physics_residual,284,S200,S200|0|4,3.157526941,2.9372570587808617,1.077476172656414,0.010415484462927895
physics_residual,285,S400,S400|0|4,2.893415666,3.0226427527709605,1.1061315324232566,0.010094284089237708
physics_residual,286,S400,S400|0|4,2.835511238,3.0063689278748167,1.100733014297289,0.010053466004173717
physics_residual,287,S400,S400|0|4,2.874224375,2.9897013163587536,1.095173488218441,0.010037914070944013
physics_residual,288,S400,S400|0|4,2.877137236,2.990467343736089,1.0954296774415433,0.010038386919870104
physics_residual,289,S400,S400|0|4,2.934912279,3.0253738519255693,1.1070346712599208,0.010129392960512377
physics_residual,290,S600,S600|0|4,2.909473986,2.9136478416196914,1.0694058499620032,0.010277130393397466
physics_residual,291,S600,S600|0|4,3.056239128,2.9260426301061178,1.0736508719060573,0.01036976960231926
physics_residual,292,S600,S600|0|4,3.048550845,2.8956210954720367,1.0631996287646546,0.010181935830944006
physics_residual,293,S600,S600|0|4,3.107367274,2.910728997126036,1.0684035642861904,0.010304088460165357
physics_residual,294,S600,S600|0|4,2.952127628,2.8947424943192774,1.0628961586471473,0.010184309921171501
physics_residual,295,S800,S800|0|4,2.823288905,2.921918790264711,1.072240520425078,0.014898528326006976
physics_residual,296,S800,S800|0|4,2.863719184,2.923078248486569,1.072637255694362,0.014468759208201475
physics_residual,297,S800,S800|0|4,2.851970661,2.9248916266069767,1.073257429264767,0.013035312693013747
physics_residual,298,S800,S800|0|4,2.838814561,2.9185462631685337,1.071085637229933,0.013656696719519823
physics_residual,299,S800,S800|0|4,2.819979547,2.928030524197922,1.0743300209757103,0.01203071232060449
physics_residual,300,D50,D50|20|0,1.552767498,1.6049643038786807,0.4731015157606233,0.029311538195934038
physics_residual,301,D50,D50|20|0,1.548674901,1.6038094960752942,0.47238173435798253,0.02934444492485008
physics_residual,302,D50,D50|20|0,1.557422765,1.5945840179371265,0.46661289842040765,0.029483799571484354
physics_residual,303,D50,D50|20|0,1.562692913,1.6077018934000031,0.4748057638933693,0.029393038639323067
physics_residual,304,D50,D50|20|0,1.558102838,1.6043929502624297,0.47274546090163244,0.029301228917994394
physics_residual,305,D100,D100|20|0,1.572517305,1.555746220686614,0.4419553152092911,0.01835450584119455
physics_residual,306,D100,D100|20|0,1.578127171,1.5557183372135963,0.44193739215569405,0.018373940921487916
physics_residual,307,D100,D100|20|0,1.571879021,1.5531729227068625,0.4402998854932206,0.018505265455130447
physics_residual,308,D100,D100|20|0,1.585865962,1.552257091094697,0.43971005952087766,0.018535821650719233
physics_residual,309,D100,D100|20|0,1.566831298,1.5524788246979067,0.43985289524642773,0.01858356440677976
physics_residual,310,D200,D200|20|0,1.566116653,1.5739234042253905,0.45357148567604677,0.013846939671919042
physics_residual,311,D200,D200|20|0,1.576968715,1.5738486876871984,0.4535240130280759,0.013843505414385922
physics_residual,312,D200,D200|20|0,1.576836284,1.5736069113373754,0.4533703801378305,0.013829434489600148
physics_residual,313,D200,D200|20|0,1.583116266,1.574081777782567,0.45367210403475555,0.013882190894154368
physics_residual,314,D200,D200|20|0,1.576286602,1.5736742034744875,0.4534131422138368,0.013959396921824367
physics_residual,315,D400,D400|20|0,1.567755435,1.5714701199789836,0.45201156338015286,0.011073300786356603
physics_residual,316,D400,D400|20|0,1.562605939,1.5709902704494392,0.4517061660330707,0.01102572252650838
physics_residual,317,D400,D400|20|0,1.567598269,1.5710748054158754,0.45175997457262373,0.011022451129343462
physics_residual,318,D400,D400|20|0,1.55788804,1.5707944892043624,0.45158153544230295,0.011650645606134769
physics_residual,319,D400,D400|20|0,1.555636875,1.569082004871251,0.45049073807741247,0.012947354806189594
physics_residual,320,D600,D600|20|0,1.568956739,1.5759535725476708,0.45486053195840515,0.01104432954145203
physics_residual,321,D600,D600|20|0,1.571242561,1.5751202183654696,0.4543315984856104,0.011100690605301614
physics_residual,322,D600,D600|20|0,1.573089533,1.5748688579525658,0.4541720040188695,0.010385895779916497
physics_residual,323,D600,D600|20|0,1.568257404,1.5743768435808816,0.45385953911627525,0.010265871200693307
physics_residual,324,D600,D600|20|0,1.575665406,1.5745886923495303,0.45399409045801026,0.010671393457527259
physics_residual,325,D800,D800|20|0,1.561065551,1.570119753108661,0.45115189231675,0.010120403944842083
physics_residual,326,D800,D800|20|0,1.571763461,1.569781752385108,0.45093659847758516,0.010259987249897268
physics_residual,327,D800,D800|20|0,1.576918877,1.5699180306258018,0.4510234082047551,0.010136756475813054
physics_residual,328,D800,D800|20|0,1.581314446,1.570164551982683,0.45118042404806635,0.010123622414653043
physics_residual,329,D800,D800|20|0,1.566478551,1.5703675755321038,0.4513097165000843,0.009997441256367782
physics_residual,330,S50,S50|20|0,1.553567545,1.5977087548703799,0.46857057470739005,0.021652298077529775
physics_residual,331,S50,S50|20|0,1.564751479,1.5805615464862106,0.45778019306448525,0.020285355576197518
physics_residual,332,S50,S50|20|0,1.551504027,1.5815977221802275,0.45843555267357927,0.02015828351676301
physics_residual,333,S50,S50|20|0,1.564022461,1.5820595661881296,0.45872752109435666,0.020116027992525955
physics_residual,334,S50,S50|20|0,1.570885043,1.5808077414589645,0.4579359451774639,0.02010848356746251
physics_residual,335,S100,S100|20|0,1.566786998,1.5566569513139987,0.4425405418673094,0.011647172624348336
physics_residual,336,S100,S100|20|0,1.57161871,1.5568036771363112,0.44263479443056997,0.011659783785303659
physics_residual,337,S100,S100|20|0,1.576159572,1.557168412293161,0.4428690516095319,0.011704526280821175
physics_residual,338,S100,S100|20|0,1.574140115,1.5579817074566935,0.4433912063377131,0.01167182054586944
physics_residual,339,S100,S100|20|0,1.575161986,1.55774604823754,0.44323993559900865,0.01175126166986718
physics_residual,340,S200,S200|20|0,1.55049502,1.570629093884775,0.45147623584461055,0.010500553653301681
physics_residual,341,S200,S200|20|0,1.55748727,1.5713452870250666,0.45193212317268516,0.010381222600781064
physics_residual,342,S200,S200|20|0,1.552948023,1.5711575478084077,0.45181263929200166,0.01036206360312961
physics_residual,343,S200,S200|20|0,1.570748186,1.571238251269273,0.45186400357966205,0.010210845146398017
physics_residual,344,S200,S200|20|0,1.560910389,1.5712866717393221,0.45189481986353514,0.010240498507795768
physics_residual,345,S400,S400|20|0,1.569008578,1.566481827315528,0.4488322305228565,0.009994223397743578
physics_residual,346,S400,S400|20|0,1.576788168,1.563744473214245,0.4470832484773073,0.010282377592830962
physics_residual,347,S400,S400|20|0,1.590173634,1.565655365913026,0.4483045004965539,0.010026498630752329
physics_residual,348,S400,S400|20|0,1.579849587,1.5656343286201382,0.44829106367342964,0.010031146128622872
physics_residual,349,S400,S400|20|0,1.569267854,1.5662201474387878,0.4486651671510721,0.01000084387581577
physics_residual,350,S600,S600|20|0,1.587079653,1.5723335693657479,0.45256086575001886,0.010020131314772312
physics_residual,351,S600,S600|20|0,1.567946889,1.5712779437118565,0.451889265147223,0.010081872363633147
physics_residual,352,S600,S600|20|0,1.571871059,1.5719761189202066,0.4523335023650362,0.01003770729181864
physics_residual,353,S600,S600|20|0,1.569880939,1.573778559516263,0.4534794536406773,0.010058829244441979
physics_residual,354,S600,S600|20|0,1.566603451,1.5721931590879215,0.45247156119639614,0.010027486005016203
physics_residual,355,S800,S800|20|0,1.561161878,1.5754874909477135,0.4545647424488031,0.010877967204601123
physics_residual,356,S800,S800|20|0,1.567127956,1.5746475639559583,0.454031478320745,0.010783141203902974
physics_residual,357,S800,S800|20|0,1.5717416,1.5723378970495787,0.4525636181417247,0.01056691170855607
physics_residual,358,S800,S800|20|0,1.580639482,1.5731705543377033,0.4530930443508364,0.010599859151631403
physics_residual,359,D50,D50|20|1,2.106587464,2.0939486535037597,0.7390515913758626,0.031864736565435675
physics_residual,360,D50,D50|20|1,2.117544335,2.0296793524663053,0.7078778261274821,0.037048026332364044
physics_residual,361,D50,D50|20|1,2.118184975,2.0452520537508754,0.7155210355675656,0.035805920761360785
physics_residual,362,D50,D50|20|1,2.099811401,2.0371516349579366,0.711552574806936,0.03438589852122313
physics_residual,363,D50,D50|20|1,2.091618493,2.0957288092904682,0.7399013732073483,0.03026575790300983
physics_residual,364,D100,D100|20|1,2.060357876,2.0340643691607028,0.7100359437139749,0.01850050347447631
physics_residual,365,D100,D100|20|1,2.051589607,2.059772322397979,0.7225954535855839,0.01866321075328234
physics_residual,366,D100,D100|20|1,2.058574592,2.0361214779133245,0.7110467618952898,0.01854434845600151
physics_residual,367,D100,D100|20|1,2.052924413,2.029968694757852,0.7080203716332356,0.018568405224831584
physics_residual,368,D100,D100|20|1,2.049683521,2.042706406344638,0.7142755983841226,0.01868077437384401
physics_residual,369,D200,D200|20|1,2.057366791,2.0643381547487043,0.7248096688649532,0.014109682823838034
physics_residual,370,D200,D200|20|1,2.058764596,2.064009969978353,0.7246506780235186,0.014076380877888737
physics_residual,371,D200,D200|20|1,2.057642712,2.0755817411040804,0.7302414715485303,0.014268243347796652
physics_residual,372,D200,D200|20|1,2.069375924,2.07233534334109,0.7286761565435472,0.014047163113387984
physics_residual,373,D200,D200|20|1,2.056356092,2.076271410208311,0.7305736938528553,0.014044031026644014
physics_residual,374,D400,D400|20|1,2.0430377,2.06374015593858,0.7245199462534615,0.01175703551622667
physics_residual,375,D400,D400|20|1,2.067464556,2.0178171127671614,0.7020162898597184,0.01278690866365294
physics_residual,376,D400,D400|20|1,2.05092407,2.0659013840941287,0.7255666367867248,0.011602033752999216
physics_residual,377,D400,D400|20|1,2.046116935,2.0435844659358557,0.7147053571223898,0.011998582227267313
physics_residual,378,D400,D400|20|1,2.040174013,2.058816311160221,0.7221312114191589,0.01153656242119939
physics_residual,379,D600,D600|20|1,2.030799499,2.0304177921999926,0.7082415808434498,0.010293699822697787
physics_residual,380,D600,D600|20|1,2.029389278,2.027411752393413,0.7067599807301704,0.010254983090140016
physics_residual,381,D600,D600|20|1,2.035717652,2.0297947260273514,0.7079346677571348,0.010346385265163759
physics_residual,382,D600,D600|20|1,2.032341943,2.038794281117055,0.7123585944558087,0.010413122724984462
physics_residual,383,D600,D600|20|1,2.038835416,2.030299053874769,0.708183099383275,0.010307618391425948
physics_residual,384,D800,D800|20|1,2.00530262,2.0138431827593717,0.7000449276895578,0.010000867362870265
physics_residual,385,D800,D800|20|1,2.009512232,2.001395141539832,0.6938445081404596,0.010233741438597918
physics_residual,386,D800,D800|20|1,2.00461922,1.9960659986989309,0.6911782428230475,0.011329505665412022
physics_residual,387,D800,D800|20|1,2.017234302,2.0096258856525355,0.697948578206263,0.01004035730540863
physics_residual,388,D800,D800|20|1,2.007206069,1.992401793825644,0.6893408425506775,0.010975092541895454
physics_residual,389,S50,S50|20|1,2.034582604,2.022834531468792,0.7044997612015681,0.019795097904260053
physics_residual,390,S50,S50|20|1,2.023307961,2.0227991546660404,0.7044822723207168,0.019799242195700294
physics_residual,391,S50,S50|20|1,2.025826924,2.02292598720514,0.7045449718540235,0.019823326282581422
physics_residual,392,S50,S50|20|1,2.013036975,2.0232665770974396,0.7047133226616982,0.01986998741654876
physics_residual,393,S50,S50|20|1,2.03287125,2.019702415262119,0.7029501813834087,0.01991946969233601
physics_residual,394,S100,S100|20|1,2.019725426,2.0388600379351236,0.7123908467326959,0.012088985138885521
physics_residual,395,S100,S100|20|1,2.039797618,2.0495027944871618,0.717597224458355,0.012774597880654139
physics_residual,396,S100,S100|20|1,2.036185006,2.0377742720453567,0.7118581691202929,0.012152346744157388
physics_residual,397,S100,S100|20|1,2.03838733,2.0367222453362186,0.711341773178842,0.01200907230629899
physics_residual,398,S100,S100|20|1,2.036193882,2.0376076680526594,0.7117764079527562,0.012482960588221131
physics_residual,399,S200,S200|20|1,2.012022796,2.0087682545846755,0.6975217255626687,0.010395388058682778
physics_residual,400,S200,S200|20|1,2.023972604,2.0106624438600114,0.6984642418330909,0.01035560440867038
physics_residual,401,S200,S200|20|1,2.013429352,2.0072856612700485,0.6967833921572705,0.01052709853353548
physics_residual,402,S200,S200|20|1,2.013525821,2.004575027650813,0.6954320820087411,0.010524430188630002
physics_residual,403,S200,S200|20|1,2.013365047,2.007679996761041,0.6969798249668371,0.010530287622833917
physics_residual,404,S400,S400|20|1,2.000918649,2.0077026213882485,0.6969910939438485,0.01015911176870667
physics_residual,405,S400,S400|20|1,2.006587247,2.0116659306675726,0.6989632000159856,0.009980518017608906
physics_residual,406,S400,S400|20|1,2.007552339,2.0159968804737702,0.7011138028238824,0.010007887398375062
physics_residual,407,S400,S400|20|1,2.016135748,2.0035605310859284,0.6949258633084588,0.01000585874626455
physics_residual,408,S400,S400|20|1,2.007400124,2.019335857187389,0.7027686737813457,0.01021930953515972
physics_residual,409,S600,S600|20|1,2.002293432,2.0047349850156184,0.6955118749728095,0.010005891425232385
physics_residual,410,S600,S600|20|1,2.009319501,2.0105540449393864,0.6984103283365393,0.009978611466987765
physics_residual,411,S600,S600|20|1,2.017374996,2.0059148968973766,0.6961002643613323,0.010002705203664574
physics_residual,412,S600,S600|20|1,2.016442329,2.004316862952144,0.6953032859693014,0.01003009044756034
physics_residual,413,S600,S600|20|1,2.004084507,2.0006703772132624,0.6934823130034253,0.010001894612000576
physics_residual,414,S800,S800|20|1,2.007171096,2.015805182253615,0.7010187097526864,0.010626900650689337
physics_residual,415,S800,S800|20|1,2.008164277,2.012107391718305,0.6991826264185853,0.01059520169996885
physics_residual,416,S800,S800|20|1,2.006201599,2.0150906919557867,0.7006642028005805,0.010605660194918699
physics_residual,417,S800,S800|20|1,2.010861938,2.015143906124379,0.7006906102799966,0.010659295075964727
physics_residual,418,S800,S800|20|1,2.001144559,2.0134482542329097,0.6998488015666255,0.010642168087673659
physics_residual,419,D50,D50|20|2,2.484568666,2.3428754109046173,0.8513789830817771,0.031621900600205435
physics_residual,420,D50,D50|20|2,2.497363881,2.3461921719658037,0.8527936616103868,0.031188633059473163
physics_residual,421,D50,D50|20|2,2.49842825,2.343348236824125,0.8515807770876356,0.03134300976447813
physics_residual,422,D50,D50|20|2,2.461581844,2.3522709538540165,0.8553812248697454,0.03062144379419124
physics_residual,423,D50,D50|20|2,2.435941445,2.4110782510822824,0.8800740545339393,0.02704817862639915
physics_residual,424,D100,D100|20|2,2.40022232,2.433402677935167,0.8892905568617573,0.01837751828513406
physics_residual,425,D100,D100|20|2,2.377815583,2.4018165804666367,0.8762253595708706,0.017894976888640966
physics_residual,426,D100,D100|20|2,2.394952399,2.4033410487451348,0.8768598729197675,0.017925140645323114
physics_residual,427,D100,D100|20|2,2.394366926,2.4023166940681673,0.8764335609569511,0.01802500007322157
physics_residual,428,D100,D100|20|2,2.379854414,2.4057031870509316,0.8778422462895865,0.017927391632379105
physics_residual,429,D200,D200|20|2,2.376433228,2.367484322434886,0.8618279240645704,0.013870099375192266
physics_residual,430,D200,D200|20|2,2.409641323,2.3878672718296885,0.8704006126748066,0.01393891887648821
physics_residual,431,D200,D200|20|2,2.405379084,2.409173808925578,0.8792838708538793,0.013760760151369202
physics_residual,432,D200,D200|20|2,2.374945926,2.380170623703875,0.867172175745613,0.013858176779611549
physics_residual,433,D200,D200|20|2,2.383753703,2.3735339910780766,0.8643799799844556,0.013807956311648068
physics_residual,434,D400,D400|20|2,2.422115978,2.3704402605563306,0.8630757018428731,0.013056802090987238
physics_residual,435,D400,D400|20|2,2.412479091,2.40907616157478,0.8792433385646001,0.011876835877244194
physics_residual,436,D400,D400|20|2,2.389934264,2.384305890849429,0.868908050892152,0.012463267886755496
physics_residual,437,D400,D400|20|2,2.384713733,2.3718424412724133,0.8636670545078685,0.012919439043216418
physics_residual,438,D400,D400|20|2,2.399226086,2.418179457199926,0.8830149666429111,0.011707680000015807
physics_residual,439,D600,D600|20|2,2.360350625,2.3419518969512985,0.8509847256611319,0.010304191370884116
physics_residual,440,D600,D600|20|2,2.354270436,2.3444995793706243,0.8520719801363658,0.01032134488384031
physics_residual,441,D600,D600|20|2,2.37100385,2.3436856791984164,0.8517247668179939,0.010301184134894224
physics_residual,442,D600,D600|20|2,2.328001537,2.33264701807375,0.8470036820097375,0.010282919572208895
physics_residual,443,D600,D600|20|2,2.321628667,2.326602550373063,0.8444090705802182,0.010307993093654644
physics_residual,444,D800,D800|20|2,2.324864186,2.3464380909692077,0.8528984723411923,0.010726177909620428
physics_residual,445,D800,D800|20|2,2.332444837,2.3435807100785135,0.8516799777613445,0.010853131771844743
physics_residual,446,D800,D800|20|2,2.333356188,2.361620252195828,0.8593479310121731,0.010631682599715277
physics_residual,447,D800,D800|20|2,2.344244002,2.351332571917908,0.8549822193228634,0.010671556657841228
physics_residual,448,D800,D800|20|2,2.392456042,2.364029906656472,0.8603677503337422,0.010578316248217461
physics_residual,449,S50,S50|20|2,2.358059239,2.30402119853754,0.8346559435454587,0.01909665136498971
physics_residual,450,S50,S50|20|2,2.359048519,2.3159108331469906,0.8398030586012792,0.01883754063445008
physics_residual,451,S50,S50|20|2,2.346389412,2.313014347120287,0.8385515860490389,0.01888856980972293
physics_residual,452,S50,S50|20|2,2.368014463,2.317792580984261,0.8406152590260952,0.018818060900400137
physics_residual,453,S50,S50|20|2,2.377940402,2.317625976889801,0.840543375940479,0.01881648162695558
physics_residual,454,S100,S100|20|2,2.355055985,2.3614559472048664,0.8592783555981458,0.01178964095186538
physics_residual,455,S100,S100|20|2,2.34418626,2.364945112627759,0.8607548134833598,0.011777295558224656
physics_residual,456,S100,S100|20|2,2.350460873,2.3641388501890974,0.860413833093579,0.011798795276135275
physics_residual,457,S100,S100|20|2,2.354754656,2.360419068027349,0.8588391744716488,0.011892820526333194
physics_residual,458,S100,S100|20|2,2.348310931,2.3622743231469863,0.8596248512291279,0.011859666126306095
physics_residual,459,S200,S200|20|2,2.31502858,2.3059751060479146,0.8355036264928104,0.010456629237925242
physics_residual,460,S200,S200|20|2,2.327331882,2.3073616485584165,0.8361047283095667,0.010397301306740773
physics_residual,461,S200,S200|20|2,2.321342581,2.310148203031281,0.8373116796321186,0.010419464864720073
physics_residual,462,S200,S200|20|2,2.354421515,2.3252365844259146,0.8438217906047825,0.010328622591769154
physics_residual,463,S200,S200|20|2,2.346264224,2.322710087989502,0.8427346453067339,0.010337382759275513
physics_residual,464,S400,S400|20|2,2.302433632,2.2994129351945323,0.8326538447868154,0.009998891613730274
physics_residual,465,S400,S400|20|2,2.301666197,2.3027612609883183,0.8341089511091084,0.00998920502047848
physics_residual,466,S400,S400|20|2,2.301228007,2.305850574444999,0.835449621154546,0.009984893560645082
physics_residual,467,S400,S400|20|2,2.312349059,2.2955868482408412,0.8309885181194546,0.010012954660676126
physics_residual,468,S400,S400|20|2,2.29357413,2.308777506811856,0.836718166618155,0.009984965251975958
physics_residual,469,S600,S600|20|2,2.306805401,2.296828233006432,0.8315291420717168,0.009997495760818367
physics_residual,470,S600,S600|20|2,2.300352377,2.2985436819628133,0.8322757406355794,0.009985017780801181
physics_residual,471,S600,S600|20|2,2.312753062,2.3044331299683942,0.8348347156033279,0.010007373713531708
physics_residual,472,S600,S600|20|2,2.305671252,2.3007930204852394,0.8332538550234905,0.009986130864953402
physics_residual,473,S600,S600|20|2,2.308124581,2.301335029119532,0.8334894019839213,0.010011503914815808
physics_residual,474,S800,S800|20|2,2.283433535,2.2949491473655588,0.8307106852563664,0.010760998050819901
physics_residual,475,S800,S800|20|2,2.28344892,2.295325994729877,0.830874879058916,0.011035524167712852
physics_residual,476,S800,S800|20|2,2.305620968,2.2951118882488135,0.8307815953737091,0.010896875664474795
physics_residual,477,S800,S800|20|2,2.285418849,2.3037809409874743,0.8345516606170653,0.010543841076492368
physics_residual,478,S800,S800|20|2,2.29616334,2.310395079507918,0.8374185399997314,0.01053909452469043
physics_residual,479,D50,D50|20|3,2.690730088,2.6887557598389584,0.9890785437970279,0.02691544237549678
physics_residual,480,D50,D50|20|3,2.738434207,2.762393594395909,1.0160975482363048,0.02814282150260208
physics_residual,481,D50,D50|20|3,2.817365633,2.7355784401353183,1.0063429089910212,0.02925960423927552
physics_residual,482,D50,D50|20|3,2.759699812,2.7508369061345843,1.011905194883135,0.028138993990656468
physics_residual,483,D50,D50|20|3,2.814001244,2.6823941268439806,0.9867097266521182,0.03465989715269915
physics_residual,484,D100,D100|20|3,2.632649339,2.6880030015426657,0.9887985393056167,0.01805671653773845
physics_residual,485,D100,D100|20|3,2.670840698,2.69728677066719,0.9922463680071218,0.01821855071346235
physics_residual,486,D100,D100|20|3,2.656750954,2.6915045518667977,0.9901003502181871,0.01804224995823699
physics_residual,487,D100,D100|20|3,2.667506004,2.7050950684277733,0.9951370571255064,0.01827328166936507
physics_residual,488,D100,D100|20|3,2.657418213,2.696578394187555,0.9919837079434914,0.01826555398624506
physics_residual,489,D200,D200|20|3,2.588700967,2.6146355930839955,0.9611247352572764,0.014116489635185189
physics_residual,490,D200,D200|20|3,2.613579889,2.652885655690206,0.975647974223079,0.013783201088644378
physics_residual,491,D200,D200|20|3,2.697432993,2.711150347829659,0.9973730274183303,0.013794239151607534
physics_residual,492,D200,D200|20|3,2.669193554,2.7107898240399098,0.9972400404141023,0.013735560963207277
physics_residual,493,D200,D200|20|3,2.699238938,2.714794271067747,0.998716175585827,0.013763759458002229
physics_residual,494,D400,D400|20|3,2.610637885,2.6563281323887216,0.9769447678043328,0.010729339752805708
physics_residual,495,D400,D400|20|3,2.659162876,2.656896338493472,0.9771586515241082,0.010728417310835828
physics_residual,496,D400,D400|20|3,2.621120179,2.658283937395054,0.9776807782859792,0.010730149285417632
physics_residual,497,D400,D400|20|3,2.716696143,2.6872765235375113,0.9885282359637391,0.010985893770368642
physics_residual,498,D400,D400|20|3,2.661629247,2.6922486194146353,0.9903767624268836,0.010994248755276301
physics_residual,499,D600,D600|20|3,2.72971974,2.623540001848217,0.964524551540572,0.009951887490610342
physics_residual,500,D600,D600|20|3,2.633703639,2.629313162966405,0.9667226573172036,0.00996015504289879
physics_residual,501,D600,D600|20|3,2.607496322,2.634392544994808,0.9686526222076592,0.009963420508401906
physics_residual,502,D600,D600|20|3,2.586980655,2.6363773966282866,0.9694057765852118,0.009964976585227965
physics_residual,503,D600,D600|20|3,2.621748382,2.689489468080349,0.9893513867838569,0.010479899047013847
physics_residual,504,D800,D800|20|3,2.655372422,2.5911443536808028,0.9520996135289223,0.009929082883080654
physics_residual,505,D800,D800|20|3,2.660303152,2.59572280538892,0.9538650155555496,0.009911889720128218
physics_residual,506,D800,D800|20|3,2.611077525,2.579080934088713,0.9474331083721833,0.010052986347420698
physics_residual,507,D800,D800|20|3,2.607165303,2.5930830065016806,0.9528475178072473,0.009924646578960958
physics_residual,508,D800,D800|20|3,2.65987949,2.566596751079294,0.9425807999812812,0.010255149341009403
physics_residual,509,S50,S50|20|3,2.600572749,2.518412580365749,0.9236287746087707,0.018992467323147265
physics_residual,510,S50,S50|20|3,2.600756865,2.5144417619017316,0.9220508154556123,0.018853324146038488
physics_residual,511,S50,S50|20|3,2.611409827,2.51813639777614,0.9235191032480496,0.019017956260558976
physics_residual,512,S50,S50|20|3,2.606183706,2.510715653294692,0.9205678333390106,0.018739077113218545
physics_residual,513,S50,S50|20|3,2.601032081,2.5163317125113087,0.9228021713686152,0.018775471615502155
physics_residual,514,S100,S100|20|3,2.602353853,2.610180759971564,0.9594194756305539,0.011647135396917615
physics_residual,515,S100,S100|20|3,2.591555322,2.613834809267485,0.9608184185867594,0.011693983980712837
physics_residual,516,S100,S100|20|3,2.593729911,2.6096321816369428,0.9592092848276351,0.01171988287039336
physics_residual,517,S100,S100|20|3,2.590178255,2.6117838093465187,0.9600334397446458,0.011744261443790122
physics_residual,518,S100,S100|20|3,2.585105566,2.6029165767721207,0.9566325766214494,0.011735599102414066
physics_residual,519,S200,S200|20|3,2.549463877,2.57890371836488,0.9473643932689624,0.01057561801877014
physics_residual,520,S200,S200|20|3,2.553809437,2.5748329894757362,0.945784673556274,0.010611263437893446
physics_residual,521,S200,S200|20|3,2.557795714,2.5782892987052444,0.9471261164930074,0.010652316712032631
physics_residual,522,S200,S200|20|3,2.566834809,2.573591617694143,0.9453024399021496,0.01070420442019473
physics_residual,523,S400,S400|20|3,2.593864362,2.5874590854319472,0.9506763460730199,0.010027691655255596
physics_residual,524,S400,S400|20|3,2.570231272,2.577592307271931,0.9468557489823373,0.010048374404144748
physics_residual,525,S400,S400|20|3,2.541498191,2.5748929091352615,0.9458079445655309,0.009991941524699137
physics_residual,526,S400,S400|20|3,2.548421595,2.577693804799555,0.9468951250811338,0.010014732103670832
physics_residual,527,S400,S400|20|3,2.588285054,2.582490076078808,0.9487540792467932,0.010015849120571988
physics_residual,528,S600,S600|20|3,2.580068962,2.6005122302250325,0.9557084372482072,0.010058290115354335
physics_residual,529,S600,S600|20|3,2.584900044,2.598427486344415,0.9549064491098517,0.010060053275117331
physics_residual,530,S600,S600|20|3,2.561216983,2.607239590451069,0.9582920334715923,0.010191608010929191
physics_residual,531,S600,S600|20|3,2.587510212,2.607072403199197,0.9582279071776028,0.010137925901778222
physics_residual,532,S600,S600|20|3,2.581396513,2.607775758074843,0.9584976580344482,0.010177764214523047
physics_residual,533,S800,S800|20|3,2.560087009,2.574224653649046,0.9455483833953617,0.010611612048896176
physics_residual,534,S800,S800|20|3,2.596600528,2.5768170260142185,0.9465549264385968,0.010660524524980586
physics_residual,535,S800,S800|20|3,2.622113085,2.577330486337445,0.9467541680488513,0.010554048315535126
physics_residual,536,S800,S800|20|3,2.569463249,2.574944093774222,0.9458278227243669,0.010597147220588148
physics_residual,537,S800,S800|20|3,2.568817026,2.5794655225111347,0.9475822156551632,0.010582090668607989
physics_residual,538,D50,D50|20|3,2.984611462,2.966128510787714,1.0872575707567849,0.02956959811687132
physics_residual,539,D50,D50|20|3,3.075366021,2.985789329535991,1.093864143893942,0.03678045863311138
physics_residual,540,D50,D50|20|3,3.115050296,2.9840217857059903,1.0932719831546724,0.037075499696476014
physics_residual,541,D50,D50|20|3,3.094452059,2.9817895613289593,1.092523644210863,0.03640776185543797
physics_residual,542,D50,D50|20|3,3.004673665,3.0552507401817963,1.1168616646014853,0.03146203822096323
physics_residual,543,D100,D100|20|3,2.895548145,2.9703034730482796,1.0886641270721762,0.019145166866711517
physics_residual,544,D100,D100|20|3,3.084940581,2.9764638661607647,1.0907359738301674,0.01923168324213812
physics_residual,545,D100,D100|20|3,2.95128913,2.953103418588989,1.0828566236822368,0.020393532137749974
physics_residual,546,D100,D100|20|3,2.944572615,2.9432918194148794,1.0795286214592354,0.020051150928124515
physics_residual,547,D100,D100|20|3,2.924704326,2.94452235713301,1.079946616218971,0.02010103431565724
physics_residual,548,D200,D200|20|4,2.998124447,2.9866148046131733,1.094140573641125,0.014046895146467429
physics_residual,549,D200,D200|20|4,2.966529382,2.9986462513443435,1.098160937272506,0.014120049166327251
physics_residual,550,D200,D200|20|4,2.971769703,2.987312223431779,1.0943740612008157,0.014200887073307609
physics_residual,551,D200,D200|20|4,2.937807548,2.987457598033265,1.094422724029965,0.0139836370002031
physics_residual,552,D200,D200|20|4,2.99205482,2.99576818385709,1.0972006874467672,0.014245725539005931
physics_residual,553,D400,D400|20|4,3.117623303,2.951201095789102,1.0822122386031543,0.013196855962729149
physics_residual,554,D400,D400|20|4,3.108333693,2.9251284681638756,1.0733384004591189,0.013593565546821458
physics_residual,555,D400,D400|20|4,3.026542576,3.02408667428622,1.106609120038222,0.01183811105410304
physics_residual,556,D400,D400|20|4,3.01931705,2.975985251677493,1.0905751612050352,0.012829667241340385
physics_residual,557,D400,D400|20|4,2.919158592,3.0214651705733124,1.1057418695557224,0.011093351057401534
physics_residual,558,D600,D600|20|4,2.893907337,2.9816392202039963,1.092473223176085,0.0106646958325754
physics_residual,559,D600,D600|20|4,2.976918996,2.9792296338831443,1.0916647549775451,0.010616042524748804
physics_residual,560,D600,D600|20|4,3.111563662,2.980422142951033,1.092064949193066,0.010601484818087353
physics_residual,561,D600,D600|20|4,2.942187821,2.959651095788371,1.0850713883439265,0.010655501678282575
physics_residual,562,D600,D600|20|4,2.996728535,2.969259108883882,1.0883124634064587,0.01057765176565822
physics_residual,563,D800,D800|20|4,2.883213228,2.933925204635986,1.0763411867700758,0.010076923899144231
physics_residual,564,D800,D800|20|4,2.97817025,2.936418135823388,1.0771905174455336,0.010100586493889195
physics_residual,565,D800,D800|20|4,3.035298035,2.929567332968804,1.0748547441962581,0.010107152083057127
physics_residual,566,D800,D800|20|4,2.975689921,2.92325007684598,1.0726960373261483,0.010077512231519608
physics_residual,567,D800,D800|20|4,2.974881534,2.925225983707849,1.073371737086766,0.010083473912467859
physics_residual,568,S50,S50|20|4,2.764611869,2.687453510465382,0.9885940948726758,0.02020027680306345
physics_residual,569,S50,S50|20|4,2.784814878,2.6972324436037765,0.9922262264296217,0.020231014066771812
physics_residual,570,S50,S50|20|4,2.791268732,2.705716792650736,0.9953668652362526,0.020750680429920686
physics_residual,571,S50,S50|20|4,2.77002425,2.706189923310423,0.9955417132836134,0.020548210377665
physics_residual,572,S50,S50|20|4,2.879657362,2.7179501010282063,0.9998779568511595,0.019900019930794852
physics_residual,573,S100,S100|20|4,2.81862213,2.931296531683504,1.0754448274347732,0.012346809189737441
physics_residual,574,S100,S100|20|4,2.834304486,2.949953287658146,1.0817893355342045,0.01229893813476953
physics_residual,575,S100,S100|20|4,2.875183276,2.9338688734968135,1.076321986662361,0.012405896788686617
physics_residual,576,S100,S100|20|4,2.824508975,2.941395546424422,1.0788841443823052,0.012433689112991959
physics_residual,577,S100,S100|20|4,2.820972955,2.9400229940147815,1.0784174024134687,0.012299796262173696
physics_residual,578,S200,S200|20|4,2.957256887,2.8792687012603007,1.0575363387304004,0.010401015725298939
physics_residual,579,S200,S200|20|4,2.7989606,2.88363578732777,1.0590519241134482,0.01038902353327807
physics_residual,580,S200,S200|20|4,2.964542875,2.884069787769718,1.0592024173857264,0.010356021311740977
physics_residual,581,S200,S200|20|4,3.094040534,2.880904069190509,1.0581041578008759,0.010350995312596936
physics_residual,582,S200,S200|20|4,2.961390736,2.88962634002489,1.0611271996561022,0.010327600892595053
physics_residual,583,S400,S400|20|4,2.87458441,2.885760118228337,1.0597883377800934,0.010060514854598848
physics_residual,584,S400,S400|20|4,2.947651822,2.8876241973585044,1.0604340869951285,0.010270559564701956
physics_residual,585,S400,S400|20|4,2.9562895,2.8986635034249013,1.0642497698754452,0.010027533932570722
physics_residual,586,S400,S400|20|4,2.963229596,2.892639065717345,1.0621692569653658,0.01004960011165619
physics_residual,587,S400,S400|20|4,3.031494443,2.898239295872215,1.064103413254287,0.009972075826840779
physics_residual,588,S600,S600|20|4,2.826666765,2.9111816329783164,1.068559058206297,0.010116959157690928
physics_residual,589,S600,S600|20|4,2.783083499,2.907329905788809,1.0672351018210693,0.01005121294744481
physics_residual,590,S600,S600|20|4,2.952572722,2.9156871905217296,1.0701055349085682,0.010057249654196678
physics_residual,591,S600,S600|20|4,2.799750857,2.9076509470977974,1.06734552051975,0.010029271126246716
physics_residual,592,S600,S600|20|4,2.923157083,2.900432626294094,1.0648599073466998,0.010122971860677567
physics_residual,593,S800,S800|20|4,2.859815802,2.891974402664663,1.0619394531732058,0.011403727532561065
physics_residual,594,S800,S800|20|4,2.921387841,2.8850697672348664,1.0595490824180518,0.011002194720426087
physics_residual,595,S800,S800|20|4,2.794301319,2.899911000824291,1.064680047150566,0.010943154715697867
physics_residual,596,S800,S800|20|4,2.886741594,2.8862345661473983,1.059952734300213,0.010787893291953184
physics_residual,597,S800,S800|20|4,2.757657512,2.885799082434308,1.059801839922103,0.010801788684021115
physics_residual,598,D50,D50|60|0,1.562679674,1.6198995501443154,0.4823641412380801,0.03281823243536661
physics_residual,599,D50,D50|60|0,1.567789136,1.6147627014439496,0.4791880117883152,0.03415895285064286
physics_residual,600,D50,D50|60|0,1.575701472,1.5943701504909225,0.46647876827288653,0.037695894978453735
physics_residual,601,D50,D50|60|0,1.570019941,1.5963166630515335,0.46769888978016194,0.037486667345350694
physics_residual,602,D50,D50|60|0,1.552722579,1.608667203578698,0.4754060122968159,0.034648424299109505
physics_residual,603,D100,D100|60|0,1.576622382,1.5378316223886026,0.4303733867993712,0.021237125187383826
physics_residual,604,D100,D100|60|0,1.574302539,1.5362600437939302,0.4293509197409703,0.02158334297047156
physics_residual,605,D100,D100|60|0,1.583288008,1.5466470627936153,0.4360894025718057,0.02006955505768804
physics_residual,606,D100,D100|60|0,1.57697478,1.5544487702373204,0.44112099419190043,0.01917058256808456
physics_residual,607,D100,D100|60|0,1.586395774,1.5423315891623037,0.4332952903909548,0.020414308815116213
physics_residual,608,D200,D200|60|0,1.573185206,1.5858635276471742,0.461129071368546,0.014620817627976105
physics_residual,609,D200,D200|60|0,1.581615633,1.5860662786767052,0.4612569121734736,0.014603732945833477
physics_residual,610,D200,D200|60|0,1.577652296,1.5859752941507215,0.4611995456327649,0.014612935212228376
physics_residual,611,D200,D200|60|0,1.575414512,1.5846484152129638,0.4603625626686244,0.014564411265796447
physics_residual,612,D200,D200|60|0,1.573976112,1.587746499964652,0.4623157152989912,0.014860555903046817
physics_residual,613,D400,D400|60|0,1.570033462,1.5695573549949078,0.45079364011411627,0.011469220292359354
physics_residual,614,D400,D400|60|0,1.574157889,1.5702939497069062,0.4512628309477129,0.01134030230534299
physics_residual,615,D400,D400|60|0,1.57801922,1.569944743316116,0.4510404234007927,0.011411822534268997
physics_residual,616,D400,D400|60|0,1.577174853,1.5703657796293506,0.4513085728800757,0.011480260898652832
physics_residual,617,D400,D400|60|0,1.55836031,1.5726837087003396,0.45278352865141547,0.012687129858758615
physics_residual,618,D600,D600|60|0,1.568375759,1.5711285376992898,0.45179417495850105,0.010180376669322798
physics_residual,619,D600,D600|60|0,1.564564806,1.5716235670287944,0.4521092041539974,0.010222565200632765
physics_residual,620,D600,D600|60|0,1.561426419,1.5744587390665747,0.45391155547823653,0.014564296090088523
physics_residual,621,D600,D600|60|0,1.562924626,1.5712153014822847,0.4518493972940934,0.010224870028427997
physics_residual,622,D600,D600|60|0,1.570899386,1.5705612163987663,0.4514330181600298,0.010146731815660878
physics_residual,623,D800,D800|60|0,1.560605139,1.5639339092490967,0.4472043837168802,0.010150823507074098
physics_residual,624,D800,D800|60|0,1.573095612,1.563081981108384,0.44665950118883324,0.010535625729404977
physics_residual,625,D800,D800|60|0,1.568672064,1.5629568230763558,0.4465794266664519,0.010941295442675582
physics_residual,626,D800,D800|60|0,1.584954696,1.5635237187317106,0.44694206808000747,0.011171179349767368
physics_residual,627,D800,D800|60|0,1.571780184,1.5635641976867047,0.44696795731374717,0.010489054295511809
physics_residual,628,S50,S50|60|0,1.585030001,1.578462212052907,0.45645108958011216,0.02252257439362888
physics_residual,629,S50,S50|60|0,1.575896097,1.576111506845984,0.4549607420076695,0.021259683139973774
physics_residual,630,S50,S50|60|0,1.558030671,1.5775309198869671,0.4558609158034039,0.021275947371128028
physics_residual,631,S50,S50|60|0,1.559559837,1.5765370453433587,0.45523069820032125,0.02085714688978798
physics_residual,632,S50,S50|60|0,1.558580143,1.574783080513525,0.4541175361343299,0.02046398139220112
physics_residual,633,S100,S100|60|0,1.560233628,1.5666859584580202,0.44896253388146223,0.0131923513937552
physics_residual,634,S100,S100|60|0,1.565566604,1.5662200995009137,0.4486651365437051,0.012952809988638058
physics_residual,635,S100,S100|60|0,1.575050725,1.5661214355518749,0.448602139614432,0.012996279197983745
physics_residual,636,S100,S100|60|0,1.558494761,1.5656366611862582,0.44829255352603437,0.01177486047302211
physics_residual,637,S100,S100|60|0,1.576208874,1.5650788485109297,0.4479362051580631,0.011927092291127298
physics_residual,638,S200,S200|60|0,1.583216207,1.5640207551956224,0.44725991262050224,0.010381903084443847
physics_residual,639,S200,S200|60|0,1.5638467,1.5637253913457836,0.44707104572601764,0.010434386795583346
physics_residual,640,S200,S200|60|0,1.565238263,1.5640549630540932,0.44728178412333863,0.010472024372147644
physics_residual,641,S200,S200|60|0,1.556928929,1.5634119110687261,0.44687055547068694,0.010434279927641212
physics_residual,642,S200,S200|60|0,1.570737295,1.5630755743822615,0.446655402402378,0.010508873689452239
physics_residual,643,S400,S400|60|0,1.54696515,1.5650140997371178,0.44789483336822067,0.01002519981807434
physics_residual,644,S400,S400|60|0,1.570397211,1.564493029014909,0.44756182838974556,0.010086894150535623
physics_residual,645,S400,S400|60|0,1.560877234,1.56483899851428,0.44778294235127925,0.01011253156081197
physics_residual,646,S400,S400|60|0,1.554539254,1.5649226292203697,0.4478363845721618,0.01027134790900226
physics_residual,647,S400,S400|60|0,1.553679247,1.5653645108691236,0.44811871116516333,0.010047033432234363
physics_residual,648,S600,S600|60|0,1.563733267,1.5601908984074986,0.4448081845487909,0.010101895414906838
physics_residual,649,S600,S600|60|0,1.568274191,1.560278268990134,0.44486418291183893,0.010061954035403144
physics_residual,650,S600,S600|60|0,1.574524496,1.559700579780832,0.444493866801439,0.012280168580704914
physics_residual,651,S600,S600|60|0,1.565081714,1.5599945878604504,0.44468235193520356,0.011670609385977488
physics_residual,652,S600,S600|60|0,1.579240583,1.570954857473194,0.45168362396132533,0.02231124052507545
physics_residual,653,S800,S800|60|0,1.566374266,1.5644365318631641,0.4475257156229658,0.010892015361093164
physics_residual,654,S800,S800|60|0,1.55938477,1.5648332421462863,0.4477792637756641,0.011061878064721453
physics_residual,655,S800,S800|60|0,1.551797708,1.5648444003233133,0.4477863943356142,0.011225266490289263
physics_residual,656,S800,S800|60|0,1.559272305,1.564327598250284,0.44745608198591674,0.010965775358768989
physics_residual,657,S800,S800|60|0,1.562510743,1.5646051176544775,0.4476334711662662,0.011171401168038247
physics_residual,658,D50,D50|60|1,1.976807007,1.9569987356399534,0.6714120423431906,0.0377627724927877
physics_residual,659,D50,D50|60|1,1.977099387,1.9633474117781364,0.6746508796546355,0.04100286813933453
physics_residual,660,D50,D50|60|1,1.941417591,1.9689962735725866,0.6775239071069937,0.028515050715343146
physics_residual,661,D50,D50|60|1,1.950789971,1.9615670194059638,0.6737436535097081,0.029207060894251905
physics_residual,662,D50,D50|60|1,1.973459585,1.954748213738175,0.6702613942163008,0.03687482764199656
physics_residual,663,D100,D100|60|1,1.916011638,1.8863116937430457,0.6346234376521583,0.018630996734672365
physics_residual,664,D100,D100|60|1,1.936770574,1.9181356034135415,0.6513536743862507,0.01834110602099535
physics_residual,665,D100,D100|60|1,1.935694889,1.920347353859798,0.6525060831454669,0.018325231387595477
physics_residual,666,D100,D100|60|1,1.935043626,1.9111529255289341,0.6477066858810652,0.01846340927053725
physics_residual,667,D100,D100|60|1,1.923452039,1.9174296126063992,0.6509855456879475,0.0183470533975266
physics_residual,668,D200,D200|60|1,1.935862752,1.9362343081000588,0.6607450084424069,0.014005572823075307
physics_residual,669,D200,D200|60|1,1.931989992,1.9335287598661879,0.6593467064651607,0.014062612163016129
physics_residual,670,D200,D200|60|1,1.931671261,1.935023325808165,0.6601193810903103,0.014060225535768736
physics_residual,671,D200,D200|60|1,1.937569797,1.9328915926074128,0.6590171161948554,0.014062813501433432
physics_residual,672,D200,D200|60|1,1.924824304,1.9318625588207838,0.6584845939330879,0.014111532661307338
physics_residual,673,D400,D400|60|1,1.941402004,1.9144289630513431,0.649419386546551,0.014177324561936122
physics_residual,674,D400,D400|60|1,1.936789975,1.9481966117616696,0.6669041301897061,0.011412545902488901
physics_residual,675,D400,D400|60|1,1.941163574,1.9357096228228146,0.6604739893936725,0.012285078460386201
physics_residual,676,D400,D400|60|1,1.937676406,1.9285120919182763,0.6567487687622655,0.010994479330822296
physics_residual,677,D400,D400|60|1,1.931018644,1.922600805987121,0.6536788558667597,0.011237431387361926
physics_residual,678,D600,D600|60|1,1.927224159,1.9201586644218653,0.6524078203451035,0.010487351701534873
physics_residual,679,D600,D600|60|1,1.910781866,1.918395183561269,0.6514889946339103,0.010353937427293177
physics_residual,680,D600,D600|60|1,1.92201239,1.9212261160451913,0.6529635843270036,0.01038498604045458
physics_residual,681,D600,D600|60|1,1.91966687,1.9209358370179963,0.6528124824050684,0.010362934971022753
physics_residual,682,D600,D600|60|1,1.913762311,1.9216028331748265,0.6531596467257312,0.010372751844283098
physics_residual,683,D800,D800|60|1,1.88915259,1.904622754640795,0.6442839599083708,0.010034911843481662
physics_residual,684,D800,D800|60|1,1.900906673,1.9026891958413006,0.6432682517179866,0.010136643516889463
physics_residual,685,D800,D800|60|1,1.913404801,1.8999501400379164,0.6418276437427581,0.010309094247967322
physics_residual,686,D800,D800|60|1,1.900392618,1.901960643113329,0.6428852715396706,0.010410752236302957
physics_residual,687,D800,D800|60|1,1.904667126,1.904134943454067,0.6440278075206045,0.010472199497234479
physics_residual,688,S50,S50|60|1,1.899997057,1.8994711140656628,0.6415754864047033,0.019623048687910125
physics_residual,689,S50,S50|60|1,1.916839241,1.9117168015697248,0.6480016873250761,0.020154656411979062
physics_residual,690,S50,S50|60|1,1.899315305,1.9040902840772982,0.6440043533527953,0.019734777280616806
physics_residual,691,S50,S50|60|1,1.899928153,1.900288746031726,0.6420058462215269,0.01960875126600732
physics_residual,692,S50,S50|60|1,1.912556384,1.900315941386286,0.6420201572887371,0.019693880088095694
physics_residual,693,S100,S100|60|1,1.901407517,1.8998195550818884,0.6417589106528304,0.01173556714299835
physics_residual,694,S100,S100|60|1,1.901510538,1.9059233247393659,0.6449665760594314,0.011698906552329368
physics_residual,695,S100,S100|60|1,1.915035485,1.9062375440163837,0.6451314270657489,0.011681437058923019
physics_residual,696,S100,S100|60|1,1.913200167,1.9046650796443927,0.6443061819117692,0.011718621082429997
physics_residual,697,S100,S100|60|1,1.907698465,1.9052722848673382,0.6446249300537952,0.011713190160416498
physics_residual,698,S200,S200|60|1,1.905498373,1.9030163239037285,0.6434401662613145,0.010217283944266298
physics_residual,699,S200,S200|60|1,1.91729971,1.900632795538124,0.6421868810066835,0.01035539674243023
physics_residual,700,S200,S200|60|1,1.910400488,1.9018140779138826,0.6428082085113536,0.010451610874534499
physics_residual,701,S200,S200|60|1,1.897281321,1.9025634900133417,0.643202182082994,0.010652304208278377
physics_residual,702,S200,S200|60|1,1.895335741,1.9027129141494972,0.6432807173168965,0.01040273837067413
physics_residual,703,S400,S400|60|1,1.889473327,1.8975794110572508,0.6405790797714985,0.009977049276299449
physics_residual,704,S400,S400|60|1,1.893931912,1.897004414314789,0.6402760179479499,0.009978304151274865
physics_residual,705,S400,S400|60|1,1.893219697,1.90025393083567,0.6419875250505696,0.009964930649559844
physics_residual,706,S400,S400|60|1,1.907870918,1.895010900773762,0.6392245909050543,0.010252757987483709
physics_residual,707,S400,S400|60|1,1.898590819,1.8998709596773862,0.6417859679067311,0.009965288365615398
physics_residual,708,S600,S600|60|1,1.902126597,1.9051426136773877,0.6445568685993587,0.010355308307096798
physics_residual,709,S600,S600|60|1,1.88602699,1.903967776525378,0.6439400121321454,0.010001618886496816
physics_residual,710,S600,S600|60|1,1.896243659,1.9035380543625546,0.6437142884254806,0.009992326623749258
physics_residual,711,S600,S600|60|1,1.896482114,1.9025955474339065,0.6432190315340945,0.009990742703640304
physics_residual,712,S600,S600|60|1,1.901931071,1.9020422126347942,0.6429281576912173,0.00999081235000907
physics_residual,713,S800,S800|60|1,1.902341294,1.8936489782805095,0.6385056440502864,0.010633775613616503
physics_residual,714,S800,S800|60|1,1.900172569,1.8917487999264804,0.6375016922201401,0.010766172841693244
physics_residual,715,S800,S800|60|1,1.905278369,1.8951538287474587,0.6393000113598177,0.010719529328080311
physics_residual,716,S800,S800|60|1,1.903246777,1.8926672526043464,0.6379870789657566,0.010634084283492376
physics_residual,717,S800,S800|60|1,1.900872555,1.8950418218618337,0.6392409078749411,0.010600251637588645
physics_residual,718,D50,D50|60|2,2.174585394,2.1741028019246094,0.7766160745748636,0.02730723713116303
physics_residual,719,D50,D50|60|2,2.186009433,2.1583595685415924,0.7693484741524624,0.03147458432264931
physics_residual,720,D50,D50|60|2,2.184639492,2.165706353213823,0.7727465683881386,0.032285437881062966
physics_residual,721,D50,D50|60|2,2.192962284,2.1637525002700433,0.7718439830339198,0.030708941054967565
physics_residual,722,D50,D50|60|2,2.16369584,2.1767731979977643,0.7778435958411636,0.02861275189582081
physics_residual,723,D100,D100|60|2,2.11272867,2.1295827347061915,0.7559260613316082,0.018111823076050648
physics_residual,724,D100,D100|60|2,2.124306279,2.1239670230429093,0.7532855773848284,0.018090428627423136
physics_residual,725,D100,D100|60|2,2.122002279,2.124973455250535,0.7537593106515517,0.018108950218783906
physics_residual,726,D100,D100|60|2,2.124775808,2.124651579296172,0.7536078262488755,0.018089570899137077
physics_residual,727,D100,D100|60|2,2.117765849,2.124872849319296,0.7537119649717094,0.01810403952813608
physics_residual,728,D200,D200|60|2,2.109818744,2.1161868013236753,0.7496157904982803,0.013790394907188573
physics_residual,729,D200,D200|60|2,2.112322092,2.112558213368692,0.747899636493748,0.013832948410970549
physics_residual,730,D200,D200|60|2,2.111399747,2.113004882481312,0.748111049318099,0.013846970047955287
physics_residual,731,D200,D200|60|2,2.102545668,2.117239836349446,0.7501132764063234,0.013807984349822068
physics_residual,732,D200,D200|60|2,2.107358134,2.116748279488405,0.749881080731796,0.013816652687143247
physics_residual,733,D400,D400|60|2,2.146058733,2.1364146830160706,0.7591290422440167,0.012394357692550474
physics_residual,734,D400,D400|60|2,2.155542539,2.137645277687108,0.75970488568859,0.011768154212713053
physics_residual,735,D400,D400|60|2,2.156566308,2.118752025808917,0.7508272482801683,0.01292284450898559
physics_residual,736,D400,D400|60|2,2.134518523,2.1186644629721396,0.7507859198730968,0.010824897777697752
physics_residual,737,D400,D400|60|2,2.110115309,2.1162584418910386,0.7496496435374825,0.010767835347088727
physics_residual,738,D600,D600|60|2,2.109465836,2.1120072229465094,0.7476387857939008,0.010085115038461703
physics_residual,739,D600,D600|60|2,2.102792121,2.116453610840401,0.749741862874432,0.01014289821696495
physics_residual,740,D600,D600|60|2,2.123117965,2.1083568025810306,0.7459088775425047,0.010130113790559394
physics_residual,741,D600,D600|60|2,2.104946989,2.1055614375210627,0.7445821477339375,0.010063549296118343
physics_residual,742,D600,D600|60|2,2.118912553,2.1086945769794134,0.7460690721281065,0.010102966751482442
physics_residual,743,D800,D800|60|2,2.11901124,2.1119284962703904,0.7476015093383096,0.010047854133084474
physics_residual,744,D800,D800|60|2,2.086614536,2.1113772280524374,0.7473404492791674,0.010033449680907245
physics_residual,745,D800,D800|60|2,2.095935746,2.115368283428303,0.7492289266200194,0.0104546617530517
physics_residual,746,D800,D800|60|2,2.099875733,2.1171193527353247,0.7500563688041229,0.010128245639197548
physics_residual,747,D800,D800|60|2,2.115936961,2.106502128361253,0.7450288128144219,0.01044617991575336
physics_residual,748,S50,S50|60|2,2.102431834,2.087410472614136,0.7359242894527103,0.019006192308939414
physics_residual,749,S50,S50|60|2,2.100273804,2.0875263928406897,0.7359798209399251,0.018941048346224267
physics_residual,750,S50,S50|60|2,2.105827904,2.081305288283437,0.7329952393347658,0.018979788562918463
physics_residual,751,S50,S50|60|2,2.113033012,2.0841611299578493,0.7343664385403894,0.018897481776656608
physics_residual,752,S50,S50|60|2,2.104644152,2.0854768282845413,0.7349975237250194,0.018925742683580198
physics_residual,753,S100,S100|60|2,2.072598857,2.09063817302781,0.7374693653144544,0.011628836818130006
physics_residual,754,S100,S100|60|2,2.084589502,2.09671180163238,0.7403703088232108,0.011704119417382674
physics_residual,755,S100,S100|60|2,2.093344018,2.0958665203226796,0.7399670813787873,0.01178070985529246
physics_residual,756,S100,S100|60|2,2.07970639,2.09871377739562,0.7413246701281513,0.011683792990606833
physics_residual,757,S100,S100|60|2,2.09527821,2.090966390602884,0.7376263469566702,0.011979804653212524
physics_residual,758,S200,S200|60|2,2.089254246,2.089864039840056,0.7370990111525932,0.01054511278544016
physics_residual,759,S200,S200|60|2,2.083163123,2.0869731873187134,0.7357147805370735,0.010182973907835933
physics_residual,760,S200,S200|60|2,2.090858734,2.085356495969108,0.7349398219152793,0.010219719715758658
physics_residual,761,S200,S200|60|2,2.098389623,2.087269051135147,0.7358565374357044,0.010178232775517005
physics_residual,762,S200,S200|60|2,2.085890942,2.0859498403051586,0.7352243104146698,0.010178817437106838
physics_residual,763,S400,S400|60|2,2.094851401,2.0889592304587157,0.7366659660884907,0.009999776932958419
physics_residual,764,S400,S400|60|2,2.109402368,2.0871528970281785,0.7358008870446129,0.00998083128161297
physics_residual,765,S400,S400|60|2,2.105495945,2.0906422138891654,0.7374712981488886,0.010003432447801474
physics_residual,766,S400,S400|60|2,2.094026671,2.08968043063888,0.7370111502851753,0.009989391077018446
physics_residual,767,S400,S400|60|2,2.100462011,2.094444381574748,0.7392883065404382,0.009992301244274785
physics_residual,768,S600,S600|60|2,2.067569824,2.086338372935215,0.7354105548020767,0.010406015670591002
physics_residual,769,S600,S600|60|2,2.077971448,2.0917590966392563,0.7380053850017347,0.010363240495051234
physics_residual,770,S600,S600|60|2,2.093497015,2.0898931442882707,0.7371129375348844,0.010403739230492877
physics_residual,771,S600,S600|60|2,2.071425418,2.088050687368608,0.7362309452854239,0.010135550740013023
physics_residual,772,S600,S600|60|2,2.078372912,2.0862740179825665,0.7353797084417515,0.01008045583937167
physics_residual,773,S800,S800|60|2,2.107105097,2.0943108073698715,0.7392245290223468,0.010564210217278925
physics_residual,774,S800,S800|60|2,2.096315821,2.0830893376213084,0.7338520502795869,0.010677070679062742
physics_residual,775,S800,S800|60|2,2.091819696,2.088516403659184,0.7364539592020477,0.010563978133575059
physics_residual,776,S800,S800|60|2,2.080625873,2.0946081113180703,0.7393664768396567,0.010608904707342
physics_residual,777,S800,S800|60|2,2.078743065,2.090681215189385,0.7374899531517277,0.010555409502045738
physics_residual,778,D50,D50|60|3,2.463313831,2.4555842263978764,0.8983647070279623,0.0458686605878396
physics_residual,779,D50,D50|60|3,2.456460946,2.4582868567585057,0.8994647076537048,0.04704512984072646
physics_residual,780,D50,D50|60|3,2.477797241,2.45757061282212,0.8991733062264314,0.04525947567610014
physics_residual,781,D50,D50|60|3,2.489735943,2.4509284992109475,0.8964669320319051,0.043963779562649054
physics_residual,782,D50,D50|60|3,2.483038597,2.452761658816383,0.8972145974152206,0.045118761851318266
physics_residual,783,D100,D100|60|3,2.30928496,2.3201429376535017,0.8416287948378792,0.018767928511382904
physics_residual,784,D100,D100|60|3,2.322408306,2.3253055110674383,0.8438514330164038,0.018795290837429625
physics_residual,785,D100,D100|60|3,2.340507982,2.316083059081683,0.8398774222290294,0.018818828087394296
physics_residual,786,D100,D100|60|3,2.330253185,2.325259004759819,0.8438314327315083,0.01880623138161007
physics_residual,787,D100,D100|60|3,2.324213387,2.3257457587812005,0.8440407440729949,0.01880469067531704
physics_residual,788,D200,D200|60|3,2.298523459,2.3240036365003633,0.8432914037476331,0.0137010572490214
physics_residual,789,D200,D200|60|3,2.282325312,2.3333049435956332,0.8472856932827417,0.013835975588305615
physics_residual,790,D200,D200|60|3,2.301963817,2.328181100422686,0.8450873191213151,0.013774562515124407
physics_residual,791,D200,D200|60|3,2.316246545,2.3295346511994524,0.8456685271155546,0.013920741027614682
physics_residual,792,D200,D200|60|3,2.30111204,2.3181802055025833,0.8407824837002156,0.01391165750611496
physics_residual,793,D400,D400|60|3,2.33591885,2.358101180992183,0.857856710860482,0.014556339949035983
physics_residual,794,D400,D400|60|3,2.349718811,2.295616664614778,0.8310015065979021,0.013993338749902665
physics_residual,795,D400,D400|60|3,2.335387295,2.3302003324508953,0.8459542434742349,0.012326709815728773
physics_residual,796,D400,D400|60|3,2.335258747,2.314898101180448,0.839365669800726,0.012264383778943047
physics_residual,797,D400,D400|60|3,2.348098119,2.293777017446705,0.8301998114747339,0.013817692046447316
physics_residual,798,D600,D600|60|3,2.257288781,2.291776185435631,0.8293271437508944,0.010258848497273808
physics_residual,799,D600,D600|60|3,2.292989259,2.284655723949885,0.8262153451389962,0.010278564110818806
physics_residual,800,D600,D600|60|3,2.25613049,2.2860538465297964,0.8268271200076281,0.010271594675773795
physics_residual,801,D600,D600|60|3,2.235203325,2.2758909858070213,0.8223716178441357,0.010344446385997628
physics_residual,802,D600,D600|60|3,2.28360844,2.3077953094269974,0.8362926572895797,0.010371582317696153
physics_residual,803,D800,D800|60|3,2.360326338,2.2802939448428923,0.824304357833178,0.010475195125376981
physics_residual,804,D800,D800|60|3,2.292278272,2.267037097208994,0.8184737354007637,0.010339082454008355
physics_residual,805,D800,D800|60|3,2.331007013,2.2754571114148385,0.8221809603140023,0.010046182294972724
physics_residual,806,D800,D800|60|3,2.313535068,2.289715206710248,0.8284274459503319,0.01022920106307911
physics_residual,807,D800,D800|60|3,2.264275175,2.2830076061379523,0.8254936991837871,0.010126978500529434
physics_residual,808,S50,S50|60|3,2.309719445,2.273136805134075,0.8211607300957877,0.018874326745395575
physics_residual,809,S50,S50|60|3,2.330925835,2.264889615539045,0.8175260228860668,0.018809716311961475
physics_residual,810,S50,S50|60|3,2.312834879,2.272924635164797,0.821067387772012,0.018820403199767573
physics_residual,811,S50,S50|60|3,2.313376171,2.267260456661058,0.8185722553808008,0.01881453030027154
physics_residual,812,S50,S50|60|3,2.324054228,2.2722441376590075,0.8207679500415838,0.01881492915003507
physics_residual,813,S100,S100|60|3,2.312044444,2.3160317769759002,0.8398552802452489,0.011655505438503794
physics_residual,814,S100,S100|60|3,2.3095972,2.315840433335486,0.8397726598136674,0.011714484394083725
physics_residual,815,S100,S100|60|3,2.314251368,2.3083934453280146,0.8365518043635586,0.011699979228859562
physics_residual,816,S100,S100|60|3,2.299677968,2.3148455970835102,0.8393429885896864,0.011628773155610107
physics_residual,817,S100,S100|60|3,2.298125383,2.3122167681865267,0.8382067042812819,0.01169530952902603
physics_residual,818,S200,S200|60|3,2.276398727,2.2533424549461634,0.8124146494316008,0.010280170847111454
physics_residual,819,S200,S200|60|3,2.272829187,2.2714946068933224,0.8204380319654698,0.010328685424075192
physics_residual,820,S200,S200|60|3,2.286129747,2.2591481003171987,0.8149877954596039,0.010294081770287844
physics_residual,821,S200,S200|60|3,2.261135889,2.2670629767595516,0.8184851509187875,0.010281795836789584
physics_residual,822,S200,S200|60|3,2.262462882,2.268828502672194,0.8192636201611887,0.010274839856033155
physics_residual,823,S400,S400|60|3,2.265209939,2.2673170102258244,0.818597198637447,0.010549264874712177
physics_residual,824,S400,S400|60|3,2.260113665,2.2629685501294223,0.8166774691308012,0.010309875331688678
physics_residual,825,S400,S400|60|3,2.26545348,2.2656418567099545,0.8178580992362388,0.010561762189256434
physics_residual,826,S400,S400|60|3,2.262923493,2.267612777503381,0.8187276382657633,0.010070670479398657
physics_residual,827,S400,S400|60|3,2.264649093,2.2649007942692205,0.8175309585361361,0.010108841456318006
physics_residual,828,S600,S600|60|3,2.256457642,2.284905572336955,0.8263246984756161,0.010123650151068395
physics_residual,829,S600,S600|60|3,2.244555717,2.2745959396683166,0.8218024276915751,0.01017464861146357
physics_residual,830,S600,S600|60|3,2.251435767,2.2843872329661545,0.8260978190020913,0.010126205833628927
physics_residual,831,S600,S600|60|3,2.259728358,2.2885494723728406,0.827918198694302,0.010104028666910833
physics_residual,832,S600,S600|60|3,2.239327466,2.2730830536570488,0.8211370834272596,0.010259653057202875
physics_residual,833,S800,S800|60|3,2.303463897,2.2640843915899844,0.817170435083497,0.010718449922218147
physics_residual,834,S800,S800|60|3,2.318188487,2.2718474991325537,0.8205933767454603,0.01138782971464283
physics_residual,835,S800,S800|60|3,2.293922562,2.26907166531848,0.8193707898376985,0.011710479621703195
physics_residual,836,S800,S800|60|3,2.312004574,2.263388938558515,0.816863220446888,0.0115094015885894
physics_residual,837,S800,S800|60|3,2.305107446,2.2736602817407205,0.8213909917938387,0.011617279142806046
physics_residual,838,D50,D50|60|4,2.551150309,2.5456616646813472,0.9343906023342876,0.03815234940443462
physics_residual,839,D50,D50|60|4,2.530407846,2.543863095803315,0.9336838294870992,0.03737489627361881
physics_residual,840,D50,D50|60|4,2.50789591,2.548997319857997,0.9357000739450132,0.034114071287914695
physics_residual,841,D50,D50|60|4,2.579330174,2.5379714329604757,0.9313651135001167,0.03710231088306962
physics_residual,842,D50,D50|60|4,2.550404569,2.5432520266008702,0.9334435875461639,0.037963564496885246
physics_residual,843,D100,D100|60|4,2.406558707,2.4021881087627666,0.8763800339814528,0.020002544887793856
physics_residual,844,D100,D100|60|4,2.424481226,2.4125961324903256,0.8807034011014906,0.01983949634174243
physics_residual,845,D100,D100|60|4,2.437580559,2.3996579323609684,0.8753261990128635,0.02001138884189456
physics_residual,846,D100,D100|60|4,2.421963301,2.397981256266641,0.8746272401722059,0.01996947934952657
physics_residual,847,D100,D100|60|4,2.433721572,2.411195947720121,0.8801228682815653,0.019500181556408935
physics_residual,848,D200,D200|60|4,2.432216992,2.4727339831169313,0.9053244142604225,0.014693772002694196
physics_residual,849,D200,D200|60|4,2.439415531,2.4723198840067515,0.9051569341389618,0.014324501477773796
physics_residual,850,D200,D200|60|4,2.431978139,2.4709373293815093,0.9045975642330031,0.014419438629514007
physics_residual,851,D200,D200|60|4,2.417912189,2.4804553089615147,0.9084421356490741,0.014156724212410534
physics_residual,852,D200,D200|60|4,2.430729546,2.472325797311809,0.9051593259402916,0.014486664863875773
physics_residual,853,D400,D400|60|4,2.495810042,2.489055799351673,0.9119034415157148,0.012500991821228552
physics_residual,854,D400,D400|60|4,2.500932047,2.47881229500002,0.9077795321548424,0.011646282974046506
physics_residual,855,D400,D400|60|4,2.493851185,2.4828234941648026,0.909396418282366,0.011560040627352174
physics_residual,856,D400,D400|60|4,2.539970885,2.4862474953865314,0.9107745437995269,0.014040920335941202
physics_residual,857,D400,D400|60|4,2.516497463,2.5132864066061167,0.921591222065823,0.013155613802011686
physics_residual,858,D600,D600|60|4,2.547285901,2.472141845652592,0.9050849188766459,0.01014479713514172
physics_residual,859,D600,D600|60|4,2.436899708,2.4572552796644063,0.8990449870692346,0.010108734440854058
physics_residual,860,D600,D600|60|4,2.544729567,2.4631675582131622,0.9014481469556632,0.01010223777137607
physics_residual,861,D600,D600|60|4,2.494341893,2.459509860954748,0.8999620865783154,0.01012230856340309
physics_residual,862,D600,D600|60|4,2.495167323,2.4520561831640038,0.8969269310104844,0.010120099486922218
physics_residual,863,D800,D800|60|4,2.523521034,2.4631058333521283,0.901423087501536,0.009912942055762571
physics_residual,864,D800,D800|60|4,2.505860679,2.4630387574209034,0.9013958548736692,0.009939433201703976
physics_residual,865,D800,D800|60|4,2.435591109,2.462233116787459,0.9010687092211224,0.009932762962640077
physics_residual,866,D800,D800|60|4,2.450759489,2.465339131802231,0.9023293768559894,0.009954521789545066
physics_residual,867,D800,D800|60|4,2.457880084,2.460546182984414,0.9003833509036552,0.010012597635012629
physics_residual,868,S50,S50|60|4,2.458894978,2.37807419308902,0.8662909975670089,0.019397613711193702
physics_residual,869,S50,S50|60|4,2.443524954,2.3803920262289306,0.8672651910219559,0.019872474772680792
physics_residual,870,S50,S50|60|4,2.4462853,2.378403987925596,0.8664296694265461,0.01945482395026925
physics_residual,871,S50,S50|60|4,2.436664803,2.371446983294134,0.8635003103167392,0.02022702189594304
physics_residual,872,S50,S50|60|4,2.430834245,2.3768235787754053,0.865764965503879,0.019418049548713318
physics_residual,873,S100,S100|60|4,2.423006829,2.469590437196019,0.9040523219906783,0.012339081321186822
physics_residual,874,S100,S100|60|4,2.428058594,2.458317703093875,0.8994772554740529,0.012245711341715306
physics_residual,875,S100,S100|60|4,2.427931445,2.4578399197992806,0.8992828828225846,0.011945159210610628
physics_residual,876,S100,S100|60|4,2.436739376,2.4475302037823146,0.8950794360133144,0.01195649564788759
physics_residual,877,S100,S100|60|4,2.434408586,2.441438591649686,0.8925874523088079,0.011724422460299247
physics_residual,878,S200,S200|60|4,2.38490477,2.4233429030573572,0.8851479518615529,0.010501921823141826
physics_residual,879,S200,S200|60|4,2.389709097,2.426475158235773,0.886439652116837,0.010525041600597631
physics_residual,880,S200,S200|60|4,2.417374609,2.4259702576497406,0.8862315506156015,0.010320052513064575
physics_residual,881,S200,S200|60|4,2.404362305,2.424640014622365,0.8856830657916079,0.010560119073267227
physics_residual,882,S200,S200|60|4,2.419070098,2.421209882273835,0.8842673665873807,0.010416752538989688
physics_residual,883,S400,S400|60|4,2.401888874,2.439253512880663,0.8916920551527436,0.009982127211973972
physics_residual,884,S400,S400|60|4,2.395168219,2.4254360233332846,0.8860113116631521,0.010128467914885772
physics_residual,885,S400,S400|60|4,2.432666343,2.4280980161115213,0.8871082414563806,0.010092094045761323
physics_residual,886,S400,S400|60|4,2.383491014,2.4350174424423545,0.8899539197295768,0.009953058259140004
physics_residual,887,S400,S400|60|4,2.407730185,2.4379379830848897,0.8911525931165429,0.01011708374358863
physics_residual,888,S600,S600|60|4,2.458733728,2.43676283190942,0.890670450214718,0.010535499363352577
physics_residual,889,S600,S600|60|4,2.431071561,2.425218725978561,0.8859217166018255,0.00997619900461747
physics_residual,890,S600,S600|60|4,2.448813984,2.4298922175873723,0.8878469014664334,0.010066584409954275
physics_residual,891,S600,S600|60|4,2.419401756,2.428896308743561,0.887436960242459,0.010126381643394213
physics_residual,892,S600,S600|60|4,2.467632558,2.4256474786940627,0.8860984902742082,0.00997820847016058
physics_residual,893,S800,S800|60|4,2.474028012,2.4311566519530112,0.8883671325639149,0.010569974354135389
physics_residual,894,S800,S800|60|4,2.376310192,2.427885495495849,0.8870207120752367,0.010735557731276177
physics_residual,895,S800,S800|60|4,2.433759695,2.4284449332105256,0.8872511073192854,0.010732771941199353
physics_residual,896,S800,S800|60|4,2.403238898,2.42538642763888,0.8859908632979901,0.010689201010295258
physics_residual,897,S800,S800|60|4,2.433044644,2.4275047855007723,0.8868638925514399,0.010760609895342534
physics_residual,898,D50,D50|78|0,1.589431846,1.5648585807675135,0.4477954561822406,0.033784966897367256
physics_residual,899,D50,D50|78|0,1.562397952,1.5744579782436297,0.45391107224986726,0.030992358022348176
physics_residual,900,D50,D50|78|0,1.555646262,1.5736853522606191,0.45342022674671845,0.02958651556652717
physics_residual,901,D50,D50|78|0,1.539581805,1.5729861737052306,0.45297583427605526,0.030816051943119826
physics_residual,902,D50,D50|78|0,1.555216413,1.5745095618108225,0.4539438344594114,0.030609006090088483
physics_residual,903,D100,D100|78|0,1.549823783,1.5533910426155295,0.4404403106777397,0.018680531395317845
physics_residual,904,D100,D100|78|0,1.550599187,1.5580300483890026,0.4434222337766964,0.018582699677557046
physics_residual,905,D100,D100|78|0,1.55695821,1.5505093345540617,0.4385834798911387,0.018765550599102742
physics_residual,906,D100,D100|78|0,1.546230414,1.5514701764488121,0.43920298232309984,0.018730041700510475
physics_residual,907,D100,D100|78|0,1.556457307,1.5572859820309146,0.4429445510215789,0.01858585801272617
physics_residual,908,D200,D200|78|0,1.549875433,1.551258879385677,0.4390667815400734,0.013984621777530447
physics_residual,909,D200,D200|78|0,1.558093969,1.550424108795148,0.43852851208193405,0.013917225944201085
physics_residual,910,D200,D200|78|0,1.554728738,1.5511510715685768,0.43899728213873845,0.01395741795192685
physics_residual,911,D200,D200|78|0,1.561541857,1.55002096105855,0.4382684541032974,0.013890466744624524
physics_residual,912,D200,D200|78|0,1.556081921,1.5495220899806519,0.4379465543432418,0.01396192110182691
physics_residual,913,D400,D400|78|0,1.542456238,1.5455374256512606,0.4353716981824767,0.011064220421077485
physics_residual,914,D400,D400|78|0,1.545031608,1.5461746402289662,0.43578390641736414,0.011094080731992076
physics_residual,915,D400,D400|78|0,1.537369758,1.5481983687626941,0.43709191215318,0.011489361171519663
physics_residual,916,D400,D400|78|0,1.544806451,1.5485418368308403,0.4373137377160311,0.011744317160928202
physics_residual,917,D400,D400|78|0,1.539156414,1.5483228106637534,0.43717228744785136,0.011550329135581714
physics_residual,918,D600,D600|78|0,1.542447237,1.5450874115951962,0.4350804858335553,0.010081159256350886
physics_residual,919,D600,D600|78|0,1.546575518,1.5539726152846833,0.44081462970825663,0.014901459694907845
physics_residual,920,D600,D600|78|0,1.541695288,1.5465952740431788,0.4360559174808869,0.010645850752739121
physics_residual,921,D600,D600|78|0,1.550522448,1.5468805571332571,0.43624035925865146,0.010845516305643312
physics_residual,922,D600,D600|78|0,1.543662144,1.5467602009662302,0.4361625505041784,0.010877298537106568
physics_residual,923,D800,D800|78|0,1.54433342,1.5453276237994003,0.4352359421084806,0.009980962173059079
physics_residual,924,D800,D800|78|0,1.539910547,1.5453802746028669,0.43527001249313196,0.010033346530784842
physics_residual,925,D800,D800|78|0,1.545442519,1.545274150467155,0.4352013382765047,0.009991057857332364
physics_residual,926,D800,D800|78|0,1.539417335,1.5451385285516352,0.4351135688232355,0.009974673189198808
physics_residual,927,D800,D800|78|0,1.54238931,1.5453992258504423,0.4352822755792388,0.009965046972697315
physics_residual,928,S50,S50|78|0,1.548807985,1.548546564996642,0.4373167910133142,0.020028364599990703
physics_residual,929,S50,S50|78|0,1.540683399,1.5465838268028391,0.4360485158788674,0.020050074522321763
physics_residual,930,S50,S50|78|0,1.556520847,1.5473068690194338,0.4365159158621533,0.020087430047948187
physics_residual,931,S50,S50|78|0,1.543026865,1.5480293075556337,0.4369827075177965,0.019969443405337337
physics_residual,932,S50,S50|78|0,1.533543839,1.5531046345063886,0.4402559176254257,0.020157806837682556
physics_residual,933,S100,S100|78|0,1.544624216,1.5422832675947489,0.4332639596934106,0.011642529105580451
physics_residual,934,S100,S100|78|0,1.556176022,1.5420503165873567,0.43311290533986735,0.011721955375695316
physics_residual,935,S100,S100|78|0,1.552243065,1.5418984095972692,0.4330143907381682,0.011963363194555154
physics_residual,936,S100,S100|78|0,1.550063034,1.5427023139982108,0.43353562800106127,0.011599400145838629
physics_residual,937,S100,S100|78|0,1.562998247,1.5425775779298867,0.43345476916636155,0.01166910375107578
physics_residual,938,S200,S200|78|0,1.538695512,1.5492843039877189,0.43779308493394753,0.010399007581021186
physics_residual,939,S200,S200|78|0,1.535105888,1.548366114753513,0.4372002554425744,0.010271604219112886
physics_residual,940,S200,S200|78|0,1.544362492,1.548732194566567,0.4374366572472296,0.010291289431931586
physics_residual,941,S200,S200|78|0,1.539243373,1.5488590635292052,0.43751857183965853,0.010332712231995488
physics_residual,942,S200,S200|78|0,1.542617125,1.5483095961264315,0.4371637526683968,0.01035718672460609
physics_residual,943,S400,S400|78|0,1.545529317,1.5441325285832455,0.43446228249364893,0.010051736259684913
physics_residual,944,S400,S400|78|0,1.546372452,1.5436394283768171,0.43414289348598045,0.010257618174266219
physics_residual,945,S400,S400|78|0,1.553085785,1.5547964063002564,0.44134460863505065,0.023131198086056303
physics_residual,946,S400,S400|78|0,1.547268342,1.5439882684788908,0.434368853438285,0.01016177582210204
physics_residual,947,S400,S400|78|0,1.552784765,1.5439304610811742,0.4343314124284748,0.010028802734081774
physics_residual,948,S600,S600|78|0,1.540318569,1.5456223981686819,0.43542667593987894,0.010627011507989288
physics_residual,949,S600,S600|78|0,1.54364548,1.5439130392069935,0.43432012825932614,0.015200535526315466
physics_residual,950,S600,S600|78|0,1.548861287,1.5447262010371028,0.4348466784878552,0.012095623279119887
physics_residual,951,S600,S600|78|0,1.544459836,1.545682885422903,0.4354658097352694,0.010153406646839622
physics_residual,952,S600,S600|78|0,1.556102788,1.5450500175189503,0.435056283624362,0.01167001013480306
physics_residual,953,S800,S800|78|0,1.559235426,1.5442759057023614,0.43455513104154647,0.01119942418944788
physics_residual,954,S800,S800|78|0,1.544798773,1.544632931648494,0.43478629742846303,0.010934867195848661
physics_residual,955,S800,S800|78|0,1.559736863,1.5448285332188996,0.4349129224554402,0.010863910799188903
physics_residual,956,S800,S800|78|0,1.545674012,1.5455533840280509,0.4353820235839436,0.0108068247254093
physics_residual,957,S800,S800|78|0,1.527674983,1.544954853359477,0.4349946887962112,0.010936276887834892
physics_residual,958,D50,D50|78|1,1.861633919,1.8692917923141366,0.6255596384460764,0.03133806023819912
physics_residual,959,D50,D50|78|1,1.858298087,1.871552363930586,0.6267682276292648,0.029282756348156146
physics_residual,960,D50,D50|78|1,1.866432645,1.8594779094480143,0.6202957544780655,0.03127900550801847
physics_residual,961,D50,D50|78|1,1.858334491,1.8699741488721624,0.6259246066384075,0.029303667607613645
physics_residual,962,D50,D50|78|1,1.842270226,1.873453736792641,0.6277836454813526,0.029392292801486978
physics_residual,963,D100,D100|78|1,1.841506621,1.8194099338348824,0.5985122363419371,0.018427622761900343
physics_residual,964,D100,D100|78|1,1.843976596,1.8224249109668103,0.6001679829362822,0.018499661767985436
physics_residual,965,D100,D100|78|1,1.851759894,1.8225941628695819,0.6002608504354445,0.0183672353294923
physics_residual,966,D100,D100|78|1,1.838969233,1.832957965496033,0.6059310365138999,0.018734038517622818
physics_residual,967,D100,D100|78|1,1.836763694,1.8231228046281753,0.6005508574584864,0.01841479491798385
physics_residual,968,D200,D200|78|1,1.828959327,1.8324474338880956,0.6056524689037116,0.014163812017361062
physics_residual,969,D200,D200|78|1,1.829062221,1.83191313773506,0.6053608512277876,0.014167632717890954
physics_residual,970,D200,D200|78|1,1.82885645,1.8318126619869752,0.605306002282423,0.014176580657670244
physics_residual,971,D200,D200|78|1,1.842479042,1.8317471065697786,0.6052702144578234,0.014293983157230452
physics_residual,972,D200,D200|78|1,1.838641851,1.8321262008554324,0.6054771508091641,0.014214751383498668
physics_residual,973,D400,D400|78|1,1.836794382,1.8266683366088596,0.602493726493327,0.011130643103858999
physics_residual,974,D400,D400|78|1,1.844766925,1.8267689227472266,0.6025487903311607,0.0109790351168066
physics_residual,975,D400,D400|78|1,1.850348254,1.8257236994794745,0.6019764560901971,0.010973697775655045
physics_residual,976,D400,D400|78|1,1.834540582,1.8239475403294387,0.6010031304542415,0.010981900028296408
physics_residual,977,D400,D400|78|1,1.843996508,1.8259374938981303,0.6020935504248456,0.010835280167420247
physics_residual,978,D600,D600|78|1,1.809627456,1.8108833838366352,0.5938147835847813,0.010630951760186183
physics_residual,979,D600,D600|78|1,1.819273655,1.82387674364332,0.6009643146119112,0.010584702342095803
physics_residual,980,D600,D600|78|1,1.815949651,1.8204711706586307,0.5990953525610404,0.010362741232882385
physics_residual,981,D600,D600|78|1,1.821722597,1.8223000697363263,0.6000994777781734,0.010108057243311482
physics_residual,982,D600,D600|78|1,1.816334794,1.8241761513141794,0.6011284611745586,0.010113801366139083
physics_residual,983,D800,D800|78|1,1.784705458,1.8163721903652152,0.5968412098212263,0.01011252773942277
physics_residual,984,D800,D800|78|1,1.793779733,1.8171981957648629,0.5972958620371456,0.010044358589756138
physics_residual,985,D800,D800|78|1,1.822903868,1.8157588520099879,0.5965034806182314,0.010138789000564105
physics_residual,986,D800,D800|78|1,1.802357094,1.8094058289344224,0.5929985200779653,0.010192862039469841
physics_residual,987,D800,D800|78|1,1.813384683,1.8217399587452714,0.5997920656800142,0.010015111429270723
physics_residual,988,S50,S50|78|1,1.831227016,1.8119650432968157,0.5944119156558996,0.01951311437135181
physics_residual,989,S50,S50|78|1,1.846071835,1.8104595611197578,0.5935807142214239,0.01943783229646574
physics_residual,990,S50,S50|78|1,1.828786354,1.8123598107981067,0.5946297589887929,0.019760032046391495
physics_residual,991,S50,S50|78|1,1.827511566,1.8134890119146598,0.5952526206734756,0.019627981831782562
physics_residual,992,S50,S50|78|1,1.819777763,1.8133697344291517,0.5951868461319823,0.019453478294023878
physics_residual,993,S100,S100|78|1,1.811594519,1.8203367291423795,0.5990214999876489,0.011711797461921015
physics_residual,994,S100,S100|78|1,1.818458589,1.822534195266437,0.600227947559464,0.011708256979244639
physics_residual,995,S100,S100|78|1,1.80407353,1.8235672652949946,0.6007946186010555,0.011732691644254327
physics_residual,996,S100,S100|78|1,1.818628157,1.8205966368089488,0.5991642697891735,0.011722623238706473
physics_residual,997,S100,S100|78|1,1.809708774,1.8202314959166197,0.598963688558617,0.011717592377350523
physics_residual,998,S200,S200|78|1,1.810675917,1.8101740539938862,0.593423003081986,0.010231673136331167
physics_residual,999,S200,S200|78|1,1.801129455,1.8079008910593553,0.5921664435755345,0.010310786925754944
physics_residual,1000,S200,S200|78|1,1.819134646,1.8085923325029405,0.592548825849891,0.010258680192387471
physics_residual,1001,S200,S200|78|1,1.808303844,1.8088511510692318,0.5926919205895369,0.01025965406268639
physics_residual,1002,S200,S200|78|1,1.815022468,1.8103526608854108,0.5935216665670173,0.010405008777326535
physics_residual,1003,S400,S400|78|1,1.799772023,1.8083826174511932,0.5924328642770939,0.010012123322691047
physics_residual,1004,S400,S400|78|1,1.807563313,1.807131344468718,0.591740695448202,0.010161495318840755
physics_residual,1005,S400,S400|78|1,1.803653703,1.8069184280742505,0.5916228684075611,0.01008358364059018
physics_residual,1006,S400,S400|78|1,1.808822638,1.809125363576522,0.5928435039437712,0.010075525378632499
physics_residual,1007,S400,S400|78|1,1.80385226,1.813116331723445,0.5950470950332621,0.010059312833863911
physics_residual,1008,S600,S600|78|1,1.819705197,1.7983603461130395,0.5868753309373518,0.010035656482405569
physics_residual,1009,S600,S600|78|1,1.818966939,1.8004934637431875,0.5880607738548204,0.009996069416297815
physics_residual,1010,S600,S600|78|1,1.824045849,1.8030747270741088,0.5894933893268839,0.009976033151926932
physics_residual,1011,S600,S600|78|1,1.815561419,1.8020311375130662,0.5889144384558744,0.010034913913703926
physics_residual,1012,S600,S600|78|1,1.81652825,1.8060215502322021,0.5911263874995712,0.010187142507428314
physics_residual,1013,S800,S800|78|1,1.817894711,1.8122315545500405,0.5945589889431839,0.010580041371330772
physics_residual,1014,S800,S800|78|1,1.809453289,1.8106768536511852,0.5937007276684743,0.01059380820461071
physics_residual,1015,S800,S800|78|1,1.801825915,1.8084404788469077,0.5924648599783924,0.010577229660034238
physics_residual,1016,S800,S800|78|1,1.802967307,1.808166275723565,0.5923132244025745,0.01082931007872076
physics_residual,1017,S800,S800|78|1,1.796182709,1.8134041904410771,0.5952058470471979,0.010586586720211066
physics_residual,1018,D50,D50|78|2,2.048716118,2.0076977568783985,0.6969886710174192,0.037653605041916414
physics_residual,1019,D50,D50|78|2,2.027640154,2.0302111387195683,0.7081397968665741,0.029809702823549146
physics_residual,1020,D50,D50|78|2,2.075518832,1.99937791364732,0.6928360889996432,0.037324478852165846
physics_residual,1021,D50,D50|78|2,2.072316368,1.9999119497001503,0.6931031544408851,0.03802222860011276
physics_residual,1022,D50,D50|78|2,2.058495049,2.0068359218000307,0.6965593135076368,0.04063190236125542
physics_residual,1023,D100,D100|78|2,1.970485404,1.9571015274739743,0.6714645662067273,0.018070896885109204
physics_residual,1024,D100,D100|78|2,1.977013669,1.9549989738570819,0.6703896685559033,0.018114155210139257
physics_residual,1025,D100,D100|78|2,1.978128464,1.9544687420891602,0.6701184133315616,0.018098523863769575
physics_residual,1026,D100,D100|78|2,1.972137944,1.952416612381334,0.6690678936923282,0.01810612209256478
physics_residual,1027,D100,D100|78|2,1.962600245,1.951591061766891,0.6686449689976792,0.018089695113389443
physics_residual,1028,D200,D200|78|2,1.975250671,1.9723823531440683,0.6792421284326918,0.01379040729274863
physics_residual,1029,D200,D200|78|2,1.981161733,1.9670598589078432,0.6765399705187986,0.013967040463332067
physics_residual,1030,D200,D200|78|2,1.964957492,1.9732059103228345,0.6796595856713763,0.013776164493230287
physics_residual,1031,D200,D200|78|2,1.960153436,1.9913400616875936,0.6888078099387779,0.013900311705643452
physics_residual,1032,D200,D200|78|2,1.942723807,2.0009625333005667,0.6936283314385775,0.014908906768329988
physics_residual,1033,D400,D400|78|2,1.959613803,1.9573537657643045,0.6715934415019006,0.010824437665663373
physics_residual,1034,D400,D400|78|2,1.961783202,1.9591516318797744,0.6725115386621072,0.010971289694283149
physics_residual,1035,D400,D400|78|2,1.984038462,1.965261826856061,0.6756254816642383,0.010967201225431137
physics_residual,1036,D400,D400|78|2,2.012992775,1.9812305151877667,0.68371812398955,0.011587477809638263
physics_residual,1037,D400,D400|78|2,1.998116771,1.9864042434691984,0.6863260914707132,0.013086776333633312
physics_residual,1038,D600,D600|78|2,1.951705064,1.9659935951639593,0.6759977639190371,0.01022457296449136
physics_residual,1039,D600,D600|78|2,1.947197559,1.9697887012375845,0.677926278742286,0.010055331741967564
physics_residual,1040,D600,D600|78|2,1.954218438,1.9646601372874515,0.675319272238809,0.01015039427574723
physics_residual,1041,D600,D600|78|2,1.954750676,1.9675256657673474,0.6767767460870302,0.010159823809941492
physics_residual,1042,D600,D600|78|2,1.969541654,1.9831923912241805,0.6847078651160041,0.010174317149990073
physics_residual,1043,D800,D800|78|2,1.958691803,1.9312219442193699,0.6581529342933456,0.010625078981769339
physics_residual,1044,D800,D800|78|2,1.939747135,1.9293659724002117,0.657191437235267,0.010472384386579967
physics_residual,1045,D800,D800|78|2,1.935442189,1.9442497567206292,0.66487617346529,0.010086778874747774
physics_residual,1046,D800,D800|78|2,1.972016693,1.9569405998235667,0.6713823352826522,0.010151908272885563
physics_residual,1047,D800,D800|78|2,1.984965003,1.9641592621579311,0.6750642973563776,0.01003649162390145
physics_residual,1048,S50,S50|78|2,1.973547647,1.9494832192618698,0.6675643216896289,0.02009171903454743
physics_residual,1049,S50,S50|78|2,1.977099328,1.94341008007173,0.6644442032327047,0.018569314147750995
physics_residual,1050,S50,S50|78|2,1.971799243,1.9415965896183118,0.66351061894865,0.01857829419555651
physics_residual,1051,S50,S50|78|2,1.965956881,1.9426357164649748,0.6640456677251227,0.018570455118867436
physics_residual,1052,S50,S50|78|2,1.966607202,1.9408073989577397,0.6631040715240316,0.018583556048683707
physics_residual,1053,S100,S100|78|2,1.953922335,1.9735023817448738,0.6798098229834131,0.011551314604356305
physics_residual,1054,S100,S100|78|2,1.967330539,1.9736143261370882,0.6798665450925014,0.011534985506585414
physics_residual,1055,S100,S100|78|2,1.959074643,1.9708148983358937,0.6784471111962876,0.011556561244305215
physics_residual,1056,S100,S100|78|2,1.966565981,1.9704924747068717,0.6782834986691619,0.011613010221621407
physics_residual,1057,S100,S100|78|2,1.955034403,1.9681818739317116,0.6771102099757089,0.011553168493905204
physics_residual,1058,S200,S200|78|2,1.969323837,1.971151619725378,0.6786179504912235,0.01044181570319851
physics_residual,1059,S200,S200|78|2,1.981766088,1.9719383036662468,0.6790169695177183,0.01052724478308486
physics_residual,1060,S200,S200|78|2,1.971328348,1.9618525689743942,0.6738892150855234,0.010290195988713738
physics_residual,1061,S200,S200|78|2,1.955312941,1.9614310320452255,0.6736743252260795,0.010205265549664073
physics_residual,1062,S200,S200|78|2,1.967573296,1.9598534399880119,0.672869694930277,0.010211112706640373
physics_residual,1063,S400,S400|78|2,1.960705784,1.955485946373517,0.6706387284698966,0.010142476774349476
physics_residual,1064,S400,S400|78|2,1.957890055,1.9570816730521585,0.6714544213459486,0.010209067097792348
physics_residual,1065,S400,S400|78|2,1.949374428,1.951781015916721,0.6687422972288597,0.010059842801189609
physics_residual,1066,S400,S400|78|2,1.961315049,1.95102357669854,0.668354145985457,0.010169730417049
physics_residual,1067,S400,S400|78|2,1.956350003,1.9533319869310526,0.6695366256361299,0.01007432089367641
physics_residual,1068,S600,S600|78|2,1.952490208,1.9531657839487957,0.6694515351063997,0.010439944370507895
physics_residual,1069,S600,S600|78|2,1.945341136,1.950324606538271,0.6679958236133339,0.010185089390752232
physics_residual,1070,S600,S600|78|2,1.945316352,1.9485212925288715,0.6670707733883814,0.010096260487059822
physics_residual,1071,S600,S600|78|2,1.946777397,1.9492185722953346,0.6674285601048291,0.010072921026413805
physics_residual,1072,S600,S600|78|2,1.941493302,1.9488660642747748,0.667247697935643,0.01007155565904173
physics_residual,1073,S800,S800|78|2,1.938492808,1.9434528297056648,0.6644662002184121,0.010853170585686342
physics_residual,1074,S800,S800|78|2,1.920010403,1.9409878698383323,0.6631970547280523,0.01102636818979197
physics_residual,1075,S800,S800|78|2,1.936963931,1.9418090460075261,0.663620036511151,0.011363979398928853
physics_residual,1076,S800,S800|78|2,1.934103721,1.9407719200628675,0.6630857908748643,0.011658346540470575
physics_residual,1077,S800,S800|78|2,1.956494024,1.9413563947478936,0.6633869013184384,0.011524186625787256
physics_residual,1078,D50,D50|78|3,2.173824888,2.1909019110227677,0.7843132905663315,0.031832704530652504
physics_residual,1079,D50,D50|78|3,2.183314693,2.1885245057925857,0.7832275751152898,0.031525263777610786
physics_residual,1080,D50,D50|78|3,2.208895721,2.1945471638417406,0.7859757217546861,0.03428784926951529
physics_residual,1081,D50,D50|78|3,2.207947518,2.1787702639279387,0.7787606185216083,0.030859088969775985
physics_residual,1082,D50,D50|78|3,2.204059039,2.1920261072651495,0.7848262792635423,0.032288207249819095
physics_residual,1083,D100,D100|78|3,2.110443847,2.0691413433266588,0.7271337112326944,0.018795197433621656
physics_residual,1084,D100,D100|78|3,2.110474752,2.089466741761533,0.7369088859385428,0.01818905247306071
physics_residual,1085,D100,D100|78|3,2.116896351,2.097256177843461,0.740629908427596,0.018165349294063143
physics_residual,1086,D100,D100|78|3,2.13463104,2.096706727373975,0.7403678887173378,0.01818414662502446
physics_residual,1087,D100,D100|78|3,2.11252368,2.097065424348446,0.7405389504547754,0.018172583101137448
physics_residual,1088,D200,D200|78|3,2.117708297,2.1098310237977937,0.7466078607729653,0.013652720151469575
physics_residual,1089,D200,D200|78|3,2.109405472,2.1049383556184593,0.7442861819637138,0.013736862293155376
physics_residual,1090,D200,D200|78|3,2.100518085,2.1034899035922514,0.743597824223395,0.013699048944112608
physics_residual,1091,D200,D200|78|3,2.117438459,2.1077614421389512,0.7456264564093771,0.013665106083501877
physics_residual,1092,D200,D200|78|3,2.134237176,2.131627298963998,0.7568856781533787,0.013510034402171993
physics_residual,1093,D400,D400|78|3,2.109788548,2.134398720240919,0.7581849771517121,0.010749371933154984
physics_residual,1094,D400,D400|78|3,2.13076654,2.130806986633422,0.7565007749334158,0.010747224344622752
physics_residual,1095,D400,D400|78|3,2.158121598,2.1457868428153106,0.7635063116029177,0.011200101834761023
physics_residual,1096,D400,D400|78|3,2.149065463,2.1524562873087287,0.766609649243032,0.011061067222391857
physics_residual,1097,D400,D400|78|3,2.143923119,2.1530769993161054,0.7668979814752342,0.011270296265275197
physics_residual,1098,D600,D600|78|3,2.124680917,2.114455058917162,0.7487971239410808,0.010118223443151563
physics_residual,1099,D600,D600|78|3,2.099230499,2.1124894048505474,0.7478670647812522,0.010198313515321107
physics_residual,1100,D600,D600|78|3,2.120016659,2.1168413263277106,0.7499250372074981,0.010121566681657264
physics_residual,1101,D600,D600|78|3,2.116318793,2.1257295109018735,0.7541150427106167,0.010741511861201872
physics_residual,1102,D600,D600|78|3,2.121924309,2.129487008634646,0.7558811096978806,0.010469277725644696
physics_residual,1103,D800,D800|78|3,2.078791987,2.073267084822883,0.7291256649147078,0.010572256249295297
physics_residual,1104,D800,D800|78|3,2.120605244,2.095888956801512,0.739977786430146,0.010075729819424737
physics_residual,1105,D800,D800|78|3,2.132835138,2.10940016933796,0.7464036271381587,0.01038952557892245
physics_residual,1106,D800,D800|78|3,2.088280708,2.1052421678089384,0.7444305046070379,0.010026151340457333
physics_residual,1107,D800,D800|78|3,2.082623381,2.097951311288657,0.7409613025020769,0.010058901491510817
physics_residual,1108,S50,S50|78|3,2.13105359,2.086620392069574,0.7355457198735138,0.021558839833610597
physics_residual,1109,S50,S50|78|3,2.125737217,2.086288083810425,0.7353864504997557,0.021570346120360042
physics_residual,1110,S50,S50|78|3,2.127780473,2.083044990590551,0.733830760984876,0.020544304899290617
physics_residual,1111,S50,S50|78|3,2.115058345,2.095590207488746,0.7398352356495923,0.02045920214042871
physics_residual,1112,S50,S50|78|3,2.120433061,2.093450962442294,0.7388138824827759,0.01990796368865368
physics_residual,1113,S100,S100|78|3,2.10025556,2.10763190996267,0.7455649996647736,0.01189787723721702
physics_residual,1114,S100,S100|78|3,2.092586996,2.1105114661380053,0.746930319126869,0.011869468707110064
physics_residual,1115,S100,S100|78|3,2.097468661,2.110321329214783,0.7468402246206093,0.011872660561344957
physics_residual,1116,S100,S100|78|3,2.083759863,2.1063279831567225,0.7449461390772809,0.011967511007566033
physics_residual,1117,S100,S100|78|3,2.090691433,2.1094234002887142,0.7464146401375749,0.01188473750387421
physics_residual,1118,S200,S200|78|3,2.095038662,2.1033202193642735,0.7435171530149922,0.010347839976275294
physics_residual,1119,S200,S200|78|3,2.095806206,2.0912023223144574,0.7377391744048287,0.010247001585702142
physics_residual,1120,S200,S200|78|3,2.102775437,2.0801595106254283,0.7324445785735543,0.010633182244667054
physics_residual,1121,S200,S200|78|3,2.069632317,2.078783416289352,0.7317828265800903,0.01069004896808968
physics_residual,1122,S200,S200|78|3,2.102405588,2.079968542903462,0.7323527699947587,0.010645758727807743
physics_residual,1123,S400,S400|78|3,2.104027112,2.096276981128995,0.7401629052132935,0.010105185627862695
physics_residual,1124,S400,S400|78|3,2.117542431,2.0940127735221146,0.7390822124880562,0.010065519873994086
physics_residual,1125,S400,S400|78|3,2.103087168,2.0956477539178175,0.7398626959988281,0.010087845035062142
physics_residual,1126,S400,S400|78|3,2.089959666,2.0939998560921684,0.73907604372445,0.010151350614572409
physics_residual,1127,S400,S400|78|3,2.102186006,2.094450710702471,0.7392913284006585,0.010073484853420255
physics_residual,1128,S600,S600|78|3,2.087092666,2.092094610443826,0.7381657700576084,0.010143374514804345
physics_residual,1129,S600,S600|78|3,2.08206794,2.092158122113124,0.7381961275304297,0.010145274045265868
physics_residual,1130,S600,S600|78|3,2.097250237,2.095489708070385,0.7397872769275423,0.010138487224278124
physics_residual,1131,S600,S600|78|3,2.113023395,2.0928669980110177,0.7385348953439199,0.010139082437005049
physics_residual,1132,S600,S600|78|3,2.105152683,2.089850697781184,0.7370926269566808,0.010172016035356802
physics_residual,1133,S800,S800|78|3,2.055897074,2.087114110681927,0.7357823034963247,0.010928404350937133
physics_residual,1134,S800,S800|78|3,2.081431625,2.082365632819552,0.7335045709217862,0.012545036668375135
physics_residual,1135,S800,S800|78|3,2.075425638,2.0822912088153336,0.7334688301599148,0.011985946393548807
physics_residual,1136,S800,S800|78|3,2.073550491,2.0832542802415173,0.7339312288761806,0.012211920071116865
physics_residual,1137,S800,S800|78|3,2.050699731,2.081597795747425,0.7331357698532839,0.013236158655112639
physics_residual,1138,D50,D50|78|3,2.296855612,2.2537868755316484,0.8126118572569543,0.04424323492973011
physics_residual,1139,D50,D50|78|3,2.28927411,2.269236882843609,0.8194436000150801,0.0403512137715691
physics_residual,1140,D50,D50|78|3,2.265432391,2.27463084632548,0.82181777388503,0.037294948026739105
physics_residual,1141,D50,D50|78|3,2.309014532,2.2558548299002212,0.8135289831168788,0.04456505230657348
physics_residual,1142,D50,D50|78|3,2.323146548,2.255114914357696,0.8132009314600913,0.04531789035324935
physics_residual,1143,D100,D100|78|4,2.172610234,2.1584610387555645,0.7693954857024996,0.019563629865998643
physics_residual,1144,D100,D100|78|4,2.167009878,2.164117269553103,0.7720125506218203,0.019227505848808585
physics_residual,1145,D100,D100|78|4,2.155731334,2.1550722947990137,0.7678242704635474,0.01957010919151871
physics_residual,1146,D100,D100|78|4,2.160182521,2.1625233412642353,0.7712757534138476,0.019316324657158386
physics_residual,1147,D100,D100|78|4,2.171657899,2.1582269659802478,0.7692870355317718,0.01916783322126322
physics_residual,1148,D200,D200|78|4,2.194175268,2.2309408705214997,0.8024234115229703,0.01385525885178473
physics_residual,1149,D200,D200|78|4,2.227146471,2.22332049323675,0.7990017960868617,0.014243277475866074
physics_residual,1150,D200,D200|78|4,2.219782185,2.2236961187469415,0.7991707297985429,0.014161541891334152
physics_residual,1151,D200,D200|78|4,2.209961444,2.2327624956448986,0.8032396060928572,0.013947891826371954
physics_residual,1152,D200,D200|78|4,2.223157782,2.221287083730879,0.798086795330315,0.014062809873762237
physics_residual,1153,D400,D400|78|4,2.208759938,2.219858735167447,0.7974435610520788,0.0109160685680928
physics_residual,1154,D400,D400|78|4,2.215521349,2.2204181627948976,0.7976955397656889,0.010898873513439758
physics_residual,1155,D400,D400|78|4,2.21109678,2.2187756979059134,0.7969555563292942,0.010965168483627708
physics_residual,1156,D400,D400|78|4,2.238669537,2.237830398093923,0.8055068242182163,0.011157663952822193
physics_residual,1157,D400,D400|78|4,2.277323367,2.2451244379655573,0.8087609485959781,0.011864899431115069
physics_residual,1158,D600,D600|78|4,2.215719494,2.202001142022277,0.7893665569299073,0.009994546205412782
physics_residual,1159,D600,D600|78|4,2.228725024,2.1958103287734465,0.7865511486845821,0.010051821660642352
physics_residual,1160,D600,D600|78|4,2.259070385,2.2145912452727443,0.7950678470873616,0.0100867135893792
physics_residual,1161,D600,D600|78|4,2.23342589,2.1965810899377014,0.7869021015477001,0.010228587674692115
physics_residual,1162,D600,D600|78|4,2.171001568,2.251743191771759,0.8117046681495587,0.022805650330476726
physics_residual,1163,D800,D800|78|4,2.175697215,2.200795920033924,0.7888190767706041,0.009959375955157454
physics_residual,1164,D800,D800|78|4,2.183416165,2.2221840275203557,0.7984905084542229,0.010450548432615874
physics_residual,1165,D800,D800|78|4,2.236248929,2.2094600638458646,0.7927481706780182,0.01085831695470563
physics_residual,1166,D800,D800|78|4,2.214218214,2.2048622270243956,0.790665024871619,0.009934230724126586
physics_residual,1167,D800,D800|78|4,2.177187795,2.2030834064126643,0.7898579274814884,0.009928429037306525
physics_residual,1168,S50,S50|78|4,2.222032953,2.153453664489269,0.7670729089068625,0.021323467953246474
physics_residual,1169,S50,S50|78|4,2.214924375,2.154761624904416,0.7676801025438901,0.020631118711485954
physics_residual,1170,S50,S50|78|4,2.215731321,2.1535963968604217,0.7671391873894304,0.021258011574841484
physics_residual,1171,S50,S50|78|4,2.19161935,2.1556823128031333,0.7681072919127924,0.020823140700089452
physics_residual,1172,S50,S50|78|4,2.203313428,2.15631904206946,0.7684026207953935,0.02163156857617787
physics_residual,1173,S100,S100|78|4,2.14918061,2.1672244235737694,0.7734472813698429,0.012589589513056164
physics_residual,1174,S100,S100|78|4,2.155837945,2.173738373105583,0.7764484378994613,0.012547066265903281
physics_residual,1175,S100,S100|78|4,2.162778819,2.1721178937002534,0.7757026794661646,0.01282911944084849
physics_residual,1176,S100,S100|78|4,2.148500592,2.1747232026318395,0.7769013932842297,0.01232704324156796
physics_residual,1177,S100,S100|78|4,2.142818588,2.173207068973631,0.7762039884847276,0.012343402121389874
physics_residual,1178,S200,S200|78|4,2.206816048,2.193720350056835,0.7855988924970937,0.0103745039110882
physics_residual,1179,S200,S200|78|4,2.196338291,2.1941715902975627,0.7858045676816481,0.010508119414418602
physics_residual,1180,S200,S200|78|4,2.191421843,2.1921463444512255,0.7848811298367943,0.010286458692485883
physics_residual,1181,S200,S200|78|4,2.189803313,2.195202180888034,0.7862741520292718,0.01036164844805036
physics_residual,1182,S200,S200|78|4,2.18060903,2.1963689504487416,0.7868055197577073,0.010688491414351785
physics_residual,1183,S400,S400|78|4,2.226271571,2.166212051402644,0.7729800437881272,0.010120865605968699
physics_residual,1184,S400,S400|78|4,2.213920664,2.1690397703667093,0.7742845674842499,0.010070663384154079
physics_residual,1185,S400,S400|78|4,2.188920086,2.1714298578054025,0.7753858712071247,0.010057034792678998
physics_residual,1186,S400,S400|78|4,2.195478145,2.1721383900894775,0.7757121155527512,0.010043078400906699
physics_residual,1187,S400,S400|78|4,2.199391193,2.171139387392988,0.7752520930695999,0.010057427309848986
physics_residual,1188,S600,S600|78|4,2.189764122,2.1936624535556097,0.7855725002246069,0.010514611586239148
physics_residual,1189,S600,S600|78|4,2.174324856,2.1937064267417066,0.7855925455808548,0.010534744060596318
physics_residual,1190,S600,S600|78|4,2.171721222,2.191545435138918,0.7846069731002877,0.010409900728721529
physics_residual,1191,S600,S600|78|4,2.179246712,2.192487097027284,0.7850365601966145,0.010750503153598727
physics_residual,1192,S600,S600|78|4,2.180835264,2.192907888367114,0.7852284659850431,0.010367173933691087
physics_residual,1193,S800,S800|78|4,2.170123198,2.186775679016245,0.7824281662539068,0.01100267671141607
physics_residual,1194,S800,S800|78|4,2.144811587,2.184690699176847,0.7814742620866926,0.011299426838195762
physics_residual,1195,S800,S800|78|4,2.141743393,2.1858049875714887,0.7819841760638024,0.011139528917099985
physics_residual,1196,S800,S800|78|4,2.131005724,2.182975267788518,0.7806887480434898,0.01158188557873651
physics_residual,1197,S800,S800|78|4,2.147763194,2.1825560217534345,0.7804966770177354,0.011470971081962867
physics_residual,1198,D50,D50|91|0,1.474887956,1.5134702659617525,0.4144052034074017,0.03489084566255885
physics_residual,1199,D50,D50|91|0,1.486720847,1.5158730658220745,0.4159915540458392,0.03705927164876068
physics_residual,1200,D50,D50|91|0,1.47655687,1.5087808897508157,0.41130196695709764,0.032456967223509776
physics_residual,1201,D50,D50|91|0,1.470630924,1.5111388794771434,0.4128635913615283,0.032610242082579004
physics_residual,1202,D50,D50|91|0,1.469018895,1.509497532811296,0.4117768357224112,0.032262705177302634
physics_residual,1203,D100,D100|91|0,1.51890701,1.4861068475828778,0.39615984652554115,0.019288981755808957
physics_residual,1204,D100,D100|91|0,1.499253844,1.4811874898161619,0.3928441240428264,0.019690865857553898
physics_residual,1205,D100,D100|91|0,1.505115183,1.4830505773673655,0.3941011673398277,0.01949550867725354
physics_residual,1206,D100,D100|91|0,1.498529419,1.4788278176348146,0.3912497588547378,0.019958269761572126
physics_residual,1207,D100,D100|91|0,1.487426062,1.4735475230166355,0.387672774468297,0.020563291992381584
physics_residual,1208,D200,D200|91|0,1.496959188,1.494674240866896,0.40190828401350653,0.014333395258692646
physics_residual,1209,D200,D200|91|0,1.512561412,1.495523884619213,0.4024765699527834,0.014251279842552438
physics_residual,1210,D200,D200|91|0,1.49550738,1.4938641032162225,0.40136612087069673,0.014229807562421369
physics_residual,1211,D200,D200|91|0,1.499524673,1.4977517216169964,0.4039651314501042,0.01450722843091835
physics_residual,1212,D200,D200|91|0,1.507948275,1.4935402384428542,0.401149300689966,0.014396027824239087
physics_residual,1213,D400,D400|91|0,1.480943664,1.4719244182854851,0.3865706727149718,0.010914312562781836
physics_residual,1214,D400,D400|91|0,1.488196875,1.4725177926108,0.38697371973769945,0.010932737716665968
physics_residual,1215,D400,D400|91|0,1.495449395,1.4812810675668795,0.39290729956616866,0.011127710822444743
physics_residual,1216,D400,D400|91|0,1.489649011,1.492884857439275,0.400710393975042,0.012568827529250233
physics_residual,1217,D400,D400|91|0,1.488574134,1.4880640411994588,0.39747597392526945,0.01174250396387426
physics_residual,1218,D600,D600|91|0,1.454631794,1.468619975397086,0.3843231676023335,0.010875515570910125
physics_residual,1219,D600,D600|91|0,1.449676887,1.4709786969310608,0.3859279594825251,0.010523302541038494
physics_residual,1220,D600,D600|91|0,1.464974381,1.4683555884096569,0.38414312729733296,0.010836024843955596
physics_residual,1221,D600,D600|91|0,1.454164751,1.467459415189053,0.38353261658917137,0.011063512596769366
physics_residual,1222,D600,D600|91|0,1.463072572,1.4835352937506483,0.3944279513323731,0.010326415229829716
physics_residual,1223,D800,D800|91|0,1.471779432,1.4801717831796137,0.3921581507564106,0.011014058236497527
physics_residual,1224,D800,D800|91|0,1.476235518,1.4798860549270234,0.39196509489797476,0.01079435640578701
physics_residual,1225,D800,D800|91|0,1.473976524,1.4764049729525301,0.3896100604642476,0.013090174294364066
physics_residual,1226,D800,D800|91|0,1.46374932,1.480504359271144,0.3923828130139001,0.010476718757739478
physics_residual,1227,D800,D800|91|0,1.457317453,1.457676184286759,0.37684351309426806,0.010888806231446006
physics_residual,1228,S50,S50|91|0,1.464285745,1.4840215039481175,0.3947556351712785,0.023855416947059106
physics_residual,1229,S50,S50|91|0,1.46329805,1.4797315899827415,0.39186071320888205,0.023685418047688332
physics_residual,1230,S50,S50|91|0,1.456338684,1.4789131856645463,0.39130748401029425,0.023383879679827205
physics_residual,1231,S50,S50|91|0,1.474668071,1.4741842357619666,0.3881047762970503,0.02274666958580006
physics_residual,1232,S50,S50|91|0,1.471097952,1.4691209461113983,0.38466422607723205,0.022211295440105992
physics_residual,1233,S100,S100|91|0,1.442874313,1.4655203241709878,0.3822103494936528,0.014236928077265868
physics_residual,1234,S100,S100|91|0,1.45146606,1.4691675017887866,0.38469591505414336,0.013562022979341462
physics_residual,1235,S100,S100|91|0,1.454374894,1.470366946359855,0.38551199301396544,0.013076049704170542
physics_residual,1236,S100,S100|91|0,1.456256666,1.4663032784209238,0.382744456844352,0.013788942385694898
physics_residual,1237,S100,S100|91|0,1.452714446,1.4680213305097392,0.38391546040674557,0.013415060571513008
physics_residual,1238,S200,S200|91|0,1.470202477,1.4684237669575524,0.38418955812488775,0.010396323249656928
physics_residual,1239,S200,S200|91|0,1.483981407,1.4768553229534078,0.38991504543627514,0.011177069584672988
physics_residual,1240,S200,S200|91|0,1.481539669,1.4737573689921797,0.38781517302127166,0.010579165750533909
physics_residual,1241,S200,S200|91|0,1.480093475,1.4734988483067226,0.3876397415914539,0.010519347619045228
physics_residual,1242,S200,S200|91|0,1.481454481,1.4733595620017892,0.38754520952669647,0.010583176300232963
physics_residual,1243,S400,S400|91|0,1.485518466,1.4702989146121193,0.38546572339275426,0.010229686775085128
physics_residual,1244,S400,S400|91|0,1.497415762,1.466936639461542,0.3831763076770098,0.010089595928871615
physics_residual,1245,S400,S400|91|0,1.487051311,1.4676015488614649,0.38362946886874155,0.010127127125963156
physics_residual,1246,S400,S400|91|0,1.496107801,1.4661595429933014,0.38264642632428,0.010087337004231197
physics_residual,1247,S400,S400|91|0,1.476622947,1.4681987372525975,0.38403630062919486,0.010170556744188134
physics_residual,1248,S600,S600|91|0,1.466414868,1.468059443683112,0.3839414223446528,0.010065026005774878
physics_residual,1249,S600,S600|91|0,1.459969508,1.4683686907186368,0.384152050374704,0.01003592359659131
physics_residual,1250,S600,S600|91|0,1.450253824,1.4646139533075968,0.3815916946427364,0.010293910527693316
physics_residual,1251,S600,S600|91|0,1.462794051,1.466337395307654,0.38276772385216334,0.010160692634672926
physics_residual,1252,S600,S600|91|0,1.466989729,1.4651914891035343,0.38198594321300516,0.010257861781991204
physics_residual,1253,S800,S800|91|0,1.470174519,1.4728256728946358,0.3871827821364064,0.010669705712193738
physics_residual,1254,S800,S800|91|0,1.467155176,1.4650109258761355,0.38186270037714903,0.010812495500815677
physics_residual,1255,S800,S800|91|0,1.4584823,1.4667180718447874,0.3830273006269868,0.010681368093259256
physics_residual,1256,S800,S800|91|0,1.454521861,1.4683989821822516,0.3841726794928297,0.010642669856971326
physics_residual,1257,S800,S800|91|0,1.463400253,1.4615155520453478,0.3794739466657099,0.011069430093478074
physics_residual,1258,D50,D50|91|1,1.729470914,1.6722640511744165,0.5141784275371661,0.03925918889958368
physics_residual,1259,D50,D50|91|1,1.689766162,1.6839271815726855,0.5211286735388148,0.03018342099708919
physics_residual,1260,D50,D50|91|1,1.714578735,1.6716799435408205,0.5138290750118488,0.036025567867786115
physics_residual,1261,D50,D50|91|1,1.702565187,1.6832561498008198,0.5207301019644685,0.029481207108516778
physics_residual,1262,D50,D50|91|1,1.698018472,1.6893921053700511,0.524368763262606,0.03356779597027277
physics_residual,1263,D100,D100|91|1,1.668958873,1.6616080180822976,0.507785819087079,0.019183758751806668
physics_residual,1264,D100,D100|91|1,1.671957444,1.6666728530973154,0.510829335617491,0.01897609379872062
physics_residual,1265,D100,D100|91|1,1.674909848,1.6666228920165125,0.5107993586309725,0.018925020736765906
physics_residual,1266,D100,D100|91|1,1.670677177,1.6643296451050291,0.5094224268084694,0.019064898937748705
physics_residual,1267,D100,D100|91|1,1.665343864,1.6647871133404204,0.5096972554020356,0.01904107903678353
physics_residual,1268,D200,D200|91|1,1.682406209,1.685238149645881,0.5219068889188737,0.014099890494605557
physics_residual,1269,D200,D200|91|1,1.685021577,1.6845961150002,0.5215258407111412,0.0140684898937948
physics_residual,1270,D200,D200|91|1,1.682213246,1.6861237228357993,0.5224322393521892,0.014092857825633813
physics_residual,1271,D200,D200|91|1,1.687370265,1.6862923785237307,0.5225322600394372,0.014087397788264441
physics_residual,1272,D200,D200|91|1,1.677856605,1.686435851177492,0.5226173381388728,0.014116000259035477
physics_residual,1273,D400,D400|91|1,1.664712711,1.6726481725672095,0.5144081025592819,0.013355725446141407
physics_residual,1274,D400,D400|91|1,1.68152969,1.6743307407861192,0.5154135276929368,0.011588999229597201
physics_residual,1275,D400,D400|91|1,1.66376522,1.6726637621055456,0.5144174227892877,0.011427605429413464
physics_residual,1276,D400,D400|91|1,1.676002275,1.667374489873248,0.5112502275330002,0.01159709178713807
physics_residual,1277,D400,D400|91|1,1.661059428,1.6645498938298293,0.5095547528494364,0.011125794214563016
physics_residual,1278,D600,D600|91|1,1.657446277,1.6630676708979035,0.5086638914441681,0.010384897947789056
physics_residual,1279,D600,D600|91|1,1.662346504,1.6621581755325217,0.5081168637052625,0.010340723148612776
physics_residual,1280,D600,D600|91|1,1.663387642,1.6626220320902267,0.50839589361506,0.010307083339211228
physics_residual,1281,D600,D600|91|1,1.662600791,1.6594967273402261,0.5065143801001575,0.010181040247238695
physics_residual,1282,D600,D600|91|1,1.643923459,1.6445804556238746,0.4974853095146126,0.01073815729756981
physics_residual,1283,D800,D800|91|1,1.6463813,1.647155692267738,0.4990499775521168,0.010441790733387612
physics_residual,1284,D800,D800|91|1,1.645158439,1.649771328698175,0.5006366896404197,0.010509919961201174
physics_residual,1285,D800,D800|91|1,1.645998258,1.6476292931099965,0.49933746268248025,0.010787278934882096
physics_residual,1286,D800,D800|91|1,1.660498838,1.6483270721486338,0.49976087790509494,0.010258891576044328
physics_residual,1287,D800,D800|91|1,1.666612787,1.6507813810095422,0.5012487400645365,0.010230360232166131
physics_residual,1288,S50,S50|91|1,1.678825145,1.6649347499020222,0.5097859334164538,0.02005152170460019
physics_residual,1289,S50,S50|91|1,1.665647429,1.6592095100119062,0.5063412901617927,0.019962229499762167
physics_residual,1290,S50,S50|91|1,1.668386105,1.6565094580398405,0.5047126523942999,0.02011144132434307
physics_residual,1291,S50,S50|91|1,1.666702835,1.6592185410041607,0.5063467330956853,0.019966946363857208
physics_residual,1292,S50,S50|91|1,1.672894046,1.6601502101183232,0.5069080862977439,0.019941382167548826
physics_residual,1293,S100,S100|91|1,1.684319088,1.6637285503018349,0.5090611982635118,0.011697834715106414
physics_residual,1294,S100,S100|91|1,1.667581631,1.6619718061560391,0.5080047324843389,0.011670974887275072
physics_residual,1295,S100,S100|91|1,1.661599677,1.6615358401475107,0.5077423795383398,0.011687752432380046
physics_residual,1296,S100,S100|91|1,1.670694196,1.6659698651232757,0.5104074554197591,0.01177451404281362
physics_residual,1297,S100,S100|91|1,1.656714185,1.6655895592769998,0.5101791504133153,0.011662565663938805
physics_residual,1298,S200,S200|91|1,1.656880386,1.6519556837643559,0.5019598489304666,0.010262431989155099
physics_residual,1299,S200,S200|91|1,1.66193843,1.6512801726273942,0.5015508492854239,0.01025547036979159
physics_residual,1300,S200,S200|91|1,1.648533727,1.6525889685951596,0.5023431300812322,0.010296811540049657
physics_residual,1301,S200,S200|91|1,1.648155468,1.649815450486656,0.5006634334671085,0.01026523650993121
physics_residual,1302,S200,S200|91|1,1.641284712,1.6493776862464928,0.5003980569192137,0.01030002433137599
physics_residual,1303,S400,S400|91|1,1.649160877,1.6376012486504288,0.49323251785270095,0.010079674310836487
physics_residual,1304,S400,S400|91|1,1.649526937,1.6345423700232027,0.4913628691607441,0.010200940587930401
physics_residual,1305,S400,S400|91|1,1.63614477,1.638518123512208,0.4937922501344413,0.010011643301948266
physics_residual,1306,S400,S400|91|1,1.648707247,1.6369727678758712,0.4928486628663101,0.010035963699605105
physics_residual,1307,S400,S400|91|1,1.638026635,1.6366720204254785,0.4926649242686997,0.01003601237698028
physics_residual,1308,S600,S600|91|1,1.643608489,1.6378048201323636,0.49335682090271793,0.010030403549294974
physics_residual,1309,S600,S600|91|1,1.63892971,1.6378069847282695,0.49335814254645033,0.010019240824608222
physics_residual,1310,S600,S600|91|1,1.633105927,1.6364019292190946,0.4924998860134373,0.010012614536237717
physics_residual,1311,S600,S600|91|1,1.63598518,1.634988250386436,0.4916356180154048,0.010079242983901952
physics_residual,1312,S600,S600|91|1,1.633706334,1.6364623566533416,0.49253681234400026,0.010007658113437113
physics_residual,1313,S800,S800|91|1,1.61739273,1.6418952202798407,0.4958511967407015,0.010675738479617303
physics_residual,1314,S800,S800|91|1,1.624811061,1.6381677054087356,0.49357836444438496,0.010789849572115125
physics_residual,1315,S800,S800|91|1,1.626210849,1.6379054741590966,0.4934182756821226,0.010699700417074692
physics_residual,1316,S800,S800|91|1,1.640387878,1.6367416521078038,0.4927074680406158,0.010842014580598114
physics_residual,1317,S800,S800|91|1,1.630202716,1.6344048603879655,0.4912787383225103,0.011479496686303228
physics_residual,1318,D50,D50|91|2,1.790464747,1.7907677386753857,0.5826444321874363,0.03521628661616262
physics_residual,1319,D50,D50|91|2,1.825534745,1.776468660342267,0.5746274950862224,0.0379777887656061
physics_residual,1320,D50,D50|91|2,1.828657725,1.7773359032985927,0.5751155596142573,0.03712881172929729
physics_residual,1321,D50,D50|91|2,1.818651128,1.77581845442177,0.5742614177356299,0.03759513470946064
physics_residual,1322,D50,D50|91|2,1.818651128,1.77581845442177,0.5742614177356299,0.03759513470946064
physics_residual,1323,D100,D100|91|2,1.73642222,1.7494807968106463,0.5593190563781948,0.01901475819807932
physics_residual,1324,D100,D100|91|2,1.748199464,1.7517568257234748,0.5606191847778121,0.019028192419317504
physics_residual,1325,D100,D100|91|2,1.739144831,1.7473035610281837,0.5580737773783968,0.01906120057620728
physics_residual,1326,D100,D100|91|2,1.750080305,1.7458536928851707,0.5572436583079501,0.019040173546125413
physics_residual,1327,D100,D100|91|2,1.750310728,1.749768431480452,0.5594834543114018,0.019082914673482235
physics_residual,1328,D200,D200|91|2,1.734852865,1.7459396858150427,0.5572929126140118,0.013839496297495726
physics_residual,1329,D200,D200|91|2,1.74061346,1.7472278679081519,0.5580304564802547,0.013823827467974522
physics_residual,1330,D200,D200|91|2,1.743749892,1.7461608494376117,0.5574195777089208,0.013879784896237405
physics_residual,1331,D200,D200|91|2,1.742424891,1.7455061667673535,0.5570445805085051,0.013926362803932685
physics_residual,1332,D200,D200|91|2,1.73414359,1.740470475902137,0.554155465127573,0.013904130451628175
physics_residual,1333,D400,D400|91|2,1.740645841,1.7444551939216917,0.5564422971197722,0.01080270952042315
physics_residual,1334,D400,D400|91|2,1.746214007,1.7431282578866256,0.5556813483898386,0.0108032675776712
physics_residual,1335,D400,D400|91|2,1.738835295,1.7428349949349649,0.555513094778952,0.010789418066856222
physics_residual,1336,D400,D400|91|2,1.749276228,1.7450583239035486,0.5567879785362688,0.01086294693320399
physics_residual,1337,D400,D400|91|2,1.769148943,1.7558789773229093,0.5629695733178824,0.011391640873335124
physics_residual,1338,D600,D600|91|2,1.730542783,1.7427583578311416,0.5554691211445779,0.0102766825643984
physics_residual,1339,D600,D600|91|2,1.74540229,1.7429333830716311,0.555569546112502,0.010233427453989127
physics_residual,1340,D600,D600|91|2,1.757779863,1.736000939836536,0.551584157618505,0.010752135129973134
physics_residual,1341,D600,D600|91|2,1.748370119,1.7445843598629909,0.556516338092577,0.010208157135901348
physics_residual,1342,D600,D600|91|2,1.746275065,1.7372410396422395,0.5522982454164336,0.010652294917710652
physics_residual,1343,D800,D800|91|2,1.725438872,1.7300011319094413,0.5481220627923876,0.01024354717941031
physics_residual,1344,D800,D800|91|2,1.725118598,1.728452409424209,0.5472264471247226,0.010108530157890745
physics_residual,1345,D800,D800|91|2,1.72499252,1.7328643057716868,0.5497757074784013,0.010053816363267923
physics_residual,1346,D800,D800|91|2,1.729433568,1.7314430413432453,0.5489551887623791,0.01008135440544161
physics_residual,1347,D800,D800|91|2,1.738769491,1.7441632079280114,0.5562749036357458,0.010327836961314098
physics_residual,1348,S50,S50|91|2,1.748629463,1.7377460230839425,0.5525888844525753,0.019085932972565466
physics_residual,1349,S50,S50|91|2,1.756372992,1.7383386725419767,0.5529298712326283,0.019141781714027892
physics_residual,1350,S50,S50|91|2,1.740802984,1.7310822879119665,0.5487468128527295,0.019245025723052242
physics_residual,1351,S50,S50|91|2,1.745758805,1.7321356204533522,0.5493551098769055,0.019260698250351056
physics_residual,1352,S50,S50|91|2,1.741539263,1.7320613791834965,0.5493122478399746,0.019206341616677055
physics_residual,1353,S100,S100|91|2,1.731218987,1.7414405669802873,0.5547126827539299,0.011819664464853866
physics_residual,1354,S100,S100|91|2,1.730916374,1.7376359389190976,0.5525255336231785,0.01165015547696753
physics_residual,1355,S100,S100|91|2,1.738408547,1.7380487612692812,0.5527630824158538,0.01160683800727522
physics_residual,1356,S100,S100|91|2,1.716852321,1.735887646267763,0.5515188942518943,0.011620882518806294
physics_residual,1357,S100,S100|91|2,1.718301381,1.7339810611631965,0.550419956247491,0.011656749850540894
physics_residual,1358,S200,S200|91|2,1.720659702,1.7277793572124984,0.5468369754308879,0.010328517169403136
physics_residual,1359,S200,S200|91|2,1.729430345,1.7296876229656435,0.5479408274461651,0.01045513202243842
physics_residual,1360,S200,S200|91|2,1.724092597,1.7315551423520963,0.5490199309325702,0.010466081443100189
physics_residual,1361,S200,S200|91|2,1.726380004,1.7275428392894847,0.5467000747831726,0.01030901769822469
physics_residual,1362,S200,S200|91|2,1.731441458,1.7285867271847786,0.5473041539456924,0.010324683889845521
physics_residual,1363,S400,S400|91|2,1.722319891,1.728349380275243,0.547166837603978,0.009958457274975656
physics_residual,1364,S400,S400|91|2,1.723230333,1.7286106035261484,0.5473179664875211,0.009962989076377816
physics_residual,1365,S400,S400|91|2,1.725528541,1.7286568151528259,0.5473446995232305,0.010011597790597213
physics_residual,1366,S400,S400|91|2,1.709170995,1.7309744057338048,0.5486844902579582,0.009991591051966533
physics_residual,1367,S400,S400|91|2,1.723136082,1.7283328516199143,0.5471572742977671,0.009963690015901474
physics_residual,1368,S600,S600|91|2,1.737644411,1.7267361471487284,0.5462330064551142,0.010105119187212437
physics_residual,1369,S600,S600|91|2,1.729149565,1.7268709062486445,0.5463110460802951,0.009990962034660584
physics_residual,1370,S600,S600|91|2,1.723136082,1.7265334531322538,0.5461156139314081,0.009975763317463086
physics_residual,1371,S600,S600|91|2,1.744636921,1.7260014184037837,0.5458074144475635,0.009974091110944919
physics_residual,1372,S600,S600|91|2,1.740173895,1.7255583293663683,0.5455506673116429,0.009991873193658591
physics_residual,1373,S800,S800|91|2,1.726003366,1.7276158546748848,0.546742339345746,0.010616189175779514
physics_residual,1374,S800,S800|91|2,1.725344844,1.7253720842405518,0.5454427282322207,0.010658250898449703
physics_residual,1375,S800,S800|91|2,1.72037826,1.7241253118414668,0.5447198562829378,0.010655295903624127
physics_residual,1376,S800,S800|91|2,1.718505501,1.7269842096008503,0.546376655869036,0.010729713589985824
physics_residual,1377,S800,S800|91|2,1.741021878,1.7227293096760663,0.5439098411270824,0.010707537429538859
physics_residual,1378,D50,D50|91|3,1.890935262,1.8838153957738304,0.6332991860952505,0.0395828184345856
physics_residual,1379,D50,D50|91|3,1.90281035,1.8628589071655421,0.6221123545408123,0.056126897552692685
physics_residual,1380,D50,D50|91|3,1.900928922,1.8683906465261417,0.6250774434922778,0.045419517020883066
physics_residual,1381,D50,D50|91|3,1.912294445,1.8664412073165675,0.6240335199835896,0.045380550054036066
physics_residual,1382,D50,D50|91|3,1.90491284,1.8658477170375034,0.623715489790271,0.04473780987653009
physics_residual,1383,D100,D100|91|3,1.840321892,1.8376438130199024,0.6084842146313258,0.021007854655995136
physics_residual,1384,D100,D100|91|3,1.871227712,1.8361542784873965,0.6076733183452344,0.020846561266502375
physics_residual,1385,D100,D100|91|3,1.871235522,1.824420958890682,0.6012626538899917,0.019974766335483885
physics_residual,1386,D100,D100|91|3,1.850146182,1.821436551476025,0.5996255037420479,0.019770416302793244
physics_residual,1387,D100,D100|91|3,1.86020318,1.8187070224096296,0.5981258213682279,0.01978384852230921
physics_residual,1388,D200,D200|91|3,1.815573851,1.828453905133278,0.6034707491745741,0.013788613116464154
physics_residual,1389,D200,D200|91|3,1.818119597,1.8229820914740025,0.6004736719916649,0.013829717765266258
physics_residual,1390,D200,D200|91|3,1.831804801,1.816406209214663,0.5968599386539306,0.014479999797502514
physics_residual,1391,D200,D200|91|3,1.845330448,1.8131442437634744,0.5950624894261629,0.014320432104894473
physics_residual,1392,D200,D200|91|3,1.809977806,1.8262569378903952,0.602268483057292,0.01389849496150728
physics_residual,1393,D400,D400|91|3,1.832611478,1.8268959700798597,0.6026183354790662,0.010797933962919408
physics_residual,1394,D400,D400|91|3,1.826254441,1.826870776582641,0.6026045450545723,0.010780879473378682
physics_residual,1395,D400,D400|91|3,1.824627321,1.8219864105948562,0.5999273402999936,0.011047788506984776
physics_residual,1396,D400,D400|91|3,1.81936414,1.8207199904395115,0.5992320220025827,0.01078023091829747
physics_residual,1397,D400,D400|91|3,1.830170268,1.820675569723416,0.5992076243696621,0.010879665744076858
physics_residual,1398,D600,D600|91|3,1.806505961,1.8178881323263631,0.5976754604881938,0.01003901695568486
physics_residual,1399,D600,D600|91|3,1.814622772,1.8202092275733555,0.5989514546864264,0.010028918428487028
physics_residual,1400,D600,D600|91|3,1.828929893,1.8238164706199176,0.6009312674120139,0.010126057864850383
physics_residual,1401,D600,D600|91|3,1.835355942,1.8210701070253237,0.5994242991945794,0.010137314119243932
physics_residual,1402,D600,D600|91|3,1.83108934,1.8134162226538604,0.5952124821773741,0.010562427820559444
physics_residual,1403,D800,D800|91|3,1.797889951,1.8174343961413826,0.5974258341159621,0.010030020873524304
physics_residual,1404,D800,D800|91|3,1.807596419,1.8223408417484717,0.6001218514567538,0.010029121249692217
physics_residual,1405,D800,D800|91|3,1.824456516,1.8190297692409627,0.5983032651200247,0.010016343363549217
physics_residual,1406,D800,D800|91|3,1.815756719,1.8230511588735572,0.6005115583162377,0.010047606322785882
physics_residual,1407,D800,D800|91|3,1.801076604,1.8237533064606524,0.600896633854258,0.010050982474748098
physics_residual,1408,S50,S50|91|3,1.802804034,1.8244959095999573,0.6013037349625331,0.019041774457473463
physics_residual,1409,S50,S50|91|3,1.809305451,1.8227315822699868,0.6003362452890613,0.01918981094936073
physics_residual,1410,S50,S50|91|3,1.812438275,1.820713763926134,0.5992286021884119,0.01907498702554231
physics_residual,1411,S50,S50|91|3,1.830297402,1.8187944187318625,0.5981738743098769,0.01921410526659591
physics_residual,1412,S50,S50|91|3,1.808132345,1.8248731971798895,0.6015105036232177,0.01904134402523786
physics_residual,1413,S100,S100|91|3,1.838194388,1.818750129901782,0.5981495233613233,0.011578169782603474
physics_residual,1414,S100,S100|91|3,1.797916352,1.794879525256089,0.5849379028388302,0.022342256826822823
physics_residual,1415,S100,S100|91|3,1.840538585,1.8173381885673003,0.5973728967880481,0.011656553490818006
physics_residual,1416,S100,S100|91|3,1.826153596,1.8184017792591238,0.5979579720308188,0.011552852726544174
physics_residual,1417,S100,S100|91|3,1.827035596,1.8194596196127244,0.598539544700819,0.011504136190045774
physics_residual,1418,S200,S200|91|3,1.809660246,1.8194652125446655,0.5985426186483168,0.010552723820016277
physics_residual,1419,S200,S200|91|3,1.810580824,1.8170625766757966,0.5972212283784066,0.010826389497851653
physics_residual,1420,S200,S200|91|3,1.827443553,1.8195802343890262,0.598605834041516,0.010474590616979803
physics_residual,1421,S200,S200|91|3,1.819873108,1.819471236410489,0.5985459294320625,0.010398462265313688
physics_residual,1422,S200,S200|91|3,1.82116145,1.8186518074891573,0.5980954614708086,0.010376890824939228
physics_residual,1423,S400,S400|91|3,1.827366889,1.8132382707617578,0.5951143466132787,0.010098716963150563
physics_residual,1424,S400,S400|91|3,1.801485664,1.8081564623781052,0.592307797151651,0.010980947020163249
physics_residual,1425,S400,S400|91|3,1.835738463,1.8107755480196073,0.5937552330754216,0.010147999825567912
physics_residual,1426,S400,S400|91|3,1.811037344,1.81349915120028,0.5952582116956484,0.010156748865613859
physics_residual,1427,S400,S400|91|3,1.809516659,1.8132804612357452,0.5951376143678979,0.010135005026606476
physics_residual,1428,S600,S600|91|3,1.842325226,1.8097497689650264,0.593188586529841,0.01009766899360733
physics_residual,1429,S600,S600|91|3,1.813712362,1.8091051156674611,0.5928323117827536,0.01017440106631295
physics_residual,1430,S600,S600|91|3,1.81941482,1.8080855197264794,0.5922685615850125,0.010031057571517168
physics_residual,1431,S600,S600|91|3,1.824800504,1.808882831257097,0.5927094344189234,0.010032196275912258
physics_residual,1432,S600,S600|91|3,1.810243275,1.8076212871532489,0.5920117749590073,0.010033398756225534
physics_residual,1433,S800,S800|91|3,1.782843619,1.8079842049967791,0.5922125257574763,0.011112806973926496
physics_residual,1434,S800,S800|91|3,1.812439986,1.8103603054123467,0.5935258892308998,0.011229870881664761
physics_residual,1435,S800,S800|91|3,1.788621446,1.8065762911387244,0.5914335021772859,0.011650042733126068
physics_residual,1436,S800,S800|91|3,1.805524812,1.8095352852863047,0.5930700638516005,0.01095218716301466
physics_residual,1437,S800,S800|91|3,1.798149608,1.8100349223919765,0.5933461392308184,0.011097320700325769
physics_residual,1438,D50,D50|91|4,1.98171331,1.9384130028818076,0.6618695985464872,0.04389644677800588
physics_residual,1439,D50,D50|91|4,1.977918113,1.9371249610099455,0.661204894997567,0.04893600118661164
physics_residual,1440,D50,D50|91|4,1.975119796,1.9381932955796533,0.6617562482160825,0.04357423666153205
physics_residual,1441,D50,D50|91|4,1.985368784,1.9378614082008352,0.6615849981151459,0.04313268589299024
physics_residual,1442,D50,D50|91|4,1.982776136,1.9509546355593523,0.668318809478975,0.03599972324991638
physics_residual,1443,D100,D100|91|4,1.901575873,1.9020201627967475,0.6429165649065198,0.020595758426877227
physics_residual,1444,D100,D100|91|4,1.936489464,1.9049332193674149,0.6444469525140317,0.020526498176963472
physics_residual,1445,D100,D100|91|4,1.927870888,1.9090493485837752,0.646605394898636,0.020949005631729817
physics_residual,1446,D100,D100|91|4,1.909319154,1.9085204346196099,0.6463283003083149,0.020393809034286833
physics_residual,1447,D100,D100|91|4,1.915467843,1.901278639632302,0.6425266280583459,0.020418748156831562
physics_residual,1448,D200,D200|91|4,1.88462312,1.8774630033012905,0.6299213991630876,0.014192298113194017
physics_residual,1449,D200,D200|91|4,1.896441345,1.8743781449847796,0.6282769484042394,0.014405443296966804
physics_residual,1450,D200,D200|91|4,1.898457048,1.9006162262277528,0.6421781631824756,0.014718602539144272
physics_residual,1451,D200,D200|91|4,1.880764078,1.895387866863627,0.6394234966741921,0.014195597942818624
physics_residual,1452,D200,D200|91|4,1.876312808,1.8863674264260162,0.6346529830660137,0.014055924994596179
physics_residual,1453,D400,D400|91|4,1.879603373,1.8705480860224521,0.6262314820524553,0.011070918837937503
physics_residual,1454,D400,D400|91|4,1.86098472,1.8688712366105482,0.625334631830737,0.011181735161991306
physics_residual,1455,D400,D400|91|4,1.86673485,1.8726003725994729,0.627328038497038,0.01079395147301633
physics_residual,1456,D400,D400|91|4,1.888753096,1.8854429490183615,0.6341627795116749,0.011172495672292537
physics_residual,1457,D400,D400|91|4,1.885233324,1.8840123418510966,0.6334037270090926,0.011052547421803704
physics_residual,1458,D600,D600|91|4,1.822471144,1.8609936932962312,0.6211105887753985,0.01009203104710544
physics_residual,1459,D600,D600|91|4,1.842546204,1.8618991786844612,0.6215970306028815,0.01023583433070842
physics_residual,1460,D600,D600|91|4,1.867332114,1.8696773514236786,0.6257658766342435,0.010162549476547192
physics_residual,1461,D600,D600|91|4,1.877333081,1.8680502335268445,0.6248952310547379,0.010104637411106076
physics_residual,1462,D600,D600|91|4,1.866049127,1.870024437921047,0.6259514991880814,0.01022311342392499
physics_residual,1463,D800,D800|91|4,1.857228637,1.8487089424478418,0.6144875265192355,0.01010997157415627
physics_residual,1464,D800,D800|91|4,1.855300706,1.8450113267951203,0.6124854166579928,0.010227931910466666
physics_residual,1465,D800,D800|91|4,1.878267981,1.8596197067472922,0.6203720080825577,0.010185181989786601
physics_residual,1466,D800,D800|91|4,1.876924281,1.8627969797592858,0.6220791107801743,0.011053396855338763
physics_residual,1467,D800,D800|91|4,1.82775045,1.847841033016962,0.6140179484247482,0.010265987515061909
physics_residual,1468,S50,S50|91|4,1.877396422,1.8789063809493223,0.6306898953206381,0.019977559666890375
physics_residual,1469,S50,S50|91|4,1.888569121,1.8798221487633013,0.6311771706451845,0.020022362044439253
physics_residual,1470,S50,S50|91|4,1.895854585,1.8793643318065654,0.630933598286449,0.01989379010575458
physics_residual,1471,S50,S50|91|4,1.882504687,1.8734201294723858,0.6277657066227438,0.02071460443773354
physics_residual,1472,S50,S50|91|4,1.867779812,1.874080062731536,0.6281179058126702,0.020565049128427004
physics_residual,1473,S100,S100|91|4,1.883443029,1.8835634164705064,0.63316541706577,0.011900906859190279
physics_residual,1474,S100,S100|91|4,1.893646428,1.883679209665535,0.6332268907782735,0.011534146942755816
physics_residual,1475,S100,S100|91|4,1.88819627,1.884897498274527,0.633873441848265,0.011586508427826195
physics_residual,1476,S100,S100|91|4,1.881334885,1.8833357512926874,0.6330445403616392,0.011593015914425181
physics_residual,1477,S100,S100|91|4,1.877746376,1.8835369332941363,0.6331513568210663,0.011646867388135446
physics_residual,1478,S200,S200|91|4,1.893085265,1.8690844905707398,0.625448733749533,0.010527040539671881
physics_residual,1479,S200,S200|91|4,1.879307862,1.8672512489724244,0.6244674291381596,0.010486284676938873
physics_residual,1480,S200,S200|91|4,1.887049371,1.8665606344197592,0.6240975044702283,0.01048137386908195
physics_residual,1481,S200,S200|91|4,1.878233348,1.8664602555667003,0.6240437255838832,0.010476437796213435
physics_residual,1482,S200,S200|91|4,1.860544951,1.86836223729275,0.6250622381874178,0.010513780699042815
physics_residual,1483,S400,S400|91|4,1.824360742,1.8186683302969777,0.5981045466253699,0.020728392837426248
physics_residual,1484,S400,S400|91|4,1.861976236,1.840173755193424,0.6098599993327967,0.010659380451662438
physics_residual,1485,S400,S400|91|4,1.847779778,1.8516178553617293,0.6160597733352929,0.01011186354328609
physics_residual,1486,S400,S400|91|4,1.845557556,1.8453346332589768,0.6126606340864851,0.010319276580989424
physics_residual,1487,S400,S400|91|4,1.849355485,1.83784040548957,0.6085911896355253,0.010879705365437841
physics_residual,1488,S600,S600|91|4,1.852619799,1.8478491583435241,0.6140223456150654,0.010066234923460734
physics_residual,1489,S600,S600|91|4,1.836251919,1.8542228847835165,0.6174656782478554,0.010057125258539292
physics_residual,1490,S600,S600|91|4,1.81680461,1.8586504075509542,0.6198506370210162,0.011830499096243353
physics_residual,1491,S600,S600|91|4,1.826380347,1.8450740349167238,0.6125194040135484,0.010284978727235772
physics_residual,1492,S600,S600|91|4,1.827097635,1.8457879339021173,0.6129062507720171,0.010245612581096382
physics_residual,1493,S800,S800|91|4,1.860479626,1.8469598265139593,0.6135409503113384,0.010823022450189013
physics_residual,1494,S800,S800|91|4,1.853817398,1.844017743030385,0.611946747121942,0.01070131076965761
physics_residual,1495,S800,S800|91|4,1.864159369,1.8474775973146655,0.6138212478206461,0.010879880459572814
physics_residual,1496,S800,S800|91|4,1.842760175,1.8475718499313953,0.6138722634392979,0.010882939710547058
physics_residual,1497,S800,S800|91|4,1.851627686,1.8461713672279523,0.613113963423181,0.010810783172829425
