model,row_id,surface,condition,beta,prediction,mu_log,sd_log,selected,q,lower,upper,wide_lower,wide_upper
structured,0,D50,D50|0|0,1.560186908,1.5687283918142696,0.4502653496607943,0.0249628736496084,structured,2.0105181800626415,1.4919396297988812,1.6494694008603574,1.4919396297988812,1.6494694008603574
structured,1,D50,D50|0|0,1.561484361,1.5611408421558723,0.4454168630595415,0.0249453035780079,structured,2.0105181800626415,1.4847759370198343,1.6414333424199274,1.4847759370198343,1.6414333424199274
structured,2,D50,D50|0|0,1.560393514,1.5619651973756483,0.4459447703598293,0.0247293704111177,structured,2.0105181800626415,1.486205045398285,1.6415872664184967,1.486205045398285,1.6415872664184967
structured,3,D50,D50|0|0,1.558472561,1.562611296884154,0.4463583300975416,0.0251266962931666,structured,2.0105181800626415,1.4856325637266947,1.643578718431468,1.4856325637266947,1.643578718431468
structured,4,D50,D50|0|0,1.561608985,1.5617698084900082,0.4458196708328028,0.0247416149653194,structured,2.0105181800626415,1.4859825512606344,1.6414223253440519,1.4859825512606344,1.6414223253440519
structured,5,D100,D100|0|0,1.561041612,1.5607988479019774,0.4451977721806549,0.0232383069894384,structured,1.832487448023662,1.4957292286956623,1.6286992303657222,1.4957292286956623,1.6286992303657222
structured,6,D100,D100|0|0,1.556557304,1.56091753594263,0.4452738124265427,0.0230874370245127,structured,1.832487448023662,1.4962565775025853,1.6283728276603027,1.4962565775025853,1.6283728276603027
structured,7,D100,D100|0|0,1.560626044,1.5595874133145629,0.44442130763629,0.0232158060015192,structured,1.832487448023662,1.4946299252236774,1.6273679917155435,1.4946299252236774,1.6273679917155435
structured,8,D100,D100|0|0,1.555448691,1.5612121271127803,0.445462524109155,0.0230663948439073,structured,1.832487448023662,1.4965966721974877,1.6286173496999332,1.4965966721974877,1.6286173496999332
structured,9,D100,D100|0|0,1.570784601,1.5608818998353902,0.4452509819353631,0.0232811659182334,structured,1.832487448023662,1.4956913443069897,1.6289138226995563,1.4956913443069897,1.6289138226995563
structured,10,D200,D200|0|0,1.559258194,1.5695719489514874,0.4508029382061455,0.0188331410598396,structured,1.6015160326882019,1.5229379952716913,1.617633883049765,1.5229379952716913,1.617633883049765
structured,11,D200,D200|0|0,1.557328689,1.573475386459516,0.4532867948575674,0.0188361280479039,structured,1.6015160326882019,1.5267181533561411,1.6216646054488757,1.5267181533561411,1.6216646054488757
structured,12,D200,D200|0|0,1.560386696,1.5718016239618595,0.4522224926354704,0.0188924892426791,structured,1.6015160326882019,1.5249564743099018,1.6200858101259297,1.5249564743099018,1.6200858101259297
structured,13,D200,D200|0|0,1.56406944,1.5683101990719797,0.4499987334030395,0.0188773663872094,structured,1.6015160326882019,1.5216059580951453,1.6164479820993147,1.5216059580951453,1.6164479820993147
structured,14,D200,D200|0|0,1.559799742,1.5694937307395118,0.4507531028602348,0.0188309390112702,structured,1.6015160326882019,1.5228674715804764,1.6175475652350335,1.5228674715804764,1.6175475652350335
structured,15,D400,D400|0|0,1.57747785,1.5628576628827038,0.4465159806787706,0.0121282249490626,structured,1.8113246778185923,1.5288989373322588,1.5975706534881189,1.5177900275115943,1.6092634884653232
structured,16,D400,D400|0|0,1.582462146,1.560176416509915,0.4447989023738915,0.0118620173869199,structured,1.8113246778185923,1.5270120806269445,1.5940610303713723,1.515186099398004,1.6065026280275592
structured,17,D400,D400|0|0,1.571871059,1.561317607049787,0.4455300846744831,0.011900745591593,structured,1.8113246778185923,1.5280218196224393,1.5953389138683967,1.5162943817848424,1.6076777038599999
structured,18,D400,D400|0|0,1.578362744,1.5617970311272509,0.4458371013144547,0.0121008310187465,structured,1.8113246778185923,1.5279371649259028,1.596407249218383,1.5167599808608205,1.6081713634437718
structured,19,D400,D400|0|0,1.571060369,1.560605751800299,0.445074048327654,0.0123444765966316,structured,1.8113246778185923,1.52609806447718,1.595893716952286,1.515603054081517,1.6069447115413258
structured,20,D600,D600|0|0,1.562491354,1.569057967055089,0.4504754182915663,0.0103558398668904,structured,1.7530717842594967,1.5408294689398556,1.5978036204570718,1.5266248750885603,1.6126705021993237
structured,21,D600,D600|0|0,1.560566365,1.5675990030157512,0.4495451513491024,0.0104186021823436,structured,1.7530717842594967,1.539227387079185,1.5964935752079097,1.5252053667969114,1.6111709857254835
structured,22,D600,D600|0|0,1.566691898,1.5686119544379975,0.4501911228549813,0.0103537245709041,structured,1.7530717842594967,1.540397192606796,1.5973435133582958,1.5261909242912342,1.6122120924998136
structured,23,D600,D600|0|0,1.559224889,1.566232710395065,0.4486731883133034,0.010471297737557,structured,1.7530717842594967,1.5377437607437645,1.595249459458045,1.5238760237482893,1.6097667165059792
structured,24,D600,D600|0|0,1.58159802,1.5688019404401825,0.4503122327937924,0.0103991571651626,structured,1.7530717842594967,1.5404610639430638,1.5976642227030327,1.526375772373933,1.612407359231819
physics_residual,25,D800,D800|0|0,1.644690279,1.5770995168700868,0.455587411170631,0.0103012733311893,physics_residual,1.8820659579273764,1.5468177180144036,1.6079741375762415,1.5339855661043336,1.621425221378316
physics_residual,26,D800,D800|0|0,1.57983316,1.5770057799995605,0.4555279731609699,0.010307131144357,physics_residual,1.8820659579273764,1.5467087287461552,1.6078962922567035,1.533894391765073,1.621328849954434
physics_residual,27,D800,D800|0|0,1.564816559,1.5746894593528886,0.4540580841724672,0.0103972719429,physics_residual,1.8820659579273764,1.5441749157569808,1.6058070028818774,1.5316413935233921,1.6189474271734756
physics_residual,28,D800,D800|0|0,1.566544735,1.579371715418506,0.4570271194864573,0.010640055558285,physics_residual,1.8820659579273764,1.5480589148465955,1.6113178843139684,1.5361956484354193,1.623761281972449
physics_residual,29,D800,D800|0|0,1.592458478,1.578824374945349,0.4566805035937286,0.0106277930870263,physics_residual,1.8820659579273764,1.5475581413482866,1.6107222987757064,1.535663270879922,1.6231985580362835
structured,30,S50,S50|0|0,1.575816199,1.5776834801347002,0.4559576193731207,0.0255813347854134,structured,1.729471248026422,1.5094048534940374,1.6490507220300066,1.5094048534940374,1.6490507220300066
structured,31,S50,S50|0|0,1.602076658,1.581018681678925,0.4580693745262286,0.0242048718536209,structured,1.729471248026422,1.5162008186772034,1.6486075202086605,1.5162008186772034,1.6486075202086605
structured,32,S50,S50|0|0,1.579807863,1.58266308672283,0.4591089261071853,0.0238897358140944,structured,1.729471248026422,1.518605249956223,1.6494230124301508,1.518605249956223,1.6494230124301508
structured,33,S50,S50|0|0,1.580573721,1.5792549205130697,0.4569531665195817,0.0245563496471219,structured,1.729471248026422,1.5135890211920506,1.647769684534654,1.5135890211920506,1.647769684534654
structured,34,S50,S50|0|0,1.592722949,1.580217548709792,0.4575625266174377,0.0241126241123723,structured,1.729471248026422,1.5156743212965536,1.6475092743633077,1.5156743212965536,1.6475092743633077
structured,35,S100,S100|0|0,1.567218001,1.5656792513171889,0.4483197562306628,0.0132508443182334,structured,1.8602229012928744,1.5275577713025412,1.6047520847050498,1.5172307206432363,1.6156748506686522
structured,36,S100,S100|0|0,1.570607716,1.5677287656285557,0.4496279258610219,0.0133189564100265,structured,1.8602229012928744,1.5293635953569875,1.607056353401387,1.5192168145848837,1.6177898105023318
structured,37,S100,S100|0|0,1.571419163,1.5663145706065833,0.4487254526235875,0.013671317647498,structured,1.8602229012928744,1.526982788071181,1.606659455011566,1.5178463805508935,1.6163304571072992
structured,38,S100,S100|0|0,1.566838091,1.5658489647213698,0.4484281463792669,0.0134682659338575,structured,1.8602229012928744,1.5271055856402158,1.6055752813523179,1.5173951824193708,1.615849983396972
structured,39,S100,S100|0|0,1.564440461,1.5584371829105057,0.4436835132919953,0.0131259738300554,structured,1.8602229012928744,1.5208452657336233,1.5969582887884832,1.510212751504043,1.6082015270095082
structured,40,S200,S200|0|0,1.56406097,1.581405941915068,0.4583142880240489,0.0108747816297271,structured,1.8640561530082034,1.549671672677967,1.6137900674164134,1.5332243354069683,1.6311016564059921
structured,41,S200,S200|0|0,1.580191426,1.575659802838701,0.4546741069913614,0.0110569611318169,structured,1.8640561530082034,1.5435165859226334,1.6084723915018146,1.5276532672624732,1.6251749447900925
structured,42,S200,S200|0|0,1.583074977,1.5830675115182946,0.4593644278216329,0.0109477464578754,structured,1.8640561530082034,1.5510889205736664,1.6157054007566825,1.5348352810112038,1.6328154408684277
structured,43,S200,S200|0|0,1.572904736,1.583957463321246,0.4599264390678002,0.0110481614817133,structured,1.8640561530082034,1.5516704273176547,1.6169163254262726,1.5356981181395202,1.6337333594252264
structured,44,S200,S200|0|0,1.585051572,1.5812800602996449,0.4582346837791753,0.010999833022695,structured,1.8640561530082034,1.5491871551599778,1.6140378009027827,1.533102289099293,1.6309718189581965
structured,45,S400,S400|0|0,1.562576774,1.572783639361594,0.4528470681196281,0.0101784718872256,structured,1.822880476977106,1.5438710486961444,1.6022376858045153,1.5284003266467503,1.6184558018713506
structured,46,S400,S400|0|0,1.582775974,1.5729388419384287,0.4529457434337304,0.0101930810758511,structured,1.822880476977106,1.543982280135141,1.602438468569762,1.5285511494701787,1.6186155113855247
structured,47,S400,S400|0|0,1.570456464,1.5760873150862669,0.4549453928745189,0.0101536867731294,structured,1.822880476977106,1.5471838933752815,1.6055306905740334,1.5316107739901461,1.6218554132420975
structured,48,S400,S400|0|0,1.5750196,1.5764369807294565,0.4551672250393574,0.0101407846040794,structured,1.822880476977106,1.547563543491052,1.605849119839888,1.5319505722115245,1.6222152328477775
structured,49,S400,S400|0|0,1.577183511,1.5804112833404151,0.4576851190768249,0.0102736643133598,structured,1.822880476977106,1.5510892979501234,1.6102875751967267,1.5358127216240451,1.626304945480921
structured,50,S600,S600|0|0,1.555828114,1.5835128520725477,0.4596457032077306,0.0100797287189719,structured,1.5981774307519638,1.5582081016425389,1.609228542731689,1.535633156344755,1.6328853947433193
structured,51,S600,S600|0|0,1.56117239,1.583062585677253,0.4593613162368968,0.0100911445095907,structured,1.5981774307519638,1.5577366102445396,1.6088003155923358,1.5351965043751183,1.6324210894365085
structured,52,S600,S600|0|0,1.561823954,1.5820310296060658,0.4587094833162332,0.0101332422132568,structured,1.5981774307519638,1.5566168250184385,1.6078601608374508,1.5341961388248984,1.6313573703512507
structured,53,S600,S600|0|0,1.559846724,1.584919800445598,0.4605338069611161,0.0100529874592126,structured,1.5981774307519638,1.55965922095462,1.6105895057684545,1.5369975636926925,1.6343362105333552
structured,54,S600,S600|0|0,1.561648453,1.5827205722919886,0.4591452474984337,0.010110427500952,structured,1.5981774307519638,1.5573520737621218,1.6085023111728993,1.5348648322364058,1.6320684123736895
structured,55,S800,S800|0|0,1.589227754,1.5731907898105637,0.4531059071282782,0.0106020048525086,structured,1.8640561530082034,1.5424054444881807,1.6045905893220216,1.5268969804062127,1.6208881757604625
structured,56,S800,S800|0|0,1.580440672,1.5729792155289817,0.4529714107205558,0.0107516696725607,structured,1.8640561530082034,1.541767822459879,1.604822448907061,1.5266916320570032,1.6206701867831987
structured,57,S800,S800|0|0,1.59815524,1.5755780812629414,0.4546222406589653,0.0109772882433955,structured,1.8640561530082034,1.5436657715486761,1.608150116372476,1.5292140217552943,1.6233478472207303
structured,58,S800,S800|0|0,1.615199232,1.5746554831393205,0.4540365074864008,0.0106486504606559,structured,1.8640561530082034,1.5437072443978286,1.6062241720890214,1.528318572647526,1.6223972769534483
structured,59,S800,S800|0|0,1.584848504,1.5748333974999438,0.4541494873174497,0.0106655680339687,structured,1.8640561530082034,1.5438329760202008,1.606456312569893,1.528491251576087,1.6225805854785806
structured,60,D50,D50|0|1,2.044100443,2.0599995873017747,0.7227057824625254,0.0260631783420185,structured,2.0105181800626415,1.9548340180419177,2.1708228220491743,1.9548340180419177,2.1708228220491743
structured,61,D50,D50|0|1,2.04957737,2.0614913983917877,0.7234297006563734,0.0265996357672638,structured,2.0105181800626415,1.9541408801595148,2.1747392057508277,1.9541408801595148,2.1747392057508277
structured,62,D50,D50|0|1,1.999572687,1.998134694129664,0.692214092433419,0.0251288018426293,structured,2.0105181800626415,1.899692782135391,2.101677857298979,1.899692782135391,2.101677857298979
structured,63,D50,D50|0|1,2.017631508,1.996693733428074,0.6914926793413606,0.0251571538227121,structured,2.0105181800626415,1.8982146076693227,2.100281943360461,1.8982146076693227,2.100281943360461
structured,64,D50,D50|0|1,2.006211894,1.9938374276594997,0.6900611374532954,0.0252423130475731,structured,2.0105181800626415,1.8951746694982006,2.097636567181664,1.8951746694982006,2.097636567181664
structured,65,D100,D100|0|1,2.016437285,1.956943543242967,0.6713838393738786,0.0239924066421379,structured,1.832487448023662,1.8727689457869874,2.0449015026949984,1.8727689457869874,2.0449015026949984
structured,66,D100,D100|0|1,1.994408192,1.9697927228201904,0.677928320371674,0.0234140625977662,structured,1.832487448023662,1.8870643065980068,2.056147931635876,1.8870643065980068,2.056147931635876
structured,67,D100,D100|0|1,1.97356662,1.9576349104082933,0.6717370662567733,0.0238057462730836,structured,1.832487448023662,1.874071496720657,2.0449243527556424,1.874071496720657,2.0449243527556424
structured,68,D100,D100|0|1,1.983306755,1.9622614879111877,0.6740976284661466,0.0238141443285536,structured,1.832487448023662,1.8784716759402496,2.049788770443991,1.8784716759402496,2.049788770443991
structured,69,D100,D100|0|1,1.971798525,1.9633069366157208,0.6746302640573224,0.0233850932366818,structured,1.832487448023662,1.8809507634216562,2.0492690198607386,1.8809507634216562,2.0492690198607386
structured,70,D200,D200|0|1,1.964318123,1.9725902696402808,0.6793475367669368,0.0190661432675507,structured,1.6015160326882019,1.913268053386916,2.0337518127642222,1.913268053386916,2.0337518127642222
structured,71,D200,D200|0|1,1.961302475,1.970566266358168,0.6783209462974024,0.0189565757880557,structured,1.6015160326882019,1.9116403323679605,2.0313085805731617,1.9116403323679605,2.0313085805731617
structured,72,D200,D200|0|1,1.966048011,1.9553435517481064,0.6705659077930852,0.0188517291075744,structured,1.6015160326882019,1.8971913608578845,2.015278207694359,1.8971913608578845,2.015278207694359
structured,73,D200,D200|0|1,1.959125658,1.9624471938551724,0.6741922627226897,0.0191174343156689,structured,1.6015160326882019,1.903273665077874,2.023460450976432,1.903273665077874,2.023460450976432
structured,74,D200,D200|0|1,1.970214261,1.9585902108119608,0.6722249342383348,0.0188556385091572,structured,1.6015160326882019,1.9003295658844488,2.018637021049062,1.9003295658844488,2.018637021049062
structured,75,D400,D400|0|1,1.964858008,1.9778600046599748,0.6820154544874624,0.0122579359712259,structured,1.8113246778185923,1.93442930964203,2.0222657806800215,1.9208250771537156,2.0365884663637694
structured,76,D400,D400|0|1,1.951867166,1.9692375969653708,0.6776464612269467,0.0118934391081438,structured,1.8113246778185923,1.9272682417176474,2.0121209021977315,1.912451311120621,2.027710034107825
structured,77,D400,D400|0|1,1.959093971,1.9664860223440144,0.6762482049793982,0.012036450112452,structured,1.8113246778185923,1.9240768338071952,2.009829965273563,1.909779082792069,2.0248767571696233
structured,78,D400,D400|0|1,1.953838928,1.9752454363664853,0.6806926622099796,0.0118371063090269,structured,1.8113246778185923,1.9333453017751907,2.018053645308056,1.9182859043446023,2.0338962638729488
structured,79,D400,D400|0|1,1.947956474,1.9762762105308844,0.6812143722143209,0.0118658294963129,structured,1.8113246778185923,1.934253574453656,2.0192118096064506,1.9192869543982942,2.034957644744039
structured,80,D600,D600|0|1,1.954137272,1.9510149206003475,0.6683497092797716,0.0103567424493808,structured,1.7530717842594967,1.9159117065585756,1.9867612935266565,1.8982523093443175,2.0052440877682813
structured,81,D600,D600|0|1,1.941923138,1.9440925165798768,0.6647952957391096,0.0101900677299514,structured,1.7530717842594967,1.9096717631225606,1.979133684650557,1.8915171125606718,1.9981292730179563
structured,82,D600,D600|0|1,1.944425234,1.9440660761956612,0.6647816952731898,0.0101486318059397,structured,1.7530717842594967,1.909784512867022,1.9789630103037459,1.8914913872215844,1.998102097713674
structured,83,D600,D600|0|1,1.943606342,1.9465153360037164,0.6660407667959882,0.0102094901160881,structured,1.7530717842594967,1.9119865837583392,1.9816676463544434,1.8938744100461324,2.00061943558621
structured,84,D600,D600|0|1,1.939217447,1.9447452726224017,0.6651310032610164,0.0101731296318021,structured,1.7530717842594967,1.9103696870253188,1.9797394195865166,1.8921522156816566,1.9988001726513764
physics_residual,85,D800,D800|0|1,1.937833439,1.930516540505861,0.657787604676053,0.0101841715115101,physics_residual,1.8820659579273764,1.8938661508266394,1.967876194175599,1.877741053487119,1.9847753268458235
physics_residual,86,D800,D800|0|1,1.931115531,1.93458052041908,0.6598905176672756,0.0101211173764787,physics_residual,1.8820659579273764,1.8980782125146778,1.9717848112415528,1.8816939343682113,1.9889535283226367
physics_residual,87,D800,D800|0|1,1.937390462,1.9307651724775492,0.6579163867699344,0.0101715843289173,physics_residual,1.8820659579273764,1.8941549344048396,1.9680830134540108,1.8779828884834286,1.9850309468275837
physics_residual,88,D800,D800|0|1,1.939430677,1.930761698711432,0.6579145876028001,0.0102116773600312,physics_residual,1.8820659579273764,1.8940086035263994,1.9682279849575637,1.8779795096813763,1.9850273754283565
physics_residual,89,D800,D800|0|1,1.930410702,1.9405061368122216,0.6629488343120173,0.0101678735550929,physics_residual,1.8820659579273764,1.9037244906866577,1.9779984369732433,1.8874575592505463,1.9950456891338457
structured,90,S50,S50|0|1,2.018231427,1.9961146089343849,0.6912025955466509,0.0236566916183858,structured,1.729471248026422,1.9160945531403717,2.0794764671038504,1.9160945531403717,2.0794764671038504
structured,91,S50,S50|0|1,2.016383376,1.993507017984265,0.6898954082666175,0.0236045122657949,structured,1.729471248026422,1.913764190488732,2.0765725738329497,1.913764190488732,2.0765725738329497
structured,92,S50,S50|0|1,2.019922289,2.007512268462785,0.696896278134071,0.0238665598498679,structured,1.729471248026422,1.9263359924782406,2.092109332829237,1.9263359924782406,2.092109332829237
structured,93,S50,S50|0|1,2.023950784,1.998393881023397,0.6923437984466366,0.0236989807459725,structured,1.729471248026422,1.9181421600969428,2.0820031939185983,1.9181421600969428,2.0820031939185983
structured,94,S50,S50|0|1,2.020788185,1.992311511439356,0.6892955281807909,0.0235797779606636,structured,1.729471248026422,1.9126983239947288,2.075238477923563,1.9126983239947288,2.075238477923563
structured,95,S100,S100|0|1,1.928651999,1.9395184754494188,0.6624397337351737,0.0128281563103454,structured,1.8602229012928744,1.8937831661207858,1.986358303266127,1.8795018275495023,2.001451587580625
structured,96,S100,S100|0|1,1.93017593,1.9375494200855663,0.6614239890610009,0.0128499447526058,structured,1.8602229012928744,1.891783864442974,1.9844221244477571,1.8775937028258904,1.999419655926505
structured,97,S100,S100|0|1,1.932332607,1.9416107216002316,0.6635178974588026,0.0128483041849536,structured,1.8602229012928744,1.8957550221749775,1.9885756071519538,1.881529331032409,2.0036106437758403
structured,98,S100,S100|0|1,1.936713222,1.9403588814188304,0.662872946388696,0.0128725024107849,structured,1.8602229012928744,1.8944474683854122,1.9873829449120264,1.8803162279150498,2.002318829570316
structured,99,S100,S100|0|1,1.941062316,1.9436062363524125,0.6645451322048934,0.0128959527005522,structured,1.8602229012928744,1.8975352091406423,1.9907958407258197,1.8834630963824694,2.0056698797250454
structured,100,S200,S200|0|1,1.935150704,1.93212602956066,0.6586209663546196,0.0107914863553391,structured,1.8640561530082034,1.8936478151326583,1.9713861068956577,1.8732588319531855,1.992843130072659
structured,101,S200,S200|0|1,1.934574776,1.9349847048250592,0.6600994219673311,0.0110249210677042,structured,1.8640561530082034,1.8956245271438692,1.9751621454003043,1.876030410310287,1.9957916392664732
structured,102,S200,S200|0|1,1.931366726,1.9334851352276488,0.6593241440230676,0.0109075727734292,structured,1.8640561530082034,1.8945698409004144,1.9731997667447208,1.8745765289642984,1.9942449456633937
structured,103,S200,S200|0|1,1.93014659,1.932846950974588,0.6589940201513315,0.0108241256971214,structured,1.8640561530082034,1.8942391274440966,1.9722416677838448,1.8739577886387861,1.9935867064569568
structured,104,S200,S200|0|1,1.934298104,1.9325310704266647,0.6588305791906406,0.0108172313420363,structured,1.8640561530082034,1.893953896406148,1.971894007162016,1.8736515322056215,1.993260899356271
structured,105,S400,S400|0|1,1.928885505,1.91970968594293,0.6521739693689684,0.0110059387484515,structured,1.822880476977106,1.8815792644521963,1.9586128248368204,1.8655362617156128,1.975456255625921
structured,106,S400,S400|0|1,1.934057083,1.955636363302902,0.67071564599768,0.0121030718551128,structured,1.822880476977106,1.9129627009640044,1.9992619738718915,1.9004491028961088,2.012426210017619
structured,107,S400,S400|0|1,1.924819553,1.9183447095003985,0.6514626837229389,0.0107025964047022,structured,1.822880476977106,1.8812813798292516,1.9561382278722048,1.8642098043514728,1.9740516415470708
structured,108,S400,S400|0|1,1.919839737,1.920272131657516,0.6524669112344899,0.0109712601640722,structured,1.822880476977106,1.8822495210153793,1.9590628226757674,1.8660828354415726,1.976035034236804
structured,109,S400,S400|0|1,1.9194336,1.922416907541261,0.653583200418748,0.0103801707203176,structured,1.822880476977106,1.8863832848044277,1.9591388431877768,1.8681670866248,1.9782420924016322
structured,110,S600,S600|0|1,1.925053088,1.9179091814205456,0.651235624673091,0.0103560481700117,structured,1.5981774307519638,1.8864274877175773,1.9499162581795082,1.8599185513351837,1.9777079085192333
structured,111,S600,S600|0|1,1.926645985,1.9210013956732843,0.6528466103209212,0.0104009058199591,structured,1.5981774307519638,1.8893334924525427,1.9532000977701403,1.8629172682239115,1.980896535301836
structured,112,S600,S600|0|1,1.921919857,1.9187355150823997,0.651666383182152,0.0103523907746399,structured,1.5981774307519638,1.8872512887170299,1.9507449796689602,1.860719899658745,1.978560006540326
structured,113,S600,S600|0|1,1.927081693,1.918450047289958,0.6515175929877097,0.0103505102898087,structured,1.5981774307519638,1.8869761761326018,1.9504488877490784,1.8604430633788451,1.978265638112348
structured,114,S600,S600|0|1,1.924848505,1.9143429037489132,0.6493744325480166,0.0104733165044901,structured,1.5981774307519638,1.8825668935547606,1.9466552639805155,1.8564601049890597,1.9740304374358846
structured,115,S800,S800|0|1,1.92363974,1.9269838640281236,0.6559560157739858,0.0125813015950317,structured,1.8640561530082034,1.8823175615172538,1.9727100719560067,1.8702790928685367,1.985407860454421
structured,116,S800,S800|0|1,1.912130921,1.9285253721175093,0.6567556549796576,0.0131195212008947,structured,1.8640561530082034,1.8819342997691624,1.9762699002601611,1.8717752394657585,1.986996105345701
structured,117,S800,S800|0|1,1.917343839,1.9255112343449752,0.655191508763713,0.0129739535065929,structured,1.8640561530082034,1.8795029073609733,1.9726457985609478,1.8688497978135319,1.9838905822856516
structured,118,S800,S800|0|1,1.910109237,1.9251189689947663,0.6549877679052813,0.0123250494853305,structured,1.8640561530082034,1.8813943614908537,1.9698597596767007,1.868469075537104,1.9834864238885697
structured,119,S800,S800|0|1,1.916211727,1.929935355791144,0.65748650794711,0.0133733011135141,structured,1.8640561530082034,1.8824195117219207,1.978650590019442,1.8731437319764177,1.9884488381479848
structured,120,D50,D50|0|2,2.401662904,2.420393771964785,0.883930242619761,0.0258468726857471,structured,2.0105181800626415,2.2978287037228307,2.5494964014830943,2.2978287037228307,2.5494964014830943
structured,121,D50,D50|0|2,2.408329379,2.4072027996745846,0.8784654093749731,0.0248159946241739,structured,2.0105181800626415,2.2900471366098585,2.5303519853916234,2.2900471366098585,2.5303519853916234
structured,122,D50,D50|0|2,2.409795375,2.398629019117364,0.874897332098575,0.0247306228922019,structured,2.0105181800626415,2.282282332194876,2.5209068528427183,2.282282332194876,2.5209068528427183
structured,123,D50,D50|0|2,2.433450011,2.417162954268874,0.8825945195020362,0.0248174802540659,structured,2.0105181800626415,2.2995156740663982,2.5408292769571807,2.2995156740663982,2.5408292769571807
structured,124,D50,D50|0|2,2.434746684,2.4063011523098,0.8780907769307811,0.0248421408071639,structured,2.0105181800626415,2.2890690378210055,2.5295371786249485,2.2890690378210055,2.5295371786249485
structured,125,D100,D100|0|2,2.383093911,2.4024001837178752,0.8764683141596226,0.0229983223930561,structured,1.832487448023662,2.3032569282827913,2.5058110416846464,2.3032569282827913,2.5058110416846464
structured,126,D100,D100|0|2,2.377584742,2.416960548668226,0.8825107791504943,0.0230152059360936,structured,1.832487448023662,2.317144719030383,2.521076152836535,2.317144719030383,2.521076152836535
structured,127,D100,D100|0|2,2.412540012,2.419478991014389,0.8835522240204763,0.0230161609380772,structured,1.832487448023662,2.319555095250958,2.5237074988842476,2.319555095250958,2.5237074988842476
structured,128,D100,D100|0|2,2.430015758,2.419689591659094,0.883639264032098,0.0230264667996289,structured,1.832487448023662,2.3197131891032594,2.523974837702546,2.3197131891032594,2.523974837702546
structured,129,D100,D100|0|2,2.430136719,2.4117553622953314,0.8803548484703586,0.0230267007280414,structured,1.832487448023662,2.312105794007099,2.5156997325280805,2.312105794007099,2.5156997325280805
structured,130,D200,D200|0|2,2.428161204,2.408501260786743,0.8790046705618413,0.0187156943434964,structured,1.6015160326882019,2.3373812669615455,2.4817852376955702,2.3373812669615455,2.4817852376955702
structured,131,D200,D200|0|2,2.404430077,2.4081079945006687,0.8788413746554868,0.0186646141362913,structured,1.6015160326882019,2.337190801205885,2.4811770225118197,2.337190801205885,2.4811770225118197
structured,132,D200,D200|0|2,2.384685146,2.4098128164535044,0.8795490749647628,0.0186686827998858,structured,1.6015160326882019,2.338830177338628,2.4829497526629423,2.338830177338628,2.4829497526629423
structured,133,D200,D200|0|2,2.384331984,2.3960689911966817,0.8738294741611425,0.0187111418486176,structured,1.6015160326882019,2.3253330602511078,2.468956687845099,2.3253330602511078,2.468956687845099
structured,134,D200,D200|0|2,2.388001759,2.405244300029573,0.8776514784526966,0.0186566586939715,structured,1.6015160326882019,2.334441183034588,2.4781948608807736,2.334441183034588,2.4781948608807736
structured,135,D400,D400|0|2,2.4082186,2.4268968623831797,0.8866134299136661,0.0115414746614013,structured,1.8113246778185923,2.3766883568981365,2.4781660429103343,2.35691320009916,2.4989585447599527
structured,136,D400,D400|0|2,2.417180474,2.426668665245355,0.8865193971302646,0.0115288017788309,structured,1.8113246778185923,2.3765194324601073,2.4778761454468023,2.356691583410499,2.498723571780139
structured,137,D400,D400|0|2,2.394055265,2.425066768603927,0.8858590574553266,0.0115316165712853,structured,1.8113246778185923,2.3749385317532314,2.4762530707881725,2.3551358801592004,2.4970741101314107
structured,138,D400,D400|0|2,2.419993966,2.426634825958748,0.8865054522835559,0.0115321116310518,structured,1.8113246778185923,2.376472044983657,2.4778564473272975,2.3566587199367675,2.498688727705911
structured,139,D400,D400|0|2,2.429802299,2.417240502147295,0.8826266011762806,0.0115241332799594,structured,1.8113246778185923,2.3673061288597066,2.4682281577312564,2.3475352972893475,2.4890154588807087
structured,140,D600,D600|0|2,2.420626025,2.4094194360784256,0.879385820589236,0.0102231250405663,structured,1.7530717842594967,2.3666227728727027,2.4529900098551685,2.344259882598737,2.476390122974331
structured,141,D600,D600|0|2,2.394758376,2.4086726452844136,0.8790758261817481,0.0102134927960146,structured,1.7530717842594967,2.365929197530167,2.4521883064792935,2.343533287771418,2.475622574859409
structured,142,D600,D600|0|2,2.384010172,2.3899180939444418,0.8712590950400455,0.0101903018523856,structured,1.7530717842594967,2.347602898554161,2.4329960144796017,2.32528592840173,2.4563467339644287
structured,143,D600,D600|0|2,2.418643886,2.407730992674717,0.878684807200584,0.010246046540007,structured,1.7530717842594967,2.364869290457589,2.4513695350852376,2.3426171009078103,2.4746547486739763
structured,144,D600,D600|0|2,2.39934375,2.390366187517263,0.8714465707413845,0.010324989907721,structured,1.7530717842594967,2.347488708930369,2.4340268341607167,2.3257219038780983,2.4568072824605878
physics_residual,145,D800,D800|0|2,2.360297782,2.345863030017377,0.8526533640500225,0.0102100799319846,physics_residual,1.8820659579273764,2.3012151745662677,2.391377136924854,2.2817330102580087,2.4117954777627753
physics_residual,146,D800,D800|0|2,2.375450943,2.3453984020652903,0.8524552817387582,0.0102130505011228,physics_residual,1.8820659579273764,2.300746526622864,2.3909168614436065,2.281281084070418,2.4113177910524493
physics_residual,147,D800,D800|0|2,2.371242957,2.3638159597711725,0.8602772453166625,0.0101351568619303,physics_residual,1.8820659579273764,2.3191534146586603,2.409338621736377,2.299195151877494,2.4302529896629803
physics_residual,148,D800,D800|0|2,2.383375605,2.3501800219966364,0.8544919303269981,0.0101856108237193,physics_residual,1.8820659579273764,2.305556177120717,2.3956675576172324,2.2859319864889533,2.4162338024219263
physics_residual,149,D800,D800|0|2,2.365110163,2.361273044612213,0.8592008992829256,0.0101446886947418,physics_residual,1.8820659579273764,2.3166169865796675,2.4067899111126922,2.2967217536499596,2.42763860374094
structured,150,S50,S50|0|2,2.38150949,2.348036180580298,0.8535793109528795,0.0225121576140447,structured,1.729471248026422,2.258374217510226,2.44125790250665,2.258374217510226,2.44125790250665
structured,151,S50,S50|0|2,2.394125437,2.3563698033336977,0.8571222158377831,0.0224857014857028,structured,1.729471248026422,2.2664933143511425,2.4498102928013568,2.2664933143511425,2.4498102928013568
structured,152,S50,S50|0|2,2.396222224,2.3617915799879428,0.859420475096101,0.0224889555923857,structured,1.729471248026422,2.2716955091122606,2.455460885900925,2.2716955091122606,2.455460885900925
structured,153,S50,S50|0|2,2.392269046,2.355862291669194,0.8569068140255488,0.022491698847701,structured,1.729471248026422,2.2659816566759132,2.449308060794516,2.2659816566759132,2.449308060794516
structured,154,S50,S50|0|2,2.369866879,2.358911913021829,0.8582004589152238,0.0224969271813844,structured,1.729471248026422,2.268894413154006,2.4525008220462334,2.268894413154006,2.4525008220462334
structured,155,S100,S100|0|2,2.374401007,2.3935568580216366,0.8727804847475693,0.0124060257200292,structured,1.8602229012928744,2.3389509376203965,2.449437626259531,2.3194904023550937,2.4699884193378656
structured,156,S100,S100|0|2,2.370325356,2.3956757224280114,0.8736653298700516,0.0124191183663303,structured,1.8602229012928744,2.3409644474148625,2.4516656685533467,2.32154370041568,2.4721749437683815
structured,157,S100,S100|0|2,2.391706078,2.407356097303131,0.8785290902362435,0.0125091157336626,structured,1.8602229012928744,2.351984280783178,2.4640315101480126,2.332862636637292,2.4842282988321576
structured,158,S100,S100|0|2,2.424080577,2.408779023678089,0.8791199899434222,0.0125072324675948,structured,1.8602229012928744,2.3533827228778885,2.4654792985886256,2.3342415318404335,2.4856966623915766
structured,159,S100,S100|0|2,2.379081599,2.3862412264570705,0.8697194193437048,0.0123981830454791,structured,1.8602229012928744,2.331836221975254,2.4419155758803424,2.3124011464035132,2.4624391834866
structured,160,S200,S200|0|2,2.41122508,2.367277970946869,0.8617407596092668,0.0107910382352709,structured,1.8640561530082034,2.320135660656272,2.4153781551485576,2.295152748277395,2.4416697302331443
structured,161,S200,S200|0|2,2.384056674,2.371810607353911,0.8636536328186445,0.0108822571487308,structured,1.8640561530082034,2.324182802413704,2.4204144146124675,2.299547286237972,2.4463448048331924
structured,162,S200,S200|0|2,2.375336473,2.3817108847737205,0.8678190885765265,0.0110777481538351,structured,1.8640561530082034,2.333033947565745,2.4314034283848613,2.309145926198152,2.45655619867605
structured,163,S200,S200|0|2,2.354090276,2.378271203757254,0.8663738387620479,0.0110981734749933,structured,1.8640561530082034,2.3295758682379613,2.4279844222885,2.30581104392618,2.4530084256123716
structured,164,S200,S200|0|2,2.349382093,2.375427413754723,0.865177384981282,0.0110695106824002,structured,1.8640561530082034,2.3269146266419916,2.424951621951193,2.3030538973130925,2.4500752694500885
structured,165,S400,S400|0|2,2.333697666,2.3563738960695515,0.8571239527180867,0.0101750798595565,structured,1.822880476977106,2.3130708136740776,2.4004876570373646,2.289877985961534,2.4248007850717292
structured,166,S400,S400|0|2,2.347239773,2.345559678813982,0.8525240424251573,0.0103178320546041,structured,1.822880476977106,2.301856261872067,2.3900928559299084,2.2793689415054574,2.413672533084649
structured,167,S400,S400|0|2,2.35748471,2.3564594887770363,0.8571602759659102,0.0101674128248504,structured,1.822880476977106,2.313187162525556,2.4005413017183748,2.2899611632777295,2.4248888633112022
structured,168,S400,S400|0|2,2.334848634,2.3474835490058767,0.8533439241975049,0.0102658036455491,structured,1.822880476977106,2.303962786824989,2.3918263977029346,2.281238520865344,2.415652270663419
structured,169,S400,S400|0|2,2.323961879,2.354934282955325,0.8565128217521945,0.0101852361819471,structured,1.822880476977106,2.3116148592465766,2.3990655081901595,2.2884789981421276,2.423319366942205
structured,170,S600,S600|0|2,2.352788986,2.3480747634780466,0.8535957428039194,0.0101763381123135,structured,1.5981774307519638,2.3101954905694893,2.386575126386103,2.2770774835543044,2.4212856763558603
structured,171,S600,S600|0|2,2.360231398,2.3509868000963,0.8548351549510604,0.0101787348299305,structured,1.5981774307519638,2.3130516901668625,2.389544063249324,2.279901470727902,2.4242885077232725
structured,172,S600,S600|0|2,2.337840207,2.3471837137377567,0.8532161897908911,0.0101754809730764,structured,1.5981774307519638,2.309321978740242,2.385666198457579,2.2762133759322216,2.420366844465734
structured,173,S600,S600|0|2,2.352483628,2.3517171691283005,0.8551457715846621,0.0101852206961376,structured,1.5981774307519638,2.313746290680642,2.390311187466402,2.280609756044589,2.425041649021473
structured,174,S600,S600|0|2,2.358437625,2.3502491847434106,0.8545213585956677,0.010180573563145,structured,1.5981774307519638,2.3123191818038773,2.388801370439682,2.279186158192836,2.4235278941702503
structured,175,S800,S800|0|2,2.327082283,2.311628668548229,0.8379523274213647,0.0134942731851097,structured,1.8640561530082034,2.2542069917152117,2.370513054432559,2.2436050710999553,2.3817146654220553
structured,176,S800,S800|0|2,2.375686483,2.315874697582716,0.8397874553035721,0.0136103762541251,structured,1.8640561530082034,2.257858843227522,2.375381273719149,2.247726153522677,2.3860894293098887
structured,177,S800,S800|0|2,2.357065093,2.3143554189921693,0.8391312120470517,0.0133870939685045,structured,1.8640561530082034,2.257316948677358,2.372835152173394,2.2462515822835583,2.3845240878910015
structured,178,S800,S800|0|2,2.344086808,2.3169748229208613,0.8402623791507443,0.0129939951456397,structured,1.8640561530082034,2.2615283426787256,2.37378069898096,2.2487939058053388,2.387222909218368
structured,179,S800,S800|0|2,2.371926086,2.3208465646584155,0.8419320176785922,0.0123782642528106,structured,1.8640561530082034,2.26790894654727,2.375019854693493,2.2525517149701737,2.3912120378368718
structured,180,D50,D50|0|3,2.712659774,2.739811332212072,1.0078890611723286,0.0247460752887351,structured,2.0105181800626415,2.6068344398172147,2.879571491561248,2.6068344398172147,2.879571491561248
structured,181,D50,D50|0|3,2.725048716,2.7448212705183748,1.009715961919418,0.0247714318638956,structured,2.0105181800626415,2.611468084835868,2.884984063499908,2.611468084835868,2.884984063499908
structured,182,D50,D50|0|3,2.731434141,2.7353558040751653,1.0062615203102812,0.0247288517936298,structured,2.0105181800626415,2.602685285597493,2.874789132705312,2.602685285597493,2.874789132705312
structured,183,D50,D50|0|3,2.738759908,2.728542048454431,1.0037674183571543,0.0247557559927805,structured,2.0105181800626415,2.596061583121953,2.867783167620707,2.596061583121953,2.867783167620707
structured,184,D50,D50|0|3,2.737732498,2.713979462666123,0.9984159942013352,0.0249210397775658,structured,2.0105181800626415,2.5813481227541186,2.8534254868013784,2.5813481227541186,2.8534254868013784
structured,185,D100,D100|0|3,2.675096745,2.78326389743293,1.0236243028533871,0.0231369429829027,structured,1.832487448023662,2.6677252560319964,2.9038064940299964,2.6677252560319964,2.9038064940299964
structured,186,D100,D100|0|3,2.867247482,2.777257769493559,1.0214640270249973,0.0231377530343587,structured,1.832487448023662,2.6619645025762035,2.8975445430424323,2.6619645025762035,2.8975445430424323
structured,187,D100,D100|0|3,2.696871146,2.759370615870218,1.0150026159963206,0.0230940910695913,structured,1.832487448023662,2.6450315250898995,2.8786523425157275,2.6450315250898995,2.8786523425157275
structured,188,D100,D100|0|3,2.647227765,2.7632647930837835,1.016412876703612,0.0230991243182277,structured,1.832487448023662,2.6487399102146423,2.8827414451868956,2.6487399102146423,2.8827414451868956
structured,189,D100,D100|0|3,2.657785564,2.788265836391347,1.0254198385648392,0.0231841395907709,structured,1.832487448023662,2.67228842616132,2.909276670241362,2.67228842616132,2.909276670241362
structured,190,D200,D200|0|3,2.748276141,2.6820164399158943,0.9865689145632558,0.0188175555588264,structured,1.6015160326882019,2.602395319490973,2.7640735940864345,2.602395319490973,2.7640735940864345
structured,191,D200,D200|0|3,2.682650303,2.691014868356288,0.9899183969455168,0.0188042120481064,structured,1.6015160326882019,2.6111824112269053,2.7732880669612237,2.6111824112269053,2.7732880669612237
structured,192,D200,D200|0|3,2.701945369,2.691215096226173,0.9899928002583795,0.0188849303386707,structured,1.6015160326882019,2.6110391439558227,2.773852973794479,2.6110391439558227,2.773852973794479
structured,193,D200,D200|0|3,2.740214864,2.676634948901964,0.9845603894950584,0.0188619199345522,structured,1.6015160326882019,2.596989065697272,2.7587234556799487,2.596989065697272,2.7587234556799487
structured,194,D200,D200|0|3,2.744762506,2.695295834140288,0.9915079698171386,0.0188203723478768,structured,1.6015160326882019,2.61526869000091,2.777771806510428,2.61526869000091,2.777771806510428
structured,195,D400,D400|0|3,2.766825409,2.81645505495851,1.035479021461595,0.0122169963225352,structured,1.8113246778185923,2.754814407215677,2.879474949682267,2.7352378254752683,2.900083862076245
structured,196,D400,D400|0|3,2.901334736,2.781095440548147,1.022844893450491,0.0127825597220863,structured,1.8113246778185923,2.7174434428017586,2.846238389956414,2.700897865155585,2.8636743170560974
structured,197,D400,D400|0|3,2.782567861,2.7454420326024462,1.0099420939107069,0.0145763080319428,structured,1.8113246778185923,2.6739042425155675,2.818893748898479,2.666272583332433,2.8269622549092834
structured,198,D400,D400|0|3,2.801594694,2.7465626531700105,1.0103501855447212,0.0138936473660928,structured,1.8113246778185923,2.678305394938345,2.816559464071849,2.6673608889167912,2.828116149986636
structured,199,D400,D400|0|3,2.750904643,2.7474974313526337,1.0106904723917025,0.0150299900130219,structured,1.8113246778185923,2.67370802020666,2.823323294181485,2.6682687111946723,2.8290786844738367
structured,200,D600,D600|0|3,2.782887365,2.7103803972567184,0.997088993032354,0.0100708867416635,structured,1.7530717842594967,2.662948601430455,2.7586570367476693,2.637081753691033,2.7857164031988453
structured,201,D600,D600|0|3,2.84132757,2.7079635963032604,0.996196911940195,0.0100713157216182,structured,1.7530717842594967,2.6605720937796673,2.756199261071769,2.6347303119144034,2.7832324263865393
structured,202,D600,D600|0|3,2.766425103,2.705991322741037,0.9954683230697808,0.0100676078131585,structured,1.7530717842594967,2.658651618353138,2.7541739535191665,2.632811375875208,2.781205332765497
structured,203,D600,D600|0|3,2.732959456,2.6907465876419083,0.989818696980442,0.0100595716937772,structured,1.7530717842594967,2.6437108248587857,2.7386191904302946,2.617978914420551,2.765536864726453
structured,204,D600,D600|0|3,2.763235638,2.7004357500873213,0.9934131489097228,0.0100493745186761,structured,1.7530717842594967,2.6532780458810232,2.7484316058282703,2.627406046316579,2.7754953409553855
physics_residual,205,D800,D800|0|3,2.63522,2.763931185626371,1.0166540089335467,0.0102806488230765,physics_residual,1.8820659579273764,2.7109663275333675,2.8179308320029177,2.6883722295919936,2.8416137894853173
physics_residual,206,D800,D800|0|3,2.651727808,2.7824195738864708,1.0233208994862042,0.0104231419338216,physics_residual,1.8820659579273764,2.7283686292540192,2.837541306602444,2.706355191623338,2.8606218094021925
physics_residual,207,D800,D800|0|3,2.695769239,2.77037858037978,1.0189839824777818,0.0104039362796903,physics_residual,1.8820659579273764,2.7166597380689206,2.825159651419097,2.6946433687210796,2.848242393675183
physics_residual,208,D800,D800|0|3,2.623911376,2.7732332857032533,1.0200138906476786,0.0103568155591751,physics_residual,1.8820659579273764,2.7197002734490057,2.8278200109085168,2.697420033550944,2.851177332885784
physics_residual,209,D800,D800|0|3,2.604061726,2.7610835738518937,1.0156232019038498,0.0105069018072274,physics_residual,1.8820659579273764,2.7070203270936646,2.8162265445489445,2.685602464391262,2.838686143193855
structured,210,S50,S50|0|3,2.731521141,2.610343234977846,0.9594817203425756,0.022435499053101,structured,1.729471248026422,2.5109977140360207,2.7136192782280086,2.5109977140360207,2.7136192782280086
structured,211,S50,S50|0|3,2.632174683,2.6163544711263724,0.961781925610591,0.0224179316479724,structured,1.729471248026422,2.516856638863876,2.719785709238081,2.516856638863876,2.719785709238081
structured,212,S50,S50|0|3,2.697323437,2.6354716305474315,0.9690621529020986,0.022451831907699,structured,1.729471248026422,2.535098152306602,2.73981924885262,2.535098152306602,2.73981924885262
structured,213,S50,S50|0|3,2.665334753,2.618310900171573,0.9625294152770836,0.022429451495547,structured,1.729471248026422,2.5186884855558795,2.721873708984794,2.5186884855558795,2.721873708984794
structured,214,S50,S50|0|3,2.709654543,2.6131090331940983,0.9605407128757644,0.0224255059610269,structured,1.729471248026422,2.513701693702748,2.7164475548020475,2.513701693702748,2.7164475548020475
structured,215,S100,S100|0|3,2.644428335,2.702062928773595,0.9940155289683588,0.0123561006140412,structured,1.8602229012928744,2.6406640711667766,2.764889389291584,2.6184500313187025,2.7883457708664157
structured,216,S100,S100|0|3,2.67892849,2.707962550731425,0.9961965258301162,0.0123517731424745,structured,1.8602229012928744,2.6464509402808445,2.770903879059119,2.624167094802216,2.7944337807941833
structured,217,S100,S100|0|3,2.651410329,2.7088996917768906,0.996542534649562,0.0123553694089923,structured,1.8602229012928744,2.6473490836370948,2.771881345556189,2.6250752368642383,2.7954008468247347
structured,218,S100,S100|0|3,2.645760415,2.688552959842625,0.9890031157318,0.0123880853082705,structured,1.8602229012928744,2.6273047629030475,2.7512289856665095,2.6053581161772335,2.774404398764359
structured,219,S100,S100|0|3,2.649109535,2.703129499282085,0.9944101756110192,0.0123759655245853,structured,1.8602229012928744,2.641608788440431,2.7660829725672262,2.619483597765886,2.789446399328843
structured,220,S200,S200|0|3,2.67459967,2.6894759069666154,0.9893463445079588,0.0106236757661372,structured,1.8640561530082034,2.6367397645622677,2.743266799162,2.6075340940342855,2.773992743068153
structured,221,S200,S200|0|3,2.653136363,2.6980278111246863,0.9925210657845812,0.0107209387577685,structured,1.8640561530082034,2.6446444528905175,2.7524887368682585,2.6158254423982257,2.782813390991584
structured,222,S200,S200|0|3,2.703511806,2.6944881928411304,0.9912082764338196,0.0106739100539064,structured,1.8640561530082034,2.64140641621566,2.7486367023224068,2.612393667705494,2.7791625401301276
structured,223,S200,S200|0|3,2.650051828,2.696857164985825,0.9920870820527988,0.0106711244297948,structured,1.8640561530082034,2.643742447048295,2.751038996425555,2.614690463010151,2.781605957273554
structured,224,S200,S200|0|3,2.691075341,2.6990737646724083,0.9929086640337996,0.0106952303014764,structured,1.8640561530082034,2.64579649996967,2.753423850710513,2.61683952827622,2.7838922136512148
structured,225,S400,S400|0|3,2.800140568,2.667435753321199,0.9811176189257288,0.0103146106522359,structured,1.822880476977106,2.6177503831200792,2.718064160730121,2.5921618044934602,2.744895587058706
structured,226,S400,S400|0|3,2.686679766,2.6593474433519373,0.978080770649088,0.0103345318559565,structured,1.822880476977106,2.6097179602539,2.709920739394551,2.5843017433320554,2.7365724001501763
structured,227,S400,S400|0|3,2.64679232,2.674915273359035,0.9839177063357124,0.0102866208126777,structured,1.822880476977106,2.6252245259531204,2.7255465766501112,2.59943025552696,2.7525923053469015
structured,228,S400,S400|0|3,2.721755729,2.672164064350001,0.982888655118008,0.0103089948988674,structured,1.822880476977106,2.6224174667426485,2.7228543423609857,2.5967566845138563,2.749761203807316
structured,229,S400,S400|0|3,2.689948259,2.6679380237578254,0.9813058983074914,0.0103122528784541,structured,1.822880476977106,2.6182545510214634,2.7185642800987004,2.592649901063257,2.7454124429579685
structured,230,S600,S600|0|3,2.647347587,2.6744560744319017,0.9837460230112968,0.0102210551757297,structured,1.5981774307519638,2.631123557957363,2.7185022430564256,2.5935902052894133,2.757843270489811
structured,231,S600,S600|0|3,2.628741468,2.674598272401328,0.983799190528484,0.0103215098220923,structured,1.5981774307519638,2.630841051414173,2.719083281328195,2.5937281037070554,2.7579899020672785
structured,232,S600,S600|0|3,2.6300257,2.679731429370289,0.985716576579581,0.0102845816146626,structured,1.5981774307519638,2.6360457975185887,2.724141037426074,2.5987060525932555,2.7632831063709697
structured,233,S600,S600|0|3,2.653703494,2.667683845338802,0.9812106222832708,0.0103092559037983,structured,1.5981774307519638,2.624091135957873,2.7120007385276517,2.5870227438860436,2.7508598892299085
structured,234,S600,S600|0|3,2.628540977,2.6600932780401325,0.978361189111158,0.0103534517370778,structured,1.5981774307519638,2.6164397934171246,2.704475090799919,2.5796616878617455,2.7430326546965165
structured,235,S800,S800|0|3,2.664593931,2.6359023148853464,0.969225557867609,0.0107102949975752,structured,1.8640561530082034,2.5837994394001633,2.689055856142968,2.5583364149549994,2.715819926184391
structured,236,S800,S800|0|3,2.656532806,2.640713352291327,0.9710490898595538,0.0108339679840546,structured,1.8640561530082034,2.5879187084149806,2.6945850293886044,2.5630058794188098,2.720776828865874
structured,237,S800,S800|0|3,2.702334908,2.640095340061273,0.9708150301657156,0.010755318578558,structured,1.8640561530082034,2.587692397610944,2.6935594860688683,2.5624060532476705,2.720140079195931
structured,238,S800,S800|0|3,2.646022521,2.626067347459712,0.9654874219568104,0.0108994245260554,structured,1.8640561530082034,2.5732515212549933,2.679967215187246,2.548790858140239,2.705686773541717
structured,239,S800,S800|0|3,2.700193466,2.634782480114729,0.9688006283447772,0.0108576137098907,structured,1.8640561530082034,2.5819926007148966,2.6886516698759753,2.557249533223372,2.714666139275482
structured,240,D50,D50|0|4,2.994801895,3.0156828348532168,1.1038262837582322,0.0257620189543675,structured,2.0105181800626415,2.8634616964868855,3.175996023130315,2.8634616964868855,3.175996023130315
structured,241,D50,D50|0|4,3.017042885,3.037658072319717,1.1110868475824849,0.0253294959180989,structured,2.0105181800626415,2.886836989761903,3.196358712685813,2.886836989761903,3.196358712685813
structured,242,D50,D50|0|4,3.041828615,2.9561572452991114,1.0838901969685346,0.0263013136965517,structured,2.0105181800626415,2.8038989413142468,3.116683533122752,2.8038989413142468,3.116683533122752
structured,243,D50,D50|0|4,2.99137326,2.991996812427459,1.0959409947465093,0.0258897428281689,structured,2.0105181800626415,2.8402418190847785,3.1518601217063713,2.8402418190847785,3.1518601217063713
structured,244,D50,D50|0|4,2.98648365,2.963319504637858,1.0863100942454171,0.0264876826909694,structured,2.0105181800626415,2.809639340825171,3.125405584614346,2.809639340825171,3.125405584614346
structured,245,D100,D100|0|4,2.991563797,3.034471862078012,1.1100373935791754,0.0233637018524097,structured,1.832487448023662,2.9072967664120024,3.1672100310238154,2.9072967664120024,3.1672100310238154
structured,246,D100,D100|0|4,3.009996481,3.049240904066192,1.1148926757298554,0.0234912641320253,structured,1.832487448023662,2.9207640092783405,3.1833691669350976,2.9207640092783405,3.1833691669350976
structured,247,D100,D100|0|4,2.962123796,3.0460144813528203,1.1138340086812422,0.0234396912024693,structured,1.832487448023662,2.917949281709836,3.1797003048573638,2.917949281709836,3.1797003048573638
structured,248,D100,D100|0|4,2.956168224,3.04380667192736,1.113108926789141,0.0234129785633995,structured,1.832487448023662,2.9159770316462414,3.1772400658584767,2.9159770316462414,3.1772400658584767
structured,249,D100,D100|0|4,2.915595762,3.049171706742344,1.1148699821771997,0.0234414154810689,structured,1.832487448023662,2.920964536759214,3.183006154368949,2.920964536759214,3.183006154368949
structured,250,D200,D200|0|4,3.125488432,3.1023603354451,1.1321632203049674,0.0193824594136178,structured,1.6015160326882019,3.0075382915365703,3.20017194062914,3.0075382915365703,3.20017194062914
structured,251,D200,D200|0|4,2.986670763,3.104098448937189,1.1327233186147805,0.019469367405895,structured,1.6015160326882019,3.008804472265449,3.2024105486121437,3.008804472265449,3.2024105486121437
structured,252,D200,D200|0|4,3.122846689,3.040462960860546,1.112009793579981,0.0192776553369448,structured,1.6015160326882019,2.9480275496549146,3.1357966846161247,2.9480275496549146,3.1357966846161247
structured,253,D200,D200|0|4,3.025946716,3.092644972384611,1.1290267028873058,0.0194235476903219,structured,1.6015160326882019,2.997922593146478,3.1903602004538123,2.997922593146478,3.1903602004538123
structured,254,D200,D200|0|4,3.063166499,3.1041299746819866,1.1327334747310331,0.0195198943286691,structured,1.6015160326882019,3.008591566080774,3.202702223974956,3.008591566080774,3.202702223974956
structured,255,D400,D400|0|4,3.154841788,3.115303771678684,1.1363266664827203,0.0132937995163288,structured,1.8113246778185923,3.041185113315833,3.19122882304716,3.025468735650329,3.207806273281254
structured,256,D400,D400|0|4,3.024652821,3.131621884333658,1.1415510442548382,0.0133512420217646,structured,1.8113246778185923,3.056796921653355,3.2082784292824615,3.0413162880178604,3.2246089185380695
structured,257,D400,D400|0|4,3.205285799,3.12456911321996,1.139296389911911,0.0131592181256282,structured,1.8113246778185923,3.0509736628004944,3.1999398298072332,3.0344668954487712,3.217346729974562
structured,258,D400,D400|0|4,3.203743204,3.1084149844873483,1.134112944984539,0.0133839770775292,structured,1.8113246778185923,3.0339646119043877,3.1846922926766092,3.0187785982507584,3.200712937803489
structured,259,D400,D400|0|4,3.038918026,3.1288153342850062,1.1406544454587293,0.0133165678484307,structured,1.8113246778185923,3.0542492492318116,3.205201867044477,3.0385906695711373,3.2217190337909747
structured,260,D600,D600|0|4,3.342236258,3.1151501882102424,1.1362773655908556,0.0105751168598104,structured,1.7530717842594967,3.0579306425998656,3.1734404174895836,3.0309050824198116,3.2017369172639043
structured,261,D600,D600|0|4,3.081920399,3.105066812644942,1.133035232913984,0.0108268386817898,structured,1.7530717842594967,3.0466877213700103,3.16456453458037,3.021094398374951,3.1913732706184725
structured,262,D600,D600|0|4,3.123416728,3.114446546531332,1.1360514627878768,0.0105649334489212,structured,1.7530717842594967,3.0572945046163356,3.1726669696212926,3.030220469796997,3.201013717609384
structured,263,D600,D600|0|4,3.124444876,3.113760783628292,1.1358312508169328,0.0106213988313613,structured,1.7530717842594967,3.056318772435648,3.172282389226995,3.029553252442269,3.2003088936777924
structured,264,D600,D600|0|4,3.296475183,3.112814143780947,1.135527186426582,0.0105459527948321,structured,1.7530717842594967,3.055793735638888,3.1708985396217724,3.0286322132142414,3.199335941632633
physics_residual,265,D800,D800|0|4,3.007268472,3.048849999092174,1.1147644700403172,0.0102294184210392,physics_residual,1.8820659579273764,2.9907136260970426,3.108116482919562,2.965502076309281,3.1345404851420837
physics_residual,266,D800,D800|0|4,3.095796473,3.042202824151801,1.112581866220563,0.0102498784033054,physics_residual,1.8820659579273764,2.9840782912303108,3.1014595195025647,2.9590366184831707,3.12770648577556
physics_residual,267,D800,D800|0|4,2.985437636,3.031779311436833,1.1091496786656376,0.0102397790303604,physics_residual,1.8820659579273764,2.9739104574732775,3.0907742262912414,2.948898058498955,3.116990011494376
physics_residual,268,D800,D800|0|4,3.011094667,3.026353524052229,1.1073584373763874,0.0103012127065371,physics_residual,1.8820659579273764,2.9682450194358596,3.085599602651419,2.943620598551942,3.111411727805155
physics_residual,269,D800,D800|0|4,3.168463788,3.0295265739778365,1.1084063611016317,0.0102401414073157,physics_residual,1.8820659579273764,2.9716986922162194,3.088479759565779,2.946706905239849,3.1146739589599046
structured,270,S50,S50|0|4,2.959020881,2.828296814768329,1.0396746982440914,0.0238829577065642,structured,1.729471248026422,2.7138541214271137,2.9475655339286133,2.7138541214271137,2.9475655339286133
structured,271,S50,S50|0|4,2.959927376,2.892345354923356,1.062067714498564,0.0230443245020596,structured,1.729471248026422,2.779339245124939,3.0099462189872606,2.779339245124939,3.0099462189872606
structured,272,S50,S50|0|4,3.018549894,2.914834496555158,1.0698130417086746,0.0228151475106052,structured,1.729471248026422,2.802060109582448,3.0321477091988718,2.802060109582448,3.0321477091988718
structured,273,S50,S50|0|4,2.976615558,2.8983179265458734,1.064130543383654,0.0229929025659885,structured,1.729471248026422,2.7853261596076497,3.015893407801283,2.7853261596076497,3.015893407801283
structured,274,S50,S50|0|4,2.981243906,2.896196177528656,1.063398213088504,0.0229348483498617,structured,1.729471248026422,2.783566592271178,3.0133830180393377,2.783566592271178,3.0133830180393377
structured,275,S100,S100|0|4,2.939393159,3.089744405617218,1.1280883708597131,0.0126967435350693,structured,1.8602229012928744,3.0176234900160295,3.1635890042704387,2.9941350549253167,3.188406774216475
structured,276,S100,S100|0|4,2.929744229,3.0669371462172546,1.1206793913509592,0.0125914985398194,structured,1.8602229012928744,2.995935082628178,3.1396219208447445,2.9720335455732627,3.164871228609546
structured,277,S100,S100|0|4,3.000321687,3.066110655136036,1.1204098708407686,0.0125773309867622,structured,1.8602229012928744,2.9952066625330374,3.138693121625305,2.9712326295122575,3.1640183458411864
structured,278,S100,S100|0|4,3.087471777,3.090079564245533,1.1281968395249302,0.0127006525961572,structured,1.8602229012928744,3.0179288797320645,3.1639551804864277,2.994459842372516,3.1887526352006437
structured,279,S100,S100|0|4,3.109757546,3.085524776492825,1.1267217487233527,0.0126793191495621,structured,1.8602229012928744,3.013600034574556,3.1591661259371953,2.9900459984139887,3.184052403006857
structured,280,S200,S200|0|4,2.983634778,2.943389525289513,1.0795618170303634,0.0108381630827685,structured,1.8640561530082034,2.8845210503900005,3.0034594118883877,2.853711579767302,3.0358856021078595
structured,281,S200,S200|0|4,3.076031721,2.908589499310416,1.0676682555336865,0.0110629437299216,structured,1.8640561530082034,2.849222947781367,2.969193015269783,2.81997182624182,2.999991984591323
structured,282,S200,S200|0|4,2.978891815,2.924041757437038,1.0729668227147802,0.0109448388300562,structured,1.8640561530082034,2.864990483583753,2.984310156779457,2.834953291511918,3.0159298302497404
structured,283,S200,S200|0|4,3.074036077,2.920121514013701,1.0716252298025897,0.0109870462121406,structured,1.8640561530082034,2.86092431221476,2.9805436027087633,2.831152488404969,3.0118863930955992
structured,284,S200,S200|0|4,3.157526941,2.942124395883284,1.0791319040464984,0.0108613213213124,structured,1.8640561530082034,2.883156760327497,3.0022980643856263,2.852484995788035,3.034580715983826
structured,285,S400,S400|0|4,2.893415666,3.025063662933468,1.10693213685919,0.0101936260182802,structured,1.822880476977106,2.9693716803647625,3.081800175206199,2.93969760038415,3.112908675914362
structured,286,S400,S400|0|4,2.835511238,3.012433215592082,1.1027481294729713,0.0101935393024426,structured,1.822880476977106,2.9569742293159003,3.0689323526846928,2.927423579114381,3.099911452222364
structured,287,S400,S400|0|4,2.874224375,2.9977510987818072,1.0978623738128424,0.0101984202540456,structured,1.822880476977106,2.9425362297055604,3.054002040663659,2.9131557856511945,3.084802980503401
structured,288,S400,S400|0|4,2.877137236,2.995100509092353,1.0969777899667117,0.0101861618518938,structured,1.822880476977106,2.940000155940471,3.0512335318892787,2.9105799945215183,3.0820754201741125
structured,289,S400,S400|0|4,2.934912279,3.02881012185197,1.1081698433360545,0.0102371084451174,structured,1.822880476977106,2.9728135220296683,3.0858614865185605,2.94333833576027,3.116763928487809
structured,290,S600,S600|0|4,2.909473986,2.930953924243922,1.0753279414564112,0.0102850118687773,structured,1.5981774307519638,2.883170819801843,2.9795289432872587,2.8423324887429047,3.0223384984211377
structured,291,S600,S600|0|4,3.056239128,2.9418984517115354,1.079055104830142,0.0103326547366486,structured,1.5981774307519638,2.893716578473967,2.9908825779845087,2.85294609332325,3.033624266661568
structured,292,S600,S600|0|4,3.048550845,2.915400773356533,1.0700072969237526,0.0102334594638143,structured,1.5981774307519638,2.868107524003195,2.9634738579899915,2.827249608830028,3.006300413922476
structured,293,S600,S600|0|4,3.107367274,2.92804122435113,1.074333675354846,0.0103108396158563,structured,1.5981774307519638,2.8801867165699373,2.9766908381932615,2.839507858349789,3.0193349830988683
structured,294,S600,S600|0|4,2.952127628,2.914543413292883,1.0697131740154084,0.0102341559282554,structured,1.5981774307519638,2.867260880447562,2.96260565820679,2.826418172230733,3.0054163221235757
structured,295,S800,S800|0|4,2.823288905,2.929035799565976,1.0746732902242917,0.0153077991559803,structured,1.8640561530082034,2.8466381258058044,3.013818524161917,2.8428439492691946,3.017840890402919
structured,296,S800,S800|0|4,2.863719184,2.930669731782298,1.075230974309244,0.0147720471609322,structured,1.8640561530082034,2.851071957228197,3.012489760214596,2.844429800256532,3.0195243616173353
structured,297,S800,S800|0|4,2.851970661,2.934129923311344,1.0764109607142454,0.0130214078194061,structured,1.8640561530082034,2.8637682437552794,3.006220362155365,2.8477881697763294,3.0230894622851134
structured,298,S800,S800|0|4,2.838814561,2.9278651594522067,1.0742735429389785,0.0137641175661474,structured,1.8640561530082034,2.853700162651353,3.0039576351180295,2.8417077572278773,3.0166347577896535
structured,299,S800,S800|0|4,2.819979547,2.937732722088964,1.077638100873103,0.0118703982503841,structured,1.8640561530082034,2.873443142647208,3.003460697844694,2.8512849500843442,3.026801493893811
structured,300,D50,D50|20|0,1.552767498,1.5652724208354252,0.4480598796649069,0.0263439761250787,structured,2.0105181800626415,1.4845249717395808,1.6504119486497875,1.4845249717395808,1.6504119486497875
structured,301,D50,D50|20|0,1.548674901,1.56511636774571,0.4479601776148526,0.0263140518316711,structured,2.0105181800626415,1.4844662766914711,1.6501481259952147,1.4844662766914711,1.6501481259952147
structured,302,D50,D50|20|0,1.557422765,1.5655759656803414,0.4482537854747025,0.025898385750515,structured,2.0105181800626415,1.486143649339799,1.6492538291333896,1.486143649339799,1.6492538291333896
structured,303,D50,D50|20|0,1.562692913,1.5655715082201866,0.4482509383011396,0.0266476707002521,structured,2.0105181800626415,1.483902307276379,1.6517355187953926,1.483902307276379,1.6517355187953926
structured,304,D50,D50|20|0,1.558102838,1.565230299411862,0.4480329693394226,0.026290778077756,structured,2.0105181800626415,1.4846438057657496,1.650191029445823,1.4846438057657496,1.650191029445823
structured,305,D100,D100|20|0,1.572517305,1.5643268437026232,0.4474555996394801,0.0232069735298764,structured,1.832487448023662,1.4991962211772278,1.6322869810911327,1.4991962211772278,1.6322869810911327
structured,306,D100,D100|20|0,1.578127171,1.5643691269451367,0.447482628946842,0.023232077855147,structured,1.832487448023662,1.4991677756176536,1.6324061957180398,1.4991677756176536,1.6324061957180398
structured,307,D100,D100|20|0,1.571879021,1.5668069238907032,0.449039741928383,0.0234324659607557,structured,1.832487448023662,1.500952703526296,1.6355504946854171,1.500952703526296,1.6355504946854171
structured,308,D100,D100|20|0,1.585865962,1.5677730555728302,0.4496561764867928,0.0234473865649351,structured,1.832487448023662,1.5018371643539743,1.6366037624574674,1.5018371643539743,1.6366037624574674
structured,309,D100,D100|20|0,1.566831298,1.5675579968254152,0.4495189924101143,0.0235401328191642,structured,1.832487448023662,1.5013759602822625,1.6366573985568151,1.5013759602822625,1.6366573985568151
structured,310,D200,D200|20|0,1.566116653,1.5732073674387408,0.4531164446555388,0.0187460579844919,structured,1.6015160326882019,1.5266783041638394,1.6211545118662565,1.5266783041638394,1.6211545118662565
structured,311,D200,D200|20|0,1.576968715,1.572845438887814,0.4528863604358488,0.0187368554085961,structured,1.6015160326882019,1.5263495752700775,1.6207576656824958,1.5263495752700775,1.6207576656824958
structured,312,D200,D200|20|0,1.576836284,1.574105913039844,0.4536874368291425,0.0187411297343369,structured,1.6015160326882019,1.5275623309478437,1.6220676402314362,1.5275623309478437,1.6220676402314362
structured,313,D200,D200|20|0,1.583116266,1.5711480888977714,0.4518066189287844,0.0187475175247761,structured,1.6015160326882019,1.5246763667904117,1.6190362564899978,1.5246763667904117,1.6190362564899978
structured,314,D200,D200|20|0,1.576286602,1.5700517178820483,0.4511085601438085,0.0187623615998984,structured,1.6015160326882019,1.5235762040040295,1.6179449313700698,1.5235762040040295,1.6179449313700698
structured,315,D400,D400|20|0,1.567755435,1.569533813346312,0.4507786410922124,0.0118527375427242,structured,1.8113246778185923,1.536196390700688,1.6035947006188422,1.5242736599219453,1.6161378734075633
structured,316,D400,D400|20|0,1.562605939,1.5700051422335035,0.451078894662817,0.011812902915947,structured,1.8113246778185923,1.5367685875485577,1.6039605224958824,1.5247313972461094,1.6166231974311327
structured,317,D400,D400|20|0,1.567598269,1.569972734460138,0.4510582526235164,0.0118114377480553,structured,1.8113246778185923,1.5367409441817057,1.6039231571725472,1.5246999240055217,1.6165898273759711
structured,318,D400,D400|20|0,1.55788804,1.568732666009784,0.450268074281394,0.0122896529419739,structured,1.8113246778185923,1.5341976221187394,1.6040450994882987,1.5234956150194383,1.6153129376580224
structured,319,D400,D400|20|0,1.555636875,1.568638413215062,0.4502079903497389,0.013447101194135,structured,1.8113246778185923,1.5308925389562447,1.607314954380476,1.5234040801629432,1.6152158862215198
structured,320,D600,D600|20|0,1.568956739,1.586139152397783,0.4613028573196339,0.0115118454066453,structured,1.7530717842594967,1.5544499699000776,1.6184743539419792,1.5432441224252902,1.6302264652823595
structured,321,D600,D600|20|0,1.571242561,1.5859935254316242,0.4612110408787397,0.0116267313967024,structured,1.7530717842594967,1.5539942411641545,1.6186517273234364,1.5431024337473127,1.630076790561871
structured,322,D600,D600|20|0,1.573089533,1.5803997064614244,0.4576777938181947,0.0103930667610218,structured,1.7530717842594967,1.551865881903329,1.6094581763212858,1.5376598921931106,1.6243274893650417
structured,323,D600,D600|20|0,1.568257404,1.5785219693362047,0.456488946775379,0.0102260051475451,structured,1.7530717842594967,1.5504760699648266,1.6070751790020052,1.5358329359783456,1.6223975598555476
structured,324,D600,D600|20|0,1.575665406,1.583513873329449,0.4596463481387588,0.0109194146342781,structured,1.7530717842594967,1.5534897167834123,1.6141183040585472,1.5406898405479352,1.627528215630379
physics_residual,325,D800,D800|20|0,1.561065551,1.570119753108661,0.45115189231675,0.010120403944842,physics_residual,1.8820659579273764,1.5404962804935882,1.6003128798935544,1.5271966116025317,1.6142492855030088
physics_residual,326,D800,D800|20|0,1.571763461,1.569781752385108,0.4509365984775851,0.0102599872498972,physics_residual,1.8820659579273764,1.5397601010406763,1.600388754362302,1.5268678509721991,1.613901784985666
physics_residual,327,D800,D800|20|0,1.576918877,1.5699180306258018,0.4510234082047551,0.010136756475813,physics_residual,1.8820659579273764,1.5402509595841885,1.600156524849275,1.5270004037071168,1.6140418934406002
physics_residual,328,D800,D800|20|0,1.581314446,1.570164551982683,0.4511804240480663,0.010123622414653,physics_residual,1.8820659579273764,1.5405309025488534,1.6003682342391672,1.5272401857875415,1.6142953434869542
physics_residual,329,D800,D800|20|0,1.566478551,1.5703675755321038,0.4513097165000843,0.0099974412563677,physics_residual,1.8820659579273764,1.5410960324214296,1.600195101669179,1.527437659181617,1.6145040731834912
structured,330,S50,S50|20|0,1.553567545,1.588549058065763,0.4628210575151215,0.0254310473908655,structured,1.729471248026422,1.5201952677701258,1.6599762960604139,1.5201952677701258,1.6599762960604139
structured,331,S50,S50|20|0,1.564751479,1.5715276826871387,0.4520481925550844,0.0227157846451554,structured,1.729471248026422,1.5109852116801437,1.6344959820657807,1.5109852116801437,1.6344959820657807
structured,332,S50,S50|20|0,1.551504027,1.5723281463470749,0.4525574167185087,0.0227733511524814,structured,1.729471248026422,1.5116043355560027,1.6354913396605801,1.5116043355560027,1.6354913396605801
structured,333,S50,S50|20|0,1.564022461,1.5734887093340155,0.4532952619859453,0.022867410704085,structured,1.729471248026422,1.512474018095171,1.636964793299236,1.512474018095171,1.636964793299236
structured,334,S50,S50|20|0,1.570885043,1.5729604028955144,0.4529594507748804,0.0227603754220584,structured,1.729471248026422,1.5122461103214573,1.6361122784116662,1.5122461103214573,1.6361122784116662
structured,335,S100,S100|20|0,1.566786998,1.5614748253845654,0.4456307755390299,0.012491518139214,structured,1.8602229012928744,1.5256091416063877,1.5981836787779444,1.5131563968746364,1.6113361681223237
structured,336,S100,S100|20|0,1.57161871,1.5621790994404736,0.4460817051777103,0.0125121954038592,structured,1.8602229012928744,1.5262385322572711,1.5989660116360376,1.5138388778058214,1.6120629312056
structured,337,S100,S100|20|0,1.576159572,1.5635858965413565,0.4469818350324354,0.0125713213347326,structured,1.8602229012928744,1.5274449546613653,1.6005819708279105,1.5152021428407099,1.6135146504475697
structured,338,S100,S100|20|0,1.574140115,1.5640181495136745,0.4472582466041722,0.0125204297947788,structured,1.8602229012928744,1.5280118659158262,1.6008728901735698,1.5156210201351101,1.6139607062127679
structured,339,S100,S100|20|0,1.575161986,1.5648734544621905,0.4478049609542207,0.0126197341102913,structured,1.8602229012928744,1.5285650852294284,1.6020442650061406,1.5164498584443071,1.6148433229388994
structured,340,S200,S200|20|0,1.55049502,1.5672159631833378,0.4493007733947735,0.0108258534973255,structured,1.8640561530082034,1.5359065216480967,1.599163647421134,1.5194666909377381,1.6164657572986056
structured,341,S200,S200|20|0,1.55748727,1.5672098817157123,0.4492968929599338,0.0108413686351781,structured,1.8640561530082034,1.5358561424012351,1.599203692025031,1.5194607947576928,1.616459484720734
structured,342,S200,S200|20|0,1.552948023,1.5675702899770738,0.4495268346101995,0.0107967058787509,structured,1.8640561530082034,1.5363372410243095,1.5994382928454485,1.5198102222527812,1.6168312188191765
structured,343,S200,S200|20|0,1.570748186,1.5698480153705974,0.4509788091778274,0.0106924962679594,structured,1.8640561530082034,1.5388684840059785,1.6014512071542488,1.5220185508736384,1.6191805217803852
structured,344,S200,S200|20|0,1.560910389,1.569157761262137,0.4505390176204341,0.0107229887411783,structured,1.8640561530082034,1.5381044235868453,1.6008380458247713,1.5213493271350298,1.6184685764222646
structured,345,S400,S400|20|0,1.569008578,1.565689237332642,0.4483261342826163,0.0101425839346813,structured,1.822880476977106,1.537007610452094,1.5949060832419837,1.5215061257490254,1.6111553850579954
structured,346,S400,S400|20|0,1.576788168,1.567298927799932,0.449353709571183,0.0104093816616716,structured,1.822880476977106,1.537839717806771,1.597322465169589,1.523070391407972,1.6128118194274808
structured,347,S400,S400|20|0,1.590173634,1.5661826822994431,0.4486412461285326,0.0101641709657845,structured,1.822880476977106,1.5374315160659235,1.5954715177241752,1.5219856459001553,1.6116631592040616
structured,348,S400,S400|20|0,1.579849587,1.566487508193272,0.4488358570363238,0.0101730880302312,structured,1.822880476977106,1.5377057509102423,1.5958079833368606,1.5222818697316085,1.6119768369560938
structured,349,S400,S400|20|0,1.569267854,1.565817104192654,0.4484077990446433,0.0101449258822966,structured,1.822880476977106,1.5371265727916403,1.5950431455553344,1.521630384258409,1.6112869650517558
structured,350,S600,S600|20|0,1.587079653,1.5723333517525249,0.4525607273485739,0.0100862516439017,structured,1.5981774307519638,1.547191122027114,1.597884148788442,1.5247916836403659,1.6213573274029116
structured,351,S600,S600|20|0,1.567946889,1.5735458538691078,0.4533315784190513,0.0101217582704144,structured,1.5981774307519638,1.548296373809925,1.5992071002115702,1.5259675240826622,1.6226076342726488
structured,352,S600,S600|20|0,1.571871059,1.572975225254157,0.4529688739547508,0.0101055975401502,structured,1.5981774307519638,1.5477748766046646,1.5985858774831,1.5254141492111344,1.6220192139576783
structured,353,S600,S600|20|0,1.569880939,1.5711093334065618,0.4517819516364509,0.0101662894759612,structured,1.5981774307519638,1.545788934508902,1.5968444865996003,1.5236046751777725,1.6200951452378567
structured,354,S600,S600|20|0,1.566603451,1.5726832359069394,0.4527832280229619,0.0100986647985514,structured,1.5981774307519638,1.5475047110375484,1.5982714255160089,1.5251309885646644,1.6217181206385634
structured,355,S800,S800|20|0,1.561161878,1.5716165157366118,0.4521047175147354,0.0110155288262321,structured,1.8640561530082034,1.5396746890394384,1.6042210020852137,1.52536903201914,1.6192661714565966
structured,356,S800,S800|20|0,1.567127956,1.5720895688248455,0.4524056700077991,0.0109013043965365,structured,1.8640561530082034,1.5404660899891662,1.6043622306708936,1.5258281647172678,1.6197535669856011
structured,357,S800,S800|20|0,1.5717416,1.56955202998136,0.4507902474234549,0.0105488563405699,structured,1.8640561530082034,1.5389903535749598,1.6007206082196008,1.5233652972615999,1.6171390928013012
structured,358,S800,S800|20|0,1.580639482,1.569687836642305,0.4508767694267421,0.0106090145874202,structured,1.8640561530082034,1.5389509307691103,1.6010386395305172,1.5234971075810213,1.6172790169683768
structured,359,D50,D50|20|1,2.106587464,2.0680767828724758,0.7266190850055023,0.0315777235209937,structured,2.0105181800626415,1.9408606287712065,2.2036314800017225,1.9408606287712065,2.2036314800017225
structured,360,D50,D50|20|1,2.117544335,2.0110665737265654,0.6986652150295181,0.0397546235515546,structured,2.0105181800626415,1.8565832231955868,2.1784042392664884,1.8565832231955868,2.1784042392664884
structured,361,D50,D50|20|1,2.118184975,2.02562923639858,0.7058803863146743,0.0376649415257889,structured,2.0105181800626415,1.877900385709537,2.1849794773871185,1.877900385709537,2.1849794773871185
structured,362,D50,D50|20|1,2.099811401,2.02366498919369,0.7049102185523314,0.0356419660717707,structured,2.0105181800626415,1.8837253735831876,2.1740005448344357,1.8837253735831876,2.1740005448344357
structured,363,D50,D50|20|1,2.091618493,2.0713825922701385,0.7282163032897564,0.0292429408375454,structured,2.0105181800626415,1.9531097366900032,2.196817599625107,1.9531097366900032,2.196817599625107
structured,364,D100,D100|20|1,2.060357876,2.0621323859373035,0.7237405862192683,0.0234365172154313,structured,1.832487448023662,1.9754445519054344,2.152624315893753,1.9754445519054344,2.152624315893753
structured,365,D100,D100|20|1,2.051589607,2.077267169453096,0.7310531690014611,0.0236671315272917,structured,1.832487448023662,1.9891023320582017,2.169339819144819,1.9891023320582017,2.169339819144819
structured,366,D100,D100|20|1,2.058574592,2.062931071341332,0.724127821675052,0.0234725265209408,structured,1.832487448023662,1.9760792631513624,2.1536001538312375,1.9760792631513624,2.1536001538312375
structured,367,D100,D100|20|1,2.052924413,2.059228678361805,0.722331484706125,0.0234511258522478,structured,1.832487448023662,1.972610102503655,2.1496507314880544,1.972610102503655,2.1496507314880544
structured,368,D100,D100|20|1,2.049683521,2.066247019987253,0.7257339279196324,0.0235923997626322,structured,1.832487448023662,1.9788208786553925,2.157535729311307,1.9788208786553925,2.157535729311307
structured,369,D200,D200|20|1,2.057366791,2.054827737374736,0.7201920183395754,0.0186720866927734,structured,1.6015160326882019,1.9942905481578361,2.117202548136634,1.9942905481578361,2.117202548136634
structured,370,D200,D200|20|1,2.058764596,2.0525755207640968,0.7190953561932918,0.0186973983536918,structured,1.6015160326882019,1.9920239316291513,2.1149676976994956,1.9920239316291513,2.1149676976994956
structured,371,D200,D200|20|1,2.057642712,2.06280264154088,0.7240655637546768,0.0188136190251007,structured,1.6015160326882019,2.0015767626048846,2.125901348100337,2.0015767626048846,2.125901348100337
structured,372,D200,D200|20|1,2.069375924,2.058983646121053,0.7222124853822752,0.0187003070997465,structured,1.6015160326882019,1.998233706779231,2.121580494119012,1.998233706779231,2.121580494119012
structured,373,D200,D200|20|1,2.056356092,2.061051880464261,0.7232164740632427,0.0187744964905709,structured,1.6015160326882019,2.0000032727386774,2.123963951393146,2.0000032727386774,2.123963951393146
structured,374,D400,D400|20|1,2.0430377,2.056056927705826,0.7207900357824698,0.0120378026882802,structured,1.8113246778185923,2.0117111266511087,2.1013802796847947,1.9967670600993452,2.1171072852918535
structured,375,D400,D400|20|1,2.067464556,2.0200783991230926,0.7031363221070441,0.01323486637127,structured,1.8113246778185923,1.9722276329343873,2.069090134657633,1.9618260330408162,2.08006044872319
structured,376,D400,D400|20|1,2.05092407,2.0578420191277065,0.7216578701930789,0.0120061307257584,structured,1.8113246778185923,2.013573228329829,2.103084067719805,1.9985006754007728,2.1189453813111077
structured,377,D400,D400|20|1,2.046116935,2.039961240408068,0.7129308078756599,0.0121933543910779,structured,1.8113246778185923,1.9954003046266529,2.085517303329191,1.9811355190788908,2.100533669853158
structured,378,D400,D400|20|1,2.040174013,2.0521413526846204,0.7188838102599272,0.0119354114716204,structured,1.8113246778185923,2.0082524276738316,2.0969894388606387,1.9929643972847433,2.113075445369624
structured,379,D600,D600|20|1,2.030799499,2.0262243701508997,0.706174145080113,0.010272096450028,structured,1.7530717842594967,1.9900632509502072,2.063042567231514,1.97142781906821,2.0825440112404934
structured,380,D600,D600|20|1,2.029389278,2.02470310322284,0.7054230741169464,0.0102091696370842,structured,1.7530717842594967,1.988788514934209,2.0612662560231096,1.969947692786844,2.0809804601465482
structured,381,D600,D600|20|1,2.035717652,2.026410545980402,0.7062660239853126,0.0103680699108109,structured,1.7530717842594967,1.989911276695672,2.063579290670353,1.9716089600192948,2.0827353618946858
structured,382,D600,D600|20|1,2.032341943,2.0308347957320367,0.7084469379466986,0.0103826338006244,structured,1.7530717842594967,1.9942049220346159,2.0681374927849028,1.9759135618034638,2.087282585272427
structured,383,D600,D600|20|1,2.038835416,2.0263212159215374,0.7062219401109645,0.0103005704837196,structured,1.7530717842594967,1.9900590280520167,2.0632441612110886,1.9715220457734102,2.0826435488744437
physics_residual,384,D800,D800|20|1,2.00530262,2.013843182759372,0.7000449276895578,0.0100008673628702,physics_residual,1.8820659579273764,1.9762925414813945,2.0521073067990305,1.9587897540424906,2.070443934259226
physics_residual,385,D800,D800|20|1,2.009512232,2.001395141539832,0.6938445081404596,0.0102337414385979,physics_residual,1.8820659579273764,1.9632159741956743,2.0403167889973606,1.946682011092355,2.057646030402039
physics_residual,386,D800,D800|20|1,2.00461922,1.9960659986989309,0.6911782428230475,0.011329505665412,physics_residual,1.8820659579273764,1.9539546916997848,2.0390848815925997,1.9414985536692788,2.0521671075324712
physics_residual,387,D800,D800|20|1,2.017234302,2.0096258856525355,0.697948578206263,0.0100403573054086,physics_residual,1.8820659579273764,1.9720073108799119,2.0479620831033896,1.9546877472758541,2.066108106480494
physics_residual,388,D800,D800|20|1,2.007206069,1.992401793825644,0.6893408425506775,0.0109750925418954,physics_residual,1.8820659579273764,1.951669176728059,2.0339845273852823,1.937934518979809,2.0483999171083465
structured,389,S50,S50|20|1,2.034582604,2.0333667709042653,0.709692927082959,0.0226200538208973,structured,1.729471248026422,1.9553558442061512,2.114490023526242,1.9553558442061512,2.114490023526242
structured,390,S50,S50|20|1,2.023307961,2.0333351735637253,0.7096773875420868,0.0226235432245849,structured,1.729471248026422,1.9553136591020432,2.1144699259913766,1.9553136591020432,2.1144699259913766
structured,391,S50,S50|20|1,2.025826924,2.0333936866062605,0.709706164008161,0.0226382771486809,structured,1.729471248026422,1.9553201010264265,2.11458465678317,1.9553201010264265,2.11458465678317
structured,392,S50,S50|20|1,2.013036975,2.033610091956499,0.7098125840472,0.0226627685597404,structured,1.729471248026422,1.9554453684128854,2.114899282235591,1.9554453684128854,2.114899282235591
structured,393,S50,S50|20|1,2.03287125,2.032226893889706,0.7091321838614717,0.0226773866490002,structured,1.729471248026422,1.954065933080117,2.113514226072572,1.954065933080117,2.113514226072572
structured,394,S100,S100|20|1,2.019725426,2.0276082202255687,0.7068568817731423,0.0125740756603963,structured,1.8602229012928744,1.9807316531976844,2.0755941816193038,1.9648657147157635,2.092354232625522
structured,395,S100,S100|20|1,2.039797618,2.0342602059713464,0.7101322176504214,0.0128573409200958,structured,1.8602229012928744,1.9861829825774684,2.083501178843264,1.9713118607691675,2.099218630980049
structured,396,S100,S100|20|1,2.036185006,2.026959370675008,0.7065368232013943,0.0126017076318492,structured,1.8602229012928744,1.9799960268623054,2.0750366337239856,1.9642369432286544,2.0916846638745614
structured,397,S100,S100|20|1,2.03838733,2.026501909380676,0.7063111092918893,0.0125426564381571,structured,1.8602229012928744,1.9797666268699197,2.0743404464880677,1.9637936376610028,2.091212594829906
structured,398,S100,S100|20|1,2.036193882,2.027171443426272,0.7066414437778791,0.0127650979489225,structured,1.8602229012928744,1.9796014097537422,2.0758845900974374,1.964442453580126,2.09190350857755
structured,399,S200,S200|20|1,2.012022796,2.013025722364536,0.6996389247004737,0.0106912043701878,structured,1.8640561530082034,1.9733052316552446,2.053545743403386,1.9516937071779759,2.076285097399113
structured,400,S200,S200|20|1,2.023972604,2.0136759969572475,0.6999619059609156,0.0106552305463165,structured,1.8640561530082034,1.9740750467635109,2.0540713623677807,1.9523241694797904,2.0769558068843748
structured,401,S200,S200|20|1,2.013429352,2.012828266151468,0.6995408306246381,0.0108272076315322,structured,1.8640561530082034,1.9726115162330393,2.053864937762886,1.9515022669771844,2.0760814361204587
structured,402,S200,S200|20|1,2.013525821,2.01135346938078,0.6988078633117095,0.010822679397575,structured,1.8640561530082034,1.9711828246771992,2.052342749817028,1.950072403689925,2.0745602938306944
structured,403,S200,S200|20|1,2.013365047,2.013050971284584,0.6996514673925137,0.0108316522257378,structured,1.8640561530082034,1.9728134268947526,2.0541092014810163,1.9517181868246214,2.0763111397669975
structured,404,S400,S400|20|1,2.000918649,2.0081397467885487,0.6972087944220795,0.0102950179850601,structured,1.822880476977106,1.970805233346749,2.046181517279574,1.9514708623175727,2.0664542425413504
structured,405,S400,S400|20|1,2.006587247,2.0092750813582945,0.6977740009783037,0.0101058030963556,structured,1.822880476977106,1.9725997243726179,2.046632321137225,1.9525741582088991,2.067622546162703
structured,406,S400,S400|20|1,2.007552339,2.011414430562509,0.6988381713897541,0.0101236187166248,structured,1.822880476977106,1.9746358951572454,2.0488779837322486,1.954653135851278,2.0698240200623137
structured,407,S400,S400|20|1,2.016135748,2.005450958053586,0.6958689522035113,0.0102022002786869,structured,1.822880476977106,1.9684994667169406,2.043096080623101,1.9488579501038692,2.0636873739020807
structured,408,S400,S400|20|1,2.007400124,2.0133896309855177,0.6998196852976984,0.010263319719087,structured,1.822880476977106,1.9760716922149166,2.0514123157223576,1.9565725969240966,2.0718565784539917
structured,409,S600,S600|20|1,2.002293432,2.005113704585258,0.69570076966689,0.0100943009804804,structured,1.5981774307519638,1.973025764825862,2.0377235006206122,1.9444863254329405,2.067631392275518
structured,410,S600,S600|20|1,2.009319501,2.008890522950087,0.6975825910428997,0.010038762362739,structured,1.5981774307519638,1.9769176071056425,2.041380540440003,1.9481489464839365,2.071525968526324
structured,411,S600,S600|20|1,2.017374996,2.005857107259473,0.6960714543303298,0.0100880390895417,structured,1.5981774307519638,1.9737770234854097,2.0384585932804495,1.945207250301688,2.068397973593472
structured,412,S600,S600|20|1,2.016442329,2.0047579842353827,0.6955233473559468,0.0101367454226525,structured,1.5981774307519638,1.9725419276339755,2.037500201669371,1.9441413607786027,2.0672645808769468
structured,413,S600,S600|20|1,2.004084507,2.0027608703400164,0.6945266638052704,0.0100879360585835,structured,1.5981774307519638,1.9707306298214453,2.035311697635975,1.9422046323771203,2.0652051987209292
structured,414,S800,S800|20|1,2.007171096,2.0070384861754227,0.6966602456021546,0.0105770290719639,structured,1.8640561530082034,1.9678549063815858,2.0470022824986804,1.9479779718703587,2.0678896492456933
structured,415,S800,S800|20|1,2.008164277,2.0049728115080057,0.6956305003214558,0.0105096280925134,structured,1.8640561530082034,1.9660765608430182,2.0446385735673736,1.9459730831864115,2.0657613456317443
structured,416,S800,S800|20|1,2.006201599,2.0063602694270317,0.6963222693400646,0.0104869327199815,structured,1.8640561530082034,1.9675203373022137,2.0459669231449427,1.9473197128010282,2.067190869723724
structured,417,S800,S800|20|1,2.010861938,2.006715336502531,0.6964992244295235,0.0106339843903781,structured,1.8640561530082034,1.9673291872673133,2.046890000827963,1.9476643314251225,2.0675567020359944
structured,418,S800,S800|20|1,2.001144559,2.005772166083423,0.6960291068598757,0.0105993025873116,structured,1.8640561530082034,1.966531658475563,2.0457956854626347,1.9467489153965822,2.0665849357442254
structured,419,D50,D50|20|2,2.484568666,2.3241251040997337,0.8433436689090247,0.0334028716153127,structured,2.0105181800626415,2.1731692550115422,2.4855668683191956,2.1731692550115422,2.4855668683191956
structured,420,D50,D50|20|2,2.497363881,2.3309115045184425,0.8462593947333936,0.032756785375529,structured,2.0105181800626415,2.1823478271838312,2.4895886779457745,2.1823478271838312,2.4895886779457745
structured,421,D50,D50|20|2,2.49842825,2.3265860132293663,0.8444019627042013,0.0329965638480195,structured,2.0105181800626415,2.1772481681006104,2.486166968130563,2.1772481681006104,2.486166968130563
structured,422,D50,D50|20|2,2.461581844,2.3419733818441304,0.8509938995448101,0.031870755151952,structured,2.0105181800626415,2.196614182453821,2.49695161083744,2.196614182453821,2.49695161083744
structured,423,D50,D50|20|2,2.435941445,2.436417460090188,0.8905287063024816,0.0258437770895071,structured,2.0105181800626415,2.31305537243309,2.5663588129272226,2.31305537243309,2.5663588129272226
structured,424,D100,D100|20|2,2.40022232,2.4517712085976933,0.896810705644514,0.0235843435028599,structured,1.832487448023662,2.34806760045615,2.5600549397048122,2.34806760045615,2.5600549397048122
structured,425,D100,D100|20|2,2.377815583,2.428763075778792,0.887382105443365,0.0234673045650588,structured,1.832487448023662,2.326531575673237,2.535486790700218,2.326531575673237,2.535486790700218
structured,426,D100,D100|20|2,2.394952399,2.4291474875947507,0.8875403676475562,0.0234614279566086,structured,1.832487448023662,2.3269248649059664,2.5358607858300344,2.3269248649059664,2.5358607858300344
structured,427,D100,D100|20|2,2.394366926,2.426087885072004,0.8862800361938145,0.0234300194654859,structured,1.832487448023662,2.3241277784890815,2.532521008771549,2.3241277784890815,2.532521008771549
structured,428,D100,D100|20|2,2.379854414,2.431016543109003,0.8883095003741818,0.0234631503836741,structured,1.832487448023662,2.3287079172393903,2.5378199597807782,2.3287079172393903,2.5378199597807782
structured,429,D200,D200|20|2,2.376433228,2.357134685084314,0.8574467649112845,0.0187448273401896,structured,1.6015160326882019,2.2874247544477004,2.428969046008706,2.2874247544477004,2.428969046008706
structured,430,D200,D200|20|2,2.409641323,2.3732088557349806,0.8642429869540358,0.0187416744545123,structured,1.6015160326882019,2.3030351762841077,2.44552073322051,2.3030351762841077,2.44552073322051
structured,431,D200,D200|20|2,2.405379084,2.390396791636494,0.8714593737685854,0.0186147964809507,structured,1.6015160326882019,2.3201862874263752,2.4627319161532464,2.3201862874263752,2.4627319161532464
structured,432,D200,D200|20|2,2.374945926,2.3700730545348807,0.8629207793702305,0.0187586252073302,structured,1.6015160326882019,2.2999296611286937,2.442355685380234,2.2999296611286937,2.442355685380234
structured,433,D200,D200|20|2,2.383753703,2.3595671751006613,0.8584782018365366,0.0187154545150942,structured,1.6015160326882019,2.28989302241322,2.4313612903825113,2.28989302241322,2.4313612903825113
structured,434,D400,D400|20|2,2.422115978,2.396691054514985,0.8740890587495065,0.0130221030446522,structured,1.8113246778185923,2.3408211863581143,2.4538944043517286,2.3275784276217273,2.4678558379067748
structured,435,D400,D400|20|2,2.412479091,2.427233844514249,0.8867522733655462,0.0122299501119991,structured,1.8113246778185923,2.3740559480803474,2.481602904396267,2.357240464782397,2.499305532878369
structured,436,D400,D400|20|2,2.389934264,2.4055615752859247,0.8777833795374774,0.0125383838893082,structured,1.8113246778185923,2.3515443802214913,2.460819596331433,2.336193151972333,2.4769897504436442
structured,437,D400,D400|20|2,2.384713733,2.396781894995541,0.8741269604886104,0.0129143555541368,structured,1.8113246778185923,2.341366819112743,2.4535085255693985,2.327666648563888,2.4679493757075006
structured,438,D400,D400|20|2,2.399226086,2.4360581665306533,0.890381227448725,0.0122164752563416,structured,1.8113246778185923,2.3827450951269333,2.490564098886353,2.365810322597436,2.5083918748842473
structured,439,D600,D600|20|2,2.360350625,2.350833783838574,0.854770066862288,0.0101763000229985,structured,1.7530717842594967,2.3092672869560102,2.3931484720079794,2.287258601632357,2.4161760612869605
structured,440,D600,D600|20|2,2.354270436,2.353448620283903,0.8558817504263235,0.010206792925189,structured,1.7530717842594967,2.3117123101496704,2.395938449606477,2.289802723293598,2.418863578059443
structured,441,D600,D600|20|2,2.37100385,2.352626090407246,0.8555321895138441,0.0101828008159659,structured,1.7530717842594967,2.3110015655329317,2.3950003339736003,2.289002437646685,2.4180181856666096
structured,442,D600,D600|20|2,2.328001537,2.341259172766908,0.8506888926614528,0.0101805209658321,structured,1.7530717842594967,2.2998449522720765,2.3834191555608455,2.2779429232200807,2.4063353204287448
structured,443,D600,D600|20|2,2.321628667,2.334968616389747,0.8479984505122264,0.0102284751832444,structured,1.7530717842594967,2.2934728547932326,2.377215160027076,2.271822486598135,2.399869915756087
physics_residual,444,D800,D800|20|2,2.324864186,2.346438090969208,0.8528984723411923,0.0107261779096204,physics_residual,1.8820659579273764,2.299544587831516,2.3942878706879935,2.282292350483722,2.4123867012849147
physics_residual,445,D800,D800|20|2,2.332444837,2.343580710078513,0.8516799777613445,0.0108531317718447,physics_residual,1.8820659579273764,2.296195603330187,2.3919436726934284,2.279513083229943,2.409449011308032
physics_residual,446,D800,D800|20|2,2.333356188,2.361620252195828,0.8593479310121731,0.0106316825997152,physics_residual,1.8820659579273764,2.3148349824437187,2.409351101862869,2.2970594694478597,2.4279955698848674
physics_residual,447,D800,D800|20|2,2.344244002,2.351332571917908,0.8549822193228634,0.0106715566578412,physics_residual,1.8820659579273764,2.3045781530054916,2.3990355269799823,2.28705302858207,2.417418745725286
physics_residual,448,D800,D800|20|2,2.392456042,2.364029906656472,0.8603677503337422,0.0105783162482174,physics_residual,1.8820659579273764,2.317429648657551,2.411567230445858,2.2994032499908035,2.4304729497049116
structured,449,S50,S50|20|2,2.358059239,2.301427990062374,0.8335297955225273,0.0226525904224321,structured,1.729471248026422,2.21300825588786,2.3933804943341945,2.21300825588786,2.3933804943341945
structured,450,S50,S50|20|2,2.359048519,2.321238088006001,0.842100701956372,0.0224221712452818,structured,1.729471248026422,2.2329469191199642,2.413020307412099,2.2329469191199642,2.413020307412099
structured,451,S50,S50|20|2,2.346389412,2.315981541931635,0.8398335898739963,0.0224515060355422,structured,1.729471248026422,2.2277772860945237,2.407678063713076,2.2277772860945237,2.407678063713076
structured,452,S50,S50|20|2,2.368014463,2.3242328810090576,0.8433900409439188,0.0224175230665406,structured,1.729471248026422,2.2358457751070966,2.4161140921738693,2.2358457751070966,2.4161140921738693
structured,453,S50,S50|20|2,2.377940402,2.324227070571498,0.8433875410030265,0.0224177129204383,structured,1.729471248026422,2.235839451500823,2.416108845360616,2.235839451500823,2.416108845360616
structured,454,S100,S100|20|2,2.355055985,2.360647704468901,0.8589360324288644,0.0124212135689226,structured,1.8602229012928744,2.3067273916761333,2.415828417663625,2.2875995928431396,2.436028403768128
structured,455,S100,S100|20|2,2.34418626,2.3650167879190453,0.8607851204045565,0.0124443107504713,structured,1.8602229012928744,2.310897387554058,2.4204036221007135,2.291833478951061,2.4405370017104793
structured,456,S100,S100|20|2,2.350460873,2.363332720917786,0.8600727927437855,0.0124324835255603,structured,1.8602229012928744,2.3093026646147763,2.418626902113924,2.2902015238824975,2.4387991587273223
structured,457,S100,S100|20|2,2.354754656,2.356570703705614,0.857207470625845,0.012421418198626,structured,1.8602229012928744,2.302742638442441,2.4116570340313284,2.2836487511870716,2.4318212153584597
structured,458,S100,S100|20|2,2.348310931,2.359378105743145,0.8583980697958515,0.0124179772970701,structured,1.8602229012928744,2.3055006717662754,2.4145146058861973,2.286369280703545,2.434718263948673
structured,459,S200,S200|20|2,2.31502858,2.311519491586673,0.8379050968512882,0.0107385710479141,structured,1.8640561530082034,2.2657091431457532,2.358256078962819,2.241093094652462,2.3841590395037557
structured,460,S200,S200|20|2,2.327331882,2.3122017445959484,0.8382002067765526,0.0106827564363205,structured,1.8640561530082034,2.2666136848510345,2.3587067101220267,2.241754561065987,2.384862732327983
structured,461,S200,S200|20|2,2.321342581,2.3156626208829056,0.8396958759054691,0.0107129272863719,structured,1.8640561530082034,2.2698786635420607,2.3623700508231704,2.2451099928399243,2.3884323667239666
structured,462,S200,S200|20|2,2.354421515,2.329569689968193,0.8456835681046273,0.0106651865889534,structured,1.8640561530082034,2.283713991736319,2.376346144944539,2.258593347234007,2.4027764657434094
structured,463,S200,S200|20|2,2.346264224,2.326473181020253,0.8443534646282369,0.0106533358940594,structured,1.8640561530082034,2.280728816632426,2.3731350358427115,2.255591181409312,2.399582648937622
structured,464,S400,S400|20|2,2.302433632,2.2974362424667305,0.8317938240320584,0.0102245999265112,structured,1.822880476977106,2.255012690017714,2.3406579091837334,2.2326035289008606,2.3641516372583093
structured,465,S400,S400|20|2,2.301666197,2.3014415985313192,0.8335357085594635,0.0101740702832503,structured,1.822880476977106,2.259152164548912,2.3445226552537153,2.2364958554512175,2.368273305108266
structured,466,S400,S400|20|2,2.301228007,2.305084518673809,0.8351173433138185,0.0101500955845477,structured,1.822880476977106,2.262827035522131,2.348131145164453,2.2400359738733484,2.372022012236705
structured,467,S400,S400|20|2,2.312349059,2.2930114591701347,0.8298660013208182,0.0103027301563567,structured,1.822880476977106,2.250349090824711,2.3364826254395172,2.2283036111838865,2.359598362402713
structured,468,S400,S400|20|2,2.29357413,2.3081513844864623,0.836446937693485,0.0101308768124432,structured,1.822880476977106,2.2659170603245307,2.3511729122793863,2.2430162939838394,2.37517793695758
structured,469,S600,S600|20|2,2.306805401,2.296822240701699,0.8315265331206149,0.0100325267880459,structured,1.5981774307519638,2.260289212511497,2.333945751800619,2.2273746515130854,2.368435144845673
structured,470,S600,S600|20|2,2.300352377,2.298428171331101,0.8322254855392147,0.0100291551404711,structured,1.5981774307519638,2.261881787463534,2.3355650538627444,2.228932024614334,2.370091146984392
structured,471,S600,S600|20|2,2.312753062,2.3051441917691373,0.835143230574117,0.010035559484244,structured,1.5981774307519638,2.2684678006394274,2.3424135636173395,2.2354449769088727,2.377016567052637
structured,472,S600,S600|20|2,2.305671252,2.3008802503981416,0.833291767281827,0.0100271801408137,structured,1.5981774307519638,2.264302024036837,2.3380493725982245,2.2313099616878462,2.372619679727329
structured,473,S600,S600|20|2,2.308124581,2.301877512908028,0.8337250998953492,0.0100340754791476,structured,1.5981774307519638,2.265258469346307,2.339088521744141,2.232277070589903,2.3736480360081047
structured,474,S800,S800|20|2,2.283433535,2.292608365010142,0.8296901933923434,0.0108715698758948,structured,1.8640561530082034,2.24661575871188,2.3395425296616312,2.2251444722795086,2.3621176875450285
structured,475,S800,S800|20|2,2.28344892,2.294730586057633,0.8306154449255438,0.0113306381425893,structured,1.8640561530082034,2.246771954498983,2.3437129220186708,2.227204243370312,2.3643042519620776
structured,476,S800,S800|20|2,2.305620968,2.2936817842790465,0.8301582925546571,0.0110980676082792,structured,1.8640561530082034,2.246718868768219,2.3416263604079144,2.2261863043643495,2.3632236516861043
structured,477,S800,S800|20|2,2.285418849,2.3004387508486284,0.8330998659810266,0.0104898347492752,structured,1.8640561530082034,2.2558937253590425,2.345863365333725,2.232744435723002,2.3701854819279164
structured,478,S800,S800|20|2,2.29616334,2.307636489428518,0.8362238359937776,0.0104908516400057,structured,1.8640561530082034,2.262947799511554,2.3532076915302205,2.2397303686273706,2.377601447894615
structured,479,D50,D50|20|3,2.690730088,2.759429958390367,1.015024121582309,0.0250862894645223,structured,2.0105181800626415,2.6237056285407356,2.9021753097725767,2.6237056285407356,2.9021753097725767
structured,480,D50,D50|20|3,2.738434207,2.8410498857678594,1.0441736619462807,0.0260630189745486,structured,2.0105181800626415,2.6960115804787352,2.9938908689658845,2.6960115804787352,2.9938908689658845
structured,481,D50,D50|20|3,2.817365633,2.792396953986044,1.026900350290582,0.0283814098366765,structured,2.0105181800626415,2.6375198104317175,2.9563685996937474,2.6375198104317175,2.9563685996937474
structured,482,D50,D50|20|3,2.759699812,2.825723745231313,1.038764524788816,0.0262523634446428,structured,2.0105181800626415,2.6804472657778273,2.978874005956999,2.6804472657778273,2.978874005956999
structured,483,D50,D50|20|3,2.814001244,2.681669295331624,0.9864394720112905,0.0368728637077645,structured,2.0105181800626415,2.4900577654311506,2.8880254544131967,2.4900577654311506,2.8880254544131967
structured,484,D100,D100|20|3,2.632649339,2.716625611217484,0.9993905260351854,0.0234674496630346,structured,1.832487448023662,2.6022767087908156,2.8359992181431046,2.6022767087908156,2.8359992181431046
structured,485,D100,D100|20|3,2.670840698,2.7190728946502425,1.0002909746511173,0.0235290729186415,structured,1.832487448023662,2.6043268733382847,2.8388745983121066,2.6043268733382847,2.8388745983121066
structured,486,D100,D100|20|3,2.656750954,2.721946149068616,1.0013471204437954,0.0234619058976374,structured,1.832487448023662,2.607399781325509,2.841524683515544,2.607399781325509,2.841524683515544
structured,487,D100,D100|20|3,2.667506004,2.725855962988771,1.0027824936497285,0.0235363209689427,structured,1.832487448023662,2.610789016707481,2.8459943271601205,2.610789016707481,2.8459943271601205
structured,488,D100,D100|20|3,2.657418213,2.7159897316145374,0.9991564289877334,0.0235549539763345,structured,1.832487448023662,2.6012504493961983,2.8357900808620182,2.6012504493961983,2.8357900808620182
structured,489,D200,D200|20|3,2.588700967,2.582398779806129,0.9487187265895584,0.018830903021747,structured,1.6015160326882019,2.5056814500509303,2.661464991014174,2.5056814500509303,2.661464991014174
structured,490,D200,D200|20|3,2.613579889,2.6150359287614164,0.9612778369106136,0.0187452711603345,structured,1.6015160326882019,2.5376970197631814,2.6947318200150017,2.5376970197631814,2.6947318200150017
structured,491,D200,D200|20|3,2.697432993,2.6640839276166965,0.9798602565425126,0.0189350584873837,structured,1.6015160326882019,2.58450876441909,2.746109152770022,2.58450876441909,2.746109152770022
structured,492,D200,D200|20|3,2.669193554,2.665237716685193,0.9802932531464074,0.0188801783960947,structured,1.6015160326882019,2.585855354571912,2.747057013023562,2.585855354571912,2.747057013023562
structured,493,D200,D200|20|3,2.699238938,2.668311517334579,0.9814458818575436,0.0189042525598276,structured,1.6015160326882019,2.588737792957649,2.7503312127281334,2.588737792957649,2.7503312127281334
structured,494,D400,D400|20|3,2.610637885,2.667750237848687,0.9812355096715708,0.0114779412678492,structured,1.8113246778185923,2.612859541605075,2.723794072439819,2.5908211624530484,2.746963563013084
structured,495,D400,D400|20|3,2.659162876,2.666807493009069,0.9808820614957344,0.0114722177683397,structured,1.8113246778185923,2.6119632727393167,2.722803294745677,2.5899056032501573,2.7459928253154877
structured,496,D400,D400|20|3,2.621120179,2.6699164389355974,0.9820471756436168,0.0114810686563184,structured,1.8113246778185923,2.6149663586122336,2.7260212229581495,2.5929248974798402,2.7491940849605587
structured,497,D400,D400|20|3,2.716696143,2.7091761294701264,0.9966445774051806,0.0117365124219448,structured,1.8113246778185923,2.6521906074158976,2.767386054368823,2.63105246865391,2.789619510798207
structured,498,D400,D400|20|3,2.661629247,2.714043034030716,0.9984394175989482,0.0117551246448872,structured,1.8113246778185923,2.656865568397202,2.772450995710081,2.635779027816878,2.7946309280227006
structured,499,D600,D600|20|3,2.72971974,2.629868117771457,0.9669336995983072,0.0099026354953037,structured,1.7530717842594967,2.5846075253652168,2.675921295204577,2.558746822035849,2.70296625571105
structured,500,D600,D600|20|3,2.633703639,2.6333213782717637,0.968245930897762,0.0099077660546925,structured,1.7530717842594967,2.5879780775164427,2.679459127380897,2.5621066936853474,2.7065155008391355
structured,501,D600,D600|20|3,2.607496322,2.638674446338006,0.9702766874021254,0.0099143956750599,structured,1.7530717842594967,2.5932088318512942,2.6849371898778296,2.5673149951245264,2.7120173593733345
structured,502,D600,D600|20|3,2.586980655,2.639889671189304,0.9707371250687749,0.0099195513147004,structured,1.7530717842594967,2.594379669156132,2.686197999045671,2.5684973558312496,2.713266361840022
structured,503,D600,D600|20|3,2.621748382,2.6795602350723824,0.985652689667398,0.0102814820518277,structured,1.7530717842594967,2.6316960218679957,2.7282949830523053,2.60709508192187,2.754039583431018
physics_residual,504,D800,D800|20|3,2.655372422,2.5911443536808028,0.9520996135289224,0.0099290828830806,physics_residual,1.8820659579273764,2.5431727727146574,2.640020817164205,2.5203089568675052,2.663970638725492
physics_residual,505,D800,D800|20|3,2.660303152,2.59572280538892,0.9538650155555496,0.0099118897201282,physics_residual,1.8820659579273764,2.5477489009210146,2.6446000545738277,2.5247622451731764,2.6686777716584453
physics_residual,506,D800,D800|20|3,2.611077525,2.579080934088713,0.9474331083721832,0.0100529863474206,physics_residual,1.8820659579273764,2.5307424672223715,2.6283426902305336,2.508575320952853,2.6515681666091457
physics_residual,507,D800,D800|20|3,2.607165303,2.593083006501681,0.9528475178072472,0.0099246465789609,physics_residual,1.8820659579273764,2.5450967839503824,2.641973979539979,2.522194611775837,2.6659637790096924
physics_residual,508,D800,D800|20|3,2.65987949,2.566596751079294,0.9425807999812812,0.0102551493410094,physics_residual,1.8820659579273764,2.5175342052594796,2.616615444147194,2.496432424238853,2.6387331051667666
structured,509,S50,S50|20|3,2.600572749,2.5147359771581432,0.9221678187798186,0.0226076728879048,structured,1.729471248026422,2.4183089103875557,2.615007953553816,2.4183089103875557,2.615007953553816
structured,510,S50,S50|20|3,2.600756865,2.51314336583696,0.9215343066106508,0.0225266471930888,structured,1.729471248026422,2.4171160580732542,2.612985651290938,2.4171160580732542,2.612985651290938
structured,511,S50,S50|20|3,2.611409827,2.514186669689965,0.9219493594759328,0.0226278927028453,structured,1.729471248026422,2.4176961186915964,2.6145281705078696,2.4176961186915964,2.6145281705078696
structured,512,S50,S50|20|3,2.606183706,2.5136562530896374,0.9217383677602242,0.0224194863698742,structured,1.729471248026422,2.4180574487243356,2.6130345918911027,2.4180574487243356,2.6130345918911027
structured,513,S50,S50|20|3,2.601032081,2.5167336758511096,0.9229619004043574,0.0224462102136961,structured,1.729471248026422,2.4209059393357193,2.6163546019061905,2.4209059393357193,2.6163546019061905
structured,514,S100,S100|20|3,2.602353853,2.616097624679381,0.9616837512011572,0.012357694336171,structured,1.8602229012928744,2.5566445732728735,2.6769332168420394,2.535144845935776,2.6996354045904005
structured,515,S100,S100|20|3,2.591555322,2.619916877155132,0.9631425909930492,0.0123686881988891,structured,1.8602229012928744,2.560324668150972,2.680896110007544,2.538845915092327,2.703576614239972
structured,516,S100,S100|20|3,2.593729911,2.616791725727416,0.9619490352557692,0.0123536434079805,structured,1.8602229012928744,2.5573421713923854,2.6776232810907676,2.535817468653631,2.700351669819176
structured,517,S100,S100|20|3,2.590178255,2.618587151762212,0.9626349172701164,0.0123661465241081,structured,1.8602229012928744,2.5590372877871275,2.6795227658849683,2.5375573368509916,2.7022044277759636
structured,518,S100,S100|20|3,2.585105566,2.611595460078036,0.959961321960794,0.0123425140801785,structured,1.8602229012928744,2.5523167971929968,2.6722508955789603,2.53078199675271,2.694989475921522
structured,519,S200,S200|20|3,2.549463877,2.579863523074704,0.9477364995013152,0.011167372334172,structured,1.8640561530082034,2.5267146217458945,2.6341304001686225,2.501261333833619,2.660935787741303
structured,520,S200,S200|20|3,2.553809437,2.576137389838598,0.946291141384543,0.0112327732322809,structured,1.8640561530082034,2.522757681692262,2.630646573583191,2.497648726846922,2.6570925606910483
structured,521,S200,S200|20|3,2.557795714,2.5788636170995023,0.947348843414628,0.0112873563194224,structured,1.8640561530082034,2.525170480344345,2.63369844030991,2.5002918925702065,2.659904459700113
structured,522,S200,S200|20|3,2.566834809,2.5745416105987142,0.9456715029676248,0.0113821186682701,structured,1.8640561530082034,2.5204931948840605,2.629749018230979,2.4961015671331017,2.655446634055487
structured,523,S400,S400|20|3,2.593864362,2.595651105987117,0.9538373930405734,0.0101157916418641,structured,1.822880476977106,2.548226211894209,2.6439586221051923,2.5224028906239297,2.67102638085925
structured,524,S400,S400|20|3,2.570231272,2.589156110093111,0.9513319963996748,0.0101267558494062,structured,1.822880476977106,2.5417990834292343,2.6373954598284937,2.5160911808645388,2.664342776373097
structured,525,S400,S400|20|3,2.541498191,2.583914407105867,0.9493054611867014,0.0101194153232771,structured,1.822880476977106,2.5366871968808917,2.6320208780407857,2.5109973965973396,2.658948859244842
structured,526,S400,S400|20|3,2.548421595,2.587750548981961,0.9507889844281444,0.0101142447996941,structured,1.822880476977106,2.540477168608173,2.6359035957899066,2.5147252841145735,2.662896399084897
structured,527,S400,S400|20|3,2.588285054,2.591450142102085,0.9522176194512012,0.0101071743212805,structured,1.822880476977106,2.544141967367158,2.6396380096471828,2.518320476226027,2.6667034249211126
structured,528,S600,S600|20|3,2.580068962,2.5792838429833296,0.9475117801619812,0.0101603795353194,structured,1.5981774307519638,2.537739415620956,2.6215083793569924,2.501295637560166,2.6597036522896147
structured,529,S600,S600|20|3,2.584900044,2.577223288268764,0.9467125745090864,0.0101554985240412,structured,1.5981774307519638,2.535731830645377,2.6193936587941002,2.4992973865601757,2.6575788512852645
structured,530,S600,S600|20|3,2.561216983,2.580167651462288,0.9478543780092736,0.0103155774696146,structured,1.5981774307519638,2.537979405787029,2.6230571826046787,2.5021527228704437,2.660615017142229
structured,531,S600,S600|20|3,2.587510212,2.582001013253811,0.9485646848541998,0.0102618817797549,structured,1.5981774307519638,2.540000751754527,2.6246957713845576,2.5039306504388574,2.6625055415473446
structured,532,S600,S600|20|3,2.581396513,2.581173517365023,0.948244147211722,0.0103039263671259,structured,1.5981774307519638,2.539016102188757,2.6240309074854458,2.5031281750298966,2.661652245062101
structured,533,S800,S800|20|3,2.560087009,2.5720572989683026,0.9447060841086776,0.0104509704728943,structured,1.8640561530082034,2.52243546278454,2.622655305469434,2.4963701470050967,2.6500392007622473
structured,534,S800,S800|20|3,2.596600528,2.575474043127608,0.94603361159089,0.0104722126407169,structured,1.8640561530082034,2.5256862782950007,2.6262432527058786,2.499686347667759,2.6535595367846083
structured,535,S800,S800|20|3,2.622113085,2.5726425649096383,0.9449336060086312,0.0104304639489294,structured,1.8640561530082034,2.523105882053626,2.6231518121617117,2.4969381905026484,2.6506422113126082
structured,536,S800,S800|20|3,2.569463249,2.5722191878971725,0.9447690235441206,0.0104451425102232,structured,1.8640561530082034,2.5226216331735984,2.6227918858614956,2.496527272077436,2.6502059979824515
structured,537,S800,S800|20|3,2.568817026,2.5755415173033893,0.9460598099880771,0.0104421213620926,structured,1.8640561530082034,2.5258941261522097,2.6261647464450038,2.4997518363013835,2.653629056701964
structured,538,D50,D50|20|3,2.984611462,3.0721465677006523,1.122376524987356,0.0262091273303066,structured,2.0105181800626415,2.914454299549012,3.238371085419102,2.914454299549012,3.238371085419102
structured,539,D50,D50|20|3,3.075366021,2.998996276858994,1.0982776583052791,0.0362656118731188,structured,2.0105181800626415,2.788112897954699,3.225830157455927,2.788112897954699,3.225830157455927
structured,540,D50,D50|20|3,3.115050296,2.993938160544487,1.0965896313233712,0.0367003216399316,structured,2.0105181800626415,2.7809788427895548,3.223205287018005,2.7809788427895548,3.223205287018005
structured,541,D50,D50|20|3,3.094452059,2.9988272968729843,1.0982213112040424,0.0357639869870425,structured,2.0105181800626415,2.7907689444074957,3.2223968861670897,2.7907689444074957,3.2223968861670897
structured,542,D50,D50|20|3,3.004673665,3.134354695014056,1.142423313986161,0.028973297356974,structured,2.0105181800626415,2.9569903366677206,3.3223576121752507,2.9569903366677206,3.3223576121752507
structured,543,D100,D100|20|3,2.895548145,2.990966486823037,1.095596574912031,0.0240296846333159,structured,1.832487448023662,2.862119629255492,3.1256137702481634,2.862119629255492,3.1256137702481634
structured,544,D100,D100|20|3,3.084940581,2.9967641591011684,1.0975330929128535,0.0240496699238005,structured,1.832487448023662,2.867562525449558,3.1317871347427415,2.867562525449558,3.1317871347427415
structured,545,D100,D100|20|3,2.95128913,2.9510645464144285,1.0821659684475986,0.0239718515455832,structured,1.832487448023662,2.8242359035242814,3.083588713760335,2.8242359035242814,3.083588713760335
structured,546,D100,D100|20|3,2.944572615,2.9476847234752235,1.0810200227040423,0.0238829976583117,structured,1.832487448023662,2.8214606991683833,3.0795556470342524,2.8214606991683833,3.0795556470342524
structured,547,D100,D100|20|3,2.924704326,2.947827561861861,1.0810684793536949,0.02389530216755,structured,1.832487448023662,2.8215338007507076,3.0797743171322063,2.8215338007507076,3.0797743171322063
structured,548,D200,D200|20|4,2.998124447,2.965935708529288,1.087192567327501,0.0188377882901004,structured,1.6015160326882019,2.8777926156130604,3.056778511211496,2.8777926156130604,3.056778511211496
structured,549,D200,D200|20|4,2.966529382,2.941402379473049,1.078886467443105,0.0190350308911616,structured,1.6015160326882019,2.8530869837521164,3.032451519088144,2.8530869837521164,3.032451519088144
structured,550,D200,D200|20|4,2.971769703,2.920473991175637,1.0717459288518731,0.0191081477446019,structured,1.6015160326882019,2.8324552750758345,3.011227894112113,2.8324552750758345,3.011227894112113
structured,551,D200,D200|20|4,2.937807548,2.950587130363939,1.0820041777904477,0.0188878331214935,structured,1.6015160326882019,2.862670728436321,3.0412035612020145,2.862670728436321,3.0412035612020145
structured,552,D200,D200|20|4,2.99205482,2.927396681914684,1.074113523608942,0.0191538875079488,structured,1.6015160326882019,2.838961356322554,3.018586820211529,2.838961356322554,3.018586820211529
structured,553,D400,D400|20|4,3.117623303,3.0512629043007213,1.1155555719010866,0.0130108521069442,structured,1.8113246778185923,2.980194880143307,3.1240256713393113,2.9632745946431593,3.1418638448128084
structured,554,D400,D400|20|4,3.108333693,3.0316989604984217,1.109123175416244,0.0132494624534457,structured,1.8113246778185923,2.959807099446585,3.1053370298374343,2.9442748101412506,3.1217189901666362
structured,555,D400,D400|20|4,3.026542576,3.077759475988651,1.1242018894097132,0.0123368608620483,structured,1.8113246778185923,3.009746418551539,3.147309465558461,2.9890070930186075,3.169147177389775
structured,556,D400,D400|20|4,3.01931705,3.0665344871866016,1.1205480924535978,0.0128154420134489,structured,1.8113246778185923,2.996171077750104,3.1385503421140437,2.978105795691725,3.1575888857637473
structured,557,D400,D400|20|4,2.919158592,3.0415217714437657,1.1123579728801665,0.0118073420404221,structured,1.8113246778185923,2.977163622885107,3.1072711674481672,2.9538143637737133,3.1318334691648597
structured,558,D600,D600|20|4,2.893907337,2.967748526835306,1.0878035935602808,0.0104209927332631,structured,1.7530717842594967,2.9140237126625284,3.022463846214118,2.8874897035050964,3.050238173262315
structured,559,D600,D600|20|4,2.976918996,2.9648856237598595,1.0868384562452182,0.0103911213455786,structured,1.7530717842594967,2.911365090948351,3.0193900412244243,2.884704223846785,3.0472956947577807
structured,560,D600,D600|20|4,3.111563662,2.965369135541712,1.0870015223536904,0.0103772841075798,structured,1.7530717842594967,2.911910509945469,3.019809187126453,2.8851746596936896,3.0477926459249343
structured,561,D600,D600|20|4,2.942187821,2.9521188827148817,1.0825231778497193,0.0106009290166047,structured,1.7530717842594967,2.89776279219503,3.0074945820807573,2.8722827423831916,3.0341740975161597
structured,562,D600,D600|20|4,2.996728535,2.957330356782134,1.084286954881073,0.0104115413947392,structured,1.7530717842594967,2.903842254557794,3.0118036974694347,2.877353279045313,3.0395304263948235
physics_residual,563,D800,D800|20|4,2.883213228,2.933925204635986,1.0763411867700758,0.0100769238991442,physics_residual,1.8820659579273764,2.8788063641338053,2.9900993736993913,2.85371903789128,3.016385632959517
physics_residual,564,D800,D800|20|4,2.97817025,2.936418135823388,1.0771905174455336,0.0101005864938891,physics_residual,1.8820659579273764,2.8811241488481296,2.9927733144855235,2.8561438185838486,3.0189486300685617
physics_residual,565,D800,D800|20|4,3.035298035,2.929567332968804,1.074854744196258,0.0101071520830571,physics_residual,1.8820659579273764,2.874366831086981,2.985827927590025,2.849480299520692,3.011905279654532
physics_residual,566,D800,D800|20|4,2.975689921,2.92325007684598,1.0726960373261485,0.0100775122315196,physics_residual,1.8820659579273764,2.8683286109683377,2.9792231542449175,2.8433357413579796,3.0054104717506025
physics_residual,567,D800,D800|20|4,2.974881534,2.925225983707849,1.073371737086766,0.0100834739124678,physics_residual,1.8820659579273764,2.8702351898544,2.981270345373205,2.845257631875128,3.0074419131318577
structured,568,S50,S50|20|4,2.764611869,2.748097082086292,1.010908702006195,0.0230350086798092,structured,1.729471248026422,2.640769407141888,2.8597868303634972,2.640769407141888,2.8597868303634972
structured,569,S50,S50|20|4,2.784814878,2.758028457728599,1.0145160975661005,0.0229772347089063,structured,1.729471248026422,2.650577738534917,2.869835078991248,2.650577738534917,2.869835078991248
structured,570,S50,S50|20|4,2.791268732,2.763530419899787,1.016508999974322,0.0231548706084943,structured,1.729471248026422,2.655049548898734,2.8764436373246682,2.655049548898734,2.8764436373246682
structured,571,S50,S50|20|4,2.77002425,2.76547499334144,1.0172124080473812,0.0230563269238854,structured,1.729471248026422,2.6573706421964594,2.877977131739318,2.6573706421964594,2.877977131739318
structured,572,S50,S50|20|4,2.879657362,2.7740304058840395,1.0203012828578168,0.0227600780373392,structured,1.729471248026422,2.6669576939533095,2.8854018607855316,2.6669576939533095,2.8854018607855316
structured,573,S100,S100|20|4,2.81862213,2.929844832972736,1.0749494635968668,0.0127941558330604,structured,1.8602229012928744,2.8609378249816477,3.000411498055572,2.8391834301721413,3.0234012547673204
structured,574,S100,S100|20|4,2.834304486,2.9487119185599697,1.0813684372214154,0.0128279928230938,structured,1.8602229012928744,2.8791799418685238,3.019923087201983,2.8574666908322506,3.0428708081021187
structured,575,S100,S100|20|4,2.875183276,2.931670397517798,1.07557236212474,0.0128073263702494,structured,1.8602229012928744,2.8626503179039147,3.0023545893566745,2.8409525042707826,3.0252851136236267
structured,576,S100,S100|20|4,2.824508975,2.938789313923867,1.0779976985534363,0.0128216728624525,structured,1.8602229012928744,2.8695250522663014,3.009725468265965,2.8478511322368187,3.0326313527665563
structured,577,S100,S100|20|4,2.820972955,2.939024613623673,1.0780777622311342,0.0127942906320187,structured,1.8602229012928744,2.8699009867657495,3.0098131326893856,2.848079150799882,3.0328741661058953
structured,578,S200,S200|20|4,2.957256887,2.872569735338696,1.0552070073264068,0.010756098067074,structured,1.8640561530082034,2.8155483448857472,2.9307459413269887,2.785049497184312,2.962840298790473
structured,579,S200,S200|20|4,2.7989606,2.8769496914880768,1.056730597968164,0.0107492406402038,structured,1.8640561530082034,2.8198774027775286,2.935177082237973,2.789296006684658,2.9673578951526
structured,580,S200,S200|20|4,2.964542875,2.878655069934558,1.0573231954681934,0.0107179065742854,structured,1.8640561530082034,2.8217137574427626,2.936745440533235,2.790949426382865,2.9691168651520967
structured,581,S200,S200|20|4,3.094040534,2.876013747524575,1.0564052199324157,0.0107106617126199,structured,1.8640561530082034,2.819162753834072,2.934011193465556,2.788388578665461,2.9663925391306525
structured,582,S200,S200|20|4,2.961390736,2.885084003202497,1.0595540167640665,0.0107007096045271,structured,1.8640561530082034,2.8281061796770786,2.943209758300295,2.7971824856346688,2.975747827781186
structured,583,S400,S400|20|4,2.87458441,2.8957681275730227,1.0632504048722016,0.0101824246377596,structured,1.822880476977106,2.8425145398487444,2.950019403986577,2.8140507322878583,2.9798585194127885
structured,584,S400,S400|20|4,2.947651822,2.8983572622683016,1.0641441152058269,0.0103161184782973,structured,1.822880476977106,2.844362781856382,2.953376718795627,2.8165668026582256,2.982522840152481
structured,585,S400,S400|20|4,2.9562895,2.90429792695506,1.066191683627031,0.0101424219235631,structured,1.822880476977106,2.851095369776761,2.9584932647047526,2.8223398242109075,2.988636016172774
structured,586,S400,S400|20|4,2.963229596,2.9007188998748643,1.0649586027797395,0.010155219052282,structured,1.822880476977106,2.8475154787408625,2.954916381986406,2.8188617958149176,2.984953057501263
structured,587,S400,S400|20|4,3.031494443,2.897447291979826,1.063830105205167,0.01013423253854,structured,1.822880476977106,2.8444126904164455,2.9514707335144483,2.815682511360086,2.981586445179864
structured,588,S600,S600|20|4,2.826666765,2.9027624501327924,1.0656628525977865,0.0101124575590863,structured,1.5981774307519638,2.8562265088600216,2.9500565924177833,2.814993422745036,2.9932680388589707
structured,589,S600,S600|20|4,2.783083499,2.898887467132554,1.064327031363581,0.0100684634264644,structured,1.5981774307519638,2.8526142095373572,2.9459113395011456,2.811235605201812,2.9892722372854714
structured,590,S600,S600|20|4,2.952572722,2.905755411994236,1.066693395051943,0.0101130553601499,structured,1.5981774307519638,2.8591687571101083,2.9531011393912734,2.8178958882754492,2.9963543186477186
structured,591,S600,S600|20|4,2.799750857,2.898213791862258,1.0640946133866538,0.0100615393778467,structured,1.5981774307519638,2.851982847217522,2.9451941450263437,2.810582299432729,2.988577557410769
structured,592,S600,S600|20|4,2.923157083,2.8915495048263185,1.0617925192810302,0.0101263245278038,structured,1.5981774307519638,2.845130270940396,2.9387260837437017,2.804119516309502,2.9817054837467505
structured,593,S800,S800|20|4,2.859815802,2.880143240345814,1.0578400291422343,0.0116024713429757,structured,1.8640561530082034,2.8185212586326744,2.943112477687634,2.7953901365968052,2.967465963448145
structured,594,S800,S800|20|4,2.921387841,2.8750522557839253,1.0560708500089773,0.0110301187881297,structured,1.8640561530082034,2.8165425572448006,2.9347774107749096,2.7904489628973477,2.9622206259259642
structured,595,S800,S800|20|4,2.794301319,2.8894577053784403,1.0610688393190064,0.0109349015142517,structured,1.8640561530082034,2.831157302484329,2.9489586551212317,2.804430507685,2.9770628326471678
structured,596,S800,S800|20|4,2.886741594,2.8776464988204804,1.056972772158243,0.0107516818099378,structured,1.8640561530082034,2.820547552133633,2.9359013521717205,2.792966865928952,2.9648935235110736
structured,597,S800,S800|20|4,2.757657512,2.877107573324039,1.0567854746677643,0.0107698141655277,structured,1.8640561530082034,2.8199240058471475,2.9354507324716996,2.7924437992300426,2.964338258396088
structured,598,D50,D50|60|0,1.562679674,1.5790651475942477,0.4568329931901167,0.0280961044691203,structured,2.0105181800626415,1.4923398604782687,1.6708303559939337,1.4923398604782687,1.6708303559939337
structured,599,D50,D50|60|0,1.567789136,1.5778397948578735,0.4560566930985724,0.027977865661768,structured,2.0105181800626415,1.4915363342380412,1.6691369570349426,1.4915363342380412,1.6691369570349426
structured,600,D50,D50|60|0,1.575701472,1.5776807209392718,0.4559558704812321,0.0265494645127867,structured,2.0105181800626415,1.495675118824943,1.6641825660501524,1.495675118824943,1.6641825660501524
structured,601,D50,D50|60|0,1.570019941,1.577593042413337,0.4559002946215551,0.0266972789473647,structured,2.0105181800626415,1.495147598315614,1.6645846940293871,1.495147598315614,1.6645846940293871
structured,602,D50,D50|60|0,1.552722579,1.57698426754068,0.4555143317362624,0.0274570285178268,structured,2.0105181800626415,1.4922894386950838,1.6664859480915708,1.4922894386950838,1.6664859480915708
structured,603,D100,D100|60|0,1.576622382,1.5705578130907338,0.4514308512201586,0.0239405364372358,structured,1.832487448023662,1.5031458099897357,1.6409930612634258,1.5031458099897357,1.6409930612634258
structured,604,D100,D100|60|0,1.574302539,1.569827954587528,0.4509660302902852,0.0239726876661695,structured,1.832487448023662,1.5023587620519052,1.6403271104424262,1.5023587620519052,1.6403271104424262
structured,605,D100,D100|60|0,1.583288008,1.567579900426619,0.449532965384779,0.0236849878027537,structured,1.832487448023662,1.5009984537881462,1.637114773849299,1.5009984537881462,1.637114773849299
structured,606,D100,D100|60|0,1.57697478,1.5680019361707078,0.449802156730201,0.0234190354213632,structured,1.832487448023662,1.5021344574484352,1.6367576548449474,1.5021344574484352,1.6367576548449474
structured,607,D100,D100|60|0,1.586395774,1.5709266256529295,0.4516656526785657,0.0238046885283641,structured,1.832487448023662,1.503873119217014,1.6409698608551202,1.503873119217014,1.6409698608551202
structured,608,D200,D200|60|0,1.573185206,1.5811993464376854,0.4581836391071974,0.0194018861547961,structured,1.6015160326882019,1.5328231134669381,1.6311023439097503,1.5328231134669381,1.6311023439097503
structured,609,D200,D200|60|0,1.581615633,1.5815904479123573,0.4584309533469004,0.0194745325620722,structured,1.6015160326882019,1.5330238802328175,1.6316956162142255,1.5330238802328175,1.6316956162142255
structured,610,D200,D200|60|0,1.577652296,1.5813776509569413,0.458296398113281,0.0194327924248216,structured,1.6015160326882019,1.5329200861726602,1.6313670213493576,1.5329200861726602,1.6313670213493576
structured,611,D200,D200|60|0,1.575414512,1.580559243309832,0.4577787358747529,0.0192076246492783,structured,1.6015160326882019,1.5326793562431147,1.6299348663086495,1.5326793562431147,1.6299348663086495
structured,612,D200,D200|60|0,1.573976112,1.5816868907726005,0.4584919298911278,0.0197443249558879,structured,1.6015160326882019,1.5324550801584753,1.6325003276332146,1.5324550801584753,1.6325003276332146
structured,613,D400,D400|60|0,1.570033462,1.5665177027454231,0.4488551321732092,0.012134460890233,structured,1.8113246778185923,1.5324621398750662,1.601330074761167,1.5213445239547851,1.6130322056411006
structured,614,D400,D400|60|0,1.574157889,1.5654098867463873,0.4481476981642274,0.012019812569047,structured,1.8113246778185923,1.531696454649777,1.5998653689406406,1.5202686536976353,1.6118914953374524
structured,615,D400,D400|60|0,1.57801922,1.5660395462443495,0.4485498502793564,0.0120712117673523,structured,1.8113246778185923,1.5321699008600451,1.6006579029026549,1.5208801559024954,1.612539851271778
structured,616,D400,D400|60|0,1.577174853,1.5656991034405914,0.4483324357098913,0.0120996661942291,structured,1.8113246778185923,1.5317578718600724,1.6003924168105144,1.5205495303409011,1.6121892997231562
structured,617,D400,D400|60|0,1.55836031,1.5639175012540332,0.4471938921730629,0.0127762880442754,structured,1.8113246778185923,1.5281408813759412,1.6005317183363494,1.5188193036568134,1.6103547965448504
structured,618,D600,D600|60|0,1.568375759,1.5684231298678029,0.4500707387563988,0.0101472739081556,structured,1.7530717842594967,1.5407693031309486,1.5965732892688904,1.526007206231137,1.6120180194822211
structured,619,D600,D600|60|0,1.564564806,1.5690470307242517,0.4504684482693109,0.0102015064339669,structured,1.7530717842594967,1.5412356659585735,1.5973602473658068,1.5266142345162879,1.6126592618892053
structured,620,D600,D600|60|0,1.561426419,1.5760143522267165,0.4548990981370616,0.0143568718409232,structured,1.7530717842594967,1.53684324420914,1.6161838546538112,1.533393134048193,1.619820242619224
structured,621,D600,D600|60|0,1.562924626,1.569314630304467,0.4506389828410185,0.0102621952916459,structured,1.7530717842594967,1.5413345280655097,1.5978026599965804,1.526874597220724,1.6129342994967857
structured,622,D600,D600|60|0,1.570899386,1.5682736411930671,0.449975422769066,0.0101557567255122,structured,1.7530717842594967,1.5405995397751495,1.5964448580972075,1.5258617602793703,1.611864375715566
physics_residual,623,D800,D800|60|0,1.560605139,1.5639339092490967,0.4472043837168802,0.010150823507074,physics_residual,1.8820659579273764,1.534339299112629,1.5940993455057297,1.521179873220937,1.6078895833142013
physics_residual,624,D800,D800|60|0,1.573095612,1.563081981108384,0.4466595011888332,0.0105356257294049,physics_residual,1.8820659579273764,1.53239329547918,1.5943852579319158,1.5203512346618402,1.6070137110186502
physics_residual,625,D800,D800|60|0,1.568672064,1.5629568230763558,0.4465794266664519,0.0109412954426755,physics_residual,1.8820659579273764,1.53110115697501,1.5954752693331062,1.5202294981369349,1.6068850353151718
physics_residual,626,D800,D800|60|0,1.584954696,1.5635237187317106,0.4469420680800074,0.0111711793497673,physics_residual,1.8820659579273764,1.530993960278708,1.5967446524685256,1.5207808962849272,1.6074678640483302
physics_residual,627,D800,D800|60|0,1.571780184,1.5635641976867047,0.4469679573137471,0.0104890542955118,physics_residual,1.8820659579273764,1.533000406863827,1.5947373460187402,1.5208202686466759,1.607509480698301
structured,628,S50,S50|60|0,1.585030001,1.5718916793849034,0.4522797853891704,0.023359123022906,structured,1.729471248026422,1.5096545559216212,1.6366945948181366,1.5096545559216212,1.6366945948181366
structured,629,S50,S50|60|0,1.575896097,1.5742799530507192,0.4537979950761013,0.0230058887234493,structured,1.729471248026422,1.5128722131612022,1.6381802435241741,1.5128722131612022,1.6381802435241741
structured,630,S50,S50|60|0,1.558030671,1.5741378693434889,0.453707737864167,0.0230035271581644,structured,1.729471248026422,1.5127418501125411,1.638025702479847,1.5127418501125411,1.638025702479847
structured,631,S50,S50|60|0,1.559559837,1.5743090812197815,0.4538164974393797,0.0229000015171504,structured,1.729471248026422,1.513177286219786,1.6379105778165128,1.513177286219786,1.6379105778165128
structured,632,S50,S50|60|0,1.558580143,1.5732630194235784,0.4531518188863441,0.0227756481757259,structured,1.729471248026422,1.5124970949264966,1.6364702693237774,1.5124970949264966,1.6364702693237774
structured,633,S100,S100|60|0,1.560233628,1.5761629851156935,0.4549934030401053,0.0141018297249539,structured,1.8602229012928744,1.5353538205054498,1.6180568429698945,1.5273900447658213,1.626493353261121
structured,634,S100,S100|60|0,1.565566604,1.5742810765102142,0.4537987087097164,0.0137600602791867,structured,1.8602229012928744,1.5344959096078008,1.6150977609914898,1.5255663701228352,1.6245513511540022
structured,635,S100,S100|60|0,1.575050725,1.5740879467970346,0.4536760231464981,0.0138026147259239,structured,1.8602229012928744,1.534186208513084,1.6150274657032109,1.5253792166342401,1.624352054382177
structured,636,S100,S100|60|0,1.558494761,1.5660909774244756,0.4485826912990662,0.0125319680417829,structured,1.8602229012928744,1.5300041339816295,1.6030289690706143,1.5176297062579087,1.6160997241006452
structured,637,S100,S100|60|0,1.576208874,1.565298121538779,0.4480762988466544,0.0126209397757233,structured,1.8602229012928744,1.5289764699307915,1.6024826133548902,1.5168613845816714,1.615281550573949
structured,638,S200,S200|60|0,1.583216207,1.5652438221753922,0.4480416087742208,0.0107884879370644,structured,1.8640561530082034,1.5340806268707066,1.5970400642212905,1.517554636286815,1.6144316417186233
structured,639,S200,S200|60|0,1.5638467,1.5643371008028346,0.4474621564959489,0.0108460718385588,structured,1.8640561530082034,1.5330273944329877,1.5962862593550273,1.5166755405170373,1.6134964266081462
structured,640,S200,S200|60|0,1.565238263,1.564719329555368,0.4477064657712474,0.0108800496649791,structured,1.8640561530082034,1.5333048556437314,1.5967774257496266,1.5170461236858135,1.6138906669071473
structured,641,S200,S200|60|0,1.556928929,1.563916331785561,0.4471931443913491,0.0108475784783762,structured,1.8640561530082034,1.5326107426890345,1.5958613786918125,1.5162675913119852,1.6130624349157865
structured,642,S200,S200|60|0,1.570737295,1.5633381174789582,0.4468233540064779,0.0109282837562069,structured,1.8640561530082034,1.531813640641002,1.595511362948777,1.5157069937940002,1.6124660502126182
structured,643,S400,S400|60|0,1.54696515,1.5631820220112145,0.4467235014797648,0.0102008685784514,structured,1.822880476977106,1.5343832937782955,1.5925212714758201,1.5190696630211964,1.6085753625539767
structured,644,S400,S400|60|0,1.570397211,1.562409349988762,0.4462290849382335,0.0103080400886778,structured,1.822880476977106,1.5333252758070477,1.5920450901374785,1.5183187954880204,1.6077802528603196
structured,645,S400,S400|60|0,1.560877234,1.564488524665049,0.4475589492741081,0.0103666498716786,structured,1.822880476977106,1.5352017192714655,1.5943340299085573,1.5203392967031033,1.6099198048201215
structured,646,S400,S400|60|0,1.554539254,1.5654866973982453,0.44819676439801,0.0106018395683097,structured,1.822880476977106,1.535522751871911,1.596035354567836,1.521309301408955,1.6109469635537712
structured,647,S400,S400|60|0,1.553679247,1.5647338479049726,0.4477157442929452,0.0102224280437066,structured,1.822880476977106,1.5358461697146277,1.5941648734485123,1.5205776970212714,1.6101722520169588
structured,648,S600,S600|60|0,1.563733267,1.5634331675620416,0.4468841515989129,0.0101370023004763,structured,1.5981774307519638,1.538308480251692,1.5889682081406382,1.5161606087977506,1.6121796432709865
structured,649,S600,S600|60|0,1.568274191,1.5631186724881068,0.446682974653137,0.0101032163023494,structured,1.5981774307519638,1.5380820872457248,1.588562798137985,1.5158556229162594,1.6118553425163227
structured,650,S600,S600|60|0,1.574524496,1.5665966405474394,0.4489055215260282,0.0118052285539353,structured,1.5981774307519638,1.5373169730384317,1.5964339672409051,1.5192284298130454,1.6154417505710694
structured,651,S600,S600|60|0,1.565081714,1.565503777877561,0.4482076749896906,0.0112998406427205,structured,1.5981774307519638,1.5374858612224902,1.594032270709941,1.5181686113537254,1.6143148134011127
structured,652,S600,S600|60|0,1.579240583,1.5712519936244995,0.4518727497358346,0.0254163960547602,structured,1.5981774307519638,1.5087067685354785,1.6363901050603042,1.5087067685354785,1.6363901050603042
structured,653,S800,S800|60|0,1.566374266,1.5640311570065848,0.4472665632844007,0.0108610531885647,structured,1.8640561530082034,1.5326847715322893,1.5960186370494138,1.5180068853455184,1.6114508331301611
structured,654,S800,S800|60|0,1.55938477,1.5640161215522286,0.4472569499678377,0.0110901871804577,structured,1.8640561530082034,1.532015545279335,1.5966851224275702,1.5179922923349285,1.6114353418176381
structured,655,S800,S800|60|0,1.551797708,1.5640658838667978,0.447288766470402,0.0113107661292157,structured,1.8640561530082034,1.531434477677037,1.5973925915437865,1.5180405903089225,1.6114866128699517
structured,656,S800,S800|60|0,1.559272305,1.564039018242426,0.4472715895372662,0.0109533424697866,structured,1.8640561530082034,1.532428825122871,1.5963012509821406,1.5180145152511506,1.611458932709884
structured,657,S800,S800|60|0,1.562510743,1.5640690753249855,0.4472908069566532,0.0112305391764902,structured,1.8640561530082034,1.5316666424105445,1.5971569822386014,1.518043687853036,1.611489901089584
structured,658,D50,D50|60|1,1.976807007,1.9258022418526533,0.6553426299383618,0.0362505643299441,structured,2.0105181800626415,1.7904378722661654,2.0714007071524736,1.7904378722661654,2.0714007071524736
structured,659,D50,D50|60|1,1.977099387,1.9208884684052956,0.6527878229678127,0.0402919166393377,structured,2.0105181800626415,1.771417709946128,2.082971445602548,1.771417709946128,2.082971445602548
structured,660,D50,D50|60|1,1.941417591,1.9590974250083373,0.6724838697361899,0.0263436336692591,structured,2.0105181800626415,1.8580350699389956,2.0656567697617856,1.8580350699389956,2.0656567697617856
structured,661,D50,D50|60|1,1.950789971,1.9523134374595563,0.6690150475695568,0.0266142617107659,structured,2.0105181800626415,1.8505938554969312,2.0596241291753654,1.8505938554969312,2.0596241291753654
structured,662,D50,D50|60|1,1.973459585,1.9266807615042445,0.6557987096490595,0.0351474933079745,structured,2.0105181800626415,1.7952315940450103,2.0677548061565054,1.7952315940450103,2.0677548061565054
structured,663,D100,D100|60|1,1.916011638,1.9064739286207968,0.6452554252263296,0.0234394259587819,structured,1.832487448023662,1.826319923493196,1.990145753630528,1.826319923493196,1.990145753630528
structured,664,D100,D100|60|1,1.936770574,1.927898521429888,0.6564305606900017,0.0233503515198102,structured,1.832487448023662,1.8471452416110554,2.0121821636991637,1.8471452416110554,2.0121821636991637
structured,665,D100,D100|60|1,1.935694889,1.9296941349003405,0.6573615110313703,0.0233821106743156,structured,1.832487448023662,1.8487580451665195,2.01417349555516,1.8487580451665195,2.01417349555516
structured,666,D100,D100|60|1,1.935043626,1.9243769695121504,0.65460226315159,0.0234487439865287,structured,1.832487448023662,1.8434387883956913,2.0088688293315204,1.8434387883956913,2.0088688293315204
structured,667,D100,D100|60|1,1.923452039,1.9277997923719976,0.65637934866568,0.0233866906338055,structured,1.832487448023662,1.846927655186568,2.0122131091778486,1.846927655186568,2.0122131091778486
structured,668,D200,D200|60|1,1.935862752,1.934449463092884,0.6598227708021416,0.0186256934289483,structured,1.6015160326882019,1.877598232430199,1.9930220750244885,1.877598232430199,1.9930220750244885
structured,669,D200,D200|60|1,1.931989992,1.9316499329734689,0.6583745252595783,0.0186708226147997,structured,1.6015160326882019,1.874745474919769,1.9902816214110817,1.874745474919769,1.9902816214110817
structured,670,D200,D200|60|1,1.931671261,1.9328139765656631,0.6589769599851434,0.0186824339348222,structured,1.6015160326882019,1.8758403440451292,1.9915180307678126,1.8758403440451292,1.9915180307678126
structured,671,D200,D200|60|1,1.937569797,1.931168702945571,0.6581253652157116,0.0186660025872115,structured,1.6015160326882019,1.8742928897126605,1.9897704247324006,1.8742928897126605,1.9897704247324006
structured,672,D200,D200|60|1,1.924824304,1.9300617038335612,0.6575519733039543,0.0187091929881609,structured,1.6015160326882019,1.873088927117878,1.9887673920195452,1.873088927117878,1.9887673920195452
structured,673,D400,D400|60|1,1.941402004,1.928356892264824,0.6566682891534572,0.0150282084209779,structured,1.8113246778185923,1.8765731563735353,1.9815695920596788,1.8727494704567131,1.98561546144151
structured,674,D400,D400|60|1,1.936789975,1.951039896771273,0.6683625108277226,0.0123561287357105,structured,1.8113246778185923,1.9078587691530704,1.9951983555276749,1.8947783722892613,2.0089719908477726
structured,675,D400,D400|60|1,1.941163574,1.9430893200680808,0.6642791395229994,0.0130599748618361,structured,1.8113246778185923,1.897663295395051,1.9896027471915894,1.8870570638683701,2.000785338214871
structured,676,D400,D400|60|1,1.937676406,1.930158135288829,0.657601934943087,0.0116910082291877,structured,1.8113246778185923,1.8897144315336145,1.9714674159514032,1.8744987716015897,1.9874701886513044
structured,677,D400,D400|60|1,1.931018644,1.9261148455204269,0.6555049406326832,0.0119394618322684,structured,1.8113246778185923,1.88490740707055,1.9682231520857512,1.870572076909828,1.9833068417566337
structured,678,D600,D600|60|1,1.927224159,1.9206486323888456,0.6526629583573881,0.0103607971768476,structured,1.7530717842594967,1.8860783704975255,1.955852538685366,1.8687072371282831,1.9740337575649407
structured,679,D600,D600|60|1,1.910781866,1.918827915793473,0.6517145391085649,0.0102782111684645,structured,1.7530717842594967,1.884563251272581,1.9537155719990091,1.8669357593987512,1.9721624334915966
structured,680,D600,D600|60|1,1.92201239,1.9211271821268252,0.6529120878035398,0.0103206685670544,structured,1.7530717842594967,1.8866810268902503,1.9562022394372913,1.8691728451232115,1.9745256087664125
structured,681,D600,D600|60|1,1.91966687,1.920817750384588,0.6527510070237047,0.0103453939763479,structured,1.7530717842594967,1.8862953792821326,1.9559719388151384,1.8688717815521008,1.974207576256698
structured,682,D600,D600|60|1,1.913762311,1.921357546544003,0.6530319916853873,0.0103782007147849,structured,1.7530717842594967,1.8867169607649052,1.956634141967405,1.8693969796402163,1.974762376246097
physics_residual,683,D800,D800|60|1,1.88915259,1.904622754640795,0.6442839599083708,0.0100349118434816,physics_residual,1.8820659579273764,1.868988908384242,1.9409359901614252,1.8525551388736663,1.958153774413983
physics_residual,684,D800,D800|60|1,1.900906673,1.9026891958413008,0.6432682517179866,0.0101366435168894,physics_residual,1.8820659579273764,1.8667340749982742,1.9393368474160209,1.8506744387289316,1.9561658713229084
physics_residual,685,D800,D800|60|1,1.913404801,1.8999501400379164,0.6418276437427581,0.0103090942479673,physics_residual,1.8820659579273764,1.863441875479944,1.9371736688596009,1.8480102618509346,1.9533498320591443
physics_residual,686,D800,D800|60|1,1.900392618,1.901960643113329,0.6428852715396706,0.0104107522363029,physics_residual,1.8820659579273764,1.865056876025726,1.9395946227980716,1.8499658028077994,1.9554168420095386
physics_residual,687,D800,D800|60|1,1.904667126,1.904134943454067,0.6440278075206045,0.0104721994972344,physics_residual,1.8820659579273764,1.8669730645795093,1.9420365251490284,1.8520806632230047,1.957652252884764
structured,688,S50,S50|60|1,1.899997057,1.9034133196288807,0.643648758440217,0.0225835234545085,structured,1.729471248026422,1.8305037532031314,1.9792268980606633,1.8305037532031314,1.9792268980606633
structured,689,S50,S50|60|1,1.916839241,1.912158094403224,0.6482324965682985,0.022754914971353,structured,1.729471248026422,1.838368558594783,1.9889094386963502,1.838368558594783,1.9889094386963502
structured,690,S50,S50|60|1,1.899315305,1.906439633993952,0.6452374365537398,0.0226312654950289,structured,1.729471248026422,1.8332627696974244,1.9825374398798603,1.8332627696974244,1.9825374398798603
structured,691,S50,S50|60|1,1.899928153,1.903892615296308,0.6439005352494103,0.0225720829076263,structured,1.729471248026422,1.831000917624608,1.979686113583354,1.831000917624608,1.979686113583354
structured,692,S50,S50|60|1,1.912556384,1.904719077332224,0.6443345317371532,0.0226219970349904,structured,1.729471248026422,1.831637615023878,1.9807164549337037,1.831637615023878,1.9807164549337037
structured,693,S100,S100|60|1,1.901407517,1.8987893402168985,0.6412164937214513,0.0124542734219696,structured,1.8602229012928744,1.8553043804282958,1.9432935083616951,1.8400330186296519,1.959421881030382
structured,694,S100,S100|60|1,1.901510538,1.9036088771884083,0.643751493622514,0.0124008869702134,structured,1.8602229012928744,1.86019827161076,1.9480325364310223,1.8447034193814653,1.9643953164707415
structured,695,S100,S100|60|1,1.915035485,1.9041183266632031,0.6440190807948931,0.0123954931348983,structured,1.8602229012928744,1.8607147732371585,1.9485343235207202,1.8451971044022792,1.9649210337933796
structured,696,S100,S100|60|1,1.913200167,1.902537864418589,0.6431887130095759,0.0124130101576813,structured,1.8602229012928744,1.859109755813179,1.946980437399298,1.843665548134718,1.9632901038957609
structured,697,S100,S100|60|1,1.907698465,1.903031181699336,0.6434479737285549,0.0124084658704471,structured,1.8602229012928744,1.8596075323476409,1.9474688156097186,1.844143600157662,1.9637991738877358
structured,698,S200,S200|60|1,1.905498373,1.906229732639177,0.6451273292589274,0.0105979538365291,structured,1.8640561530082034,1.8689413511903916,1.9442620771824621,1.848151532439147,1.9661330414838554
structured,699,S200,S200|60|1,1.91729971,1.904786383312779,0.6443698675471458,0.0107483812653765,structured,1.8640561530082034,1.8670026450833785,1.9433347754532744,1.8467521584687627,1.9646443348749694
structured,700,S200,S200|60|1,1.910400488,1.9058866989273575,0.6449473590408592,0.0108677223210992,structured,1.8640561530082034,1.8676656104342142,1.944889967912255,1.8478189501331836,1.9657792279305348
structured,701,S200,S200|60|1,1.897281321,1.9067782988888,0.6454150633779595,0.011117600588426,structured,1.8640561530082034,1.8676691911548924,1.946706353744063,1.8486833852045954,1.9666988464392383
structured,702,S200,S200|60|1,1.895335741,1.9064978639976928,0.6452679799359881,0.0108171473574806,structured,1.8640561530082034,1.8684406572008998,1.9453302364298466,1.8484114944849857,1.9664095988758679
structured,703,S400,S400|60|1,1.889473327,1.8984555700903707,0.6410406977771438,0.0101445621126234,structured,1.822880476977106,1.8636713261711935,1.9338890398725197,1.8448819283421902,1.9535849401732863
structured,704,S400,S400|60|1,1.893931912,1.89814404766624,0.6408765917579716,0.0101644037031562,structured,1.822880476977106,1.8632981170173193,1.9336416394056208,1.8445791969537881,1.9532643714299893
structured,705,S400,S400|60|1,1.893219697,1.900080489864134,0.641896248361491,0.0101009845091333,structured,1.822880476977106,1.8654146501460256,1.9353905404783387,1.8464609935427938,1.9552570460940284
structured,706,S400,S400|60|1,1.907870918,1.897051325115327,0.6403007465253678,0.0104501185192467,structured,1.822880476977106,1.8612558154446084,1.9335352509091563,1.8435173105875062,1.952139917240551
structured,707,S400,S400|60|1,1.898590819,1.8998510911474504,0.641775510020775,0.0101040536647378,structured,1.822880476977106,1.8651790015193457,1.9351677054019845,1.8462380683643158,1.9550209858536576
structured,708,S600,S600|60|1,1.902126597,1.904369701447234,0.6441510884486079,0.0104695287673444,structured,1.5981774307519638,1.872770572302034,1.936502000526596,1.846788456218197,1.9637462794286298
structured,709,S600,S600|60|1,1.88602699,1.902780508237205,0.6433162417970164,0.0100508295440505,structured,1.5981774307519638,1.8724602967738178,1.9335916861711597,1.8452473144573553,1.9621075365673482
structured,710,S600,S600|60|1,1.896243659,1.9024347024008053,0.643134488167742,0.0100391172148137,structured,1.5981774307519638,1.8721550446271467,1.9332040940122253,1.8449119645374996,1.9617509488080918
structured,711,S600,S600|60|1,1.896482114,1.9016115211348417,0.6427016956986498,0.0100332076915071,structured,1.5981774307519638,1.8713626392724227,1.9323493487711718,1.8441136732927896,1.9609021014718302
structured,712,S600,S600|60|1,1.901931071,1.901129324022221,0.6424480906622615,0.0100317627185788,structured,1.5981774307519638,1.8708924329460985,1.931854896096699,1.8436460560751171,1.960404869875916
structured,713,S800,S800|60|1,1.902341294,1.893210820378175,0.6382742344245881,0.0105308953282569,structured,1.8640561530082034,1.8564091442894886,1.9307420572789822,1.8374998783560725,1.950610855878622
structured,714,S800,S800|60|1,1.900172569,1.8915668662752336,0.6374055153914329,0.0106754798589339,structured,1.8640561530082034,1.8542973207662765,1.9295854928548954,1.8359043003931417,1.9489170589251887
structured,715,S800,S800|60|1,1.905278369,1.8948747830729376,0.6391527588171034,0.0105889737404589,structured,1.8640561530082034,1.8578396183620411,1.9326482264875537,1.8391148761240468,1.9523252680620113
structured,716,S800,S800|60|1,1.903246777,1.892640725701816,0.6379730632488411,0.0105367911090543,structured,1.8640561530082034,1.8558297357440907,1.9301818736883563,1.836946559683273,1.9500234765690305
structured,717,S800,S800|60|1,1.900872555,1.8944185208196125,0.6389119422748413,0.0104844839607689,structured,1.8640561530082034,1.8577540821894327,1.931806564943627,1.8386720401620085,1.9518551724472577
structured,718,D50,D50|60|2,2.174585394,2.1687199702726727,0.7741371180570168,0.0259043981357003,structured,2.0105181800626415,2.0586611712841165,2.2846626608912666,2.0586611712841165,2.2846626608912666
structured,719,D50,D50|60|2,2.186009433,2.1280288698576912,0.7551961380498206,0.030995357414785,structured,2.0105181800626415,1.999464527515314,2.2648598205316843,1.999464527515314,2.2648598205316843
structured,720,D50,D50|60|2,2.184639492,2.131455500663568,0.7568050800000713,0.0318395699617825,structured,2.0105181800626415,1.999287857190122,2.2723603982140097,1.999287857190122,2.2723603982140097
structured,721,D50,D50|60|2,2.192962284,2.137583419812869,0.7596759478802901,0.0300125490668952,structured,2.0105181800626415,2.0124143539293704,2.2705378083480157,2.0124143539293704,2.2705378083480157
structured,722,D50,D50|60|2,2.16369584,2.163104278992744,0.7715443561614724,0.027335191540036,structured,2.0105181800626415,2.0474322695533766,2.2853113098668665,2.0474322695533766,2.2853113098668665
structured,723,D100,D100|60|2,2.11272867,2.137096879475441,0.7594483096451641,0.023368481693542,structured,1.832487448023662,2.047512947442588,2.230600337823617,2.047512947442588,2.230600337823617
structured,724,D100,D100|60|2,2.124306279,2.1328102787346186,0.757440489792387,0.0234071126733529,structured,1.832487448023662,2.043261385449579,2.2262837821286143,2.043261385449579,2.2262837821286143
structured,725,D100,D100|60|2,2.122002279,2.134809946812413,0.758377624831803,0.0234710827234848,structured,1.832487448023662,2.0449373643571596,2.2286323231429983,2.0449373643571596,2.2286323231429983
structured,726,D100,D100|60|2,2.124775808,2.133334846136564,0.7576864108237794,0.0234028749921248,structured,1.832487448023662,2.043779799092898,2.226814047071248,2.043779799092898,2.226814047071248
structured,727,D100,D100|60|2,2.117765849,2.1324137812722617,0.7572545687444323,0.0233556548336407,structured,1.832487448023662,2.043074179787723,2.2256600272009317,2.043074179787723,2.2256600272009317
structured,728,D200,D200|60|2,2.109818744,2.1091026567449425,0.7462625758667593,0.0186882800218376,structured,1.6015160326882019,2.0469133914389257,2.1731813545669993,2.0469133914389257,2.1731813545669993
structured,729,D200,D200|60|2,2.112322092,2.1056402266754253,0.7446195665804589,0.0186948118624892,structured,1.6015160326882019,2.0435316778313335,2.169636425161245,2.0435316778313335,2.169636425161245
structured,730,D200,D200|60|2,2.111399747,2.106062868249322,0.7448202652364608,0.0186915830560767,structured,1.6015160326882019,2.0439524222724748,2.17006069059433,2.0439524222724748,2.17006069059433
structured,731,D200,D200|60|2,2.102545668,2.110010097418897,0.7466927329831109,0.018677039567137,structured,1.6015160326882019,2.0478309394499417,2.174077227491041,2.0478309394499417,2.174077227491041
structured,732,D200,D200|60|2,2.107358134,2.109542146486549,0.7464709317552947,0.01867894352931,structured,1.6015160326882019,2.0473705354969374,2.1736016957589617,2.0473705354969374,2.1736016957589617
structured,733,D400,D400|60|2,2.146058733,2.1563054947998346,0.7683963381851131,0.0129431748821594,structured,1.8113246778185923,2.106340425345441,2.207455799145769,2.094124790762392,2.220332526225047
structured,734,D400,D400|60|2,2.155542539,2.1526923725665164,0.7667193250180985,0.0124106388446183,structured,1.8113246778185923,2.104840365962372,2.2016322595501294,2.090615858999665,2.2166121198006277
structured,735,D400,D400|60|2,2.156566308,2.141263117082212,0.7613958965368862,0.0134955835422119,structured,1.8113246778185923,2.089554766762377,2.1942510478826973,2.079516185364663,2.204843496215734
structured,736,D400,D400|60|2,2.134518523,2.123759816087319,0.7531880160473872,0.0115273386763931,structured,1.8113246778185923,2.0798759718836544,2.1685695769360738,2.0625176215609824,2.1868204709027665
structured,737,D400,D400|60|2,2.110115309,2.120186197912121,0.7515039140309929,0.011471567257586,structured,1.8113246778185923,2.0765859628063614,2.164701868514087,2.059047054690264,2.183140741527761
structured,738,D600,D600|60|2,2.109465836,2.1158029485214227,0.7494343851424098,0.0099967142365111,structured,1.7530717842594967,2.0790466087985053,2.15320911903895,2.058583863578266,2.1746124586785616
structured,739,D600,D600|60|2,2.102792121,2.120431994979492,0.7516198391421282,0.0101223532038025,structured,1.7530717842594967,2.0831363682073514,2.1583953474932382,2.063087723613528,2.1793701711614535
structured,740,D600,D600|60|2,2.123117965,2.112805580110527,0.7480167230946695,0.0099808779837433,structured,1.7530717842594967,2.0761589492442405,2.150099066822961,2.0556675550211856,2.1715317773258214
structured,741,D600,D600|60|2,2.104946989,2.109518137921344,0.7464595507540351,0.0099397904773595,structured,1.7530717842594967,2.073077844836069,2.146598973745256,2.05246901734648,2.168152959488943
structured,742,D600,D600|60|2,2.118912553,2.112896254813964,0.7480596389022645,0.0099696319636207,structured,1.7530717842594967,2.076288984995272,2.1501489512631795,2.055755777547513,2.171624972365519
physics_residual,743,D800,D800|60|2,2.11901124,2.1119284962703904,0.7476015093383096,0.0100478541330844,physics_residual,1.8820659579273764,2.0723656588875596,2.152246614505838,2.054193660747964,2.17128601776274
physics_residual,744,D800,D800|60|2,2.086614536,2.111377228052437,0.7473404492791674,0.0100334496809072,physics_residual,1.8820659579273764,2.0718808857951374,2.1516264905487343,2.053657462822376,2.1707192556892174
physics_residual,745,D800,D800|60|2,2.095935746,2.115368283428303,0.7492289266200194,0.0104546617530517,physics_residual,1.8820659579273764,2.074152348829569,2.157403228870578,2.0575394127403186,2.174822483023399
physics_residual,746,D800,D800|60|2,2.099875733,2.1171193527353247,0.7500563688041229,0.0101282456391975,physics_residual,1.8820659579273764,2.0771449746311452,2.1578630324165884,2.059242612198239,2.1766227676017755
physics_residual,747,D800,D800|60|2,2.115936961,2.106502128361253,0.7450288128144219,0.0104461799157533,physics_residual,1.8820659579273764,2.0654919143060773,2.1483265976769808,2.0489156361465057,2.165707137232858
structured,748,S50,S50|60|2,2.102431834,2.0782608823285798,0.7315314297096273,0.0225161809896195,structured,1.729471248026422,1.9988866330371078,2.1607870219506258,1.9988866330371078,2.1607870219506258
structured,749,S50,S50|60|2,2.100273804,2.0790050777840223,0.7318894512894504,0.0224934240844279,structured,1.729471248026422,1.9996811064376225,2.1614756970683895,1.9996811064376225,2.1614756970683895
structured,750,S50,S50|60|2,2.105827904,2.0777670881724988,0.731293801781274,0.0225166580301229,structured,1.729471248026422,1.9984100494340182,2.1602754018953725,1.9984100494340182,2.1602754018953725
structured,751,S50,S50|60|2,2.113033012,2.077114736211223,0.7309797846832147,0.0224778262732935,structured,1.729471248026422,1.997916785430667,2.159452114746518,1.997916785430667,2.159452114746518
structured,752,S50,S50|60|2,2.104644152,2.077477808235517,0.731154565733984,0.0224892492529116,structured,1.729471248026422,1.998226537160597,2.159872248440758,1.998226537160597,2.159872248440758
structured,753,S100,S100|60|2,2.072598857,2.092406608551907,0.7383148908690652,0.0124138059373076,structured,1.8602229012928744,2.0446414514782325,2.141287614190925,2.0276589754262058,2.1592217767247672
structured,754,S100,S100|60|2,2.084589502,2.0992709227046724,0.7415901047841233,0.012424151727031,structured,1.8602229012928744,2.0513095892476696,2.1483536322421224,2.034310879575769,2.166305283601659
structured,755,S100,S100|60|2,2.093344018,2.0987000053365925,0.7413181079640472,0.0124908754416072,structured,1.8602229012928744,2.050497189915517,2.1480359661362356,2.0337576287301244,2.1657161355800314
structured,756,S100,S100|60|2,2.07970639,2.1012498839569296,0.7425323505149543,0.0124081638825623,structured,1.8602229012928744,2.05330440416547,2.1503149098944787,2.0362286036590134,2.168347437461097
structured,757,S100,S100|60|2,2.09527821,2.0942005959829286,0.7391719034585821,0.0126877472948236,structured,1.8602229012928744,2.0453519254530192,2.144215908098008,2.029397449536088,2.1610730501399824
structured,758,S200,S200|60|2,2.089254246,2.091829501063835,0.7380390424338369,0.0107507306531927,structured,1.8640561530082034,2.0503265575101572,2.1341725519249612,2.028096525721502,2.157565286476828
structured,759,S200,S200|60|2,2.083163123,2.091981966252028,0.7381119258271021,0.0105165425530846,structured,1.8640561530082034,2.051371307436006,2.1333965875703482,2.02824434566491,2.1577225428867184
structured,760,S200,S200|60|2,2.090858734,2.089793888705294,0.7370654432693033,0.0105498055551793,structured,1.8640561530082034,2.0490986495420764,2.131297338098371,2.0261229335382134,2.155465704957743
structured,761,S200,S200|60|2,2.098389623,2.092416392849242,0.7383195669556436,0.0105149393050653,structured,1.8640561530082034,2.0518034326110346,2.1338332373743625,2.028665536336542,2.1581706213487517
structured,762,S200,S200|60|2,2.085890942,2.0914119252141905,0.7378394001906671,0.0105293829322904,structured,1.8640561530082034,2.050763246344857,2.132866311469185,2.0276916723959997,2.157134588297456
structured,763,S400,S400|60|2,2.094851401,2.088603639035719,0.7364957273943219,0.0100925395040537,structured,1.822880476977106,2.0505298725562904,2.127384350443545,2.029664096349282,2.1492547307899725
structured,764,S400,S400|60|2,2.109402368,2.086909078712752,0.7356840616035336,0.0100814729065536,structured,1.822880476977106,2.0489075352369683,2.125615445262152,2.028017355827364,2.1475109620237607
structured,765,S400,S400|60|2,2.105495945,2.090199515252672,0.7372595232639114,0.0101038163892118,structured,1.822880476977106,2.052054473764561,2.1290536237800506,2.0312149375904003,2.1508969497562402
structured,766,S400,S400|60|2,2.094026671,2.0893111740152834,0.7368344298418289,0.0100931931248999,structured,1.822880476977106,2.051222065697309,2.128107558350184,2.0303516649803486,2.149982811922077
structured,767,S400,S400|60|2,2.100462011,2.093920185990792,0.7390379961492405,0.0102140748950984,structured,1.822880476977106,2.0552941130902442,2.1332721761691715,2.0348306125180695,2.1547256652847206
structured,768,S600,S600|60|2,2.067569824,2.084674370208222,0.7346126656956443,0.0106700513901348,structured,1.5981774307519638,2.0494265665351414,2.1205283959748695,2.02164136456734,2.1496726897122644
structured,769,S600,S600|60|2,2.077971448,2.0899102627035813,0.7371211285494581,0.010578091231262,structured,1.5981774307519638,2.0548759103831498,2.1255419288746014,2.0267189426295626,2.155071832746013
structured,770,S600,S600|60|2,2.093497015,2.088135006853335,0.7362713263847869,0.0106469596845641,structured,1.5981774307519638,2.052904450828267,2.12397016582392,2.024997364089126,2.1532412259744884
structured,771,S600,S600|60|2,2.071425418,2.086134763921533,0.7353129584810627,0.0102534125463434,structured,1.5981774307519638,2.0522283154563135,2.1206014070000263,2.0230576012619417,2.1511786172214227
structured,772,S600,S600|60|2,2.078372912,2.084362611843117,0.7344631067605578,0.0101894102552239,structured,1.5981774307519638,2.050694715308613,2.1185832611830957,2.0213390326465124,2.149351210994613
structured,773,S800,S800|60|2,2.107105097,2.0892804871212665,0.7368197421688013,0.0104510001720875,structured,1.8640561530082034,2.0489725881207725,2.130381333148604,2.0277998623366096,2.1526251357152337
structured,774,S800,S800|60|2,2.096315821,2.076537110598049,0.7307016556352344,0.0105237503200942,structured,1.8640561530082034,2.0361989175713995,2.117674424870965,2.0154314812988448,2.1394953942626835
structured,775,S800,S800|60|2,2.091819696,2.0832456285802654,0.7339270759125702,0.010420817417985,structured,1.8640561530082034,2.0431691086617394,2.124108244687291,2.0219425897520535,2.1464073070101253
structured,776,S800,S800|60|2,2.080625873,2.091145300102464,0.7377119063644147,0.0105736180075479,structured,1.8640561530082034,2.0503327327903067,2.132770255386569,2.029609800030407,2.1545464877411957
structured,777,S800,S800|60|2,2.078743065,2.086154885880237,0.7353226040044526,0.0104434055406057,structured,1.8640561530082034,2.0459362519679756,2.127164130209715,2.024766237217652,2.149404769738938
structured,778,D50,D50|60|3,2.463313831,2.340889914578714,0.8505311624473691,0.0438149194791898,structured,2.0105181800626415,2.1435009929135487,2.5564558217106215,2.1435009929135487,2.5564558217106215
structured,779,D50,D50|60|3,2.456460946,2.336154691326085,0.8485062833754133,0.0450091706942671,structured,2.0105181800626415,2.134034943566157,2.5574177022072204,2.134034943566157,2.5574177022072204
structured,780,D50,D50|60|3,2.477797241,2.3464479977805928,0.8529026943961059,0.0431460414867968,structured,2.0105181800626415,2.1514817559869814,2.5590819866203263,2.1514817559869814,2.5590819866203263
structured,781,D50,D50|60|3,2.489735943,2.3483306910710344,0.8537047315169759,0.041875999160125,structured,2.0105181800626415,2.1587131362444527,2.5546039175080475,2.1587131362444527,2.5546039175080475
structured,782,D50,D50|60|3,2.483038597,2.342908927341558,0.8513932886641609,0.0430673359469129,structured,2.0105181800626415,2.1485767082832137,2.5548179037102425,2.1485767082832137,2.5548179037102425
structured,783,D100,D100|60|3,2.30928496,2.342021765992825,0.8510145588952872,0.0238096430099723,structured,1.832487448023662,2.2420344425134022,2.44646819351945,2.2420344425134022,2.44646819351945
structured,784,D100,D100|60|3,2.322408306,2.3454135901074937,0.8524617573946697,0.0238366766914887,structured,1.832487448023662,2.2451702343887336,2.450132655601773,2.2451702343887336,2.450132655601773
structured,785,D100,D100|60|3,2.340507982,2.331493980940519,0.8465092556375657,0.023833868247925,structured,1.832487448023662,2.2318570376494993,2.4355790229676626,2.2318570376494993,2.4355790229676626
structured,786,D100,D100|60|3,2.330253185,2.343327618836577,0.8515719785326756,0.0238374186706425,structured,1.832487448023662,2.2431703678990154,2.4479568773661287,2.2431703678990154,2.4479568773661287
structured,787,D100,D100|60|3,2.324213387,2.3443416727371704,0.852004625911719,0.0238391068070462,structured,1.832487448023662,2.2441341374377495,2.4490237846509144,2.2441341374377495,2.4490237846509144
structured,788,D200,D200|60|3,2.298523459,2.305944380625734,0.8354903021395688,0.0187457882931792,structured,1.6015160326882019,2.2377449088420303,2.376222359183466,2.2377449088420303,2.376222359183466
structured,789,D200,D200|60|3,2.282325312,2.3113481718487967,0.8378309784683156,0.0188557739886291,structured,1.6015160326882019,2.242593826292474,2.3822104158472968,2.242593826292474,2.3822104158472968
structured,790,D200,D200|60|3,2.301963817,2.307366443008501,0.8361068062001766,0.0188017589972113,structured,1.6015160326882019,2.238924211371818,2.3779009022639737,2.238924211371818,2.3779009022639737
structured,791,D200,D200|60|3,2.316246545,2.3069653288131544,0.8359329503891115,0.0188960541591727,structured,1.6015160326882019,2.2381969679054907,2.3778465902071204,2.2381969679054907,2.3778465902071204
structured,792,D200,D200|60|3,2.30111204,2.296382799165333,0.831335188935501,0.0188664465197155,structured,1.6015160326882019,2.228035537527942,2.366826682734757,2.228035537527942,2.366826682734757
structured,793,D400,D400|60|3,2.33591885,2.399897087054468,0.8754258560405379,0.0143485482923761,structured,1.8113246778185923,2.3383276080279143,2.46308772503864,2.330692008808212,2.471157066950951
structured,794,D400,D400|60|3,2.349718811,2.3348541066342383,0.8479494080700082,0.0142870983790146,structured,1.8113246778185923,2.2752065379669886,2.3960654157305625,2.2675246523777077,2.4041827697662836
structured,795,D400,D400|60|3,2.335387295,2.352485425234871,0.8554723970213816,0.0124157658295767,structured,1.8113246778185923,2.3001708757510317,2.405989804620718,2.284647542183654,2.422337613902993
structured,796,D400,D400|60|3,2.335258747,2.3370456801446955,0.8488876018546491,0.0124085746459024,structured,1.8113246778185923,2.285104244159605,2.3901677680755733,2.269653028171441,2.4064394175189405
structured,797,D400,D400|60|3,2.348098119,2.331468104994168,0.8464981571358519,0.0141221403408156,structured,1.8113246778185923,2.2725859674908797,2.391875864043375,2.2642362918030425,2.400696227811338
structured,798,D600,D600|60|3,2.257288781,2.292678478069589,0.8297207751473576,0.0100561322694712,structured,1.7530717842594967,2.2526147518200106,2.3334547549937574,2.230676028987227,2.3564043077066597
structured,799,D600,D600|60|3,2.292989259,2.2876247317305145,0.8275140442134329,0.0101605078652461,structured,1.7530717842594967,2.2472380853137794,2.328737194080795,2.2257589545160403,2.3512100906555715
structured,800,D600,D600|60|3,2.25613049,2.288633462492992,0.8279548981757759,0.0101323830808621,structured,1.7530717842594967,2.2483398586756866,2.329649187791317,2.2267404054927398,2.352246859455363
structured,801,D600,D600|60|3,2.235203325,2.2812597871003124,0.8247278285752149,0.0104117833682576,structured,1.7530717842594967,2.239998564298336,2.323281049901532,2.2195661413727086,2.344668230081405
structured,802,D600,D600|60|3,2.28360844,2.3075452231923617,0.8361842855527108,0.0101787038782433,structured,1.7530717842594967,2.2667345848816787,2.3490906225158397,2.2451407227031788,2.3716842794008914
physics_residual,803,D800,D800|60|3,2.360326338,2.2802939448428923,0.824304357833178,0.0104751951253769,physics_residual,1.8820659579273764,2.2357781872636897,2.325696039306558,2.2179564196469475,2.3443835184619406
physics_residual,804,D800,D800|60|3,2.292278272,2.267037097208994,0.8184737354007637,0.0103390824540083,physics_residual,1.8820659579273764,2.223349628244062,2.311582998388238,2.2050619810240746,2.330754076007839
physics_residual,805,D800,D800|60|3,2.331007013,2.2754571114148385,0.8221809603140023,0.0100461822949727,physics_residual,1.8820659579273764,2.232837911858137,2.3188898031472185,2.2132518131304164,2.3394107417741283
physics_residual,806,D800,D800|60|3,2.313535068,2.289715206710248,0.8284274459503319,0.0102292010630791,physics_residual,1.8820659579273764,2.246055159150211,2.3342239421331725,2.2271201278114745,2.3540695727949337
physics_residual,807,D800,D800|60|3,2.264275175,2.2830076061379523,0.8254936991837871,0.0101269785005294,physics_residual,1.8820659579273764,2.2399063516441458,2.3269382337604947,2.2205958962388745,2.3471734494834275
structured,808,S50,S50|60|3,2.309719445,2.2600738069899973,0.8153974707111108,0.0224695865143365,structured,1.729471248026422,2.173930820465135,2.3496302481002433,2.173930820465135,2.3496302481002433
structured,809,S50,S50|60|3,2.330925835,2.249285239942392,0.8106124946114501,0.0224895870307153,structured,1.729471248026422,2.1634786242475466,2.3384950671201166,2.1634786242475466,2.3384950671201166
structured,810,S50,S50|60|3,2.312834879,2.2587783026083983,0.8148240930542763,0.022445479506358,structured,1.729471248026422,2.172775280667867,2.348185505298184,2.172775280667867,2.348185505298184
structured,811,S50,S50|60|3,2.313376171,2.252257785627036,0.8119331733652982,0.022462954179233,structured,1.729471248026422,2.1664375575358727,2.3414776554590837,2.1664375575358727,2.3414776554590837
structured,812,S50,S50|60|3,2.324054228,2.257847862117817,0.8144120861846311,0.0224459994726433,structured,1.729471248026422,2.171878313615836,2.347220346789519,2.171878313615836,2.347220346789519
structured,813,S100,S100|60|3,2.312044444,2.320899195355203,0.8419546947916918,0.0125137686609615,structured,1.8602229012928744,2.267496355540733,2.375559749782216,2.2490810654523385,2.395010636896307
structured,814,S100,S100|60|3,2.3095972,2.3205975761400413,0.8418247284336674,0.0125274114370705,structured,1.8602229012928744,2.2671441387624913,2.375311308316948,2.248788779571437,2.3946993863128903
structured,815,S100,S100|60|3,2.314251368,2.312837690778233,0.8384752081879691,0.012508573626743,structured,1.8602229012928744,2.259642179434047,2.367285507665714,2.241269016855223,2.386691710658635
structured,816,S100,S100|60|3,2.299677968,2.3197376836640613,0.8414541118994394,0.0125089218306912,structured,1.8602229012928744,2.266382003734342,2.374349475130173,2.2479554956916714,2.3938120355694026
structured,817,S100,S100|60|3,2.298125383,2.3168252000979277,0.8401978002641964,0.0125104371273893,structured,1.8602229012928744,2.263530129016973,2.371375109612492,2.245133136299612,2.3908065499651006
structured,818,S200,S200|60|3,2.276398727,2.257552196908084,0.814281127595673,0.0106347288171185,structured,1.8640561530082034,2.213239757986954,2.302751838508478,2.188770052652828,2.328495821471706
structured,819,S200,S200|60|3,2.272829187,2.275425214987002,0.8221669426244426,0.0106766410097288,structured,1.8640561530082034,2.230587679713083,2.3211640394537754,2.2060985231861947,2.346930499514077
structured,820,S200,S200|60|3,2.286129747,2.262388965806633,0.8164213195011124,0.010606570449064,structured,1.8640561530082034,2.218098010406478,2.3075643224916074,2.1934594569249626,2.333484585933108
structured,821,S200,S200|60|3,2.261135889,2.270950970122554,0.8201986733362262,0.0106256261298998,structured,1.8640561530082034,2.226413310215245,2.316379571141703,2.2017605977194203,2.342315651412059
structured,822,S200,S200|60|3,2.262462882,2.273069996394615,0.821131339114523,0.0106323702472365,structured,1.8640561530082034,2.2284627632563776,2.3185701344003053,2.2038150623964383,2.3445012681286252
structured,823,S400,S400|60|3,2.265209939,2.2690061362297533,0.8193419101703163,0.0103971782975294,structured,1.822880476977106,2.2264070479175917,2.3124202966675282,2.2049757086643558,2.334895947387494
structured,824,S400,S400|60|3,2.260113665,2.2632440017994377,0.8167991831100698,0.0102703230308766,structured,1.822880476977106,2.221266684489168,2.306014603041291,2.1993761793171083,2.32896648597493
structured,825,S400,S400|60|3,2.26545348,2.2674574863284165,0.8186591536928719,0.010414788956934,structured,1.822880476977106,2.2248160504187915,2.3109161997186183,2.203470761031492,2.3333023261447763
structured,826,S400,S400|60|3,2.262923493,2.267084195185938,0.8184945103090245,0.0101324834044486,structured,1.822880476977106,2.225594796421348,2.3093470367230484,2.203108004012778,2.3329181949774562
structured,827,S400,S400|60|3,2.264649093,2.2642723651491234,0.8172534557328603,0.0101477638838911,structured,1.822880476977106,2.222772510002877,2.3065470355179842,2.200375522672567,2.3300247120322704
structured,828,S600,S600|60|3,2.256457642,2.276521044137816,0.8226484198254472,0.0101451612670341,structured,1.5981774307519638,2.239907682968398,2.3137328845331036,2.2076872896352397,2.347500974768309
structured,829,S600,S600|60|3,2.244555717,2.2641335653768038,0.8171921539085572,0.0101323559864585,structured,1.5981774307519638,2.2277650234173585,2.30109582832134,2.1956743633845752,2.334727265277997
structured,830,S600,S600|60|3,2.251435767,2.275855418522651,0.8223559898713924,0.0101433388738004,structured,1.5981774307519638,2.239259284481901,2.313049641867311,2.20704179012886,2.3468145955299295
structured,831,S600,S600|60|3,2.259728358,2.2814363540213374,0.8248052244462754,0.0101583621318094,structured,1.5981774307519638,2.2446965821740075,2.3187774591829835,2.212453978343175,2.352569539705395
structured,832,S600,S600|60|3,2.239327466,2.262552334350904,0.8164935275292414,0.0101438846019118,structured,1.5981774307519638,2.226168174519763,2.299531151450876,2.194140943060241,2.3330967328547665
structured,833,S800,S800|60|3,2.303463897,2.263375252050906,0.816857173519311,0.0105653946511954,structured,1.8640561530082034,2.2192353167016283,2.308393117684536,2.196771593290873,2.3319982592829285
structured,834,S800,S800|60|3,2.318188487,2.2782763418763023,0.8234191666563692,0.0112829659753913,structured,1.8640561530082034,2.2308598285661136,2.326700684412561,2.2112341932542883,2.347351133492698
structured,835,S800,S800|60|3,2.293922562,2.277763144277466,0.8231938843239549,0.011672517672333,structured,1.8640561530082034,2.228738334174743,2.327866336695761,2.2107360973659262,2.346822376316411
structured,836,S800,S800|60|3,2.312004574,2.271153612836464,0.8202879018911146,0.0114011457417847,structured,1.8640561530082034,2.223395486952641,2.319937574475248,2.2043210626069305,2.3400124512714466
structured,837,S800,S800|60|3,2.305107446,2.2814526692905206,0.824812375735338,0.0115807706646659,structured,1.8640561530082034,2.23273026110237,2.331238292816865,2.2143170518426833,2.3506237636030423
structured,838,D50,D50|60|4,2.551150309,2.4724145404618136,0.9051952198978918,0.0349280791858348,structured,2.0105181800626415,2.3047487807957237,2.652277641199802,2.3047487807957237,2.652277641199802
structured,839,D50,D50|60|4,2.530407846,2.476509088528915,0.9068499429481292,0.0342204354337965,structured,2.0105181800626415,2.311852463430417,2.6528930208919075,2.311852463430417,2.6528930208919075
structured,840,D50,D50|60|4,2.50789591,2.508730709310764,0.9197769317359232,0.0313468729060604,structured,2.0105181800626415,2.3555010710748707,2.6719282148179664,2.3555010710748707,2.6719282148179664
structured,841,D50,D50|60|4,2.579330174,2.47269864006742,0.9053101210520402,0.0339574888078294,structured,2.0105181800626415,2.3095159854122356,2.647411233873712,2.3095159854122356,2.647411233873712
structured,842,D50,D50|60|4,2.550404569,2.471455672500303,0.9048073181398644,0.0347519900030913,structured,2.0105181800626415,2.304670717384558,2.650310560662505,2.304670717384558,2.650310560662505
structured,843,D100,D100|60|4,2.406558707,2.442485231812542,0.8930160585756995,0.0239707151990249,structured,1.832487448023662,2.3375187974853575,2.552165190731365,2.3375187974853575,2.552165190731365
structured,844,D100,D100|60|4,2.424481226,2.4481051995886585,0.8953143374149146,0.0239897167882402,structured,1.832487448023662,2.34281566702446,2.5581265963893918,2.34281566702446,2.5581265963893918
structured,845,D100,D100|60|4,2.437580559,2.4407536018877427,0.8923068448524505,0.0239542228243227,structured,1.832487448023662,2.335932180442508,2.5502787259857302,2.335932180442508,2.5502787259857302
structured,846,D100,D100|60|4,2.421963301,2.4391992178080937,0.8916697960162636,0.0239262152763828,structured,1.832487448023662,2.3345643663550084,2.548523788806459,2.3345643663550084,2.548523788806459
structured,847,D100,D100|60|4,2.433721572,2.436297770990971,0.8904795800582566,0.024033262359521,structured,1.832487448023662,2.3313300192901036,2.545991678493877,2.3313300192901036,2.545991678493877
structured,848,D200,D200|60|4,2.432216992,2.444500143162246,0.8938406616016038,0.0190669520955972,structured,1.6015160326882019,2.3709829882373623,2.520296847158153,2.3709829882373623,2.520296847158153
structured,849,D200,D200|60|4,2.439415531,2.44664483234539,0.8947176298089808,0.0189035764015683,structured,1.6015160326882019,2.3736841672885443,2.5218481119500753,2.3736841672885443,2.5218481119500753
structured,850,D200,D200|60|4,2.431978139,2.4449804255419623,0.89403711698148,0.0189508525266411,structured,1.6015160326882019,2.3718898034519724,2.520323360968654,2.3718898034519724,2.520323360968654
structured,851,D200,D200|60|4,2.417912189,2.454326272517655,0.8978522928371032,0.0187958629360835,structured,1.6015160326882019,2.3815473345403966,2.529329299739867,2.3815473345403966,2.529329299739867
structured,852,D200,D200|60|4,2.430729546,2.4457458381773067,0.8943501226989627,0.0189784698314332,structured,1.6015160326882019,2.3725273965689224,2.5212238702120495,2.3725273965689224,2.5212238702120495
structured,853,D400,D400|60|4,2.495810042,2.5082079627848564,0.9195685391036964,0.01264512142394,structured,1.8113246778185923,2.4514118370781994,2.566319983212463,2.435879557846687,2.582684010098876
structured,854,D400,D400|60|4,2.500932047,2.492555527230654,0.9133085003311496,0.012079445492501,structured,1.8113246778185923,2.4386112138600673,2.547693138216083,2.420678486658531,2.5665668078474106
structured,855,D400,D400|60|4,2.493851185,2.495505228923504,0.9144912052663472,0.0120130695253286,structured,1.8113246778185923,2.4417906326044836,2.5504014408238076,2.4235431287304667,2.5696040948306744
structured,856,D400,D400|60|4,2.539970885,2.516564838646528,0.9228948123092806,0.0138752047361256,structured,1.8113246778185923,2.454105439043148,2.5806138914639667,2.443995449104885,2.591289026103353
structured,857,D400,D400|60|4,2.516497463,2.533810294945237,0.9297242152232784,0.0132028011322733,structured,1.8113246778185923,2.473934147315467,2.5951356133457297,2.46074360359887,2.6090465505552265
structured,858,D600,D600|60|4,2.547285901,2.474518202007765,0.9060457112153482,0.0100386645684836,structured,1.7530717842594967,2.4313513444506984,2.5184514554193855,2.4075981387320162,2.543298332707884
structured,859,D600,D600|60|4,2.436899708,2.461372281630764,0.9007190324717455,0.0100430067101302,structured,1.7530717842594967,2.418416339481386,2.505091207777487,2.3948077323385992,2.529787016707214
structured,860,D600,D600|60|4,2.544729567,2.465035910683324,0.902206375617067,0.009978583205373,structured,1.7530717842594967,2.422289586355554,2.5085365825729338,2.3983722834018293,2.5335524776577443
structured,861,D600,D600|60|4,2.494341893,2.460939881862017,0.9005433427732877,0.009983811639684,structured,1.7530717842594967,2.4182424217190723,2.504391225522298,2.394387026248186,2.529342598230104
structured,862,D600,D600|60|4,2.495167323,2.455727064774778,0.8984228741318062,0.0100395413725986,structured,1.7530717842594967,2.4128843013101027,2.499330537064279,2.389315182886272,2.5239848890017256
physics_residual,863,D800,D800|60|4,2.523521034,2.4631058333521283,0.901423087501536,0.0099129420557625,physics_residual,1.8820659579273764,2.417578155098184,2.509490885951065,2.3957706889975503,2.532333488407365
physics_residual,864,D800,D800|60|4,2.505860679,2.4630387574209034,0.9013958548736692,0.0099394332017039,physics_residual,1.8820659579273764,2.417391789460926,2.509547664969252,2.395705446754286,2.5322645272508417
physics_residual,865,D800,D800|60|4,2.435591109,2.462233116787459,0.9010687092211224,0.00993276296264,physics_residual,1.8820659579273764,2.416631417381454,2.5086953177055116,2.394921830317941,2.5314362434117688
physics_residual,866,D800,D800|60|4,2.450759489,2.465339131802231,0.9023293768559894,0.009954521789545,physics_residual,1.8820659579273764,2.419580819949933,2.511962809707321,2.3979429346615775,2.5346295555832956
physics_residual,867,D800,D800|60|4,2.457880084,2.460546182984414,0.9003833509036552,0.0100125976350126,physics_residual,1.8820659579273764,2.414612893583654,2.5073532634101374,2.393281013059953,2.529701896919493
structured,868,S50,S50|60|4,2.458894978,2.378958360063346,0.8666627280416813,0.0225427615938613,structured,1.729471248026422,2.287994500790446,2.473538671950517,2.287994500790446,2.473538671950517
structured,869,S50,S50|60|4,2.443524954,2.383664896096438,0.8686391756051609,0.0225881792246649,structured,1.729471248026422,2.292341006751479,2.4786270106184216,2.292341006751479,2.4786270106184216
structured,870,S50,S50|60|4,2.4462853,2.3799031819918266,0.8670598070205694,0.0225312429167215,structured,1.729471248026422,2.288948793910838,2.4744717622003085,2.288948793910838,2.4744717622003085
structured,871,S50,S50|60|4,2.436664803,2.376053053539714,0.8654407301819678,0.0226819043678174,structured,1.729471248026422,2.2846504317528713,2.4711124444993793,2.2846504317528713,2.4711124444993793
structured,872,S50,S50|60|4,2.430834245,2.3781651406570563,0.8663292410453814,0.0225390290951832,structured,1.729471248026422,2.2872463762882758,2.472697954565948,2.2872463762882758,2.472697954565948
structured,873,S100,S100|60|4,2.423006829,2.4794696648051087,0.9080446924721738,0.0127829309217086,structured,1.8602229012928744,2.4212055847235328,2.5391358162552504,2.4027447149091556,2.558644611947964
structured,874,S100,S100|60|4,2.428058594,2.468680819044997,0.9036839266093352,0.012723675966746,structured,1.8602229012928744,2.410935998415362,2.5278086976702574,2.3922897202391096,2.54751125449452
structured,875,S100,S100|60|4,2.427931445,2.4707836622338646,0.9045353724791768,0.0126088264126017,structured,1.8602229012928744,2.413505234186339,2.5294214485596007,2.3943274928442975,2.5496812461146394
structured,876,S100,S100|60|4,2.436739376,2.460124850304777,0.9002121008128378,0.01257302920152,structured,1.8602229012928744,2.403253547175003,2.518341972781611,2.383998508225791,2.538682074759877
structured,877,S100,S100|60|4,2.434408586,2.458201988770069,0.8994301838335104,0.0124797235343364,structured,1.8602229012928744,2.4017919781663717,2.515936880681238,2.3821351479049917,2.5366978120059747
structured,878,S200,S200|60|4,2.38490477,2.428367064499002,0.8872190415479246,0.0107721138731224,structured,1.8640561530082034,2.3800921761348133,2.4776211018515966,2.354380605198596,2.5046785498159
structured,879,S200,S200|60|4,2.389709097,2.4306842355698834,0.8881727961405133,0.0108034197540476,structured,1.8640561530082034,2.3822242619009835,2.480129997640635,2.356627177682619,2.507068538035695
structured,880,S200,S200|60|4,2.417374609,2.437007127963013,0.8907706995312876,0.0106348111269007,structured,1.8640561530082034,2.3891718853454345,2.485800112654452,2.362757426868078,2.5135901274532864
structured,881,S200,S200|60|4,2.404362305,2.4285196909382947,0.8872818910426847,0.0108354537546634,structured,1.8640561530082034,2.3799607520227566,2.478069390120194,2.3545285814801744,2.50483597254421
structured,882,S200,S200|60|4,2.419070098,2.42843891566722,0.8872486293751989,0.0106985590200644,structured,1.8640561530082034,2.3804889662964017,2.47735471603639,2.3544502672358494,2.5047526589085676
structured,883,S400,S400|60|4,2.401888874,2.4439729563878627,0.8936249759403794,0.0101018296735121,structured,1.822880476977106,2.3993804251702286,2.489394240653381,2.3750050365320754,2.5149436399835445
structured,884,S400,S400|60|4,2.395168219,2.4257166977068363,0.8861270261706123,0.0103779432425415,structured,1.822880476977106,2.3802589303790027,2.4720426094974672,2.3572639620237252,2.4961572366644176
structured,885,S400,S400|60|4,2.432666343,2.428158008892557,0.8871329488773774,0.0103265655522157,structured,1.822880476977106,2.382877650440013,2.474298802148043,2.3596363804036726,2.498669441238409
structured,886,S400,S400|60|4,2.383491014,2.439130322942125,0.8916415507468953,0.0100843233687592,structured,1.822880476977106,2.394702568311679,2.484382324143992,2.3702990602267144,2.5099603810021813
structured,887,S400,S400|60|4,2.407730185,2.445842877972179,0.894389798886196,0.0102222498178474,structured,1.822880476977106,2.400689191516799,2.491845843629429,2.3768221896920823,2.5168678623377456
structured,888,S600,S600|60|4,2.458733728,2.4429030682860207,0.8931871141597516,0.0104415884943002,structured,1.5981774307519638,2.4024753534186463,2.4840110815494105,2.369038523739421,2.51907064458428
structured,889,S600,S600|60|4,2.431071561,2.421506551810841,0.8843898885402619,0.010026666064173,structured,1.5981774307519638,2.383012627584317,2.4606222865075256,2.3482889604589214,2.497007003480908
structured,890,S600,S600|60|4,2.448813984,2.431934999072628,0.8886872363917333,0.0100818864770865,structured,1.5981774307519638,2.3930640950622832,2.4714372890879264,2.358402089230458,2.5077606005870727
structured,891,S600,S600|60|4,2.419401756,2.432550219929866,0.8889401802625936,0.0101361254408956,structured,1.5981774307519638,2.3934619998923394,2.472276799358839,2.3589987080363066,2.508395003491357
structured,892,S600,S600|60|4,2.467632558,2.421901328168074,0.8845529044860134,0.0100291660017272,structured,1.5981774307519638,2.383391605818742,2.4610332725273363,2.348671800208353,2.4974140886189113
structured,893,S800,S800|60|4,2.474028012,2.4246430955627583,0.8856843364703137,0.0104497220649737,structured,1.8640561530082034,2.3778708055551485,2.472335388081625,2.3532938567631376,2.4981555635157013
structured,894,S800,S800|60|4,2.376310192,2.416650914828511,0.882382662175236,0.0106247876272351,structured,1.8640561530082034,2.369259505583021,2.4649902766579124,2.3455368595133304,2.4899210687966966
structured,895,S800,S800|60|4,2.433759695,2.4171826206123352,0.8826026555953942,0.0106203449572668,structured,1.8640561530082034,2.3698004095731116,2.465512200009626,2.346052918951921,2.4904688953054492
structured,896,S800,S800|60|4,2.403238898,2.414991325385896,0.8816956951253708,0.0105811033744043,structured,1.8640561530082034,2.3678252652221143,2.4630969131677185,2.3439261063071357,2.4882111624575702
structured,897,S800,S800|60|4,2.433044644,2.4160488894715804,0.882133515576265,0.0106552388689215,structured,1.8640561530082034,2.3685348376208055,2.4645160981378766,2.344952549774436,2.489300790703997
structured,898,D50,D50|78|0,1.589431846,1.5519145954533593,0.4394893915441599,0.0266931971886723,structured,2.0105181800626415,1.4708231842080335,1.6374768479584378,1.4708231842080335,1.6374768479584378
structured,899,D50,D50|78|0,1.562397952,1.548008198855778,0.4369690715719708,0.0279329929672173,structured,2.0105181800626415,1.4634684681170254,1.6374315100946129,1.4634684681170254,1.6374315100946129
structured,900,D50,D50|78|0,1.555646262,1.5467873797760192,0.4361801217935026,0.0276750945607745,structured,2.0105181800626415,1.4630727407142445,1.635292034124267,1.4630727407142445,1.635292034124267
structured,901,D50,D50|78|0,1.539581805,1.547805223161448,0.4368379424198211,0.0276394561221938,structured,2.0105181800626415,1.4641404011990005,1.636250872446381,1.4641404011990005,1.636250872446381
structured,902,D50,D50|78|0,1.555216413,1.5476719353165027,0.4367518246174899,0.0279038712681237,structured,2.0105181800626415,1.4632362381247273,1.6369799742221482,1.4632362381247273,1.6369799742221482
structured,903,D100,D100|78|0,1.549823783,1.5504714191039508,0.438559026046936,0.0234474771233541,structured,1.832487448023662,1.4852629369950394,1.618542792377137,1.4852629369950394,1.618542792377137
structured,904,D100,D100|78|0,1.550599187,1.5492537940517022,0.4377733918173536,0.0234159546634792,structured,1.832487448023662,1.4841822524271273,1.6171782909130576,1.4841822524271273,1.6171782909130576
structured,905,D100,D100|78|0,1.55695821,1.547874102241526,0.4368824425587887,0.0234277503744258,structured,1.832487448023662,1.4828284578263438,1.6157730341257044,1.4828284578263438,1.6157730341257044
structured,906,D100,D100|78|0,1.546230414,1.5476042386729154,0.4367080827089862,0.0234285970528662,structured,1.832487448023662,1.4825676343714336,1.6154938392229368,1.4825676343714336,1.6154938392229368
structured,907,D100,D100|78|0,1.556457307,1.5498717470848404,0.4381721836914648,0.0234063150316683,structured,1.832487448023662,1.484800478315993,1.6177947592906172,1.484800478315993,1.6177947592906172
structured,908,D200,D200|78|0,1.549875433,1.556452735629491,0.4424093446366708,0.0188376026885441,structured,1.6015160326882019,1.510197779292355,1.6041244077207402,1.510197779292355,1.6041244077207402
structured,909,D200,D200|78|0,1.558093969,1.556663650664828,0.4425448455364049,0.018799115933279,structured,1.6015160326882019,1.5104955260933879,1.604242898731587,1.5104955260933879,1.604242898731587
structured,910,D200,D200|78|0,1.554728738,1.5562497464639915,0.4422789183161631,0.0188134347239882,structured,1.6015160326882019,1.5100592688880332,1.6038531223696066,1.5100592688880332,1.6038531223696066
structured,911,D200,D200|78|0,1.561541857,1.556571592955469,0.4424857059583248,0.0187736333012105,structured,1.6015160326882019,1.5104678408759964,1.6040825619900363,1.5104678408759964,1.6040825619900363
structured,912,D200,D200|78|0,1.556081921,1.5580675434494948,0.4434462991722041,0.0188762541696179,structured,1.6015160326882019,1.5116710211549553,1.6058880774839583,1.5116710211549553,1.6058880774839583
structured,913,D400,D400|78|0,1.542456238,1.5396024141021667,0.4315242104323086,0.0118243533290918,structured,1.8113246778185923,1.5069782206975855,1.5729328804844736,1.4952053830332894,1.5853177231749207
structured,914,D400,D400|78|0,1.545031608,1.5403560888754584,0.4320136162393064,0.0119377083545746,structured,1.8113246778185923,1.5074063884845241,1.574026021556866,1.49593732432395,1.5860937767616552
structured,915,D400,D400|78|0,1.537369758,1.5380582184567584,0.430520723719931,0.012470679961359,structured,1.8113246778185923,1.5037053168078083,1.5731959293622242,1.493705716872518,1.583727675833937
structured,916,D400,D400|78|0,1.544806451,1.540263666685881,0.4319536139041022,0.0129385482202082,structured,1.8113246778185923,1.504585887029092,1.576787462493833,1.4958475672840144,1.5859986102863306
structured,917,D400,D400|78|0,1.539156414,1.5389411237358823,0.4310945979429431,0.0126349533937525,structured,1.8113246778185923,1.50412088063077,1.5745674518741277,1.4945631620895188,1.5846367971590658
structured,918,D600,D600|78|0,1.542447237,1.5472025352657106,0.4364484843309268,0.0100691814059557,structured,1.7530717842594967,1.5201309561632075,1.5747562244075701,1.5053604944690935,1.5902075907584474
structured,919,D600,D600|78|0,1.546575518,1.5574008895527345,0.4430183353386608,0.014955930494545,structured,1.7530717842594967,1.5170983278675891,1.5987741112264566,1.515283047788623,1.6006894120008643
structured,920,D600,D600|78|0,1.541695288,1.550337371195954,0.4384725660830068,0.0107840601830631,structured,1.7530717842594967,1.5213031977293734,1.5799256638086363,1.5084105529187588,1.5934295605900826
structured,921,D600,D600|78|0,1.550522448,1.5508101736814162,0.4387774870725975,0.0110504707307215,structured,1.7530717842594967,1.5210565903971163,1.5811457706290108,1.5088705690879924,1.593915504792069
structured,922,D600,D600|78|0,1.543662144,1.5476773794383702,0.4367553422313769,0.0111237923487354,structured,1.7530717842594967,1.5177887952519444,1.5781545352807889,1.5058224971108018,1.5906956333970674
physics_residual,923,D800,D800|78|0,1.54433342,1.5453276237994005,0.4352359421084806,0.009980962173059,physics_residual,1.8820659579273764,1.516569858921741,1.5746307041703707,1.5030822370138728,1.5887603526083451
physics_residual,924,D800,D800|78|0,1.539910547,1.5453802746028669,0.4352700124931319,0.0100333465307848,physics_residual,1.8820659579273764,1.5164720123362467,1.574839610427375,1.5031334484762424,1.5888144832067972
physics_residual,925,D800,D800|78|0,1.545442519,1.545274150467155,0.4352013382765047,0.0099910578573323,physics_residual,1.8820659579273764,1.5164885660168368,1.5746061352601561,1.503030225508601,1.5887053763632533
physics_residual,926,D800,D800|78|0,1.539417335,1.5451385285516352,0.4351135688232355,0.0099746731891988,physics_residual,1.8820659579273764,1.51640223109969,1.5744193878449644,1.502898311156571,1.5885659426800627
physics_residual,927,D800,D800|78|0,1.54238931,1.5453992258504423,0.4352822755792388,0.0099650469726973,physics_residual,1.8820659579273764,1.5166855577898268,1.5746564968545032,1.503151881644175,1.5888339670950786
structured,928,S50,S50|78|0,1.548807985,1.5497318875574635,0.438081940199743,0.0227834903646088,structured,1.729471248026422,1.4898546258956584,1.6120156165361454,1.4898546258956584,1.6120156165361454
structured,929,S50,S50|78|0,1.540683399,1.5510568849070197,0.4389365597997414,0.0227869829498182,structured,1.729471248026422,1.491119422216985,1.613403610986822,1.491119422216985,1.613403610986822
structured,930,S50,S50|78|0,1.556520847,1.5500717189068898,0.4383012001232291,0.0228118304783108,structured,1.729471248026422,1.4901082900407219,1.6124481353561877,1.4901082900407219,1.6124481353561877
structured,931,S50,S50|78|0,1.543026865,1.5509485302449135,0.4388666987597697,0.0227355364129619,structured,1.729471248026422,1.4911479241431498,1.6131473642033758,1.4911479241431498,1.6131473642033758
structured,932,S50,S50|78|0,1.533543839,1.549548453278122,0.4379635680233775,0.0227371453156532,structured,1.729471248026422,1.4897976851173624,1.6116956235352635,1.4897976851173624,1.6116956235352635
structured,933,S100,S100|78|0,1.544624216,1.544938545548301,0.4349841332144673,0.0124720585345883,structured,1.8602229012928744,1.5095073273381958,1.5812014067727302,1.4971318172861758,1.594271848318255
structured,934,S100,S100|78|0,1.556176022,1.5456417534672588,0.4354391985181043,0.0125766860351348,structured,1.8602229012928744,1.5099005068205014,1.5822290404366028,1.4978132650710556,1.5949975112204715
structured,935,S100,S100|78|0,1.552243065,1.543543926124263,0.4340810233334057,0.0127202730807979,structured,1.8602229012928744,1.507448490236082,1.5805036572108515,1.4957803531009182,1.59283269561327
structured,936,S100,S100|78|0,1.550063034,1.543445536304767,0.4340172784967441,0.0124108233726296,structured,1.8602229012928744,1.5082203515598713,1.5794934215516343,1.4956850078655437,1.5927311639893516
structured,937,S100,S100|78|0,1.562998247,1.5457256945315014,0.4354935052711354,0.0124954807662791,structured,1.8602229012928744,1.5102106218778077,1.58207596220192,1.4978946086548615,1.5950841327084433
structured,938,S200,S200|78|0,1.538695512,1.549457703096956,0.4379050007430219,0.0108894701486391,structured,1.8640561530082034,1.518322970539694,1.5812308845153762,1.5022494819989913,1.5981494435210633
structured,939,S200,S200|78|0,1.535105888,1.54892395529904,0.4375604674594936,0.0107248901757081,structured,1.8640561530082034,1.518265659526211,1.580201333176372,1.5017319962029387,1.5975989226875391
structured,940,S200,S200|78|0,1.544362492,1.5486399011062175,0.4373770625601684,0.0107591086862082,structured,1.8640561530082034,1.5178904056304459,1.5800123213125936,1.5014565964529654,1.5973059420858216
structured,941,S200,S200|78|0,1.539243373,1.5481432334907832,0.4370562989818964,0.0108063455731261,structured,1.8640561530082034,1.5172699948936932,1.5796446772620878,1.500975061096098,1.5967936666802813
structured,942,S200,S200|78|0,1.542617125,1.5480884414158445,0.4370209062330989,0.010797199621506,structured,1.8640561530082034,1.5172421620729526,1.5795618407881453,1.5009219384028938,1.5967371527632526
structured,943,S400,S400|78|0,1.545529317,1.545967659706702,0.4356500312573642,0.010228549416429,structured,1.822880476977106,1.517409505473316,1.575063287951076,1.5023410829986374,1.5908611113054312
structured,944,S400,S400|78|0,1.546372452,1.545733657195697,0.4354986566661818,0.0105330935388774,structured,1.822880476977106,1.516337800719074,1.5756993843024554,1.5021136839430358,1.5906203135808676
structured,945,S400,S400|78|0,1.553085785,1.5752243641444252,0.4543977155571025,0.0242957643225928,structured,1.822880476977106,1.5069827019332487,1.6465562572224655,1.5069827019332487,1.6465562572224655
structured,946,S400,S400|78|0,1.547268342,1.5468624519950294,0.4362286549004197,0.0104322636895169,structured,1.822880476977106,1.5177240619678094,1.5765602624034991,1.503210624613602,1.5917818875230048
structured,947,S400,S400|78|0,1.552784765,1.5449683905833065,0.435003450971036,0.0101931770018891,structured,1.822880476977106,1.5165264775165188,1.573943721583042,1.5013700128422705,1.5898328243434383
structured,948,S600,S600|78|0,1.540318569,1.54768422335794,0.4367597642798792,0.0107174118708875,structured,1.5981774307519638,1.5214007225597233,1.5744217941483465,1.500887855649212,1.595939660791623
structured,949,S600,S600|78|0,1.54364548,1.5475343207701402,0.4366629035343261,0.0178311842996608,structured,1.5981774307519638,1.50405607271509,1.5922694089711324,1.5007424855729627,1.5957850843725354
structured,950,S600,S600|78|0,1.548861287,1.5489484477859912,0.437576279916409,0.0127746901214875,structured,1.5981774307519638,1.517645405511929,1.5808971484279781,1.502113854507532,1.597243302629162
structured,951,S600,S600|78|0,1.544459836,1.5479482093182408,0.4369303180950895,0.0101827458332464,structured,1.5981774307519638,1.5229610263320985,1.5733453563827724,1.501143859629803,1.5962118776027643
structured,952,S600,S600|78|0,1.556102788,1.5485892397016623,0.4373443485424083,0.0121432399185024,structured,1.5981774307519638,1.518825435849628,1.5789363127028906,1.5017655075752034,1.5968728947516342
structured,953,S800,S800|78|0,1.559235426,1.5425900449871548,0.4334628510982315,0.0109122816644072,structured,1.8640561530082034,1.5115290363162637,1.574289338624112,1.4971967144424956,1.589359650565054
structured,954,S800,S800|78|0,1.544798773,1.5440689106663943,0.4344210818672574,0.0107415819099966,structured,1.8640561530082034,1.5134596211687465,1.5752972643203933,1.4986320619888216,1.590883353798345
structured,955,S800,S800|78|0,1.559736863,1.5445023147652153,0.4347017320903101,0.0106978458228439,structured,1.8640561530082034,1.5140078603224068,1.575610974573884,1.4990527124363526,1.5913298982249047
structured,956,S800,S800|78|0,1.545674012,1.5446533134607483,0.4347994925878867,0.0106886198069843,structured,1.8640561530082034,1.514181918110659,1.5757379151392692,1.499199267738957,1.5914854750320726
structured,957,S800,S800|78|0,1.527674983,1.5436301076586911,0.4341368553231202,0.0107504732798058,structured,1.8640561530082034,1.5130044401348837,1.5748756884401194,1.4982061715044666,1.5904312467740214
structured,958,D50,D50|78|1,1.861633919,1.841530026580944,0.6105967622715124,0.028825882372987,structured,2.0105181800626415,1.737837982260728,1.951409091880709,1.737837982260728,1.951409091880709
structured,959,D50,D50|78|1,1.858298087,1.8535270847690708,0.6170903562718174,0.0271385004629102,structured,2.0105181800626415,1.7551036372027884,1.957469964251221,1.7551036372027884,1.957469964251221
structured,960,D50,D50|78|1,1.866432645,1.833951766357216,0.6064730737922553,0.0287096224542117,structured,2.0105181800626415,1.7310910178730097,1.9429244601230342,1.7310910178730097,1.9429244601230342
structured,961,D50,D50|78|1,1.858334491,1.8521822629021567,0.6163645454756754,0.0270975669968617,structured,2.0105181800626415,1.7539745679614487,1.9558887555573472,1.7539745679614487,1.9558887555573472
structured,962,D50,D50|78|1,1.842270226,1.8543781018011831,0.6175493847551441,0.0272837515889683,structured,2.0105181800626415,1.755396761271258,1.9589406909634721,1.755396761271258,1.9589406909634721
structured,963,D100,D100|78|1,1.841506621,1.835122795478016,0.6071113977842193,0.0235039229220168,structured,1.832487448023662,1.757760848784171,1.9158895687160404,1.757760848784171,1.9158895687160404
structured,964,D100,D100|78|1,1.843976596,1.835640476918726,0.6073934543516015,0.0235241350066085,structured,1.832487448023662,1.7581915849082415,1.9165010169686731,1.7581915849082415,1.9165010169686731
structured,965,D100,D100|78|1,1.851759894,1.8384713222604363,0.6089344231933861,0.0235387831233104,structured,1.832487448023662,1.760855725532231,1.91950808562264,1.760855725532231,1.91950808562264
structured,966,D100,D100|78|1,1.838969233,1.839917603519303,0.6097207899221779,0.0235593187302294,structured,1.832487448023662,1.7621746343965243,1.921090408215725,1.7621746343965243,1.921090408215725
structured,967,D100,D100|78|1,1.836763694,1.83769024331026,0.6085094805198946,0.0235286350528407,structured,1.832487448023662,1.760140353392849,1.918656897927492,1.760140353392849,1.918656897927492
structured,968,D200,D200|78|1,1.828959327,1.8331625733928223,0.6060426574466168,0.0187183483148096,structured,1.6015160326882019,1.7790240412683431,1.8889486271879494,1.7790240412683431,1.8889486271879494
structured,969,D200,D200|78|1,1.829062221,1.8325610710038884,0.6057144808284738,0.0187195027945391,structured,1.6015160326882019,1.778437014777869,1.8883323114922772,1.778437014777869,1.8883323114922772
structured,970,D200,D200|78|1,1.82885645,1.8325199086823087,0.6056920189391952,0.0187242175147552,structured,1.6015160326882019,1.778383640079119,1.8883041544217176,1.778383640079119,1.8883041544217176
structured,971,D200,D200|78|1,1.842479042,1.8333383909583227,0.60613856227105,0.0187992239155799,structured,1.6015160326882019,1.7789642337147862,1.8893744978464404,1.7789642337147862,1.8893744978464404
structured,972,D200,D200|78|1,1.838641851,1.8332010637259764,0.6060636539090329,0.0187485543743651,structured,1.6015160326882019,1.7789753339892063,1.889079671785062,1.7789753339892063,1.889079671785062
structured,973,D400,D400|78|1,1.836794382,1.8238200701927672,0.6009332410586803,0.0118749889132817,structured,1.8113246778185923,1.7850095771926295,1.8634743986468763,1.7712271438770406,1.8779746346688018
structured,974,D400,D400|78|1,1.844766925,1.824325798759305,0.6012104934427371,0.0117509908169069,structured,1.8113246778185923,1.7859056147747314,1.8635725160865118,1.7717182889078058,1.8784953797990407
structured,975,D400,D400|78|1,1.850348254,1.823255756089212,0.600623779926015,0.0117268103803596,structured,1.8113246778185923,1.7849362831709925,1.8623978813444222,1.7706791027219808,1.8773935644252056
structured,976,D400,D400|78|1,1.834540582,1.821393838153732,0.59960205311837,0.011709376387574,structured,1.8113246778185923,1.7831698064287775,1.8604372403032208,1.7688708763289873,1.8754763606879439
structured,977,D400,D400|78|1,1.843996508,1.82413620714347,0.6011065638331107,0.0116332175528439,structured,1.8113246778185923,1.7861009964099404,1.8629813817359595,1.771534164485827,1.8783001586523376
structured,978,D600,D600|78|1,1.809627456,1.8089743710155937,0.5927600388255643,0.0111287473422122,structured,1.7530717842594967,1.7740242365152255,1.8446130597512713,1.7600530580608742,1.8592554696030543
structured,979,D600,D600|78|1,1.819273655,1.823100394780676,0.6005385653708801,0.010484558429174,structured,1.7530717842594967,1.7898975468505811,1.8569191601483972,1.7737970622459727,1.8737741313208693
structured,980,D600,D600|78|1,1.815949651,1.8194738231936929,0.5985473511535568,0.0103697222016964,structured,1.7530717842594967,1.78669667816003,1.8528522685206235,1.7702685664783058,1.870046757861609
structured,981,D600,D600|78|1,1.821722597,1.8218314876320187,0.5998423069820519,0.0100718218632756,structured,1.7530717842594967,1.789946408926829,1.8542845488415818,1.772562471008433,1.8724699544379015
structured,982,D600,D600|78|1,1.816334794,1.8239577927965005,0.6010087514702083,0.0100810571902938,structured,1.7530717842594967,1.7920064870547148,1.8564787872899613,1.7746312730694678,1.8746553610254408
physics_residual,983,D800,D800|78|1,1.784705458,1.8163721903652152,0.5968412098212263,0.0101125277394227,physics_residual,1.8820659579273764,1.7821290866352193,1.8512732655978688,1.7667171239917852,1.8674228540207836
physics_residual,984,D800,D800|78|1,1.793779733,1.8171981957648629,0.5972958620371456,0.0100443585897561,physics_residual,1.8820659579273764,1.7831682835319054,1.8518775334823794,1.767520548472631,1.8682720749948927
physics_residual,985,D800,D800|78|1,1.822903868,1.815758852009988,0.5965034806182314,0.0101387890005641,physics_residual,1.8820659579273764,1.7814392606538405,1.8507396134530798,1.7661205527710138,1.866792277276725
physics_residual,986,D800,D800|78|1,1.802357094,1.8094058289344224,0.5929985200779653,0.0101928620394698,physics_residual,1.8820659579273764,1.7750256640092745,1.8444518973246562,1.7599412054344639,1.8602606971598508
physics_residual,987,D800,D800|78|1,1.813384683,1.8217399587452716,0.5997920656800142,0.0100151114292707,physics_residual,1.8820659579273764,1.7877233974906743,1.8564037825692412,1.7719381510285181,1.872941488032677
structured,988,S50,S50|78|1,1.831227016,1.822650498003146,0.600291759270823,0.0225696852582948,structured,1.729471248026422,1.7528764732480921,1.8952019087319518,1.7528764732480921,1.8952019087319518
structured,989,S50,S50|78|1,1.846071835,1.821421544325582,0.5996172645243522,0.0225486306651774,structured,1.729471248026422,1.7517583520802231,1.89385507321472,1.7517583520802231,1.89385507321472
structured,990,S50,S50|78|1,1.828786354,1.8220412018134229,0.5999574120910988,0.0226364037401613,structured,1.729471248026422,1.7520883208081648,1.8947869817284113,1.7520883208081648,1.8947869817284113
structured,991,S50,S50|78|1,1.827511566,1.8237782851778936,0.6009103300850455,0.0226001920637678,structured,1.729471248026422,1.7538685492225383,1.8964746445569456,1.7538685492225383,1.8964746445569456
structured,992,S50,S50|78|1,1.819777763,1.8244341233544072,0.6012698695581553,0.022569633034944,structured,1.729471248026422,1.7545919769932776,1.897056360740852,1.7545919769932776,1.897056360740852
structured,993,S100,S100|78|1,1.811594519,1.8189335068712291,0.5982503440966664,0.0124077501116052,structured,1.8602229012928744,1.7774311774038705,1.8614048996548584,1.7626482519396127,1.8770160744085975
structured,994,S100,S100|78|1,1.818458589,1.8210737582659475,0.5994263041898561,0.0123907255115551,structured,1.8602229012928744,1.7795789525814958,1.86353610680445,1.7647222751874994,1.879224668761269
structured,995,S100,S100|78|1,1.80407353,1.8219083793936728,0.5998845118399568,0.0123933350836566,structured,1.8602229012928744,1.7803859134140974,1.8643992394545728,1.7655310697180633,1.8800859411864916
structured,996,S100,S100|78|1,1.818628157,1.8189539816025435,0.5982616004817961,0.0124192384975364,structured,1.8602229012928744,1.7774131995365432,1.8614656333431387,1.7626680930988543,1.8770372029433409
structured,997,S100,S100|78|1,1.809708774,1.819123393549891,0.598354733161506,0.0123988029089374,structured,1.8602229012928744,1.7776463179951498,1.8615682363028416,1.7628322627464648,1.877212024588644
structured,998,S200,S200|78|1,1.810675917,1.8165721426320445,0.5969512870746623,0.0105896461792926,structured,1.8640561530082034,1.7810651637939725,1.85278698189647,1.7612255919140927,1.873657959853071
structured,999,S200,S200|78|1,1.801129455,1.813723065889556,0.595381675148483,0.0106511425605896,structured,1.8640561530082034,1.7780679390871568,1.8500931755333567,1.7584633196352015,1.8707193508149174
structured,1000,S200,S200|78|1,1.819134646,1.8146565299299064,0.5958962101006807,0.0106083536561131,structured,1.8640561530082034,1.7791249515830063,1.8508977228874604,1.759368343288496,1.8716821489820774
structured,1001,S200,S200|78|1,1.808303844,1.8149342501177024,0.5960492412301759,0.0106084246897393,structured,1.8640561530082034,1.7793969983060045,1.8511812346464558,1.7596376020152256,1.8719685965325292
structured,1002,S200,S200|78|1,1.815022468,1.8162136698687887,0.5967539328771287,0.0107433337498719,structured,1.8640561530082034,1.7802036279697018,1.8529521245725695,1.7608780409471743,1.8732882220758031
structured,1003,S400,S400|78|1,1.799772023,1.8074965890316004,0.5919427879295556,0.0102044661924739,structured,1.822880476977106,1.7741851830522972,1.8414334369201912,1.7564897726238675,1.8599845955724053
structured,1004,S400,S400|78|1,1.807563313,1.8062982978016595,0.591279611788472,0.0104501698797117,structured,1.822880476977106,1.7722150433881314,1.841037041646761,1.7553252966836146,1.8587515070884626
structured,1005,S400,S400|78|1,1.803653703,1.806013757421221,0.5911220725855034,0.010339757236157,structured,1.822880476977106,1.7722925437795733,1.840376580854354,1.7550487859166393,1.8584587039221137
structured,1006,S400,S400|78|1,1.808822638,1.8083249670347177,0.592400984223131,0.0102927525252252,structured,1.822880476977106,1.7747126572626086,1.8425738797879305,1.757294774137658,1.860837028896185
structured,1007,S400,S400|78|1,1.80385226,1.8124552883591891,0.5946824389509389,0.0103095572575937,structured,1.822880476977106,1.7787117179372158,1.8468390010444315,1.7613085394792416,1.8650872908800251
structured,1008,S600,S600|78|1,1.819705197,1.799501446494186,0.5875096523677928,0.0101250201156659,structured,1.5981774307519638,1.7706170005651778,1.8288570904385524,1.745091037631955,1.8556083242103127
structured,1009,S600,S600|78|1,1.818966939,1.8018340478641253,0.5888050616401505,0.0100524333339751,structured,1.5981774307519638,1.7731178418745563,1.8310153219202157,1.7473531095813717,1.8580136540462826
structured,1010,S600,S600|78|1,1.824045849,1.8047308943083868,0.5904114916441462,0.0100151045596683,structured,1.5981774307519638,1.7760744745699661,1.8338496766357542,1.7501623658768448,1.861000821623393
structured,1011,S600,S600|78|1,1.815561419,1.803846344959154,0.5899212433782514,0.0100726785141795,structured,1.5981774307519638,1.7750406355086976,1.8331195191427239,1.7493045620975276,1.8600886928008187
structured,1012,S600,S600|78|1,1.81652825,1.8073174744030185,0.5918436876020778,0.0103954476222943,structured,1.5981774307519638,1.7775391678827586,1.8375946433704389,1.7526707371538184,1.8636680490180615
structured,1013,S800,S800|78|1,1.817894711,1.811904996130433,0.5943787758546732,0.0104907880909539,structured,1.8640561530082034,1.7768166383275972,1.8476862745344955,1.7585866159994676,1.8668399299380418
structured,1014,S800,S800|78|1,1.809453289,1.810057134921108,0.5933584110342865,0.0105258611776573,structured,1.8640561530082034,1.7748885189690462,1.8459226011456042,1.756793131242881,1.8649360436427238
structured,1015,S800,S800|78|1,1.801825915,1.8077263344794656,0.5920698868404861,0.0104638522913112,structured,1.8640561530082034,1.7728079085172126,1.8433325374229834,1.7545309185606532,1.8625345759374812
structured,1016,S800,S800|78|1,1.802967307,1.808023880305747,0.5922344700164676,0.0106026894021674,structured,1.8640561530082034,1.7726408877519781,1.8441131389570145,1.7548197085959263,1.8628411430205642
structured,1017,S800,S800|78|1,1.796182709,1.813187005029792,0.5950860731880343,0.0105202790266416,structured,1.8640561530082034,1.7779760776071625,1.8490952474644597,1.7598308996108154,1.8681608079139678
structured,1018,D50,D50|78|2,2.048716118,1.9174979196543491,0.6510211693326619,0.0352940056113103,structured,2.0105181800626415,1.7861490424704372,2.0585058606270326,1.7861490424704372,2.0585058606270326
structured,1019,D50,D50|78|2,2.027640154,1.98610281353953,0.6861743334368463,0.0274441594062376,structured,2.0105181800626415,1.879484152107728,2.098769697805646,1.879484152107728,2.098769697805646
structured,1020,D50,D50|78|2,2.075518832,1.911942884421792,0.6481199420186928,0.0350734328222716,structured,2.0105181800626415,1.7817645040251364,2.0516322920526378,1.7817645040251364,2.0516322920526378
structured,1021,D50,D50|78|2,2.072316368,1.9097704009437733,0.6469830259029044,0.035781838613355,structured,2.0105181800626415,1.7772069253621483,2.052221906336389,1.7772069253621483,2.052221906336389
structured,1022,D50,D50|78|2,2.058495049,1.9061347969352087,0.6450775251527084,0.0383622843113642,structured,2.0105181800626415,1.764644855484718,2.0589694593755574,1.764644855484718,2.0589694593755574
structured,1023,D100,D100|78|2,1.970485404,1.9813295097474573,0.6837680889410402,0.0235276894191987,structured,1.832487448023662,1.8977213811677296,2.0686211712387994,1.8977213811677296,2.0686211712387994
structured,1024,D100,D100|78|2,1.977013669,1.984586149112876,0.6854104032903762,0.0235775887366218,structured,1.832487448023662,1.9006667922123224,2.07221076276409,1.9006667922123224,2.07221076276409
structured,1025,D100,D100|78|2,1.978128464,1.9825411827136696,0.6843794474327569,0.02355410151405,structured,1.832487448023662,1.8987900206241302,2.069986411590564,1.8987900206241302,2.069986411590564
structured,1026,D100,D100|78|2,1.972137944,1.9808527644866525,0.6835274411211727,0.0235443185116178,structured,1.832487448023662,1.8972069398850562,2.0681864440218303,1.8972069398850562,2.0681864440218303
structured,1027,D100,D100|78|2,1.962600245,1.9781197574264435,0.6821467760727402,0.0235212690217968,structured,1.832487448023662,1.8946693651702584,2.065245708118169,1.8946693651702584,2.065245708118169
structured,1028,D200,D200|78|2,1.975250671,1.973877643826256,0.6799999552129332,0.0186295964213482,structured,1.6015160326882019,1.915855689082579,2.0336568015009577,1.915855689082579,2.0336568015009577
structured,1029,D200,D200|78|2,1.981161733,1.968904190802144,0.6774771396626194,0.0187052316149337,structured,1.6015160326882019,1.9107969595422112,2.028778459793549,1.9107969595422112,2.028778459793549
structured,1030,D200,D200|78|2,1.964957492,1.9746348014303587,0.680383470586827,0.0186275857202549,structured,1.6015160326882019,1.9165967618649473,2.034430338505741,1.9165967618649473,2.034430338505741
structured,1031,D200,D200|78|2,1.960153436,1.984639450987328,0.6854372608589933,0.0187602736469351,structured,1.6015160326882019,1.9258980565517547,2.045172503817539,1.9258980565517547,2.045172503817539
structured,1032,D200,D200|78|2,1.942723807,1.9915712263327645,0.6889238881683513,0.0196373554294729,structured,1.6015160326882019,1.929911889196237,2.055200536231986,1.929911889196237,2.055200536231986
structured,1033,D400,D400|78|2,1.959613803,1.9589925329863296,0.67243032730957,0.011545507175449,structured,1.8113246778185923,1.9184501859114806,2.000391655972489,1.9025016808325208,2.0171607641454843
structured,1034,D400,D400|78|2,1.961783202,1.960639650408749,0.6732707722504758,0.0117121757305711,structured,1.8113246778185923,1.919483653338931,2.0026780806745292,1.9041013008473584,2.018856789312758
structured,1035,D400,D400|78|2,1.984038462,1.966920570224044,0.6764691574141751,0.0116395841854612,structured,1.8113246778185923,1.9258859417352474,2.0088295187848257,1.9102010997514185,2.0253242080501033
structured,1036,D400,D400|78|2,2.012992775,1.9795330406641225,0.6828609788438552,0.0120632306977213,structured,1.8113246778185923,1.9367485297303122,2.023262699792314,1.9224498683442837,2.038311179711444
structured,1037,D400,D400|78|2,1.998116771,1.9813942209841664,0.6838007489199395,0.0130191618076555,structured,1.8113246778185923,1.9352157517010222,2.028674609277354,1.9242573783922254,2.0402276239313046
structured,1038,D600,D600|78|2,1.951705064,1.965773951315144,0.6758860361292087,0.010138952826309,structured,1.7530717842594967,1.9311423596508188,2.0010265987681386,1.912612201645616,2.0204133510935103
structured,1039,D600,D600|78|2,1.947197559,1.968700235167949,0.6773735458973179,0.0099509794280812,structured,1.7530717842594967,1.93465451367513,2.003345087484268,1.9154593480322126,2.023420972067092
structured,1040,D600,D600|78|2,1.954218438,1.9641825819589425,0.6750761699489048,0.010037053679901,structured,1.7530717842594967,1.9299237499638169,1.9990495558921582,1.9110638687633124,2.018777749049012
structured,1041,D600,D600|78|2,1.954750676,1.967195911778005,0.6766091337243174,0.0100616995145957,structured,1.7530717842594967,1.9328010117151926,2.0022028816520185,1.9139957070734424,2.021874835463047
structured,1042,D600,D600|78|2,1.969541654,1.981728282846759,0.683969334101478,0.0100844880404732,structured,1.7530717842594967,1.9470015113962507,2.0170744419291298,1.9281350694382484,2.0368111390551835
physics_residual,1043,D800,D800|78|2,1.958691803,1.9312219442193697,0.6581529342933456,0.0106250789817693,physics_residual,1.8820659579273764,1.8929866782757112,1.9702295006279114,1.8784271732298647,1.9855005565222659
physics_residual,1044,D800,D800|78|2,1.939747135,1.929365972400212,0.657191437235267,0.0104723843865799,physics_residual,1.8820659579273764,1.8917110161455108,1.9677704594862295,1.8766219390317491,1.9835924210586757
physics_residual,1045,D800,D800|78|2,1.935442189,1.9442497567206287,0.66487617346529,0.0100867788747477,physics_residual,1.8820659579273764,1.907688291261347,1.9815119345356214,1.8910988379669806,1.9988945266192522
physics_residual,1046,D800,D800|78|2,1.972016693,1.9569405998235667,0.6713823352826522,0.0101519082728855,physics_residual,1.8820659579273764,1.91990513183098,1.9946904916002712,1.9034427452051466,2.011942056510388
physics_residual,1047,D800,D800|78|2,1.984965003,1.9641592621579311,0.6750642973563776,0.0100364916239014,physics_residual,1.8820659579273764,1.9274058086121273,2.0016135625837785,1.910464067391252,2.0193636054033712
structured,1048,S50,S50|78|2,1.973547647,1.9527342219046,0.6692305555394341,0.0228769097844612,structured,1.729471248026422,1.8769828071700716,2.031542817990157,1.8769828071700716,2.031542817990157
structured,1049,S50,S50|78|2,1.977099328,1.9539955693120663,0.6698762861216366,0.0224043888387771,structured,1.729471248026422,1.8797307336375177,2.031194477255091,1.8797307336375177,2.031194477255091
structured,1050,S50,S50|78|2,1.971799243,1.9520558642007744,0.6688831065367011,0.0224041456769154,structured,1.729471248026422,1.8778655399495194,2.029177284473236,1.8778655399495194,2.029177284473236
structured,1051,S50,S50|78|2,1.965956881,1.9531304483297545,0.6694334434835728,0.0224045747398562,structured,1.729471248026422,1.8788978889243717,2.0302958296348033,1.8788978889243717,2.0302958296348033
structured,1052,S50,S50|78|2,1.966607202,1.951219982439864,0.668454808969975,0.0224059888502044,structured,1.729471248026422,1.8770554433925184,2.0283148445479733,1.8770554433925184,2.0283148445479733
structured,1053,S100,S100|78|2,1.953922335,1.972279217667521,0.6791898372666593,0.0122660201640069,structured,1.8602229012928744,1.927786214895363,2.017799111948907,1.911248818181563,2.035258452713759
structured,1054,S100,S100|78|2,1.967330539,1.9723696480178112,0.6792356868991032,0.0122512606317394,structured,1.8602229012928744,1.9279275377013125,2.017836226905229,1.9113364502463193,2.035351770705026
structured,1055,S100,S100|78|2,1.959074643,1.9694733370277944,0.6777661653975019,0.0122505760871631,structured,1.8602229012928744,1.9250989388152682,2.0148705851193696,1.9085297629846127,2.0323629741029454
structured,1056,S100,S100|78|2,1.966565981,1.96889999064822,0.6774750064159011,0.0123012651041334,structured,1.8602229012928744,1.9243570488549935,2.0144739644241936,1.9079741582910408,2.0317713195061167
structured,1057,S100,S100|78|2,1.955034403,1.9667265642839824,0.6763705181953612,0.0122484180539184,structured,1.8602229012928744,1.9224217712777711,2.012052420780345,1.9058679866431105,2.0295284908338176
structured,1058,S200,S200|78|2,1.969323837,1.9748095138358228,0.6804719450108885,0.0106898609785674,structured,1.8640561530082034,1.935847942899369,2.0145552393415467,1.9146418539060368,2.0368679437255577
structured,1059,S200,S200|78|2,1.981766088,1.975078453536289,0.6806081208736489,0.0107351210166063,structured,1.8640561530082034,1.9359482390892562,2.0149995846265227,1.914902599665606,2.0371453348616835
structured,1060,S200,S200|78|2,1.971328348,1.9659616745317297,0.6759815274005415,0.0105567518701882,structured,1.8640561530082034,1.9276529005024654,2.005031769319126,1.9060635868227744,2.0277420608880092
structured,1061,S200,S200|78|2,1.955312941,1.966367026429256,0.6761876911929339,0.0105426431252152,structured,1.8640561530082034,1.9281010611170037,2.005392435388321,1.9064565886303544,2.0281601509773135
structured,1062,S200,S200|78|2,1.967573296,1.9645639260833572,0.6752703001249456,0.0105181957769086,structured,1.8640561530082034,1.9264208368951727,2.003462247578499,1.9047084243821764,2.026300388165686
structured,1063,S400,S400|78|2,1.960705784,1.9547838558305437,0.6702796276476861,0.0101563598751134,structured,1.822880476977106,1.9189262743739326,1.9913114818662967,1.8996206528368555,2.011548946527431
structured,1064,S400,S400|78|2,1.957890055,1.9563448790788636,0.6710778746178135,0.0101824747202876,structured,1.822880476977106,1.9203672431874226,1.9929965476528178,1.9011376246458984,2.013155300427529
structured,1065,S400,S400|78|2,1.949374428,1.9508698163243088,0.6682753327741142,0.0101482789175019,structured,1.822880476977106,1.9151122426416491,1.987295029243564,1.8958170659288271,2.0075212469830803
structured,1066,S400,S400|78|2,1.961315049,1.9500054451782507,0.6678321649708596,0.0102447839620307,structured,1.822880476977106,1.9139269923693851,1.986763994334715,1.8949770869839064,2.0066317753092293
structured,1067,S400,S400|78|2,1.956350003,1.9525120621278296,0.669116780498962,0.01014588351777,structured,1.822880476977106,1.9167327571016441,1.988959252994341,1.8974129682256962,2.0092111820652416
structured,1068,S600,S600|78|2,1.952490208,1.9524758465393184,0.6690982321247495,0.0102478981435474,structured,1.5981774307519638,1.9207587160634323,1.9847167160758217,1.893440045645241,2.013352331956373
structured,1069,S600,S600|78|2,1.945341136,1.9492050075942544,0.6674216010349374,0.0101446418731202,structured,1.5981774307519638,1.9178574727490063,1.9810649204210982,1.890268105028195,2.0099795111201155
structured,1070,S600,S600|78|2,1.945316352,1.9472826252900717,0.6664348752237566,0.0101408901689924,structured,1.5981774307519638,1.9159774945648564,1.979099250128606,1.888403848605135,2.0079971906207867
structured,1071,S600,S600|78|2,1.946777397,1.948200917788479,0.6669063404502231,0.010173641044015,structured,1.5981774307519638,1.9167806940993426,1.9801361875962005,1.8892943752629587,2.0089441146743487
structured,1072,S600,S600|78|2,1.941493302,1.947861107403174,0.6667319025773303,0.0101687433395114,structured,1.5981774307519638,1.9164613649655282,1.9797753104207063,1.8889648395134626,2.008593709299097
structured,1073,S800,S800|78|2,1.938492808,1.9425552359365867,0.6640042383439749,0.0107657781223632,structured,1.8640561530082034,1.903960562901916,1.981932251219136,1.8853922507269538,2.0014513389506536
structured,1074,S800,S800|78|2,1.920010403,1.9406900469790795,0.6630436041501222,0.0109663430692962,structured,1.8640561530082034,1.9014214249685302,1.980769654210663,1.883581948120588,1.9995295995492004
structured,1075,S800,S800|78|2,1.936963931,1.9420871760552785,0.6637632586944049,0.0114237158519954,structured,1.8640561530082034,1.9011687162253819,1.9838863154064408,1.8849379643021615,2.000969088017026
structured,1076,S800,S800|78|2,1.934103721,1.9415762537127483,0.6635001450880293,0.0118394930803089,structured,1.8640561530082034,1.8991960502187135,1.9849021634954989,1.8844420767168262,2.0004426750802717
structured,1077,S800,S800|78|2,1.956494024,1.9419214833564693,0.6636779382363734,0.0116489289636097,structured,1.8640561530082034,1.9002086207239517,1.9845500154002418,1.8847771473922703,2.00079837170083
structured,1078,D50,D50|78|3,2.173824888,2.15303905128853,0.7668803562987967,0.0268778953350733,structured,2.0105181800626415,2.0397797963941273,2.2725870530574297,2.0397797963941273,2.2725870530574297
structured,1079,D50,D50|78|3,2.183314693,2.154047079935494,0.767348435475603,0.0267806794195908,structured,2.0105181800626415,2.041133707841045,2.2732067011358996,2.041133707841045,2.2732067011358996
structured,1080,D50,D50|78|3,2.208895721,2.1303987247854863,0.7563091569375556,0.0282872826347154,structured,2.0105181800626415,2.0126194064256278,2.2550705374684266,2.0126194064256278,2.2550705374684266
structured,1081,D50,D50|78|3,2.207947518,2.1509877618094397,0.7659271607340469,0.026662539687421,structured,2.0105181800626415,2.0387189399063623,2.269439038843915,2.0387189399063623,2.269439038843915
structured,1082,D50,D50|78|3,2.204059039,2.148942936593955,0.7649760638382822,0.0270984108333794,structured,2.0105181800626415,2.0349967385333643,2.2692693591564392,2.0349967385333643,2.2692693591564392
structured,1083,D100,D100|78|3,2.110443847,2.122476658252743,0.7525836418532565,0.0235647353682716,structured,1.832487448023662,2.0327744012146227,2.2161372959714374,2.0327744012146227,2.2161372959714374
structured,1084,D100,D100|78|3,2.110474752,2.1303210833402564,0.7562727117129293,0.0234463110047605,structured,1.832487448023662,2.0407301104268667,2.223845228203507,2.0407301104268667,2.223845228203507
structured,1085,D100,D100|78|3,2.116896351,2.1282048916900145,0.7552788505333378,0.0234827011837631,structured,1.832487448023662,2.038566970088021,2.221784286447918,2.038566970088021,2.221784286447918
structured,1086,D100,D100|78|3,2.13463104,2.1263744467297108,0.7544183917534478,0.0235002214779184,structured,1.832487448023662,2.0367482293740973,2.219944626682971,2.0367482293740973,2.219944626682971
structured,1087,D100,D100|78|3,2.11252368,2.136726367830293,0.7592749231363468,0.0234541335020034,structured,1.832487448023662,2.0468366788635817,2.2305636879226194,2.0468366788635817,2.2305636879226194
structured,1088,D200,D200|78|3,2.117708297,2.109323604130279,0.7463673293325659,0.0186345188930401,structured,1.6015160326882019,2.0473040878224715,2.173221893809337,2.0473040878224715,2.173221893809337
structured,1089,D200,D200|78|3,2.109405472,2.10540251304426,0.7445066664528133,0.0186484052447198,structured,1.6015160326882019,2.0434528415648687,2.16923026153054,2.0434528415648687,2.16923026153054
structured,1090,D200,D200|78|3,2.100518085,2.103568759663191,0.7436353117305875,0.0186475966149274,structured,1.6015160326882019,2.0416756888483474,2.167338108985839,2.0416756888483474,2.167338108985839
structured,1091,D200,D200|78|3,2.117438459,2.107416015496046,0.7454625598013931,0.0186367110533315,structured,1.6015160326882019,2.0454454060586253,2.171264140912465,2.0454454060586253,2.171264140912465
structured,1092,D200,D200|78|3,2.134237176,2.1275891516361134,0.7549894849992309,0.0185902411024062,structured,1.6015160326882019,2.0651790213894987,2.191885328717921,2.0651790213894987,2.191885328717921
structured,1093,D400,D400|78|3,2.109788548,2.1348580137603066,0.7584001403755594,0.0115369135264957,structured,1.8113246778185923,2.090708584575482,2.1799397450898326,2.0732957839947534,2.198248206599418
structured,1094,D400,D400|78|3,2.13076654,2.1310930383532543,0.7566350116440775,0.011506688055542,structured,1.8113246778185923,2.087135733531525,2.175976130902225,2.0696393780005504,2.194371438035374
structured,1095,D400,D400|78|3,2.158121598,2.147797994789506,0.7644431288301764,0.0119001366204798,structured,1.8113246778185923,2.1019975727070834,2.194596362202678,2.0858626188567855,2.2115724135993795
structured,1096,D400,D400|78|3,2.149065463,2.154721708322937,0.7676615775475538,0.0118783431908025,structured,1.8113246778185923,2.1088568879003526,2.201584027326135,2.0925866754384996,2.2187017124847253
structured,1097,D400,D400|78|3,2.143923119,2.155908078586985,0.7682120169741103,0.0120102434745392,structured,1.8113246778185923,2.1095139522787423,2.2033225418091322,2.0937388347160035,2.2199233095597988
structured,1098,D600,D600|78|3,2.124680917,2.1167091282290875,0.7498625846159511,0.0099913756313089,structured,1.7530717842594967,2.0799565122254995,2.154111159148405,2.059465536857436,2.1755438259797875
structured,1099,D600,D600|78|3,2.099230499,2.1143023097947675,0.748724880911206,0.0101131526463188,structured,1.7530717842594967,2.0771479987154238,2.1521212065621005,2.0571238076359526,2.1730701091543585
structured,1100,D600,D600|78|3,2.120016659,2.118872938367197,0.7508843144714124,0.0100080150436626,structured,1.7530717842594967,2.082022018284828,2.156376104342737,2.0615708296198236,2.1777677800052966
structured,1101,D600,D600|78|3,2.116318793,2.126663130696432,0.7545541460052779,0.0105134649232463,structured,1.7530717842594967,2.087825904124713,2.16622279785326,2.0691503465282106,2.185774503555093
structured,1102,D600,D600|78|3,2.121924309,2.129918655621022,0.7560837891427974,0.0102791412370105,structured,1.7530717842594967,2.091881116003633,2.1686478475551105,2.072317830098418,2.1891205169754353
physics_residual,1103,D800,D800|78|3,2.078791987,2.073267084822883,0.7291256649147078,0.0105722562492952,physics_residual,1.8820659579273764,2.032421585405774,2.1149334546905973,2.0165891554575204,2.1315379949242823
physics_residual,1104,D800,D800|78|3,2.120605244,2.095888956801512,0.739977786430146,0.0100757298194247,physics_residual,1.8820659579273764,2.0565186929448163,2.136012930158376,2.0385926021153105,2.1547956735860163
physics_residual,1105,D800,D800|78|3,2.132835138,2.10940016933796,0.7464036271381587,0.0103895255789224,physics_residual,1.8820659579273764,2.068554087447408,2.15105280611433,2.051734451941383,2.1686866300815693
physics_residual,1106,D800,D800|78|3,2.088280708,2.1052421678089384,0.7444305046070379,0.0100261513404573,physics_residual,1.8820659579273764,2.06588896743074,2.145345008852449,2.0476901197599764,2.1644117644325926
physics_residual,1107,D800,D800|78|3,2.082623381,2.097951311288657,0.7409613025020769,0.0100589014915108,physics_residual,1.8820659579273764,2.058607506328938,2.138047049282697,2.040598576996179,2.156915992275554
structured,1108,S50,S50|78|3,2.13105359,2.100097881845405,0.7419839540457203,0.0232275108422043,structured,1.729471248026422,2.0174062302296525,2.1861789892606294,2.0174062302296525,2.1861789892606294
structured,1109,S50,S50|78|3,2.125737217,2.0997298890702174,0.7418087122042913,0.0232369691121469,structured,1.729471248026422,2.017019732934932,2.1858316679131145,2.017019732934932,2.1858316679131145
structured,1110,S50,S50|78|3,2.127780473,2.0973387148423783,0.740669262406247,0.0229444962228678,structured,1.729471248026422,2.01574210090674,2.1822383343573346,2.01574210090674,2.1822383343573346
structured,1111,S50,S50|78|3,2.115058345,2.1108031825375795,0.7470685302882333,0.0227828189341898,structured,1.729471248026422,2.0292500676418275,2.195633818846417,2.0292500676418275,2.195633818846417
structured,1112,S50,S50|78|3,2.120433061,2.1092878385748435,0.7463503732530967,0.022661545708463,structured,1.729471248026422,2.0282186216361024,2.1935974448212026,2.0282186216361024,2.1935974448212026
structured,1113,S100,S100|78|3,2.10025556,2.108494338567572,0.745974109148737,0.0124375639681926,structured,1.8602229012928744,2.0602708769434193,2.1578465363579444,2.043248885163239,2.1758232235209674
structured,1114,S100,S100|78|3,2.092586996,2.110937197465901,0.7471320182890591,0.012436654169589,structured,1.8602229012928744,2.062661356017673,2.1603429174861657,2.0456161519987823,2.178344088303739
structured,1115,S100,S100|78|3,2.097468661,2.110805065553641,0.7470694223729322,0.0124352378296832,structured,1.8602229012928744,2.0625376800585795,2.1602020015655508,2.045488108789237,2.17820773712745
structured,1116,S100,S100|78|3,2.083759863,2.1081937957955392,0.7458315599428366,0.0124325742915366,structured,1.8602229012928744,2.0599963285110148,2.157518932979515,2.0429576424159066,2.1755130837538887
structured,1117,S100,S100|78|3,2.090691433,2.110107080690344,0.746738695342624,0.0124330732033942,structured,1.8602229012928744,2.0618639583497833,2.159478986937205,2.0448117224372764,2.1774874640646065
structured,1118,S200,S200|78|3,2.095038662,2.106751360453518,0.7451471214294709,0.0106117994558665,structured,1.8640561530082034,2.0654872011783882,2.148839892225226,2.042563752218753,2.172956065607009
structured,1119,S200,S200|78|3,2.095806206,2.097758229075716,0.7408692645708427,0.0105963728047844,structured,1.8640561530082034,2.056729357691843,2.139605569005652,2.0338446197591513,2.163680324889324
structured,1120,S200,S200|78|3,2.102775437,2.0882040867897453,0.7363044079592796,0.0109620306542683,structured,1.8640561530082034,2.04596705913177,2.131313057374377,2.0245815690341415,2.153825943484058
structured,1121,S200,S200|78|3,2.069632317,2.086971529860896,0.7357139863445628,0.0110061153853274,structured,1.8640561530082034,2.0445914084024457,2.130230102968636,2.0233865651278093,2.1525546534281816
structured,1122,S200,S200|78|3,2.102405588,2.0880410963785154,0.7362263520003193,0.0109729439269528,structured,1.8640561530082034,2.045765748103601,2.1311900564408113,2.024423544545734,2.153657831095778
structured,1123,S400,S400|78|3,2.104027112,2.095239659653067,0.7396679428471598,0.010161913822109,structured,1.822880476977106,2.0567848035180347,2.1344134903535656,2.03611285117185,2.156083455225232
structured,1124,S400,S400|78|3,2.117542431,2.093385979835836,0.7387828410988581,0.0101450667027254,structured,1.822880476977106,2.0550282546371355,2.1324596636006046,2.0343114814428866,2.154175946283807
structured,1125,S400,S400|78|3,2.103087168,2.094755514593246,0.7394368470860229,0.0101554875213822,structured,1.822880476977106,2.0563336327143467,2.133895296030675,2.035642368488119,2.1555852510467264
structured,1126,S400,S400|78|3,2.089959666,2.092933650267826,0.7385667421815576,0.0101882731471357,structured,1.822880476977106,2.054422400178076,2.13216681440181,2.0338719164307673,2.1537104814891705
structured,1127,S400,S400|78|3,2.102186006,2.0937394272796563,0.7389516669210124,0.0101480623107953,structured,1.822880476977106,2.055364002135581,2.1328313548308278,2.034654954744025,2.1545396575100626
structured,1128,S600,S600|78|3,2.087092666,2.093515134316653,0.7388445356444594,0.0101504371589896,structured,1.5981774307519638,2.0598276949286842,2.127753514725228,2.030214815976061,2.1587891010960645
structured,1129,S600,S600|78|3,2.08206794,2.0935547985344853,0.738863481694308,0.0101479175160354,structured,1.5981774307519638,2.0598750156597685,2.1277852593706634,2.030253280891546,2.1588300020094406
structured,1130,S600,S600|78|3,2.097250237,2.0968701495338133,0.7404458279871869,0.0101793698401797,structured,1.5981774307519638,2.063033327539532,2.1312619458503175,2.033468387679486,2.162248722746797
structured,1131,S600,S600|78|3,2.113023395,2.094311474922689,0.7392248477681168,0.0101595072310803,structured,1.5981774307519638,2.0605813518089526,2.1285937340655456,2.0309870781252264,2.15961027090415
structured,1132,S600,S600|78|3,2.105152683,2.0910958095576366,0.7376882393669691,0.0101419257397898,structured,1.5981774307519638,2.057475287466916,2.1252657134623396,2.0278686428388815,2.156294343911765
structured,1133,S800,S800|78|3,2.055897074,2.0833437711952603,0.7339741852413746,0.0107569061993046,structured,1.8640561530082034,2.0419856821807576,2.125539521091452,2.0220378443540103,2.1465084251994857
structured,1134,S800,S800|78|3,2.081431625,2.080891353167213,0.7327963370947967,0.0127357082832274,structured,1.8640561530082034,2.0320726087014958,2.1308829247263152,2.019657592889298,2.1439816525985846
structured,1135,S800,S800|78|3,2.075425638,2.079806365114679,0.7322747956848737,0.0119488005182631,structured,1.8640561530082034,2.0339944328100246,2.126650125780135,2.0186045324519233,2.142863768921293
structured,1136,S800,S800|78|3,2.073550491,2.0811507424731697,0.7329209823051678,0.0122618750303659,structured,1.8640561530082034,2.0341217610831506,2.1292670359075796,2.019909349224626,2.1442489062983054
structured,1137,S800,S800|78|3,2.050699731,2.081524277244119,0.7331004509257941,0.013763600764274,structured,1.8640561530082034,2.028799677365705,2.1356190880227777,2.020271892100883,2.144633766225905
structured,1138,D50,D50|78|3,2.296855612,2.1057579029933056,0.7446754512602198,0.0321522137616913,structured,2.0105181800626415,1.9739425573406284,2.246375574369657,1.9739425573406284,2.246375574369657
structured,1139,D50,D50|78|3,2.28927411,2.149549701598004,0.7652583790865104,0.0283848568968783,structured,2.0105181800626415,2.030313284034046,2.275788646006114,2.030313284034046,2.275788646006114
structured,1140,D50,D50|78|3,2.265432391,2.186988683713968,0.7825255673392082,0.028228866357384,structured,2.0105181800626415,2.0663234527160084,2.3147002936090226,2.0663234527160084,2.3147002936090226
structured,1141,D50,D50|78|3,2.309014532,2.1055490713151697,0.7445762746010112,0.032350355158765,structured,2.0105181800626415,1.9729606792562067,2.247047768528014,1.9729606792562067,2.247047768528014
structured,1142,D50,D50|78|3,2.323146548,2.1001680778009044,0.7420173785746333,0.0331385023158578,structured,2.0105181800626415,1.9648026686675735,2.244859509481965,1.9648026686675735,2.244859509481965
structured,1143,D100,D100|78|4,2.172610234,2.212092299279465,0.7939388094077603,0.0236930081141584,structured,1.832487448023662,2.118104678919472,2.3102504749802075,2.118104678919472,2.3102504749802075
structured,1144,D100,D100|78|4,2.167009878,2.215934210296435,0.7956740799499367,0.0235881587653837,structured,1.832487448023662,2.122191062655833,2.313818256409472,2.122191062655833,2.313818256409472
structured,1145,D100,D100|78|4,2.155731334,2.20946975540414,0.7927525570605458,0.0236776804251171,structured,1.832487448023662,2.1156529851747843,2.3074467477672487,2.1156529851747843,2.3074467477672487
structured,1146,D100,D100|78|4,2.160182521,2.214868389052407,0.7951929836967468,0.0236147393520645,structured,1.832487448023662,2.121067013339258,2.3128180062074075,2.121067013339258,2.3128180062074075
structured,1147,D100,D100|78|4,2.171657899,2.211302827510372,0.7935818565447006,0.023553191605055,structured,1.832487448023662,2.11789130996941,2.3088343447738082,2.11789130996941,2.3088343447738082
structured,1148,D200,D200|78|4,2.194175268,2.2163471485692194,0.7958604121073722,0.0186637994578669,structured,1.6015160326882019,2.1510799923572437,2.2835946131356653,2.1510799923572437,2.2835946131356653
structured,1149,D200,D200|78|4,2.227146471,2.2114815089873736,0.7936626569923392,0.0191061266446839,structured,1.6015160326882019,2.1448377078644354,2.2801960477758367,2.1448377078644354,2.2801960477758367
structured,1150,D200,D200|78|4,2.219782185,2.21214009963313,0.7939604178357798,0.019011443136068,structured,1.6015160326882019,2.1458018102584084,2.2805292627726725,2.1458018102584084,2.2805292627726725
structured,1151,D200,D200|78|4,2.209961444,2.218739892921318,0.7969394189281455,0.0186957674812468,structured,1.6015160326882019,2.1532920294307303,2.2861770002194977,2.1532920294307303,2.2861770002194977
structured,1152,D200,D200|78|4,2.223157782,2.210353574208448,0.793152491062508,0.0189331248180639,structured,1.6015160326882019,2.1443378028936233,2.278401712837979,2.1443378028936233,2.278401712837979
structured,1153,D400,D400|78|4,2.208759938,2.2155533599601496,0.7955021962060764,0.0115971757559393,structured,1.8113246778185923,2.16949830629387,2.262586090337238,2.151664143850893,2.28133963418915
structured,1154,D400,D400|78|4,2.215521349,2.2159729352576862,0.7956915554790851,0.0115924373327575,structured,1.8113246778185923,2.1699277838400057,2.2629951495918688,2.1520716199874066,2.281771667907271
structured,1155,D400,D400|78|4,2.21109678,2.2147271898768097,0.7951292310705177,0.0116162445000451,structured,1.8113246778185923,2.168614405381187,2.261820503178597,2.1508617977746622,2.28048893269409
structured,1156,D400,D400|78|4,2.238669537,2.228613173076702,0.801379496533522,0.0118898768879636,structured,1.8113246778185923,2.181129951974832,2.2771301043819308,2.1643473552400265,2.29478723144243
structured,1157,D400,D400|78|4,2.277323367,2.236182571496136,0.8047702028970454,0.0128555415076817,structured,1.8113246778185923,2.1847133790728734,2.2888643155493185,2.1716984772955614,2.302581387490892
structured,1158,D600,D600|78|4,2.215719494,2.2056879440515,0.7910394530063067,0.009965518559714,structured,1.7530717842594967,2.167488629175698,2.2445604747575207,2.14603803860214,2.266995840252242
structured,1159,D600,D600|78|4,2.228725024,2.200596966361778,0.7887286719022288,0.0099703657041901,structured,1.7530717842594967,2.162467444420772,2.2393988038316026,2.141084739652811,2.261763356991615
structured,1160,D600,D600|78|4,2.259070385,2.21522955854741,0.7953560362974231,0.0100445475268544,structured,1.7530717842594967,2.176563427251416,2.254582584463924,2.1553216127872936,2.2768026673829134
structured,1161,D600,D600|78|4,2.23342589,2.200047706328116,0.7884790448237585,0.0101833758553722,structured,1.7530717842594967,2.161120540524013,2.239676047383263,2.1405503336283767,2.2611988300761516
structured,1162,D600,D600|78|4,2.171001568,2.2719047054689785,0.8206185569638577,0.0156406748376612,structured,1.7530717842594967,2.2104571099409522,2.335060457639898,2.2104571099409522,2.335060457639898
physics_residual,1163,D800,D800|78|4,2.175697215,2.200795920033924,0.7888190767706041,0.0099593759551574,physics_residual,1.8820659579273764,2.1599279708755947,2.242437130750475,2.1406316717243934,2.2626511349971126
physics_residual,1164,D800,D800|78|4,2.183416165,2.222184027520356,0.7984905084542229,0.0104505484326158,physics_residual,1.8820659579273764,2.1789037579726185,2.2663239870499337,2.161435081921099,2.2846403731809373
physics_residual,1165,D800,D800|78|4,2.236248929,2.209460063845865,0.7927481706780182,0.0108583169547056,physics_residual,1.8820659579273764,2.164765630918272,2.2550772721105132,2.149058959544851,2.2715587918368088
physics_residual,1166,D800,D800|78|4,2.214218214,2.204862227024396,0.790665024871619,0.0099342307241265,physics_residual,1.8820659579273764,2.164021177923669,2.2464740593820807,2.144586816066275,2.2668317289556366
physics_residual,1167,D800,D800|78|4,2.177187795,2.2030834064126643,0.7898579274814884,0.0099284290373065,physics_residual,1.8820659579273764,2.16229891707062,2.2446371578385764,2.1428566239548092,2.2650029130988587
structured,1168,S50,S50|78|4,2.222032953,2.174621597216702,0.7768546711134975,0.0228367157233924,structured,1.729471248026422,2.0904079281628007,2.2622278778082725,2.0904079281628007,2.2622278778082725
structured,1169,S50,S50|78|4,2.214924375,2.1729784768426064,0.7760987964128174,0.0227013652626662,structured,1.729471248026422,2.089317458794474,2.259989472133972,2.089317458794474,2.259989472133972
structured,1170,S50,S50|78|4,2.215731321,2.1745741085712806,0.7768328332158098,0.0228174550098104,structured,1.729471248026422,2.0904319114515983,2.2621031222131096,2.0904319114515983,2.2621031222131096
structured,1171,S50,S50|78|4,2.19161935,2.1742069824993826,0.7766639923084007,0.0227076048298358,structured,1.729471248026422,2.0904761074549185,2.261291571757901,2.0904761074549185,2.261291571757901
structured,1172,S50,S50|78|4,2.203313428,2.177493739892837,0.7781745548346876,0.0228833410975131,structured,1.729471248026422,2.0930000646399924,2.2653983950488095,2.0930000646399924,2.2653983950488095
structured,1173,S100,S100|78|4,2.14918061,2.166620122995983,0.7731684063085853,0.0128992249252075,structured,1.8602229012928744,2.1152499235787965,2.2192378806136195,2.099576019678229,2.235805092730363
structured,1174,S100,S100|78|4,2.155837945,2.1731537268387986,0.7761794428304016,0.0128041715301957,structured,1.8602229012928744,2.1220037973776926,2.22553660191815,2.105907447049763,2.242547328986089
structured,1175,S100,S100|78|4,2.162778819,2.169692634175979,0.7745855142831415,0.012958774490927,structured,1.8602229012928744,2.1180149489459232,2.222631209066925,2.1025534547741387,2.2389757159839707
structured,1176,S100,S100|78|4,2.148500592,2.1752999235551376,0.777166550921303,0.012726575429474,structured,1.8602229012928744,2.1244061061425,2.22741299026448,2.1079872316466615,2.244762058507643
structured,1177,S100,S100|78|4,2.142818588,2.1737839687547016,0.7764694133634312,0.012751451276477,structured,1.8602229012928744,2.1228273836653115,2.2259637213912753,2.1065181866986666,2.2431976959194855
structured,1178,S200,S200|78|4,2.206816048,2.1959389791136483,0.7866097359723435,0.0106857420604784,structured,1.8640561530082034,2.1526312105303917,2.2401180361974555,2.129034040284771,2.2649464070314735
structured,1179,S200,S200|78|4,2.196338291,2.1961779791183216,0.7867185673204984,0.0107902656896237,structured,1.8640561530082034,2.1524460780737678,2.2407983944854655,2.129265758538519,2.2651929176162455
structured,1180,S200,S200|78|4,2.191421843,2.1950646368718587,0.7862114934156021,0.0106336374227752,structured,1.8640561530082034,2.151983115149895,2.2390086270308722,2.1281863371321172,2.264044588566619
structured,1181,S200,S200|78|4,2.189803313,2.19729390619214,0.7872265606009592,0.0106806665118338,structured,1.8640561530082034,2.1539797950085853,2.2414790154379642,2.13034768601885,2.2663439127214797
structured,1182,S200,S200|78|4,2.18060903,2.1981879328832243,0.7876333540930699,0.0108921500817539,structured,1.8640561530082034,2.154006884150824,2.243275183485942,2.131214473883334,2.2672660342198556
structured,1183,S400,S400|78|4,2.226271571,2.167785873003069,0.7737063116346068,0.0102455458777082,structured,1.822880476977106,2.127675152823257,2.2086527564868543,2.106611839974998,2.2307363426037945
structured,1184,S400,S400|78|4,2.213920664,2.1711075779555453,0.7752374419280608,0.0101979451008311,structured,1.822880476977106,2.1311203064052675,2.211845150594518,2.1098398077687435,2.2341545067542192
structured,1185,S400,S400|78|4,2.188920086,2.173627338386252,0.7763973565197366,0.0101799881662706,structured,1.822880476977106,2.133663498907631,2.2143397066121144,2.112288461587985,2.2367474386657302
structured,1186,S400,S400|78|4,2.195478145,2.1744500134071747,0.7767757651652959,0.0101686624082369,structured,1.822880476977106,2.134515116088324,2.215132057472304,2.1130879210554125,2.237594003398059
structured,1187,S400,S400|78|4,2.199391193,2.1733346269056875,0.7762626824722783,0.0101810732073557,structured,1.822880476977106,2.133371949555682,2.2140458917588304,2.1120040103059963,2.2364462271181673
structured,1188,S600,S600|78|4,2.189764122,2.194230271415595,0.7858313114120015,0.010358609673332,structured,1.5981774307519638,2.1582040450546365,2.2308578723262795,2.127884691956239,2.2626444478860757
structured,1189,S600,S600|78|4,2.174324856,2.194223253656715,0.78582811312867,0.0103709657789418,structured,1.5981774307519638,2.158154524481829,2.230894791022364,2.1278778863889802,2.262637211319625
structured,1190,S600,S600|78|4,2.171721222,2.192572680642484,0.7850755943806621,0.0102967638631925,structured,1.5981774307519638,2.156786837152043,2.2289522900871033,2.126277220726997,2.26093517488565
structured,1191,S600,S600|78|4,2.179246712,2.1928061613979075,0.7851820758337151,0.0105175790843771,structured,1.5981774307519638,2.1562554262474323,2.2299764688976405,2.126503641869666,2.261175935366366
structured,1192,S600,S600|78|4,2.180835264,2.1939801077020165,0.7857172951309953,0.0102738861487347,structured,1.5981774307519638,2.1582502029369706,2.23030152224326,2.127642092287671,2.262386484287193
structured,1193,S800,S800|78|4,2.170123198,2.1831928425913936,0.7807884120039947,0.0109047336941511,structured,1.8640561530082034,2.139262997584398,2.228024788595096,2.1189486873354126,2.2493848088110013
structured,1194,S800,S800|78|4,2.144811587,2.181197756344493,0.7798741554356867,0.0112885057646938,structured,1.8640561530082034,2.135779631082379,2.2275817144445567,2.117012309887888,2.2473292337795625
structured,1195,S800,S800|78|4,2.141743393,2.1822395887322816,0.7803516837351417,0.0110753414420651,structured,1.8640561530082034,2.1376489965193475,2.2277603247233277,2.118023484589207,2.2484026533606003
structured,1196,S800,S800|78|4,2.131005724,2.1797084446498283,0.7791911268705572,0.0116927119238232,structured,1.8640561530082034,2.132713804248678,2.227738618380408,2.115566823717873,2.245794767819338
structured,1197,S800,S800|78|4,2.147763194,2.1791835192562257,0.778950274194929,0.0115326122909154,structured,1.8640561530082034,2.1328366137751136,2.226537550943725,2.115057345145012,2.2452539272746574
structured,1198,D50,D50|91|0,1.474887956,1.5132806166894202,0.4142798879916749,0.0301809882210623,structured,2.0105181800626415,1.424186057029316,1.6079487743508873,1.424186057029316,1.6079487743508873
structured,1199,D50,D50|91|0,1.486720847,1.5181264428506691,0.4174769711900981,0.0316369370365402,structured,2.0105181800626415,1.4245704563169161,1.617826542915271,1.4245704563169161,1.617826542915271
structured,1200,D50,D50|91|0,1.47655687,1.506114646370521,0.4095332528882823,0.0288070260418141,structured,2.0105181800626415,1.4213629046546983,1.5959198882869912,1.4213629046546983,1.5959198882869912
structured,1201,D50,D50|91|0,1.470630924,1.5066807978901584,0.4099090842626825,0.0295523338139603,structured,2.0105181800626415,1.4197681446501855,1.5989139038545253,1.4197681446501855,1.5989139038545253
structured,1202,D50,D50|91|0,1.469018895,1.505266242658301,0.4089697879757183,0.0292070675174498,structured,2.0105181800626415,1.419420156527024,1.5963042731692394,1.419420156527024,1.5963042731692394
structured,1203,D100,D100|91|0,1.51890701,1.4876958982072508,0.3972285460402369,0.0239909500791639,structured,1.832487448023662,1.4237089900054447,1.5545586219373488,1.4237089900054447,1.5545586219373488
structured,1204,D100,D100|91|0,1.499253844,1.4858883820691302,0.3960128304657834,0.0241379595234349,structured,1.832487448023662,1.4215961968837343,1.5530882038147351,1.4215961968837343,1.5530882038147351
structured,1205,D100,D100|91|0,1.505115183,1.4858688042584105,0.3959996545503282,0.0240410036775071,structured,1.832487448023662,1.4218300608098158,1.552791830980731,1.4218300608098158,1.552791830980731
structured,1206,D100,D100|91|0,1.498529419,1.4855510622763894,0.3957857891273966,0.0242620045890721,structured,1.832487448023662,1.4209504380029507,1.5530886226630842,1.4209504380029507,1.5530886226630842
structured,1207,D100,D100|91|0,1.487426062,1.4807622995213785,0.3925570224185957,0.0243433746094218,structured,1.832487448023662,1.4161587407027438,1.548312999569365,1.4161587407027438,1.548312999569365
structured,1208,D200,D200|91|0,1.496959188,1.4979070363449078,0.4040688246545706,0.0190569381389037,structured,1.6015160326882019,1.4528815099253036,1.544327926402574,1.4528815099253036,1.544327926402574
structured,1209,D200,D200|91|0,1.512561412,1.4964934860682553,0.4031246955234989,0.0189791517374345,structured,1.6015160326882019,1.4516912843734764,1.5426783765607879,1.4516912843734764,1.5426783765607879
structured,1210,D200,D200|91|0,1.49550738,1.4966773041149188,0.4032475204872446,0.0189881452085646,structured,1.6015160326882019,1.4518486878528942,1.5428900899896456,1.4518486878528942,1.5428900899896456
structured,1211,D200,D200|91|0,1.499524673,1.4992105766142676,0.4049386873158945,0.0191466313883028,structured,1.6015160326882019,1.4539370010922363,1.5458939082942404,1.4539370010922363,1.5458939082942404
structured,1212,D200,D200|91|0,1.507948275,1.4981583601751571,0.4042365939102956,0.0191407962078132,structured,1.6015160326882019,1.4529301375410846,1.5447944909183553,1.4529301375410846,1.5447944909183553
structured,1213,D400,D400|91|0,1.480943664,1.4718388596858196,0.3865125439922381,0.0119056877921609,structured,1.8113246778185923,1.4404383512978363,1.5039238763182103,1.4293959049441833,1.5155420701767341
structured,1214,D400,D400|91|0,1.488196875,1.4732563470550413,0.3874751529261921,0.011924970352452,structured,1.8113246778185923,1.4417752399738728,1.5054248429022101,1.4307725166755163,1.5170016469013612
structured,1215,D400,D400|91|0,1.495449395,1.477311554938992,0.3902239189752926,0.0120134389908471,structured,1.8113246778185923,1.4455121393475987,1.5098105169433338,1.4347107858038735,1.5211772657953697
structured,1216,D400,D400|91|0,1.489649011,1.4745656452616218,0.3883634686359541,0.0136424632895721,structured,1.8113246778185923,1.4385742777198607,1.5114574727640455,1.4320440590610983,1.5183498220099485
structured,1217,D400,D400|91|0,1.488574134,1.4769899218331517,0.3900061801225452,0.0127211931525661,structured,1.8113246778185923,1.4433459130307578,1.5114181635197599,1.4343984275308481,1.5208460824597383
structured,1218,D600,D600|91|0,1.454631794,1.4655996411815295,0.3822644701106858,0.0110063368598402,structured,1.7530717842594967,1.4375921148236244,1.4941528171187564,1.4259644424405367,1.5063365146434924
structured,1219,D600,D600|91|0,1.449676887,1.4672990603340577,0.3834233368262931,0.010456887885402,structured,1.7530717842594967,1.4406460541972326,1.4944451665866674,1.4276179030557108,1.5080831697675843
structured,1220,D600,D600|91|0,1.464974381,1.4651259778209016,0.3819412304585797,0.01091388358729,structured,1.7530717842594967,1.4373604476555346,1.493427855474208,1.4255035886773642,1.5058496856380021
structured,1221,D600,D600|91|0,1.454164751,1.4647569737417376,0.3816893404771603,0.0113084042089295,structured,1.7530717842594967,1.4360049190371265,1.4940847093780625,1.425144563824179,1.5054704249566548
structured,1222,D600,D600|91|0,1.463072572,1.479868631496034,0.3919533213337199,0.0103976099725519,structured,1.7530717842594967,1.4531383032364782,1.5070906613694501,1.439847546834318,1.5210021167178107
physics_residual,1223,D800,D800|91|0,1.471779432,1.4801717831796135,0.3921581507564106,0.0110140582364975,physics_residual,1.8820659579273764,1.4498048580070095,1.5111747595692804,1.4397075938864028,1.5217732524469731
physics_residual,1224,D800,D800|91|0,1.476235518,1.4798860549270234,0.3919650948979747,0.010794356405787,physics_residual,1.8820659579273764,1.450124484561098,1.5102584356613522,1.4394296767285992,1.5214794935622264
physics_residual,1225,D800,D800|91|0,1.473976524,1.47640497295253,0.3896100604642476,0.013090174294364,physics_residual,1.8820659579273764,1.4404758192483271,1.5132302917076494,1.4360437588165222,1.5179005728595365
physics_residual,1226,D800,D800|91|0,1.46374932,1.480504359271144,0.3923828130139001,0.0104767187577394,physics_residual,1.8820659579273764,1.451597882019019,1.50998646730744,1.4400310781805654,1.5221151758684608
physics_residual,1227,D800,D800|91|0,1.457317453,1.457676184286759,0.376843513094268,0.010888806231446,physics_residual,1.8820659579273764,1.4281073862763254,1.4878572008349464,1.4178269683244875,1.4986453958819843
structured,1228,S50,S50|91|0,1.464285745,1.4903730791086964,0.3990264772789127,0.0236052513834642,structured,1.729471248026422,1.4307544230298201,1.5524760078869535,1.4307544230298201,1.5524760078869535
structured,1229,S50,S50|91|0,1.46329805,1.4900612057954885,0.3988171968287943,0.0235111399426356,structured,1.729471248026422,1.4306878695746614,1.5518985267392995,1.4306878695746614,1.5518985267392995
structured,1230,S50,S50|91|0,1.456338684,1.4884341041313771,0.39772463051147,0.023489875695579,structured,1.729471248026422,1.429178160145965,1.5501468914939953,1.429178160145965,1.5501468914939953
structured,1231,S50,S50|91|0,1.474668071,1.484396203609149,0.3950080926755358,0.0234112889992051,structured,1.729471248026422,1.4254947429105014,1.545731473404385,1.4254947429105014,1.545731473404385
structured,1232,S50,S50|91|0,1.471097952,1.479805276275292,0.3919105090356587,0.0233206830992736,structured,1.729471248026422,1.4213086875356158,1.5407094003548891,1.4213086875356158,1.5407094003548891
structured,1233,S100,S100|91|0,1.442874313,1.4593640880076737,0.3780007846789816,0.0148098120903564,structured,1.8602229012928744,1.4197080232829749,1.500127847725751,1.4142053840631577,1.50596480919023
structured,1234,S100,S100|91|0,1.45146606,1.4617722939403113,0.3796495994985134,0.0140763357748378,structured,1.8602229012928744,1.4239924020320114,1.500554522820751,1.4165390702377425,1.5084499144615173
structured,1235,S100,S100|91|0,1.454374894,1.4636772036099368,0.3809519018902972,0.0136234035990276,structured,1.8602229012928744,1.427049940204565,1.5012445577484848,1.4183850341977133,1.5104156521076029
structured,1236,S100,S100|91|0,1.456256666,1.4606773389366885,0.3789002589161876,0.014340550661319,structured,1.8602229012928744,1.4222265522832127,1.5001676667180506,1.4154779976279972,1.5073199951242844
structured,1237,S100,S100|91|0,1.452714446,1.462064098763033,0.3798492035696705,0.0139497857171389,structured,1.8602229012928744,1.4246119953939178,1.5005007930602785,1.4168218454237154,1.5087510372572486
structured,1238,S200,S200|91|0,1.470202477,1.47485596317283,0.3885603329372907,0.0109060419437926,structured,1.8640561530082034,1.4451756313234783,1.5051458556040194,1.4299206762928127,1.5212033423740967
structured,1239,S200,S200|91|0,1.483981407,1.4867774297551444,0.3966109789081579,0.0114443131955746,structured,1.8640561530082034,1.4553961570914438,1.5188353458668815,1.4414789246800743,1.5334994412907696
structured,1240,S200,S200|91|0,1.481539669,1.4809299819360908,0.3926702566096975,0.0110213952090846,structured,1.8640561530082034,1.4508154200966943,1.511669631448403,1.4358096344247597,1.527468237302845
structured,1241,S200,S200|91|0,1.480093475,1.4797569311990266,0.3918778386115347,0.0109709412613302,structured,1.8640561530082034,1.449802569286253,1.5103301799979247,1.434672323700762,1.5262583234220632
structured,1242,S200,S200|91|0,1.481454481,1.4808460709553477,0.3926135939996506,0.0110327308854259,structured,1.8640561530082034,1.4507025612790736,1.5116159193449155,1.4357282800082414,1.5273816894177934
structured,1243,S400,S400|91|0,1.485518466,1.470864126016886,0.3858500689077201,0.0103502695704238,structured,1.822880476977106,1.4433730417549246,1.4988788169224765,1.4293569403924533,1.5135766414016991
structured,1244,S400,S400|91|0,1.497415762,1.4663210817831924,0.3827565984350108,0.0102708786079984,structured,1.822880476977106,1.4391231641488365,1.494033011520246,1.4249420990137838,1.508901671422253
structured,1245,S400,S400|91|0,1.487051311,1.4667287412141543,0.3830345749155947,0.0103122590042279,structured,1.822880476977106,1.4394146808201722,1.4945611080455707,1.425338254461901,1.5093211689009371
structured,1246,S400,S400|91|0,1.496107801,1.464814892584691,0.3817288813012833,0.0102884881009205,structured,1.822880476977106,1.4375987646957096,1.4925462668939253,1.423478413860042,1.5073517439013766
structured,1247,S400,S400|91|0,1.476622947,1.467031424418464,0.3832409198029031,0.0103614549938782,structured,1.822880476977106,1.4395826220580608,1.4950035984419285,1.4256323960696593,1.5096326417417552
structured,1248,S600,S600|91|0,1.466414868,1.469512567440353,0.3849307590283246,0.0101696829803451,structured,1.5981774307519638,1.4458216866236149,1.4935916412404073,1.4250798275954426,1.5153306811653058
structured,1249,S600,S600|91|0,1.459969508,1.468568260661923,0.3842879538325563,0.0101317595077807,structured,1.5981774307519638,1.444980178910577,1.4925413979377868,1.4241640732352425,1.5143569317292733
structured,1250,S600,S600|91|0,1.450253824,1.4631684500194653,0.3806042555462104,0.0103599519468957,structured,1.5981774307519638,1.4391421604436951,1.4875958553478312,1.418927533317244,1.5087887597242855
structured,1251,S600,S600|91|0,1.462794051,1.4652876726534343,0.3820515867781872,0.0102424539609696,structured,1.5981774307519638,1.4414972466308573,1.4894707351320704,1.420982678331154,1.5109740578623387
structured,1252,S600,S600|91|0,1.466989729,1.4637577068342005,0.3810069010460404,0.0103312880588304,structured,1.5981774307519638,1.4397876963665797,1.4881267771099214,1.4194989731392351,1.50939638904998
structured,1253,S800,S800|91|0,1.470174519,1.474049750761274,0.388013545410085,0.0107098144211644,structured,1.8640561530082034,1.444914066059155,1.5037729362310868,1.4306733347179978,1.5187412912449803
structured,1254,S800,S800|91|0,1.467155176,1.4630435606128207,0.3805188964496948,0.0108029189887571,structured,1.8640561530082034,1.4338765474659187,1.4928038707610682,1.4199910203971304,1.5074014057159355
structured,1255,S800,S800|91|0,1.4584823,1.4658112602971107,0.3824088504947813,0.0106835142196576,structured,1.8640561530082034,1.4369088582641376,1.4952950136374206,1.422677275820176,1.5102530189604182
structured,1256,S800,S800|91|0,1.454521861,1.4679128040067522,0.3838415306126398,0.0106678922135741,structured,1.8640561530082034,1.4390108682138323,1.4973952231796308,1.4247169780388937,1.5124182791258503
structured,1257,S800,S800|91|0,1.463400253,1.4633986544580415,0.3807615760045035,0.0110975268022916,structured,1.8640561530082034,1.4334371517839066,1.4939864082666434,1.4203356650032013,1.5077672656095553
structured,1258,D50,D50|91|1,1.729470914,1.6599730008128593,0.5068013376656156,0.0349665674015651,structured,2.0105181800626415,1.5472828895822095,1.780870441973077,1.5472828895822095,1.780870441973077
structured,1259,D50,D50|91|1,1.689766162,1.685484408616658,0.5220530053475969,0.0267833398740853,structured,2.0105181800626415,1.597124162593406,1.7787331493857486,1.597124162593406,1.7787331493857486
structured,1260,D50,D50|91|1,1.714578735,1.6635846151636988,0.5089746809259076,0.0311713814376523,structured,2.0105181800626415,1.562526483379781,1.7711787936055687,1.562526483379781,1.7711787936055687
structured,1261,D50,D50|91|1,1.702565187,1.687662659535427,0.5233445299550583,0.0266216856033914,structured,2.0105181800626415,1.5997080551498444,1.7804531540746662,1.5997080551498444,1.7804531540746662
structured,1262,D50,D50|91|1,1.698018472,1.6808874360324342,0.5193218896813765,0.0290317949031011,structured,2.0105181800626415,1.5855842291224924,1.7819189423795783,1.5855842291224924,1.7819189423795783
structured,1263,D100,D100|91|1,1.668958873,1.6686041462799983,0.5119874363682817,0.0239481004331045,structured,1.832487448023662,1.5969616304402499,1.7434606717603132,1.5969616304402499,1.7434606717603132
structured,1264,D100,D100|91|1,1.671957444,1.6712522314317313,0.5135731846203982,0.0238410408256679,structured,1.832487448023662,1.5998098470024116,1.7458850039578049,1.5998098470024116,1.7458850039578049
structured,1265,D100,D100|91|1,1.674909848,1.6726332702367228,0.5143991930963613,0.0236439509023305,structured,1.832487448023662,1.6017102263330212,1.7466967561965898,1.6017102263330212,1.7466967561965898
structured,1266,D100,D100|91|1,1.670677177,1.6732156300042391,0.5147473019265929,0.023576480021031,structured,1.832487448023662,1.602466008782378,1.7470888799805353,1.602466008782378,1.7470888799805353
structured,1267,D100,D100|91|1,1.665343864,1.673521163985195,0.5149298881295792,0.0235661366397969,structured,1.832487448023662,1.6027890028404734,1.747374783170455,1.6027890028404734,1.747374783170455
structured,1268,D200,D200|91|1,1.682406209,1.685266315609406,0.5219236021223814,0.0187884742536227,structured,1.6015160326882019,1.6353119142165564,1.7367466902412596,1.6353119142165564,1.7367466902412596
structured,1269,D200,D200|91|1,1.685021577,1.6852120220405662,0.5218913849927009,0.0188559351009473,structured,1.6015160326882019,1.6350825667528832,1.7368783797076992,1.6350825667528832,1.7368783797076992
structured,1270,D200,D200|91|1,1.682213246,1.6860499248936334,0.5223884705846897,0.0188303911795536,structured,1.6015160326882019,1.635962469000781,1.7376708837154071,1.635962469000781,1.7376708837154071
structured,1271,D200,D200|91|1,1.687370265,1.6862495411066596,0.5225068564014133,0.0188493231890977,structured,1.6015160326882019,1.6361065478519523,1.737929304552674,1.6361065478519523,1.737929304552674
structured,1272,D200,D200|91|1,1.677856605,1.686140245525701,0.5224420385197852,0.0188147098999457,structured,1.6015160326882019,1.6360911944643721,1.737720328304953,1.6360911944643721,1.737720328304953
structured,1273,D400,D400|91|1,1.664712711,1.674129205645038,0.5152931528671668,0.0139505759545439,structured,1.8113246778185923,1.6323556088264555,1.7169718301814325,1.6258528677570634,1.723839009528671
structured,1274,D400,D400|91|1,1.68152969,1.6725493348562497,0.5143490102570967,0.0123363119204157,structured,1.8113246778185923,1.6355905700310434,1.7103432416310564,1.6243185552058121,1.7222122277447174
structured,1275,D400,D400|91|1,1.66376522,1.6706475912474026,0.5132113304518066,0.0121603250266759,structured,1.8113246778185923,1.6342517161758399,1.7078540267174116,1.6224716515798816,1.7202540157930963
structured,1276,D400,D400|91|1,1.676002275,1.6656213628457286,0.5101982447123394,0.0124046186135971,structured,1.8113246778185923,1.6286141735194541,1.7034694708402172,1.617590362947374,1.715078543935613
structured,1277,D400,D400|91|1,1.661059428,1.6608576762102525,0.5073341413550315,0.0118660153789915,structured,1.8113246778185923,1.6255414086930102,1.6969412196299603,1.612964045246644,1.7101734094790166
structured,1278,D600,D600|91|1,1.657446277,1.6634564042034583,0.5088976088612366,0.0103698243792933,structured,1.7530717842594967,1.633489562417859,1.6939729964296266,1.618470431687506,1.7096927781376783
structured,1279,D600,D600|91|1,1.662346504,1.6627241311518743,0.5084573001914989,0.0103381107548506,structured,1.7530717842594967,1.6328612595780243,1.69313315512747,1.6177579619895233,1.7089401512910987
structured,1280,D600,D600|91|1,1.663387642,1.6624019968777106,0.5082635425638071,0.0103533560631038,structured,1.7530717842594967,1.6325012798947678,1.6928503721608976,1.6174445394096169,1.7086090631779767
structured,1281,D600,D600|91|1,1.662600791,1.6599186628464362,0.5067686028827173,0.0102030788731261,structured,1.7530717842594967,1.630492103426796,1.6898763026665626,1.6150283638540301,1.706056703976831
structured,1282,D600,D600|91|1,1.643923459,1.6427053401744731,0.4963444804116678,0.0107224137024067,structured,1.7530717842594967,1.6121155448959061,1.6738755749743555,1.598280552666872,1.6883649307595454
physics_residual,1283,D800,D800|91|1,1.6463813,1.647155692267738,0.4990499775521168,0.0104417907333876,physics_residual,1.8820659579273764,1.615101557620434,1.6798459897266866,1.6021265811302885,1.6934503843360014
physics_residual,1284,D800,D800|91|1,1.645158439,1.649771328698175,0.5006366896404197,0.0105099199612011,physics_residual,1.8820659579273764,1.6174588831355672,1.68272928936421,1.6046707126118769,1.69613953542184
physics_residual,1285,D800,D800|91|1,1.645998258,1.6476292931099965,0.4993374626824802,0.010787278934882,physics_residual,1.8820659579273764,1.6145157915086363,1.681421948172766,1.602587234911707,1.6939372961271026
physics_residual,1286,D800,D800|91|1,1.660498838,1.6483270721486338,0.4997608779050949,0.0102588915760443,physics_residual,1.8820659579273764,1.6168065968751268,1.680462055281886,1.603265938419095,1.694654686830792
physics_residual,1287,D800,D800|91|1,1.666612787,1.6507813810095422,0.5012487400645365,0.0102303602321661,physics_residual,1.8820659579273764,1.6193009233849638,1.6828738429860857,1.6056531526228424,1.6971779761004677
structured,1288,S50,S50|91|1,1.678825145,1.6703997557690036,0.5130629724950868,0.0226445284093828,structured,1.729471248026422,1.606246212506397,1.7371155943267533,1.606246212506397,1.7371155943267533
structured,1289,S50,S50|91|1,1.665647429,1.6643775487275494,0.5094512089270122,0.0226888664574511,structured,1.729471248026422,1.6003325745480192,1.7309855893489505,1.6003325745480192,1.7309855893489505
structured,1290,S50,S50|91|1,1.668386105,1.6612245748317054,0.5075550260864854,0.0227335807553722,structured,1.729471248026422,1.59717740872162,1.7278400464188988,1.59717740872162,1.7278400464188988
structured,1291,S50,S50|91|1,1.666702835,1.6646081948506242,0.5095897773326526,0.0226525816082715,structured,1.729471248026422,1.6006547891504095,1.7311168286539746,1.6006547891504095,1.7311168286539746
structured,1292,S50,S50|91|1,1.672894046,1.665607349685346,0.5101898315041259,0.0226489786994964,structured,1.729471248026422,1.601625536862517,1.7321451109979291,1.601625536862517,1.7321451109979291
structured,1293,S100,S100|91|1,1.684319088,1.6626002154195871,0.5083827716827403,0.0124806279007605,structured,1.8602229012928744,1.624444679751441,1.7016519619099733,1.6111525530280024,1.71569071539386
structured,1294,S100,S100|91|1,1.667581631,1.6589651325907486,0.5061939938631219,0.012436698513018,structured,1.8602229012928744,1.621025481865093,1.697792750293659,1.6076299545549395,1.7119395563351252
structured,1295,S100,S100|91|1,1.661599677,1.658304168121227,0.5057954947252155,0.0124446080283401,structured,1.8602229012928744,1.6203557920836187,1.697141286773838,1.6069894430340974,1.7112574858090621
structured,1296,S100,S100|91|1,1.670694196,1.6656111779228493,0.5101921299048292,0.0125073471387621,structured,1.8602229012928744,1.6273056575435882,1.7048183807148298,1.6140703440154036,1.7187978245854356
structured,1297,S100,S100|91|1,1.656714185,1.6644700765749298,0.5095068004456512,0.0124433587541554,structured,1.8602229012928744,1.6263843804386935,1.7034476407514818,1.6129645530183176,1.7176202853491287
structured,1298,S200,S200|91|1,1.656880386,1.6563352691055624,0.5046074926607262,0.0106581596813866,structured,1.8640561530082034,1.6237529154850718,1.6895714227946022,1.6058707475894183,1.7083856392559607
structured,1299,S200,S200|91|1,1.66193843,1.655475405683785,0.504088221769039,0.0106499014110827,structured,1.8640561530082034,1.6229349498119616,1.6886683099291362,1.6050370821222208,1.707498754608338
structured,1300,S200,S200|91|1,1.648533727,1.6579743480533629,0.5055965849730081,0.0106746887695058,structured,1.8640561530082034,1.6253096731053804,1.6912955015833122,1.607459887773992,1.710076226293657
structured,1301,S200,S200|91|1,1.648155468,1.652877196134632,0.5025175245695368,0.0106634322427562,structured,1.8640561530082034,1.6203469420678966,1.6860605309720176,1.602518033721262,1.7048188962702688
structured,1302,S200,S200|91|1,1.641284712,1.6520151536601348,0.5019958479744726,0.0107038666832214,structured,1.8640561530082034,1.619379804835901,1.6853082024196768,1.6016822555918002,1.7039297640931492
structured,1303,S400,S400|91|1,1.649160877,1.639542256333339,0.4944170908852392,0.0103021280865497,structured,1.822880476977106,1.6090397021057758,1.6706230472651848,1.5932750426804936,1.6871530264983088
structured,1304,S400,S400|91|1,1.649526937,1.6364100259710572,0.492504833900498,0.0107242711783693,structured,1.822880476977106,1.6047304031210983,1.668715048889441,1.5902312025813,1.6839298391025581
structured,1305,S400,S400|91|1,1.63614477,1.6396567240255844,0.4944869053081988,0.0101680011698822,structured,1.822880476977106,1.6095455216960843,1.6703312434489508,1.5933862801411585,1.6872708182250309
structured,1306,S400,S400|91|1,1.648707247,1.6368434850524716,0.4927696829764943,0.0102175365303077,structured,1.822880476977106,1.60663886469445,1.6676159486956397,1.5906524296242583,1.6843758854293587
structured,1307,S400,S400|91|1,1.638026635,1.6365263047370082,0.4925758886074954,0.010220456285324,structured,1.822880476977106,1.6063189878594055,1.667301679391329,1.5903442000079093,1.6840494944948692
structured,1308,S600,S600|91|1,1.643608489,1.6393381385200398,0.4942925863050273,0.0101382805393009,structured,1.5981774307519638,1.6129903478649663,1.6661163136924926,1.5897704882388473,1.690451264687579
structured,1309,S600,S600|91|1,1.63892971,1.6395548944566876,0.4944247991797894,0.010114147413419,structured,1.5981774307519638,1.6132658409321028,1.6662723425568489,1.5899806902607097,1.6906747788843302
structured,1310,S600,S600|91|1,1.633105927,1.6379994537572902,0.4934756519493142,0.0100944336396598,structured,1.5981774307519638,1.6117861208852753,1.6646391079701797,1.588472280456775,1.6890708409073751
structured,1311,S600,S600|91|1,1.63598518,1.635896878010637,0.4921912031930593,0.0101958011507818,structured,1.5981774307519638,1.6094564348829732,1.6627716895484277,1.5864332789885771,1.6869027086919925
structured,1312,S600,S600|91|1,1.633706334,1.6382585462634616,0.4936338156267229,0.0100843372759511,structured,1.5981774307519638,1.612067078817287,1.6648755499518917,1.5887235389435732,1.6893380116907766
structured,1313,S800,S800|91|1,1.61739273,1.646426786297394,0.4986073555822782,0.0105915846319368,structured,1.8640561530082034,1.6142396600428306,1.6792557076473025,1.5979778833819076,1.696344605784333
structured,1314,S800,S800|91|1,1.624811061,1.638991259932682,0.4940809671865728,0.0108070696459105,structured,1.8640561530082034,1.6063041521873274,1.6723435262728783,1.5907611600019185,1.688683642573019
structured,1315,S800,S800|91|1,1.626210849,1.6391701251448962,0.4941900925110341,0.0106781797391424,structured,1.8640561530082034,1.606865466161467,1.6721242417301048,1.5909347618016483,1.6888679307784993
structured,1316,S800,S800|91|1,1.640387878,1.6373534595024726,0.4930811941425976,0.0108679194906585,structured,1.8640561530082034,1.6045170083964293,1.6708619087958816,1.5891715546294538,1.686996185864795
structured,1317,S800,S800|91|1,1.630202716,1.6338144191423647,0.4909174154114544,0.0117371110613106,structured,1.8640561530082034,1.5984569878231005,1.66995394717053,1.5857366565392894,1.683349845757548
structured,1318,D50,D50|91|2,1.790464747,1.7506576056355383,0.5599914919986908,0.0324325243685033,structured,2.0105181800626415,1.6401460817884659,1.8686152936009226,1.6401460817884659,1.8686152936009226
structured,1319,D50,D50|91|2,1.825534745,1.7333697243329684,0.5500673315063659,0.0355856294964258,structured,2.0105181800626415,1.61368724776945,1.861928701108146,1.61368724776945,1.861928701108146
structured,1320,D50,D50|91|2,1.828657725,1.7358139544518316,0.5514764414005736,0.0347986741855235,structured,2.0105181800626415,1.6185214937002614,1.8616064699772843,1.6185214937002614,1.8616064699772843
structured,1321,D50,D50|91|2,1.818651128,1.7337165268748411,0.5502673856832174,0.0352740005457157,structured,2.0105181800626415,1.6150216566942568,1.861134792279749,1.6150216566942568,1.861134792279749
structured,1322,D50,D50|91|2,1.818651128,1.7337165268748411,0.5502673856832174,0.0352740005457157,structured,2.0105181800626415,1.6150216566942568,1.861134792279749,1.6150216566942568,1.861134792279749
structured,1323,D100,D100|91|2,1.73642222,1.7653111539202486,0.5683269660207427,0.0238577455065364,structured,1.832487448023662,1.6897962285484847,1.8442007488868202,1.6897962285484847,1.8442007488868202
structured,1324,D100,D100|91|2,1.748199464,1.767472224676295,0.5695504041962601,0.0239195988083107,structured,1.832487448023662,1.6916731006937447,1.8466676946752039,1.6916731006937447,1.8466676946752039
structured,1325,D100,D100|91|2,1.739144831,1.7637803120288993,0.5674594101627345,0.0238027603682133,structured,1.832487448023662,1.6885009957360688,1.8424158451530057,1.6885009957360688,1.8424158451530057
structured,1326,D100,D100|91|2,1.750080305,1.762120486534728,0.5665179057293385,0.0237665024979215,structured,1.832487448023662,1.687024098384501,1.8405597240957075,1.687024098384501,1.8405597240957075
structured,1327,D100,D100|91|2,1.750310728,1.7664628910841087,0.5689791805678861,0.0238717418908626,structured,1.832487448023662,1.6908553297651383,1.8454512876690956,1.6908553297651383,1.8454512876690956
structured,1328,D200,D200|91|2,1.734852865,1.7461456512472626,0.5574108738964998,0.0186183720200378,structured,1.6015160326882019,1.6948483242392933,1.7989955748625677,1.6948483242392933,1.7989955748625677
structured,1329,D200,D200|91|2,1.74061346,1.747217205970446,0.5580243542594554,0.0186081479600252,structured,1.6015160326882019,1.695916168101887,1.8000700873415862,1.695916168101887,1.8000700873415862
structured,1330,D200,D200|91|2,1.743749892,1.746282709780956,0.5574893628558115,0.0186446246001592,structured,1.6015160326882019,1.694910094165197,1.7992124260619897,1.694910094165197,1.7992124260619897
structured,1331,D200,D200|91|2,1.742424891,1.7457225032168129,0.5571685119207304,0.0186772296593106,structured,1.6015160326882019,1.6942778946006198,1.7987291624057644,1.6942778946006198,1.7987291624057644
structured,1332,D200,D200|91|2,1.73414359,1.741569047263027,0.55478645819358,0.0187102623302827,structured,1.6015160326882019,1.6901574209631411,1.7945445251225463,1.6901574209631411,1.7945445251225463
structured,1333,D400,D400|91|2,1.740645841,1.741449342375046,0.5547177218995747,0.0115548435746183,structured,1.8113246778185923,1.7053803219441561,1.7782812273811301,1.6912317148563287,1.7931580784695171
structured,1334,D400,D400|91|2,1.746214007,1.7402865667254597,0.5540497931863279,0.011542675793973,structured,1.8113246778185923,1.7042791913459596,1.7770546925080064,1.6901024698028027,1.7919607766021772
structured,1335,D400,D400|91|2,1.738835295,1.7400444137665525,0.5539106380538676,0.0115396215689494,structured,1.8113246778185923,1.7040514757653697,1.7767975938169818,1.6898672997326865,1.7917114334120403
structured,1336,D400,D400|91|2,1.749276228,1.7418460423129354,0.5549454946812619,0.0116057442914793,structured,1.8113246778185923,1.7056115446523736,1.778850315966647,1.691616975282753,1.7935665575915019
structured,1337,D400,D400|91|2,1.769148943,1.750381677583433,0.5598338656310009,0.0123420110132951,structured,1.8113246778185923,1.7116853612434204,1.789952807094249,1.6999064711208716,1.8023556408956927
structured,1338,D600,D600|91|2,1.730542783,1.738703925627675,0.5531399653437755,0.0101806971350262,structured,1.7530717842594967,1.707947696863544,1.7700140036750882,1.6916829836817278,1.7870318317050886
structured,1339,D600,D600|91|2,1.74540229,1.739099089724086,0.5533672146137125,0.0101665812017833,structured,1.7530717842594967,1.7083781462550451,1.7703724731606465,1.6920674610891846,1.7874379795308484
structured,1340,D600,D600|91|2,1.757779863,1.7323470401843948,0.5494771596904069,0.0109082703530209,structured,1.7530717842594967,1.699534140859847,1.7657934580339296,1.6854980117752951,1.7804982543258672
structured,1341,D600,D600|91|2,1.748370119,1.740937298175023,0.5544236453040865,0.0102579982413682,structured,1.7530717842594967,1.7099098298188722,1.772527780893571,1.6938559576302432,1.7893272816522248
structured,1342,D600,D600|91|2,1.746275065,1.7334252115289912,0.5500993421658101,0.0107156948340894,structured,1.7530717842594967,1.7011661047886362,1.7662960456984056,1.686547025405657,1.7816063938339382
physics_residual,1343,D800,D800|91|2,1.725438872,1.7300011319094413,0.5481220627923876,0.0102435471794103,physics_residual,1.8820659579273764,1.6969678338488996,1.7636774585289166,1.682707233948033,1.778624264534646
physics_residual,1344,D800,D800|91|2,1.725118598,1.728452409424209,0.5472264471247226,0.0101085301578907,physics_residual,1.8820659579273764,1.6958795700611964,1.7616508768582824,1.6812008496565949,1.7770320139051772
physics_residual,1345,D800,D800|91|2,1.72499252,1.7328643057716868,0.5497757074784013,0.0100538163632679,physics_residual,1.8820659579273764,1.7003834117459786,1.7659656530842371,1.6854921358080297,1.7815679102994035
physics_residual,1346,D800,D800|91|2,1.729433568,1.7314430413432451,0.5489551887623791,0.0100813544054416,physics_residual,1.8820659579273764,1.6989007339595554,1.7646086940164427,1.684109725189343,1.7801067000423005
physics_residual,1347,D800,D800|91|2,1.738769491,1.7441632079280114,0.5562749036357458,0.010327836961314,physics_residual,1.8820659579273764,1.710588106423075,1.778397315208116,1.6964821542787887,1.7931843775763128
structured,1348,S50,S50|91|2,1.748629463,1.737037496319261,0.5521810738534143,0.0224996584450821,structured,1.729471248026422,1.6707432068665882,1.8059623113942864,1.6707432068665882,1.8059623113942864
structured,1349,S50,S50|91|2,1.756372992,1.7380551504893085,0.5527667584970006,0.0225200014471079,structured,1.729471248026422,1.6716632075621685,1.8070839224533626,1.6716632075621685,1.8070839224533626
structured,1350,S50,S50|91|2,1.740802984,1.7297979800878356,0.548004627175311,0.0225147191502752,structured,1.729471248026422,1.6637366518211298,1.7984823791918545,1.6637366518211298,1.7984823791918545
structured,1351,S50,S50|91|2,1.745758805,1.730774287522114,0.5485688734240133,0.0225274689756168,structured,1.729471248026422,1.6646389674270943,1.7995371326538876,1.6646389674270943,1.7995371326538876
structured,1352,S50,S50|91|2,1.741539263,1.730767421086295,0.548564906153706,0.0225102666235556,structured,1.729471248026422,1.6646818885371313,1.7994764564454429,1.6646818885371313,1.7994764564454429
structured,1353,S100,S100|91|2,1.731218987,1.7425463961212613,0.55534748947957,0.0124707958861386,structured,1.8602229012928744,1.7025872899801098,1.7834433279897612,1.6886248713566958,1.7981897543624352
structured,1354,S100,S100|91|2,1.730916374,1.739132739307476,0.5533865632857073,0.0124093578970354,structured,1.8602229012928744,1.6994461290512881,1.7797461380076762,1.6853168470705906,1.7946670919408654
structured,1355,S100,S100|91|2,1.738408547,1.7391592467496515,0.553401804928607,0.0123635659426265,structured,1.8602229012928744,1.699616804303556,1.7796216640692855,1.6853425342639035,1.794694445824263
structured,1356,S100,S100|91|2,1.716852321,1.73740093102683,0.5523902787171611,0.0123798302017617,structured,1.8602229012928744,1.6978470971837947,1.7778762293375892,1.6836386280334221,1.7928799831937416
structured,1357,S100,S100|91|2,1.718301381,1.736013160213533,0.5515911969775886,0.0124670604688594,structured,1.8602229012928744,1.696215657077301,1.7767444132826047,1.6822938005348298,1.7914478977907766
structured,1358,S200,S200|91|2,1.720659702,1.7359290320896272,0.5515427352698399,0.0107751404022003,structured,1.8640561530082034,1.7014099139913108,1.7711484925948424,1.6830394815110825,1.7904806378909581
structured,1359,S200,S200|91|2,1.729430345,1.7380699368396126,0.5527752658722721,0.0109881196135476,structured,1.8640561530082034,1.7028320792232978,1.774036995311689,1.6851151580818249,1.7926888206170706
structured,1360,S200,S200|91|2,1.724092597,1.7397904489434082,0.5537646743322457,0.0110485573435087,structured,1.8640561530082034,1.7043256904456747,1.7759931820561774,1.686783250351484,1.7944633998493764
structured,1361,S200,S200|91|2,1.726380004,1.7356315765100088,0.5513713682024699,0.0107460917222456,structured,1.8640561530082034,1.701210488626951,1.770749116301266,1.6827510886820904,1.790173834763587
structured,1362,S200,S200|91|2,1.731441458,1.7366508762979205,0.5519584747129822,0.0107773031941106,structured,1.8640561530082034,1.7021105420730376,1.7718921254509923,1.6837393328757406,1.7912251660684533
structured,1363,S400,S400|91|2,1.722319891,1.7273796106359254,0.546605584295443,0.0101183114460279,structured,1.822880476977106,1.6958110329322933,1.7595358570590534,1.678633662676282,1.7775410952283182
structured,1364,S400,S400|91|2,1.723230333,1.7276231901712689,0.5467465853595753,0.0101177124028792,structured,1.822880476977106,1.6960520130115135,1.7597820493240326,1.6788703684965016,1.7777917480850287
structured,1365,S400,S400|91|2,1.725528541,1.7278014745766994,0.5468497763840579,0.0101795430095163,structured,1.822880476977106,1.696035868740274,1.7601620287469149,1.6790436217887388,1.7779752097024637
structured,1366,S400,S400|91|2,1.709170995,1.7294421280459336,0.5477988871676599,0.0101104166139229,structured,1.822880476977106,1.6978602912834768,1.7616114173911563,1.6806379766863453,1.7796635062104438
structured,1367,S400,S400|91|2,1.723136082,1.7274214799660728,0.5466298226403152,0.0101248983547267,structured,1.822880476977106,1.6958317748589808,1.759599633457932,1.6786743504710122,1.7775841804045636
structured,1368,S600,S600|91|2,1.737644411,1.7243215402074408,0.5448336630919766,0.0101487676972871,structured,1.5981774307519638,1.6965794427900487,1.7525172703576744,1.6721842995314624,1.778084374345854
structured,1369,S600,S600|91|2,1.729149565,1.724551517589904,0.5449670268771609,0.0100474262748567,structured,1.5981774307519638,1.6970805597162195,1.7524671529552827,1.6724073232304855,1.7783215222215119
structured,1370,S600,S600|91|2,1.723136082,1.7243138739212422,0.5448292171095644,0.0100303269605995,structured,1.5981774307519638,1.696893073168947,1.7521777787947022,1.6721768650460036,1.778076469031572
structured,1371,S600,S600|91|2,1.744636921,1.7238408074447682,0.5445548289088271,0.0100232374752966,structured,1.5981774307519638,1.6964467506705871,1.7516772207775921,1.6717181023870977,1.7775886527570366
structured,1372,S600,S600|91|2,1.740173895,1.723379438918829,0.5442871532190126,0.0100373510765357,structured,1.5981774307519638,1.6959544594400773,1.7512479028881125,1.6712706839750533,1.7771128991648795
structured,1373,S800,S800|91|2,1.726003366,1.7236909755000565,0.5444679076247088,0.0105365218511126,structured,1.8640561530082034,1.690166828643852,1.7578800676169235,1.6729684426651115,1.775951358823737
structured,1374,S800,S800|91|2,1.725344844,1.721496633575349,0.5431940482762889,0.0105977964759947,structured,1.8640561530082034,1.6878223716084029,1.7558427410742026,1.6708386729763265,1.7736904869051047
structured,1375,S800,S800|91|2,1.72037826,1.7203129262972343,0.5425062081711389,0.0106154904320796,structured,1.8640561530082034,1.6866061894211806,1.7546932905546877,1.6696897982941556,1.7724708909456799
structured,1376,S800,S800|91|2,1.718505501,1.7230460434275232,0.5440936800137722,0.0106730518506592,structured,1.8640561530082034,1.6891045087814773,1.7576696127067961,1.6723424888135532,1.7752868731317863
structured,1377,S800,S800|91|2,1.741021878,1.7189652003738096,0.5417224820851573,0.0107070584994729,structured,1.8640561530082034,1.6849972366094625,1.7536179264257301,1.668381731493726,1.7710823034789884
structured,1378,D50,D50|91|3,1.890935262,1.811220434081701,0.5940008910311617,0.0290010257961849,structured,2.0105181800626415,1.70863328332607,1.9199669659069036,1.70863328332607,1.9199669659069036
structured,1379,D50,D50|91|3,1.90281035,1.7647311320369086,0.5679983456578268,0.045311663838936,structured,2.0105181800626415,1.6110697860779497,1.933048459658462,1.6110697860779497,1.933048459658462
structured,1380,D50,D50|91|3,1.900928922,1.7838242613068804,0.5787595210695091,0.0340497304725183,structured,2.0105181800626415,1.6657940537862166,1.9102175253864908,1.6657940537862166,1.9102175253864908
structured,1381,D50,D50|91|3,1.912294445,1.7825218311359192,0.5780291207128958,0.0340821695984779,structured,2.0105181800626415,1.6644692421322251,1.908947307674995,1.6644692421322251,1.908947307674995
structured,1382,D50,D50|91|3,1.90491284,1.7834696611043444,0.5785607147970704,0.0334949221147966,structured,2.0105181800626415,1.6673216973183282,1.9077086546618407,1.6673216973183282,1.9077086546618407
structured,1383,D100,D100|91|3,1.840321892,1.821415650470261,0.5996140286644958,0.025544637743999,structured,1.832487448023662,1.7381195329592622,1.9087035781305843,1.7381195329592622,1.9087035781305843
structured,1384,D100,D100|91|3,1.871227712,1.8213019098316203,0.5995515804308379,0.0255930772138493,structured,1.832487448023662,1.7378567266403828,1.9087538091641132,1.7378567266403828,1.9087538091641132
structured,1385,D100,D100|91|3,1.871235522,1.822544589401893,0.6002336506655257,0.0252913206707844,structured,1.832487448023662,1.7400043669982057,1.9090002550330036,1.7400043669982057,1.9090002550330036
structured,1386,D100,D100|91|3,1.850146182,1.8381987944454283,0.6087861761073781,0.0241620476278537,structured,1.832487448023662,1.7585850328794024,1.9214167894788088,1.7585850328794024,1.9214167894788088
structured,1387,D100,D100|91|3,1.86020318,1.822290621973078,0.6000942932380989,0.0249953418908121,structured,1.832487448023662,1.74070576483822,1.907699266590098,1.74070576483822,1.907699266590098
structured,1388,D200,D200|91|3,1.815573851,1.8258421471229025,0.6020413310772273,0.0186790192413034,structured,1.6015160326882019,1.7720314180236945,1.8812869299622055,1.7720314180236945,1.8812869299622055
structured,1389,D200,D200|91|3,1.818119597,1.8208411079827536,0.5992985415748285,0.0186702411419023,structured,1.6015160326882019,1.767202611796551,1.8761076508082681,1.767202611796551,1.8761076508082681
structured,1390,D200,D200|91|3,1.831804801,1.8187143168559468,0.5981298321470939,0.0189612655892125,structured,1.6015160326882019,1.7643159672590047,1.874789905957482,1.7643159672590047,1.874789905957482
structured,1391,D200,D200|91|3,1.845330448,1.814903711428836,0.5960324147551703,0.0188706714418754,structured,1.6015160326882019,1.760874801540738,1.870590390001648,1.760874801540738,1.870590390001648
structured,1392,D200,D200|91|3,1.809977806,1.82410697485436,0.6010905384270987,0.0187256869862113,structured,1.6015160326882019,1.7702150749863828,1.879639543651451,1.7702150749863828,1.879639543651451
structured,1393,D400,D400|91|3,1.832611478,1.8261167942329692,0.6021917419197342,0.011582385829828,structured,1.8113246778185923,1.7882049234919386,1.8648324374746807,1.7734576380077314,1.880339555178684
structured,1394,D400,D400|91|3,1.826254441,1.8262032311272671,0.602239074515845,0.0115744354786218,structured,1.8113246778185923,1.78831531862507,1.8648938510149142,1.7735415823484668,1.8804285586377663
structured,1395,D400,D400|91|3,1.824627321,1.821728374062421,0.5997857065289021,0.0116940644575817,structured,1.8113246778185923,1.7835467874832174,1.8607273395654278,1.7691957653307895,1.8758208299484656
structured,1396,D400,D400|91|3,1.81936414,1.820445717376471,0.5990813707630797,0.0115585186147159,structured,1.8113246778185923,1.7827286513951908,1.8589607606972207,1.7679500962126784,1.874500087425357
structured,1397,D400,D400|91|3,1.830170268,1.8198353668411236,0.5987460392175498,0.0115960588539791,structured,1.8113246778185923,1.782009770022269,1.8584638637331263,1.7673573461639451,1.873871613793351
structured,1398,D600,D600|91|3,1.806505961,1.820034297597972,0.598855345745193,0.0099926210590619,structured,1.7530717842594967,1.7884289693424238,1.8521981589522705,1.7708138835955751,1.8706228108551866
structured,1399,D600,D600|91|3,1.814622772,1.8221939987249292,0.6000412688693733,0.0099861230922672,structured,1.7530717842594967,1.790571563750636,1.8543749025222214,1.7729151784695674,1.8728425416580883
structured,1400,D600,D600|91|3,1.828929893,1.8259976833297664,0.60212651345881,0.0101500724267423,structured,1.7530717842594967,1.7937936018452676,1.85877992657334,1.7766159974683926,1.8767519510557558
structured,1401,D600,D600|91|3,1.835355942,1.821711268971999,0.5997763170002708,0.0101501382071421,structured,1.7530717842594967,1.7895825781663293,1.8544167718150009,1.7724455035026494,1.8723463942566343
structured,1402,D600,D600|91|3,1.83108934,1.8182396424581857,0.5978688036019068,0.0102698989098535,structured,1.7530717842594967,1.7857972132521065,1.851271450573013,1.7690677625241238,1.868778272625037
physics_residual,1403,D800,D800|91|3,1.797889951,1.8174343961413824,0.5974258341159621,0.0100300208735243,physics_residual,1.8820659579273764,1.7834481855400792,1.8520682636358894,1.7677502917224475,1.8685149139810766
physics_residual,1404,D800,D800|91|3,1.807596419,1.822340841748472,0.6001218514567538,0.0100291212496922,physics_residual,1.8820659579273764,1.7882659079107615,1.8570650644368547,1.772522607395391,1.8735592593565946
physics_residual,1405,D800,D800|91|3,1.824456516,1.8190297692409627,0.5983032651200247,0.0100163433635492,physics_residual,1.8820659579273764,1.7850596753699384,1.8536463217674197,1.7693020513172788,1.8701551263795317
physics_residual,1406,D800,D800|91|3,1.815756719,1.8230511588735567,0.6005115583162377,0.0100476063227858,physics_residual,1.8820659579273764,1.7889007060475453,1.8578535503031366,1.7732135062293466,1.8742895405401663
physics_residual,1407,D800,D800|91|3,1.801076604,1.8237533064606524,0.600896633854258,0.010050982474748,physics_residual,1.8820659579273764,1.7895783293297671,1.8585809116675234,1.7738964588600195,1.8750114225740315
structured,1408,S50,S50|91|3,1.802804034,1.8309323956350312,0.6048253429108078,0.022534723260652,structured,1.729471248026422,1.7609478002170744,1.9036983589022856,1.7609478002170744,1.9036983589022856
structured,1409,S50,S50|91|3,1.809305451,1.8284467336533103,0.6034668270116958,0.0225712373454905,structured,1.729471248026422,1.7584460993867617,1.901233969567432,1.7584460993867617,1.901233969567432
structured,1410,S50,S50|91|3,1.812438275,1.8266036344813876,0.6024583050256723,0.0225407260100186,structured,1.729471248026422,1.756766261241087,1.899217278423551,1.756766261241087,1.899217278423551
structured,1411,S50,S50|91|3,1.830297402,1.8248771947229327,0.601512694207567,0.0225774627156371,structured,1.729471248026422,1.7549943220044297,1.8975427635665234,1.7549943220044297,1.8975427635665234
structured,1412,S50,S50|91|3,1.808132345,1.8312652925274864,0.6050071446166239,0.0225333066641791,structured,1.729471248026422,1.7612722876804936,1.904039821141007,1.7612722876804936,1.904039821141007
structured,1413,S100,S100|91|3,1.838194388,1.8179287831869475,0.5976978218235032,0.0123826610665488,structured,1.8602229012928744,1.776532289334983,1.8602898920439541,1.7616746185225076,1.875979267676184
structured,1414,S100,S100|91|3,1.797916352,1.806681935931837,0.5914919783705184,0.0179825187337963,structured,1.8602229012928744,1.7472453904528564,1.8681403513540882,1.7472453904528564,1.8681403513540882
structured,1415,S100,S100|91|3,1.840538585,1.8171901197798863,0.597291417831257,0.0124514016074371,structured,1.8602229012928744,1.7755833830011558,1.8597718153028515,1.760958812387589,1.8752170171137568
structured,1416,S100,S100|91|3,1.826153596,1.8173810160017645,0.5973964625338763,0.0123710764113,structured,1.8602229012928744,1.7760352687086651,1.8596892840563277,1.761143801498254,1.875414009073966
structured,1417,S100,S100|91|3,1.827035596,1.8181415438845645,0.597814849646797,0.0123380103775593,structured,1.8602229012928744,1.7768877877941731,1.860353082679782,1.7618807955324531,1.8761988222931734
structured,1418,S200,S200|91|3,1.809660246,1.8213508649665164,0.5995784592677327,0.0107432515910226,structured,1.8640561530082034,1.78523924138234,1.8581929505121246,1.7658587181602814,1.8785868536359174
structured,1419,S200,S200|91|3,1.810580824,1.821301903497864,0.5995515769532397,0.0109229677432404,structured,1.8640561530082034,1.7845933099726388,1.8587655826950293,1.7658112484289206,1.8785363535520982
structured,1420,S200,S200|91|3,1.827443553,1.8209900055662671,0.5993803122989252,0.0107077788342776,structured,1.8640561530082034,1.7850035629460883,1.857701950409152,1.765508853271414,1.8782146542215385
structured,1421,S200,S200|91|3,1.819873108,1.8216896268099692,0.5997644368022641,0.0106976594552668,structured,1.8640561530082034,1.7857230421981576,1.8583806211863807,1.7661871587513547,1.87893626107732
structured,1422,S200,S200|91|3,1.82116145,1.821838972130592,0.5998464152013081,0.0106873220361603,structured,1.8640561530082034,1.785903852110636,1.8584971617879877,1.7663319538819966,1.8790902995777374
structured,1423,S400,S400|91|3,1.827366889,1.812084723886734,0.5944779636395922,0.010253716762511,structured,1.822880476977106,1.7785290807231406,1.8462734639169052,1.7609484321850342,1.8647059655626688
structured,1424,S400,S400|91|3,1.801485664,1.8124175379260128,0.5946616103950216,0.0106300792489024,structured,1.822880476977106,1.7776357417808204,1.847879885949553,1.76127185434789,1.865048444209658
structured,1425,S400,S400|91|3,1.835738463,1.8104293755842376,0.5935640412242408,0.0102902660633342,structured,1.822880476977106,1.7767860033422833,1.8447097837402981,1.7593397971363651,1.8630025474972436
structured,1426,S400,S400|91|3,1.811037344,1.812041840281344,0.5944542980171957,0.0102851475957543,structured,1.822880476977106,1.7783850963488057,1.8463355533464207,1.7609067587374945,1.8646618366575785
structured,1427,S400,S400|91|3,1.809516659,1.8118997307076965,0.5943758698356499,0.0102840342363785,structured,1.822880476977106,1.7782492352995019,1.8461870074054532,1.7607686594380443,1.8645156003551302
structured,1428,S600,S600|91|3,1.842325226,1.8107997812421424,0.59376861577236,0.0101610320201719,structured,1.5981774307519638,1.781631439751349,1.840445658168347,1.756047751641403,1.8672589311319505
structured,1429,S600,S600|91|3,1.813712362,1.810308038789662,0.5934970179741486,0.0101801673379139,structured,1.5981774307519638,1.78109314871069,1.8400021344637734,1.7555708777003907,1.8667518565808474
structured,1430,S600,S600|91|3,1.81941482,1.8089568511503,0.5927503538071278,0.0101746323217668,structured,1.5981774307519638,1.779779510390525,1.8386125192584013,1.7542605450834294,1.8653585400952977
structured,1431,S600,S600|91|3,1.824800504,1.8097134414012963,0.5931685130760608,0.0101829382367708,structured,1.5981774307519638,1.7805002622171335,1.8394059296067244,1.7549942587843805,1.8661387201671176
structured,1432,S600,S600|91|3,1.810243275,1.808578500435453,0.5925411778464506,0.0101616464099076,structured,1.5981774307519638,1.779444192065772,1.83818981613583,1.7538936343244265,1.8649683927368126
structured,1433,S800,S800|91|3,1.782843619,1.812641427141484,0.594785133470322,0.0114671292915289,structured,1.8640561530082034,1.7743067097227958,1.8518043838671179,1.7593013762779628,1.867598688714032
structured,1434,S800,S800|91|3,1.812439986,1.8152717593199408,0.5962351861613083,0.0116054255950499,structured,1.8640561530082034,1.7764234073094076,1.854969680440926,1.7618543064672088,1.8703087696234788
structured,1435,S800,S800|91|3,1.788621446,1.8131850737228672,0.5950850080425487,0.0122833724980715,structured,1.8640561530082034,1.7721404538872876,1.8551803297305132,1.7598290251358757,1.8681588180519766
structured,1436,S800,S800|91|3,1.805524812,1.8134334263700655,0.5952219690422129,0.0111947516225761,structured,1.8640561530082034,1.7759834456770538,1.8516731109633706,1.760070069584864,1.8684147004737846
structured,1437,S800,S800|91|3,1.798149608,1.8145051727838373,0.5958127984709131,0.0114036280553754,structured,1.8640561530082034,1.7763412927120603,1.8534889863605712,1.7611102780411734,1.8695189410406299
structured,1438,D50,D50|91|4,1.98171331,1.842707690363891,0.6112360607715199,0.0339756804134637,structured,2.0105181800626415,1.721037553302366,1.972979395836381,1.721037553302366,1.972979395836381
structured,1439,D50,D50|91|4,1.977918113,1.829453362935079,0.6040172134523307,0.0386071370953363,structured,2.0105181800626415,1.692821836854815,1.9771127322960669,1.692821836854815,1.9771127322960669
structured,1440,D50,D50|91|4,1.975119796,1.8434141507963917,0.6116193690134024,0.0336799291862718,structured,2.0105181800626415,1.7227214160693776,1.9725625395136603,1.7227214160693776,1.9725625395136603
structured,1441,D50,D50|91|4,1.985368784,1.8443862679241971,0.6121465760419541,0.0332772251736361,structured,2.0105181800626415,1.7250259776002232,1.9720054941083973,1.7250259776002232,1.9720054941083973
structured,1442,D50,D50|91|4,1.982776136,1.8980286227000729,0.640815780527174,0.0291748634383408,structured,2.0105181800626415,1.7898989883724823,2.0126904791786178,1.7898989883724823,2.0126904791786178
structured,1443,D100,D100|91|4,1.901575873,1.9188401042026648,0.6517208910958283,0.0247015482413526,structured,1.832487448023662,1.833919746214031,2.0076927319734446,1.833919746214031,2.0076927319734446
structured,1444,D100,D100|91|4,1.936489464,1.8983453369115533,0.6409826314304754,0.0247054120007156,structured,1.832487448023662,1.8143191512113026,1.9862630098832796,1.8143191512113026,1.9862630098832796
structured,1445,D100,D100|91|4,1.927870888,1.896678176154469,0.640104027722967,0.024626791624845,structured,1.832487448023662,1.8129869635119689,1.9842327475604564,1.8129869635119689,1.9842327475604564
structured,1446,D100,D100|91|4,1.909319154,1.9136453148952104,0.6490099649365295,0.0247289353494559,structured,1.832487448023662,1.8288630713653504,2.0023578848286707,1.8288630713653504,2.0023578848286707
structured,1447,D100,D100|91|4,1.915467843,1.9150997710250817,0.6497697210274653,0.0245940039728028,structured,1.832487448023662,1.8307056936246724,2.003384348315817,1.8307056936246724,2.003384348315817
structured,1448,D200,D200|91|4,1.88462312,1.873699031749606,0.6279145688637002,0.018893423474771,structured,1.6015160326882019,1.8178535705445233,1.93126009622865,1.8178535705445233,1.93126009622865
structured,1449,D200,D200|91|4,1.896441345,1.8709571669741316,0.6264501539107837,0.018926448060597,structured,1.6015160326882019,1.8150974248869702,1.9285359962812187,1.8150974248869702,1.9285359962812187
structured,1450,D200,D200|91|4,1.898457048,1.890027053609242,0.6365911430480696,0.0192590582464238,structured,1.6015160326882019,1.8326214945869412,1.9492308007551662,1.8326214945869412,1.9492308007551662
structured,1451,D200,D200|91|4,1.880764078,1.888927012165516,0.6360089494274799,0.0188527688452167,structured,1.6015160326882019,1.8327470066447062,1.9468291282716244,1.8327470066447062,1.9468291282716244
structured,1452,D200,D200|91|4,1.876312808,1.8807365017615127,0.6316634563815352,0.0188326608984903,structured,1.6015160326882019,1.8248588617462589,1.9383251292504433,1.8248588617462589,1.9383251292504433
structured,1453,D400,D400|91|4,1.879603373,1.8752179128470756,0.6287248728544386,0.0119544890424833,structured,1.8113246778185923,1.8350494178293029,1.916265680093877,1.8211428430920458,1.930898629946081
structured,1454,D400,D400|91|4,1.86098472,1.8732906626193973,0.6276965970168926,0.0120500498361891,structured,1.8113246778185923,1.832846172887014,1.9146276204562571,1.819271168373637,1.9289141540093422
structured,1455,D400,D400|91|4,1.86673485,1.8773317118031776,0.6298514664460536,0.0116229868590003,structured,1.8113246778185923,1.8382213812882953,1.917274160782438,1.8231956870918116,1.9330751937898654
structured,1456,D400,D400|91|4,1.888753096,1.892328342455312,0.6378079980968738,0.0124372132127633,structured,1.8113246778185923,1.8501748846790818,1.9354422034978527,1.8377598646178053,1.9485171183692056
structured,1457,D400,D400|91|4,1.885233324,1.8888057562130105,0.6359447543348242,0.0119186450000736,structured,1.8113246778185923,1.8484662081123273,1.9300256445297195,1.8343388580881683,1.944889936214786
structured,1458,D600,D600|91|4,1.822471144,1.8636079411098656,0.6225143621179131,0.0100734031343277,structured,1.7530717842594967,1.8309866293897175,1.896810442206966,1.813209135702384,1.9154075995885607
structured,1459,D600,D600|91|4,1.842546204,1.8640782922066224,0.6227667176381011,0.0104880634319153,structured,1.7530717842594967,1.8301178973582783,1.8986688696349636,1.8136667667774693,1.9158910242646041
structured,1460,D600,D600|91|4,1.867332114,1.8734257917675696,0.6277687290556395,0.0101303125672806,structured,1.7530717842594967,1.8404490006195828,1.9069934543572817,1.822761475608657,1.9254983409653077
structured,1461,D600,D600|91|4,1.877333081,1.87067923173515,0.6263015904428912,0.0101264546981206,structured,1.7530717842594967,1.8377632156109487,1.904184803743529,1.8200891926500575,1.9226754393008678
structured,1462,D600,D600|91|4,1.866049127,1.874057881984714,0.6281060702040832,0.0101789560699753,structured,1.7530717842594967,1.8409129729678115,1.9077995519620046,1.8233764717841034,1.9261480003592375
physics_residual,1463,D800,D800|91|4,1.857228637,1.8487089424478416,0.6144875265192355,0.0101099715741562,physics_residual,1.8820659579273764,1.8138649372929438,1.8842222944048486,1.7981698702635533,1.9006684576389268
physics_residual,1464,D800,D800|91|4,1.855300706,1.8450113267951205,0.6124854166579928,0.0102279319104666,physics_residual,1.8820659579273764,1.8098351688357326,1.8808711724792744,1.7945733381616775,1.8968669173973927
physics_residual,1465,D800,D800|91|4,1.878267981,1.859619706747292,0.6203720080825577,0.0101851819897866,physics_residual,1.8820659579273764,1.8243118068571798,1.895610959006207,1.8087823615943095,1.9118858781189942
physics_residual,1466,D800,D800|91|4,1.876924281,1.8627969797592856,0.6220791107801743,0.0110533968553387,physics_residual,1.8820659579273764,1.82444510516934,1.9019550536042245,1.8118727759199977,1.9151524510535136
physics_residual,1467,D800,D800|91|4,1.82775045,1.847841033016962,0.6140179484247482,0.0102659875150619,physics_residual,1.8820659579273764,1.8124811048792437,1.8838908025629786,1.7973256873027357,1.8997761548856462
structured,1468,S50,S50|91|4,1.877396422,1.8842324652829692,0.6335205577583616,0.0226430320260604,structured,1.729471248026422,1.8118711302148534,1.9594837204593765,1.8118711302148534,1.9594837204593765
structured,1469,S50,S50|91|4,1.888569121,1.8852730923385936,0.6340726869785752,0.0226496699692275,structured,1.729471248026422,1.812850981543626,1.9605884150883202,1.812850981543626,1.9605884150883202
structured,1470,S50,S50|91|4,1.895854585,1.8838396969958875,0.6333120860138785,0.0226365981249952,structured,1.729471248026422,1.811513602696189,1.9590534670540583,1.811513602696189,1.9590534670540583
structured,1471,S50,S50|91|4,1.882504687,1.880713698024508,0.6316513314106892,0.0228316797358021,structured,1.729471248026422,1.8078975540171625,1.9564626358819899,1.8078975540171625,1.9564626358819899
structured,1472,S50,S50|91|4,1.867779812,1.8813675725964805,0.631998944623441,0.0227898511045628,structured,1.729471248026422,1.8086569484060377,1.9570012690007135,1.8086569484060377,1.9570012690007135
structured,1473,S100,S100|91|4,1.883443029,1.8771485919313828,0.629753919058865,0.0127101986763593,structured,1.8602229012928744,1.8332862407946462,1.9220603732140682,1.8190619237589312,1.9370900958163013
structured,1474,S100,S100|91|4,1.893646428,1.877742931407256,0.6300704871818811,0.0123990985937157,structured,1.8602229012928744,1.834928286878067,1.9215565761694613,1.8196378719363924,1.9377034138653968
structured,1475,S100,S100|91|4,1.88819627,1.879010830592163,0.6307454844339622,0.0124123752418633,structured,1.8602229012928744,1.8361219283126382,1.9229015497501738,1.820866537125895,1.939011799873907
structured,1476,S100,S100|91|4,1.881334885,1.8771284569781972,0.6297431926511314,0.0124746976281488,structured,1.8602229012928744,1.8340698778357523,1.921197925214985,1.8190424118636908,1.9370693179095533
structured,1477,S100,S100|91|4,1.877746376,1.8772347133760308,0.6297997968702974,0.0125172206026011,structured,1.8602229012928744,1.8340286154109504,1.9214586618182967,1.8191453802532394,1.937178967309044
structured,1478,S200,S200|91|4,1.893085265,1.8750869528661556,0.628655033209043,0.0108213104443011,structured,1.8640561530082034,1.837642505096506,1.9132943818276773,1.817957597691189,1.934011599211198
structured,1479,S200,S200|91|4,1.879307862,1.8726578500617108,0.6273587319546451,0.0108019566626535,structured,1.8640561530082034,1.835328121215761,1.9107468484026373,1.8156025037622578,1.9315061618007932
structured,1480,S200,S200|91|4,1.887049371,1.87180851821798,0.6269050855469799,0.0107970099405437,structured,1.8640561530082034,1.8345126359327923,1.909862630677321,1.814779049001447,1.930630139686275
structured,1481,S200,S200|91|4,1.878233348,1.871597925867992,0.6267925717960126,0.0108036833702011,structured,1.8640561530082034,1.8342834216650403,1.909671512450181,1.8145748728899924,1.9304129294673258
structured,1482,S200,S200|91|4,1.860544951,1.8742372018744005,0.628201750979375,0.0108177975941221,structured,1.8640561530082034,1.8368217509062998,1.9124147931919693,1.8171337365527787,1.9331351447769203
structured,1483,S400,S400|91|4,1.824360742,1.89146316808056,0.6373506925675282,0.0148379490293941,structured,1.822880476977106,1.840988922207085,1.9433212623117109,1.8380868490646753,1.94638948536401
structured,1484,S400,S400|91|4,1.861976236,1.839078448946035,0.609264603193052,0.0108583162143714,structured,1.822880476977106,1.8030347014702628,1.8758427325995288,1.7871804053347513,1.892483563092917
structured,1485,S400,S400|91|4,1.847779778,1.8479496192442133,0.6140767105341315,0.0102365160621525,structured,1.822880476977106,1.8137867107366448,1.88275599057505,1.7958012348259447,1.901612343860438
structured,1486,S400,S400|91|4,1.845557556,1.842992725983699,0.611390731845225,0.0104290939206174,structured,1.822880476977106,1.8082865512454729,1.8783650111700338,1.7909842230711688,1.896511507066387
structured,1487,S400,S400|91|4,1.849355485,1.837450241273001,0.6083788721588771,0.0111528598926833,structured,1.822880476977106,1.8004714397795163,1.875188528159968,1.7855981450180531,1.8908080737953916
structured,1488,S600,S600|91|4,1.852619799,1.8452009160779104,0.6125881691667805,0.0101784285806913,structured,1.5981774307519638,1.815427966848554,1.875462140536029,1.7894087207049314,1.9027326631969605
structured,1489,S600,S600|91|4,1.836251919,1.8518963189944704,0.6162101513925412,0.0101736175643967,structured,1.5981774307519638,1.8220293464146253,1.8822528753742906,1.7959016788771998,1.9096368229074818
structured,1490,S600,S600|91|4,1.81680461,1.863562394939336,0.622489922037946,0.0115343687698471,structured,1.5981774307519638,1.829524238684441,1.8982338284456242,1.8072150149211252,1.9216666368741984
structured,1491,S600,S600|91|4,1.826380347,1.843619694344828,0.6117308643547974,0.0103924721797842,structured,1.5981774307519638,1.8132518760002345,1.8744961041340051,1.7878753093924329,1.9011021403562887
structured,1492,S600,S600|91|4,1.827097635,1.8441419620539872,0.6120141081006316,0.0103408701173983,structured,1.5981774307519638,1.8139151270510745,1.874872492924842,1.788381785616875,1.9016406919148165
structured,1493,S800,S800|91|4,1.860479626,1.8434621268882323,0.6116453943466279,0.0107257217746177,structured,1.8640561530082034,1.806971151596543,1.8806900211266144,1.7892151246180377,1.8993538376201504
structured,1494,S800,S800|91|4,1.853817398,1.8401497936291784,0.6098469778883895,0.0106173991547748,structured,1.8640561530082034,1.8040886291333673,1.876931769488575,1.7860002623876547,1.8959410781198072
structured,1495,S800,S800|91|4,1.864159369,1.8446092873416524,0.6122674866878931,0.0107769215529301,structured,1.8640561530082034,1.8079230491559324,1.8820399599062847,1.7903285279278673,1.9005357786960146
structured,1496,S800,S800|91|4,1.842760175,1.8447414235387865,0.6123391178271071,0.0107766058558478,structured,1.8640561530082034,1.8080536213797285,1.8821736697847593,1.7904567757931056,1.9006719211149197
structured,1497,S800,S800|91|4,1.851627686,1.842476256221934,0.6111104582802382,0.0107477010346411,structured,1.8640561530082034,1.805930804509899,1.879761254564162,1.7882582648695624,1.8983380764574342
