surface,D,V,rho,sigma,mu,spacing,depth,Re,We,tc,eta,beta,vlam,Oh,P,phi,texvol,logRe,logWe,logD,condition,row_id,split,glycerol
D50,0.002473716,0.536893722,997.2375,0.07246,0.000943923,50.0,25.0,1403.1373870060816,9.813564045089738,0.0116,0.37982146,1.560186908,0.630630631,0.002232611635915266,0.5407377410529598,0.010000000000000002,24.75,7.246465999047433,2.2837655149457343,0.9057214735248738,D50|0|0,0,textured,0
D50,0.002447832,0.520219068,997.2375,0.07246,0.000943923,50.0,25.0,1345.333347767761,9.117051602349104,0.0112,0.404025451,1.561484361,0.563938619,0.002244384697403634,0.5108841745210984,0.010000000000000002,24.75,7.204397103534648,2.2101464626009086,0.895202734844128,D50|0|0,1,textured,0
D50,0.002457574,0.525367238,997.2375,0.07246,0.000943923,50.0,25.0,1364.054187759238,9.335398223863601,0.0114,0.390917009,1.560393514,0.626598465,0.0022399318290094636,0.5202357573797998,0.010000000000000002,24.75,7.218216564710523,2.233813435308617,0.8991746844881702,D50|0|0,2,textured,0
D50,0.002444521,0.515019661,997.2375,0.07246,0.000943923,50.0,25.0,1330.0856685202832,8.92363218901117,0.0114,0.410315507,1.558472561,0.532608696,0.0022459041450047772,0.5023308097105709,0.010000000000000002,24.75,7.192998631562674,2.1887030597875796,0.8938491937135106,D50|0|0,3,textured,0
D50,0.002455661,0.523726659,997.2375,0.07246,0.000943923,50.0,25.0,1358.7361398829685,9.269963984697304,0.0114,0.397798516,1.561608985,0.595268542,0.0022408041308855336,0.5173971069951641,0.010000000000000002,24.75,7.214310237745282,2.2267794944242945,0.8983959714420124,D50|0|0,4,textured,0
D100,0.002448526,0.522099822,997.2375,0.07246,0.000943923,100.0,25.0,1350.57994969496,9.18569628576366,0.0114,0.396497871,1.561041612,0.595268542,0.002244066605342172,0.5139299915605203,0.30250000000000005,17.4375,7.20828937155073,2.2176475226271744,0.8954862108500276,D100|0|0,5,textured,0
D100,0.00245558,0.52330602,997.2375,0.07246,0.000943923,100.0,25.0,1357.6000684415103,9.254774061631727,0.0116,0.394548929,1.556557304,0.626598465,0.002240841088271943,0.5167221519770954,0.30250000000000005,17.4375,7.21347376433362,2.2251395331539117,0.8983629858890709,D100|0|0,6,textured,0
D100,0.002457208,0.530832045,997.2375,0.07246,0.000943923,100.0,25.0,1378.037657748599,9.529200321009162,0.0114,0.383043796,1.560626044,0.657928389,0.002240098641205241,0.5288737628168936,0.30250000000000005,17.4375,7.228415779029378,2.254360802393923,0.8990257460405738,D100|0|0,7,textured,0
D100,0.00245733,0.522913755,997.2375,0.07246,0.000943923,100.0,25.0,1357.5492104441798,9.247490335202626,0.0116,0.393452046,1.555448691,0.563938619,0.0022400430329991045,0.5163232164262447,0.30250000000000005,17.4375,7.213436301938656,2.2243521995985,0.8990753946545538,D100|0|0,8,textured,0
D100,0.002465251,0.534823601,997.2375,0.07246,0.000943923,100.0,25.0,1392.9442672880803,9.704709568574348,0.0116,0.378180323,1.570784601,0.563938619,0.0022364414410221195,0.5363015432947993,0.30250000000000005,17.4375,7.2391749638538485,2.272611290214847,0.9022936278685925,D100|0|0,9,textured,0
D200,0.002459363,0.518653843,997.2375,0.07246,0.000943923,200.0,25.0,1347.603927555629,9.104961357485177,0.0116,0.400618004,1.559258194,0.563938619,0.0022391169905639626,0.50986265098354,0.6006250000000001,9.984374999999998,7.206083426009918,2.208819469072287,0.8999023733232902,D200|0|0,10,textured,0
D200,0.002462411,0.511564347,997.2375,0.07246,0.000943923,200.0,25.0,1330.8308036065541,8.868728345116663,0.0114,0.414280563,1.557328689,0.626598465,0.002237730759374748,0.49912832298146764,0.6006250000000001,9.984374999999998,7.193558690560056,2.1825314202168684,0.9011409512789845,D200|0|0,11,textured,0
D200,0.002465616,0.517067388,997.2375,0.07246,0.000943923,200.0,25.0,1346.8977261303473,9.072354370967503,0.0114,0.408906214,1.560386696,0.595268542,0.0022362758979410586,0.5081432462866691,0.6006250000000001,9.984374999999998,7.205559246378789,2.2052318082779947,0.9024416748553259,D200|0|0,12,textured,0
D200,0.002459811,0.522088954,997.2375,0.07246,0.000943923,200.0,25.0,1356.7763881245796,9.227648021921233,0.0116,0.397317852,1.56406944,0.657928389,0.0022389130785377648,0.5153327101820208,0.6006250000000001,9.984374999999998,7.2128668622657655,2.2222041971828137,0.9000845177244594,D200|0|0,13,textured,0
D200,0.00245851,0.518410948,997.2375,0.07246,0.000943923,200.0,25.0,1346.5056391378027,9.093280329954508,0.0116,0.40223496,1.559799742,0.595268542,0.0022395053967840034,0.5093746283417714,0.6006250000000001,9.984374999999998,7.205268100239767,2.2075357154728446,0.8995554753824307,D200|0|0,14,textured,0
D400,0.002462735,0.501838412,997.2375,0.07246,0.000943923,400.0,25.0,1305.7006361532815,8.535829953016226,0.0114,0.431688447,1.57747785,0.563938619,0.0022375835554299755,0.4840701561701634,0.78765625,5.308593750000002,7.174495061626313,2.1442725926454735,0.901272520982895,D400|0|0,15,textured,0
D400,0.002462898,0.510271662,997.2375,0.07246,0.000943923,400.0,25.0,1327.7304314598098,8.825708890703252,0.0116,0.415492939,1.582462146,0.595268542,0.0022375095101072845,0.49717082419953734,0.78765625,5.308593750000002,7.191226321072877,2.177668927151717,0.9013387053697786,D400|0|0,16,textured,0
D400,0.002463547,0.5070987,997.2375,0.07246,0.000943923,400.0,25.0,1319.8220577816112,8.718587253429995,0.0116,0.416701149,1.571871059,0.626598465,0.002237214764497943,0.49231148257806256,0.78765625,5.308593750000002,7.185252201782545,2.1654572125741596,0.9016021813666707,D400|0|0,17,textured,0
D400,0.002461355,0.503702475,997.2375,0.07246,0.000943923,400.0,25.0,1309.8162496372433,8.594541194290901,0.0116,0.425204783,1.578362744,0.563938619,0.0022382107369238883,0.48678652516371523,0.78765625,5.308593750000002,7.177642138904312,2.1511272568737674,0.9007120113105983,D400|0|0,18,textured,0
D400,0.002456842,0.504200763,997.2375,0.07246,0.000943923,400.0,25.0,1308.7080061298857,8.595764262357852,0.0114,0.426900125,1.571060369,0.563938619,0.002240265490675082,0.48702066887899015,0.78765625,5.308593750000002,7.1767956746631745,2.1512695542950784,0.8988767854070124,D400|0|0,19,textured,0
D600,0.002470315,0.509208729,997.2375,0.07246,0.000943923,600.0,25.0,1328.9547941530438,8.8154459449836,0.012,0.393812556,1.562491354,0.657928389,0.002234147978552072,0.4964096363473527,0.8556250000000001,3.6093749999999982,7.192148043200972,2.1765054039047342,0.9043456728729526,D600|0|0,20,textured,0
D600,0.002465332,0.509081136,997.2375,0.07246,0.000943923,600.0,25.0,1325.9417648052067,8.793255525024598,0.0122,0.392787874,1.560566365,0.563938619,0.0022364047008904225,0.4956098320669006,0.8556250000000001,3.6093749999999982,7.189878251836595,2.1739850100251927,0.9023264840237398,D600|0|0,21,textured,0
D600,0.002471691,0.510800884,997.2375,0.07246,0.000943923,600.0,25.0,1333.8526295514737,8.875600136943218,0.0116,0.40181372,1.566691898,0.563938619,0.002233526012539598,0.4990620985557524,0.8556250000000001,3.6093749999999982,7.195826747772927,2.183305954139303,0.9049025317822932,D600|0|0,22,textured,0
D600,0.002475491,0.519682077,997.2375,0.07246,0.000943923,600.0,25.0,1359.1303907031559,9.201043866979767,0.012,0.388367515,1.559224889,0.563938619,0.0022318110682127386,0.513490782135605,0.8556250000000001,3.6093749999999982,7.214600355614218,2.2193169414206126,0.906438760183566,D600|0|0,23,textured,0
D600,0.002480091,0.519669599,997.2375,0.07246,0.000943923,600.0,25.0,1361.6232557023386,9.217698739911196,0.012,0.37721217,1.58159802,0.595268542,0.0022297403587597446,0.5140433272086218,0.8556250000000001,3.6093749999999982,7.216432837360635,2.2211254120449255,0.908295253052086,D600|0|0,24,textured,0
D800,0.002499246,0.516404123,997.2375,0.07246,0.000943923,800.0,25.0,1363.5175734120762,9.172520253501252,0.0126,0.384392613,1.644690279,0.814578005,0.0022211792109820775,0.5112394789276375,0.8906640625,2.733398437500001,7.217823090660289,2.216212085312592,0.9159890863837283,D800|0|0,25,textured,0
D800,0.002498726,0.509873018,997.2375,0.07246,0.000943923,800.0,25.0,1345.9926823526407,8.940112165611676,0.0122,0.378572336,1.57983316,0.657928389,0.002221410319375846,0.5008710011205024,0.8906640625,2.733398437500001,7.20488707360196,2.190548135595718,0.9157810019839452,D800|0|0,26,textured,0
D800,0.002490671,0.503564301,997.2375,0.07246,0.000943923,800.0,25.0,1325.0532487505156,8.6921358274168,0.012,0.412790156,1.564816559,0.626598465,0.0022249995160825735,0.4900418510829371,0.8906640625,2.733398437500001,7.189207925349056,2.16241868898824,0.912552152085612,D800|0|0,27,textured,0
D800,0.002503922,0.508260876,997.2375,0.07246,0.000943923,800.0,25.0,1344.5269431040767,8.902140182677662,0.0142,0.31793632,1.566544735,0.595268542,0.0022191042486790526,0.49896102713801876,0.8906640625,2.733398437500001,7.203797515005399,2.186291717793609,0.9178583025929314,D800|0|0,28,textured,0
D800,0.002502524,0.506758003,997.2375,0.07246,0.000943923,800.0,25.0,1339.8028587563172,8.84463173525065,0.02,0.212351186,1.592458478,0.563938619,0.0022197239978993264,0.496436145352307,0.8906640625,2.733398437500001,7.200277761790593,2.1798106913860864,0.9172998225708412,D800|0|0,29,textured,0
S50,0.002465332,0.484219521,997.2375,0.07246,0.000943923,50.0,6.0,1261.1877377202047,7.9553679622045355,0.0114,0.466101876,1.575816199,0.563938619,0.0022364047008904225,0.45745499724450145,0.16000000000000003,5.04,7.139809204915271,2.073846916182543,0.9023264840237398,S50|0|0,30,textured,0
S50,0.002495323,0.49956381,997.2375,0.07246,0.000943923,50.0,6.0,1316.9817950917604,8.570555656474943,0.0116,0.436726466,1.602076658,0.595268542,0.0022229245289124696,0.48436981495006076,0.16000000000000003,5.04,7.183097878634652,2.1483325679028114,0.914418179742235,S50|0|0,31,textured,0
S50,0.002498766,0.504806562,997.2375,0.07246,0.000943923,50.0,6.0,1332.6392875598842,8.763464726884319,0.0116,0.428969959,1.579807863,0.595268542,0.0022213925392458984,0.4929362965991556,0.16000000000000003,5.04,7.194916681578804,2.1705913435197774,0.915797010013573,S50|0|0,32,textured,0
S50,0.002489627,0.49453188,997.2375,0.07246,0.000943923,50.0,6.0,1300.7403474939433,8.379597222145412,0.0114,0.44708481,1.580573721,0.563938619,0.002225465982751017,0.4759341842885544,0.16000000000000003,5.04,7.170688879419407,2.125799849155747,0.9121329000588089,S50|0|0,33,textured,0
S50,0.002494241,0.500223262,997.2375,0.07246,0.000943923,50.0,6.0,1318.1484723877188,8.589471704064882,0.0116,0.435524678,1.592722949,0.626598465,0.0022234066281869294,0.4852669580235604,0.16000000000000003,5.04,7.183983358481009,2.1505372328318777,0.9139844745058815,S50|0|0,34,textured,0
S100,0.002486854,0.52501096,997.2375,0.07246,0.000943923,100.0,6.0,1379.3697316237517,9.433813802063828,0.0116,0.397085894,1.567218001,0.626598465,0.0022267064049478888,0.523377470002885,0.48999999999999994,3.06,7.229381957609961,2.244300447765008,0.9110184578306556,S100|0|0,35,textured,0
S100,0.002489466,0.525848557,997.2375,0.07246,0.000943923,100.0,6.0,1383.0214588359568,9.473879222596524,0.0116,0.396194015,1.570607716,0.657928389,0.00222553794481645,0.5250446969543408,0.48999999999999994,3.06,7.23202584769475,2.248538456119321,0.9120682296459219,S100|0|0,36,textured,0
S100,0.00248818,0.531129487,997.2375,0.07246,0.000943923,100.0,6.0,1396.1890925238843,9.660128257810031,0.0116,0.385566577,1.571419163,0.877237852,0.0022261129980854152,0.5333412767876775,0.48999999999999994,3.06,7.241501727246714,2.2680069253422928,0.9115515195268766,S100|0|0,37,textured,0
S100,0.002487457,0.528422337,997.2375,0.07246,0.000943923,100.0,6.0,1388.6691331982538,9.559126050598007,0.0116,0.391320098,1.566838091,0.689258312,0.0022264364936800036,0.5289062213592791,0.48999999999999994,3.06,7.236101109338163,2.25749630558303,0.9112609034690379,S100|0|0,38,textured,0
S100,0.002475248,0.521858077,997.2375,0.07246,0.000943923,100.0,6.0,1364.6873339586905,9.277347176918374,0.0116,0.401188651,1.564440461,0.626598465,0.00223192061618123,0.5169047758425787,0.48999999999999994,3.06,7.218680622010033,2.227575641374839,0.9063405930209686,S100|0|0,39,textured,0
S200,0.002499886,0.512474037,997.2375,0.07246,0.000943923,200.0,6.0,1353.487051414826,9.0357501171123,0.012,0.396634872,1.56406097,0.626598465,0.0022208948688780127,0.5051060494553367,0.7224999999999999,1.6650000000000005,7.210439542266685,2.201188944074669,0.9162451308344435,S200|0|0,40,textured,0
S200,0.002490229,0.503792268,997.2375,0.07246,0.000943923,200.0,6.0,1325.417856069419,8.698463664737869,0.0116,0.42819376,1.580191426,0.563938619,0.002225196969037893,0.49034463375684084,0.7224999999999999,1.6650000000000005,7.189483051775101,2.163146419806627,0.9123746741193168,S200|0|0,41,textured,0
S200,0.002501525,0.512496515,997.2375,0.07246,0.000943923,200.0,6.0,1354.4338432021802,9.042467409446568,0.0118,0.41481949,1.583074977,0.595268542,0.0022201671841406132,0.5053401831179207,0.7224999999999999,1.6650000000000005,7.211138818104334,2.2019320806846285,0.9169005458997808,S200|0|0,42,textured,0
S200,0.002501765,0.508472288,997.2375,0.07246,0.000943923,200.0,6.0,1343.9274788661598,8.901872327623698,0.0118,0.419959147,1.572904736,0.595268542,0.0022200606887455726,0.49903502481829487,0.7224999999999999,1.6650000000000005,7.203351560450281,2.1862616285029133,0.9169964827733915,S200|0|0,43,textured,0
S200,0.002498406,0.506414822,997.2375,0.07246,0.000943923,200.0,6.0,1336.6923280489848,8.818121988164139,0.0118,0.424010795,1.585051572,0.720588235,0.0022215525757869146,0.4954085759265686,0.7224999999999999,1.6650000000000005,7.19795342948986,2.1768089208346293,0.9156529285208316,S200|0|0,44,textured,0
S400,0.002494241,0.511851219,997.2375,0.07246,0.000943923,400.0,6.0,1348.7895379296485,8.993446785312484,0.0136,0.357724761,1.562576774,0.563938619,0.00222340662818693,0.5034408984695139,0.8556250000000001,0.8662499999999995,7.206962830641032,2.1964961771519245,0.9139844745058815,S400|0|0,45,textured,0
S400,0.00249408,0.510800728,997.2375,0.07246,0.000943923,400.0,6.0,1345.93448384836,8.955991371283625,0.0118,0.416370282,1.582775974,0.563938619,0.002223478390658533,0.5017693141636523,0.8556250000000001,0.8662499999999995,7.204843834315979,2.1923227352795487,0.9139199237281528,S400|0|0,46,textured,0
S400,0.002497686,0.510702904,997.2375,0.07246,0.000943923,400.0,6.0,1347.6223337914266,8.965505182045348,0.0118,0.413760293,1.570456464,0.689258312,0.00222187275266247,0.5020505948504399,0.8556250000000001,0.8662499999999995,7.206097084407405,2.1933844559485918,0.91536470324196,S400|0|0,47,textured,0
S400,0.002498406,0.512148935,997.2375,0.07246,0.000943923,400.0,6.0,1351.82763713215,9.018946977149788,0.0132,0.337897404,1.5750196,0.657928389,0.0022215525757869146,0.5044142013711528,0.8556250000000001,0.8662499999999995,7.209212761147418,2.1993275841497453,0.9156529285208316,S400|0|0,48,textured,0
S400,0.002502924,0.514883719,997.2375,0.07246,0.000943923,400.0,6.0,1361.5037908929307,9.132007362255456,0.012,0.404945566,1.577183511,0.532608696,0.0022195466203448954,0.5092824505265723,0.8556250000000001,0.8662499999999995,7.216345096460236,2.211785534871282,0.9174596484249313,S400|0|0,49,textured,0
S600,0.002497005,0.514805607,997.2375,0.07246,0.000943923,600.0,6.0,1358.0779977015145,9.107647644208885,0.0118,0.407226702,1.555828114,0.563938619,0.0022221757140488594,0.5084360487900081,0.9025,0.5850000000000002,7.2138257421846745,2.2091144610465765,0.9150920136985149,S600|0|0,50,textured,0
S600,0.002496484,0.514887129,997.2375,0.07246,0.000943923,600.0,6.0,1358.0096482369,9.108631441962318,0.012,0.406862148,1.56117239,0.626598465,0.0022224075787732897,0.5085012063857763,0.9025,0.5850000000000002,7.213775412833388,2.20922247407709,0.9148833419654279,S600|0|0,51,textured,0
S600,0.002495443,0.516407315,997.2375,0.07246,0.000943923,600.0,6.0,1361.4511800745906,9.158676028392813,0.0136,0.313434782,1.561823954,0.563938619,0.0022228710806569086,0.5107776290189721,0.9025,0.5850000000000002,7.216306454015607,2.2147016298542956,0.9144662685526594,S600|0|0,52,textured,0
S600,0.002498606,0.514167839,997.2375,0.07246,0.000943923,600.0,6.0,1357.2652175189348,9.090920639289422,0.0136,0.346497932,1.559846724,0.563938619,0.002221463662327433,0.5076238033201091,0.9025,0.5850000000000002,7.213227084746236,2.2072761835107504,0.9157329763574616,S600|0|0,53,textured,0
S600,0.002495723,0.512155998,997.2375,0.07246,0.000943923,600.0,6.0,1350.3945530168412,9.009510161452456,0.0118,0.409815903,1.561648453,0.532608696,0.002222746383052099,0.5041002449154603,0.9025,0.5850000000000002,7.208152090226361,2.19828070404385,0.9145784667846131,S600|0|0,54,textured,0
S800,0.002499726,0.513597387,997.2375,0.07246,0.000943923,800.0,6.0,1356.367096274479,9.0748256529078,0.0122,0.390106422,1.589227754,0.563938619,0.0022209659441664825,0.5068592676280571,0.9264062500000001,0.4415624999999994,7.212565151828733,2.205504168165572,0.9161811258676361,S800|0|0,55,textured,0
S800,0.002500964,0.518391124,997.2375,0.07246,0.000943923,800.0,6.0,1369.7049651739899,9.249597308045589,0.0128,0.33014637,1.580440672,0.627400768,0.0022204161769193466,0.514602644406929,0.9264062500000001,0.4415624999999994,7.222350641742594,2.2245800163113483,0.9166762575495809,S800|0|0,56,textured,0
S800,0.002504648,0.518688686,997.2375,0.07246,0.000943923,800.0,6.0,1372.5099677200824,9.273859688510475,0.0192,0.210356147,1.59815524,0.564660691,0.0022187826093812207,0.5155304450403595,0.9264062500000001,0.4415624999999994,7.224396435812747,2.2271996563001983,0.918148205701038,S800|0|0,57,textured,0
S800,0.002501525,0.512694761,997.2375,0.07246,0.000943923,800.0,6.0,1354.9577708462139,9.049464451020087,0.014,0.320250613,1.615199232,0.533290653,0.0022201671841406132,0.5056529838249396,0.9264062500000001,0.4415624999999994,7.211525567401001,2.2027055792779624,0.9169005458997808,S800|0|0,58,textured,0
S800,0.002501925,0.513085607,997.2375,0.07246,0.000943923,800.0,6.0,1356.2075310455161,9.064716425491035,0.0154,0.279743514,1.584848504,0.564660691,0.0022199897003287805,0.5063184600647179,0.9264062500000001,0.4415624999999994,7.212447503283665,2.204389561366826,0.9170604355762448,S800|0|0,59,textured,0
D50,0.002479592,0.983186688,997.2375,0.07246,0.000943923,50.0,25.0,2575.599007780851,32.987733515528646,0.0114,0.220861744,2.044100443,1.15477707,0.0022299647070531206,1.4256114601724124,0.010000000000000002,24.75,7.853837410425894,3.496135780713933,0.9080940305135958,D50|0|1,60,textured,0
D50,0.002466875,0.975795597,997.2375,0.07246,0.000943923,50.0,25.0,2543.126894808286,32.3269791889657,0.0118,0.2286463,2.04957737,1.217197452,0.002235705169656323,1.4041642487679271,0.010000000000000002,24.75,7.84114966382652,3.475902150593806,0.9029521674349745,D50|0|1,61,textured,0
D50,0.002525349,0.959830367,997.2375,0.07246,0.000943923,50.0,25.0,2560.813345295976,32.01921269707743,0.012,0.22159002,1.999572687,1.059796438,0.0022096699017976136,1.3869457666927854,0.010000000000000002,24.75,7.848080200019759,3.466336119417358,0.9263792709979024,D50|0|1,62,textured,0
D50,0.002527464,0.960481371,997.2375,0.07246,0.000943923,50.0,25.0,2564.696370737226,32.089514161059306,0.0122,0.222831557,2.017631508,1.028625954,0.002208745174492676,1.389148770842181,0.010000000000000002,24.75,7.849595376616529,3.468529315121189,0.9272164284876102,D50|0|1,63,textured,0
D50,0.002532643,0.962175404,997.2375,0.07246,0.000943923,50.0,25.0,2574.484372584459,32.26879511240138,0.012,0.217988972,2.006211894,1.123566879,0.0022064856880208124,1.3947830004079582,0.010000000000000002,24.75,7.853404549389878,3.474100667666193,0.9292634214893043,D50|0|1,64,textured,0
D100,0.0025198,0.893854837,997.2375,0.07246,0.000943923,100.0,25.0,2379.5514482427293,27.707690793687053,0.0128,0.24789067,2.016437285,0.967515924,0.0022121015859169354,1.2359539584873003,0.30250000000000005,17.4375,7.774667281778457,3.321710020638262,0.9241795332943923,D100|0|1,65,textured,0
D100,0.002522594,0.917856605,997.2375,0.07246,0.000943923,100.0,25.0,2446.1564434663314,29.248076165851643,0.0128,0.23712487,1.994408192,0.905095541,0.0022108761956687413,1.2903383749845716,0.30250000000000005,17.4375,7.80227327310058,3.3758137994071493,0.9252877371697523,D100|0|1,66,textured,0
D100,0.002523931,0.898882096,997.2375,0.07246,0.000943923,100.0,25.0,2396.857644552654,28.0661737748408,0.0128,0.220134623,1.97356662,0.998726115,0.0022102905352367657,1.2483211062085098,0.30250000000000005,17.4375,7.781913843664802,3.334565070959487,0.9258176067458594,D100|0|1,67,textured,0
D100,0.002517831,0.900628084,997.2375,0.07246,0.000943923,100.0,25.0,2395.709166318313,28.107215183867595,0.0128,0.246018768,1.983306755,1.029936306,0.002212966373268808,1.2503862254439024,0.30250000000000005,17.4375,7.781434568862114,3.336026311489578,0.923397816610392,D100|0|1,68,textured,0
D100,0.002532526,0.918938639,997.2375,0.07246,0.000943923,100.0,25.0,2458.68254744727,29.432503887529677,0.0128,0.210770741,1.971798525,0.998726115,0.0022065366560748228,1.2958246188261595,0.30250000000000005,17.4375,7.8073809356502,3.3820996380530968,0.9292172236230453,D100|0|1,69,textured,0
D200,0.002535815,0.948443576,997.2375,0.07246,0.000943923,200.0,25.0,2540.920626182434,31.393579490463107,0.013,0.218816107,1.964318123,1.061146497,0.0022051052318970586,1.3640943095664912,0.6006250000000001,9.984374999999998,7.840281745595921,3.4466033971803647,0.9305150843872194,D200|0|1,70,textured,0
D200,0.002533348,0.943678185,997.2375,0.07246,0.000943923,200.0,25.0,2525.6943944375334,31.04866665204268,0.013,0.221593455,1.961302475,1.029936306,0.0022061786475649917,1.3523547616279434,0.6006250000000001,9.984374999999998,7.8342713115998075,3.4355558654942566,0.929541748081101,D200|0|1,71,textured,0
D200,0.002533583,0.916677417,997.2375,0.07246,0.000943923,200.0,25.0,2453.6561497448115,29.300057495531636,0.013,0.222411822,1.966048011,1.029936306,0.002206076329226721,1.291049791720709,0.6006250000000001,9.984374999999998,7.805334497174976,3.3775894783259304,0.929634506399763,D200|0|1,72,textured,0
D200,0.002542535,0.940094938,997.2375,0.07246,0.000943923,200.0,25.0,2525.228528815934,30.925066347323895,0.013,0.210632934,1.959125658,0.998726115,0.0022021892225929296,1.3470706232354994,0.6006250000000001,9.984374999999998,7.834086844075753,3.4315670637030538,0.9331616148241955,D200|0|1,73,textured,0
D200,0.002534562,0.925767615,997.2375,0.07246,0.000943923,200.0,25.0,2478.945258477578,29.89559211755641,0.0128,0.232828555,1.970214261,1.029936306,0.0022056502285192304,1.3118989514376505,0.6006250000000001,9.984374999999998,7.815588449692781,3.3977110487116127,0.93002084104969,D200|0|1,74,textured,0
D400,0.002512856,0.918852117,997.2375,0.07246,0.000943923,400.0,25.0,2439.356388313285,29.19840404850797,0.0128,0.225806378,1.964858008,1.090966921,0.002215155926487634,1.2895821467114978,0.78765625,5.308593750000002,7.799489508210988,3.3741140519075348,0.9214199548901841,D400|0|1,75,textured,0
D400,0.002523192,0.918320727,997.2375,0.07246,0.000943923,400.0,25.0,2447.9735363999334,29.2846032128641,0.0128,0.222198566,1.951867166,1.090966921,0.00221061418978306,1.2915661567475571,0.78765625,5.308593750000002,7.80301583327964,3.377061890290457,0.9255247666445655,D400|0|1,76,textured,0
D400,0.002520249,0.908872487,997.2375,0.07246,0.000943923,400.0,25.0,2419.9614115682225,28.65164993885035,0.0128,0.226466502,1.959093971,1.059796438,0.0022119045264490217,1.269481160089954,0.78765625,5.308593750000002,7.791506873390634,3.355211030991206,0.924357706165802,D400|0|1,77,textured,0
D400,0.002533409,0.940827958,997.2375,0.07246,0.000943923,400.0,25.0,2518.126575927204,30.862138067192614,0.0128,0.209801127,1.953838928,1.028625954,0.0022061520869686557,1.345844819723038,0.78765625,5.308593750000002,7.831270481779004,3.4295301273345737,0.9295658265991759,D400|0|1,78,textured,0
D400,0.002534659,0.943242289,997.2375,0.07246,0.000943923,400.0,25.0,2525.834182177204,31.036042543299956,0.013,0.211360825,1.947956474,0.966284987,0.0022056080236074215,1.351774980559962,0.78765625,5.308593750000002,7.83432665632867,3.435149191803413,0.930059111229669,D400|0|1,79,textured,0
D600,0.002526642,0.901665632,997.2375,0.07246,0.000943923,600.0,25.0,2406.8623883899277,28.270599322447953,0.014,0.211122134,1.954137272,0.997455471,0.002209104434112705,1.2553201824899167,0.8556250000000001,3.6093749999999982,7.786079264727838,3.3418223714258826,0.9268911484055352,D600|0|1,80,textured,0
D600,0.002542533,0.923191882,997.2375,0.07246,0.000943923,600.0,25.0,2479.8225689221126,29.822965342427267,0.0162,0.168626924,1.941923138,0.935114504,0.0022021900887326373,1.3085266754529632,0.8556250000000001,3.6093749999999982,7.8159422918101065,3.3952787457885756,0.9331608282073794,D600|0|1,81,textured,0
D600,0.002539262,0.914235196,997.2375,0.07246,0.000943923,600.0,25.0,2452.6042869259136,29.209468757280455,0.0134,0.215165105,1.944425234,1.028625954,0.002203608029355681,1.2872789428284992,0.8556250000000001,3.6093749999999982,7.804905713237152,3.374492929218874,0.9318734876311705,D600|0|1,82,textured,0
D600,0.002533917,0.906296641,997.2375,0.07246,0.000943923,600.0,25.0,2426.1898887794614,28.64398235635214,0.0134,0.22130508,1.943606342,0.935114504,0.002205930931059327,1.2678371759750084,0.8556250000000001,3.6093749999999982,7.7940773588149295,3.354943381181375,0.9297663268242263,D600|0|1,83,textured,0
D600,0.002539651,0.918864438,997.2375,0.07246,0.000943923,600.0,25.0,2465.400708187524,29.51054287513149,0.013,0.224929103,1.939217447,0.966284987,0.00220343925885325,1.2978430992835823,0.8556250000000001,3.6093749999999982,7.810109632367935,3.384747585096431,0.9320266700151809,D600|0|1,84,textured,0
D800,0.002547899,0.897632252,997.2375,0.07246,0.000943923,800.0,25.0,2416.2545768163045,28.253963306531308,0.0144,0.19733698,1.937833439,0.997455471,0.0021998699064282594,1.2526285355532962,0.8906640625,2.733398437500001,7.789973924702353,3.3412337417886686,0.9352690979917776,D800|0|1,85,textured,0
D800,0.002550306,0.905684547,997.2375,0.07246,0.000943923,800.0,25.0,2440.2329291084325,28.79031918905429,0.014,0.198987958,1.931115531,0.935114504,0.002198831533613103,1.2713758757357727,0.8906640625,2.733398437500001,7.799848776480327,3.360039191365485,0.9362133519709107,D800|0|1,86,textured,0
D800,0.002548482,0.898461005,997.2375,0.07246,0.000943923,800.0,25.0,2419.038809708076,28.312636118291355,0.0162,0.162123593,1.937390462,0.966284987,0.0021996182669203955,1.2546516812867157,0.8906640625,2.733398437500001,7.791125554180409,3.343308210941766,0.9354978877947939,D800|0|1,87,textured,0
D800,0.002545801,0.896408576,997.2375,0.07246,0.000943923,800.0,25.0,2410.973786136147,28.153781124199448,0.015,0.191647344,1.939430677,1.028625954,0.002200776178477821,1.2492798483047487,0.8906640625,2.733398437500001,7.78778600551159,3.3376816661409676,0.9344453352579537,D800|0|1,88,textured,0
D800,0.002551238,0.915043001,997.2375,0.07246,0.000943923,800.0,25.0,2466.348886848695,29.399114768004193,0.0146,0.202883582,1.930410702,0.997455471,0.0021984298662297732,1.2927437568569786,0.8906640625,2.733398437500001,7.810494152568964,3.3809645639594925,0.9365787315541776,D800|0|1,89,textured,0
S50,0.002502002,0.957970736,997.2375,0.07246,0.000943923,50.0,6.0,2532.222876163487,31.600387566292213,0.0124,0.219619066,2.018231427,1.153307888,0.0022199555395802837,1.3749649831759947,0.16000000000000003,5.04,7.836852803151453,3.4531693852737377,0.9170912114049116,S50|0|1,90,textured,0
S50,0.002504295,0.956875995,997.2375,0.07246,0.000943923,50.0,6.0,2531.6471701443656,31.557099363373993,0.0126,0.218268309,2.016383376,1.028625954,0.0022189389812668115,1.3732063584883571,0.16000000000000003,5.04,7.836625425269977,3.451798583115476,0.9180072578002195,S50|0|1,91,textured,0
S50,0.002487562,0.957108295,997.2375,0.07246,0.000943923,50.0,6.0,2515.3419098607988,31.361465287187677,0.0124,0.218012324,2.019922289,1.184478372,0.002226389504238371,1.368225042592816,0.16000000000000003,5.04,7.830164021548504,3.4455799191096363,0.9113031143631132,S50|0|1,92,textured,0
S50,0.002501092,0.960395862,997.2375,0.07246,0.000943923,50.0,6.0,2537.7099362778417,31.74903276383835,0.0124,0.217327558,2.023950784,1.215648855,0.002220359358356279,1.3802371322473903,0.16000000000000003,5.04,7.839017353436324,3.457862260743584,0.9167274365048056,S50|0|1,93,textured,0
S50,0.002505006,0.95589344,997.2375,0.07246,0.000943923,50.0,6.0,2529.7656105090837,31.501265743472775,0.0124,0.220939323,2.020788185,1.122137405,0.0022186240563565655,1.3711844851661072,0.16000000000000003,5.04,7.835881933362283,3.450027727356768,0.9182911297435405,S50|0|1,94,textured,0
S100,0.002553564,0.918256436,997.2375,0.07246,0.000943923,100.0,6.0,2477.266677808362,29.632956302037307,0.0124,0.234879068,1.928651999,1.090966921,0.0021974283810777587,1.3007261642932277,0.48999999999999994,3.06,7.814911085304423,3.3888871305549695,0.9374900304296174,S100|0|1,95,textured,0
S100,0.002551548,0.912285663,997.2375,0.07246,0.000943923,100.0,6.0,2459.215714932503,29.225753291722523,0.0124,0.231846059,1.93017593,0.90394402,0.002198296313194541,1.2866104181755114,0.48999999999999994,3.06,7.807597763025992,3.375050282619532,0.9367002338081938,S100|0|1,96,textured,0
S100,0.002555153,0.923158545,997.2375,0.07246,0.000943923,100.0,6.0,2492.0413099850825,29.96882874200811,0.0126,0.225758404,1.932332607,0.997455471,0.00219674500581146,1.3123439547896105,0.48999999999999994,3.06,7.820857456810509,3.400157799550812,0.9381121044459478,S100|0|1,97,textured,0
S100,0.002555811,0.920763219,997.2375,0.07246,0.000943923,100.0,6.0,2486.2152751934177,29.821187383925228,0.0124,0.231751556,1.936713222,0.966284987,0.0021964622088323374,1.3071018806261625,0.48999999999999994,3.06,7.818516863330945,3.3952191269182825,0.9383695901193492,S100|0|1,98,textured,0
S100,0.002556508,0.927075956,997.2375,0.07246,0.000943923,100.0,6.0,2503.943393834123,30.239740710936626,0.0126,0.22770385,1.941062316,0.966284987,0.0021961627694170667,1.3216859105573338,0.48999999999999994,3.06,7.825622125668186,3.4091569769007832,0.9386422648113308,S100|0|1,99,textured,0
S200,0.002551432,0.920790629,997.2375,0.07246,0.000943923,200.0,6.0,2482.029401855784,29.771865703492146,0.0128,0.226765614,1.935150704,0.966284987,0.0021983462850287882,1.305819899490167,0.7224999999999999,1.6650000000000005,7.816831811728146,3.393563843654901,0.9366547701771313,S200|0|1,100,textured,0
S200,0.002558636,0.928244475,997.2375,0.07246,0.000943923,200.0,6.0,2509.1863248172717,30.34125382156215,0.0128,0.225377116,1.934574776,0.966284987,0.0021952493126976592,1.3250136698917807,0.7224999999999999,1.6650000000000005,7.827713806190708,3.412508298760707,0.9394743039964509,S200|0|1,101,textured,0
S200,0.00255643,0.925163578,997.2375,0.07246,0.000943923,200.0,6.0,2498.7020053137553,30.114193115704676,0.0124,0.229177708,1.931366726,1.059796438,0.00219619627305092,1.317302284446933,0.7224999999999999,1.6650000000000005,7.823526678151907,3.404996592701724,0.9386117539778313,S200|0|1,102,textured,0
S200,0.002551587,0.922715412,997.2375,0.07246,0.000943923,200.0,6.0,2487.368833382948,29.898279786986727,0.0124,0.231300714,1.93014659,1.090966921,0.002198279513084684,1.310237805423734,0.7224999999999999,1.6650000000000005,7.818980737344145,3.397800946533798,0.9367155185302327,S200|0|1,103,textured,0
S200,0.002552556,0.922260461,997.2375,0.07246,0.000943923,200.0,6.0,2487.086566084688,29.880147048214578,0.0132,0.219626229,1.934298104,0.935114504,0.0021978622186068068,1.3095026141929906,0.7224999999999999,1.6650000000000005,7.818867250630165,3.397194281544829,0.9370952100912415,S200|0|1,104,textured,0
S400,0.002559719,0.885184976,997.2375,0.07246,0.000943923,400.0,6.0,2393.8027366293377,27.60327626252774,0.0124,0.251597003,1.928885505,0.935114504,0.002194784865910688,1.2283589325671749,0.8556250000000001,0.8662499999999995,7.780638483654148,3.3179344708422525,0.939897486841784,S400|0|1,105,textured,0
S400,0.002514194,0.894409312,997.2375,0.07246,0.000943923,400.0,6.0,2375.730267031395,27.680356650753538,0.0126,0.26265697,1.934057083,0.997455471,0.0022145664188635756,1.2355286750236991,0.8556250000000001,0.8662499999999995,7.773060150061515,3.3207230154480194,0.9219522750507535,S400|0|1,106,textured,0
S400,0.002565126,0.89032724,997.2375,0.07246,0.000943923,400.0,6.0,2412.794846661542,27.983903618581238,0.0126,0.249497372,1.924819553,0.997455471,0.002192470464580167,1.2413668331151662,0.8556250000000001,0.8662499999999995,7.788541041978109,3.3316294741086954,0.9420076002232649,S400|0|1,107,textured,0
S400,0.002558791,0.885633528,997.2375,0.07246,0.000943923,400.0,6.0,2394.1474657666363,27.62124087436819,0.0124,0.25126285,1.919839737,0.935114504,0.0021951828225473236,1.229087569535047,0.8556250000000001,0.8662499999999995,7.780782482285429,3.3185850736326614,0.9395348813139378,S400|0|1,108,textured,0
S400,0.002559332,0.897848798,997.2375,0.07246,0.000943923,400.0,6.0,2427.6823745461857,28.394440109632278,0.0128,0.240334193,1.9194336,1.028625954,0.002194950797809422,1.2564828449423489,0.8556250000000001,0.8662499999999995,7.794692325889789,3.3461933552139627,0.9397462869413582,S400|0|1,109,textured,0
S600,0.002571292,0.902760107,997.2375,0.07246,0.000943923,600.0,6.0,2452.368848663872,28.840075228649134,0.0134,0.229138453,1.925053088,0.966284987,0.002189840096816434,1.2710483539808,0.9025,0.5850000000000002,7.80480971341994,3.361765920896326,0.9444084963192954,S600|0|1,110,textured,0
S600,0.002575637,0.910148545,997.2375,0.07246,0.000943923,600.0,6.0,2476.6176707293066,29.363612562985402,0.013,0.234071376,1.926645985,0.997455471,0.0021879922293942893,1.2890385282518786,0.9025,0.5850000000000002,7.814649065831578,3.379756239875473,0.9460968821634255,S600|0|1,111,textured,0
S600,0.002575483,0.905743397,997.2375,0.07246,0.000943923,600.0,6.0,2464.483399353613,29.078320061953526,0.0132,0.231306146,1.921919857,0.997455471,0.002188057643486814,1.2790247652357007,0.9025,0.5850000000000002,7.8097374902142915,3.369992881462672,0.9460370893416523,S600|0|1,112,textured,0
S600,0.002562115,0.899247164,997.2375,0.07246,0.000943923,600.0,6.0,2434.107355820218,28.513927717432395,0.0126,0.242410287,1.927081693,0.935114504,0.0021937583829946426,1.260437027458354,0.9025,0.5850000000000002,7.797335379320985,3.3503926597433695,0.9408330892743417,S600|0|1,113,textured,0
S600,0.002565087,0.889042278,997.2375,0.07246,0.000943923,600.0,6.0,2409.275957034108,27.90276230737415,0.013,0.242284912,1.924848505,1.028625954,0.002192487131855606,1.2384902183408246,0.9025,0.5850000000000002,7.787081548579806,3.328725691359173,0.9419923961761811,S600|0|1,114,textured,0
S800,0.002586144,0.905768932,997.2375,0.07246,0.000943923,800.0,6.0,2474.7546927267176,29.200333755837715,0.0146,0.215298355,1.92363974,1.028625954,0.002183543012315602,1.2822566286082164,0.9264062500000001,0.4415624999999994,7.8138965560408575,3.3741801392033564,0.9501679632541005,S800|0|1,115,textured,0
S800,0.002588668,0.907070124,997.2375,0.07246,0.000943923,800.0,6.0,2480.728584960806,29.3128707176749,0.0152,0.205882608,1.912130921,1.028625954,0.00218247825495495,1.2859576080783777,0.9264062500000001,0.4415624999999994,7.816307580271272,3.3780266932113823,0.9511434577069042,S800|0|1,116,textured,0
S800,0.002588133,0.900927966,997.2375,0.07246,0.000943923,800.0,6.0,2463.4212950225383,28.91125859720635,0.0162,0.162364227,1.917343839,1.059796438,0.00218270381630204,1.2718957663651174,0.9264062500000001,0.4415624999999994,7.809306433035474,3.3642310900929595,0.9509367663537288,S800|0|1,117,textured,0
S800,0.002584881,0.902492214,997.2375,0.07246,0.000943923,800.0,6.0,2464.5977690909435,28.97528748299287,0.0142,0.207836637,1.910109237,0.935114504,0.0021840763981914916,1.2744691671252641,0.9264062500000001,0.4415624999999994,7.809783896322628,3.366443310936487,0.9496794720845101,S800|0|1,118,textured,0
S800,0.002589662,0.909153017,997.2375,0.07246,0.000943923,800.0,6.0,2487.379789470801,29.45895413331877,0.0164,0.129456309,1.916211727,1.028625954,0.0021820593602119107,1.2909828820796507,0.9264062500000001,0.4415624999999994,7.8189851420241325,3.3829979091591804,0.9515273652648266,S800|0|1,119,textured,0
D50,0.002445189,1.226051341,997.2375,0.07246,0.000943923,50.0,25.0,3167.255674894626,50.58596257139845,0.0112,0.123554112,2.401662904,1.496183206,0.002245597345316295,2.0125967598410486,0.010000000000000002,24.75,8.060620774222487,3.9236741182679213,0.8941224205527938,D50|0|2,120,textured,0
D50,0.002466664,1.226827757,997.2375,0.07246,0.000943923,50.0,25.0,3197.0955921434143,51.094888267113696,0.0112,0.162246402,2.408329379,1.576576577,0.002235800789429248,2.025233978087901,0.010000000000000002,24.75,8.069998049189437,3.933684458294264,0.9028666304603489,D50|0|2,121,textured,0
D50,0.002470398,1.222857374,997.2375,0.07246,0.000943923,50.0,25.0,3191.572884736809,50.841553488003484,0.011,0.119821036,2.409795375,1.45045045,0.0022341104469802775,2.0165867321447406,0.010000000000000002,24.75,8.068269141576758,3.928714002266758,0.9043792712625,D50|0|2,122,textured,0
D50,0.002467116,1.234302348,997.2375,0.07246,0.000943923,50.0,25.0,3217.163685547555,51.72886526249051,0.011,0.115932685,2.433450011,1.45045045,0.00223559596966232,2.045237224677099,0.010000000000000002,24.75,8.076255407370645,3.9460159480023687,0.9030498571146647,D50|0|2,123,textured,0
D50,0.002465802,1.225709165,997.2375,0.07246,0.000943923,50.0,25.0,3193.0643195685893,50.98393350160328,0.0112,0.135965904,2.434746684,1.671171171,0.0022361915531394013,2.021856237952252,0.010000000000000002,24.75,8.068736336441926,3.931510553711819,0.9025171095477769,D50|0|2,124,textured,0
D100,0.002476907,1.2185812,997.2375,0.07246,0.000943923,100.0,25.0,3188.7921118646727,50.61962452170571,0.0116,0.153247906,2.383093911,1.671171171,0.0022311730353224333,2.008484278291539,0.30250000000000005,17.4375,8.06739747575523,3.9243393375016704,0.9070106043845316,D100|0|2,125,textured,0
D100,0.002472037,1.225592516,997.2375,0.07246,0.000943923,100.0,25.0,3200.833619343637,51.103122707000075,0.0122,0.164179795,2.377584742,1.63963964,0.002233369698729656,2.024613829124686,0.30250000000000005,17.4375,8.071166560906896,3.9338456050685644,0.9050425071209708,D100|0|2,126,textured,0
D100,0.002472815,1.227806027,997.2375,0.07246,0.000943923,100.0,25.0,3207.6237487058715,51.30402279423832,0.0122,0.149676225,2.412540012,1.63963964,0.0022330183383740404,2.03085095612467,0.30250000000000005,17.4375,8.07328567679182,3.937769166143951,0.9053571778154303,D100|0|2,127,textured,0
D100,0.002470603,1.226578234,997.2375,0.07246,0.000943923,100.0,25.0,3201.549721935997,51.15566604097424,0.0112,0.129027024,2.430015758,1.608108108,0.002234017756624403,2.026514161942445,0.30250000000000005,17.4375,8.071390259663179,3.93487325930233,0.9044622503997711,D100|0|2,128,textured,0
D100,0.00247048,1.221130191,997.2375,0.07246,0.000943923,100.0,25.0,3187.1708453189854,50.69971891373064,0.0108,0.123768896,2.430136719,1.576576577,0.002234073369453472,2.0120715203624164,0.30250000000000005,17.4375,8.066888919920913,3.9259203664738918,0.9044124637436776,D100|0|2,129,textured,0
D200,0.002477684,1.215485758,997.2375,0.07246,0.000943923,200.0,25.0,3181.6897125226515,50.37858173020204,0.0118,0.148534697,2.428161204,1.608108108,0.002230823160724748,2.0007038482331096,0.6006250000000001,9.984374999999998,8.065167690793736,3.9195661190832274,0.9073242528799854,D200|0|2,130,textured,0
D200,0.002481156,1.217584314,997.2375,0.07246,0.000943923,200.0,25.0,3191.649178754138,50.62353071132664,0.0116,0.154240629,2.404430077,1.513513514,0.002229261765644224,2.007919845734189,0.6006250000000001,9.984374999999998,8.068293046124202,3.9244165020193877,0.9087245806047592,D200|0|2,131,textured,0
D200,0.002480544,1.218277176,997.2375,0.07246,0.000943923,200.0,25.0,3192.677677632633,50.66866040652532,0.012,0.15660255,2.384685146,1.608108108,0.0022295367504984328,2.009450868731683,0.6006250000000001,9.984374999999998,8.068615241058932,3.92530758153276,0.9084778909608455,D200|0|2,132,textured,0
D200,0.002480911,1.20967237,997.2375,0.07246,0.000943923,200.0,25.0,3170.5965204951576,49.962824101061955,0.0122,0.148747427,2.384331984,1.671171171,0.002229371837236705,1.986966692080678,0.6006250000000001,9.984374999999998,8.061675025980643,3.911279210902806,0.9086258314342226,D200|0|2,133,textured,0
D200,0.00248238,1.216542689,997.2375,0.07246,0.000943923,200.0,25.0,3190.4919234868057,50.56188323814279,0.0114,0.147645663,2.388001759,1.63963964,0.0022287121010406254,2.005765613483249,0.6006250000000001,9.984374999999998,8.067930391879655,3.9231979967347774,0.909217777400274,D200|0|2,134,textured,0
D400,0.002496177,1.217609679,997.2375,0.07246,0.000943923,400.0,25.0,3211.038419524759,50.93212922431149,0.0116,0.143024166,2.4082186,1.547036082,0.0022225442393846817,2.0152718174633173,0.78765625,5.308593750000002,8.07434965898983,3.9304939469009237,0.914760361454479,D400|0|2,135,textured,0
D400,0.002492147,1.217906923,997.2375,0.07246,0.000943923,400.0,25.0,3206.636914147587,50.87473096841982,0.0116,0.136914975,2.417180474,1.578608247,0.002224340528934086,2.0141054773837213,0.78765625,5.308593750000002,8.072977976616245,3.929366355658749,0.9131445879494829,D400|0|2,136,textured,0
D400,0.002495119,1.216687466,997.2375,0.07246,0.000943923,400.0,25.0,3207.2464292015547,50.83345203403371,0.0116,0.140562482,2.394055265,1.578608247,0.002223015399795834,2.0123182735206653,0.78765625,5.308593750000002,8.073168037776753,3.9285546424723754,0.9143364234568745,D400|0|2,137,textured,0
D400,0.002494468,1.217682628,997.2375,0.07246,0.000943923,400.0,25.0,3209.032238711052,50.90335755654019,0.0116,0.143668599,2.419993966,1.578608247,0.0022233054593630516,2.014636959539362,0.78765625,5.308593750000002,8.07372468740126,3.9299288851636773,0.914075480014584,D400|0|2,138,textured,0
D400,0.002494794,1.212154488,997.2375,0.07246,0.000943923,400.0,25.0,3194.8810808650724,50.448808101370716,0.0116,0.144088289,2.429802299,1.736469072,0.0022231601926077592,2.000179772725346,0.78765625,5.308593750000002,8.06930514573242,3.92095912117605,0.9142061606645334,D400|0|2,139,textured,0
D600,0.002493817,1.219163361,997.2375,0.07246,0.000943923,600.0,25.0,3212.0959998247067,51.0139154202285,0.0134,0.117533391,2.420626025,1.515463918,0.002223595632501027,2.018242053351843,0.8556250000000001,3.6093749999999982,8.074678962485743,3.9320984468841877,0.9138144684630404,D600|0|2,140,textured,0
D600,0.002494387,1.218793505,997.2375,0.07246,0.000943923,600.0,25.0,3211.8555013681967,50.99462100185377,0.012,0.130101674,2.394758376,1.578608247,0.0022233415576670117,2.0175391412404373,0.8556250000000001,3.6093749999999982,8.074604086933965,3.9317201566100293,0.914043007633644,D600|0|2,141,textured,0
D600,0.002495038,1.207283379,997.2375,0.07246,0.000943923,600.0,25.0,3182.353492185573,50.049054710230216,0.012,0.115814671,2.384010172,1.578608247,0.0022230514839729058,1.9874513735426178,0.8556250000000001,3.6093749999999982,8.065376293923531,3.9130036186743826,0.9143039595484216,D600|0|2,142,textured,0
D600,0.002490639,1.217545553,997.2375,0.07246,0.000943923,600.0,25.0,3203.7456975217187,50.81377888853838,0.0132,0.115037189,2.418643886,1.515463918,0.0022250138095542132,2.012418397935367,0.8556250000000001,3.6093749999999982,8.072075934726687,3.928167555769424,0.912539304059691,D600|0|2,143,textured,0
D600,0.00248962,1.206684833,997.2375,0.07246,0.000943923,600.0,25.0,3173.868661099971,49.89086616493222,0.0146,0.106472261,2.39934375,1.736469072,0.0022254691113913175,1.9832865353126063,0.8556250000000001,3.6093749999999982,8.062706520614558,3.909837943216168,0.9121300883886908,D600|0|2,144,textured,0
D800,0.002522204,1.184912046,997.2375,0.07246,0.000943923,800.0,25.0,3157.3909338631615,48.736317496979176,0.017,0.069814199,2.360297782,1.513513514,0.0022110471192711735,1.9414283530820897,0.8906640625,2.733398437500001,8.057501311700321,3.8864244913209465,0.9251331224554362,D800|0|2,145,textured,0
D800,0.002522044,1.184631894,997.2375,0.07246,0.000943923,800.0,25.0,3156.444176546216,48.71018429571801,0.0154,0.099156711,2.375450943,1.797297297,0.0022111172532435493,1.9406201100885525,0.8906640625,2.733398437500001,8.057201412413283,3.885888131340713,0.9250696838615947,D800|0|2,146,textured,0
D800,0.0025212,1.195526718,997.2375,0.07246,0.000943923,800.0,25.0,3184.4073499672877,49.59365798629425,0.0128,0.132198894,2.371242957,1.481981982,0.0022114873204350564,1.9688593644478694,0.8906640625,2.733398437500001,8.066021475328606,3.903862962376137,0.924734978656818,D800|0|2,147,textured,0
D800,0.00251895,1.18732808,997.2375,0.07246,0.000943923,800.0,25.0,3159.7470627165476,48.87213326765729,0.0142,0.106516721,2.383375605,1.545045045,0.002212474782636362,1.9462578124106444,0.8906640625,2.733398437500001,8.05824725993318,3.8892073622151115,0.9238421480269895,D800|0|2,148,textured,0
D800,0.002522405,1.194061463,997.2375,0.07246,0.000943923,800.0,25.0,3182.0246064386256,49.49581213419713,0.0134,0.133671111,2.365110163,1.63963964,0.0022109590229256555,1.9655633294597428,0.8906640625,2.733398437500001,8.065272941878085,3.9018880626460266,0.9252128114858867,D800|0|2,149,textured,0
S50,0.002499739,1.203928618,997.2375,0.07246,0.000943923,50.0,6.0,3179.48980548225,49.865067758991394,0.0116,0.139039519,2.38150949,1.608108108,0.002220960169044596,1.9808584333595387,0.16000000000000003,5.04,8.064476024374992,3.9093207127016276,0.9161863264240957,S50|0|2,150,textured,0
S50,0.002502371,1.209555796,997.2375,0.07246,0.000943923,50.0,6.0,3197.7141457743933,50.38529245510433,0.012,0.131660499,2.394125437,1.45045045,0.002219791856058769,1.99695339067376,0.16000000000000003,5.04,8.070191504087473,3.919699316123664,0.9172386824270231,S50|0|2,151,textured,0
S50,0.002505445,1.213027695,997.2375,0.07246,0.000943923,50.0,6.0,3210.832297386053,50.73720953483765,0.0118,0.137288763,2.396222224,1.797297297,0.002218429675991181,2.007610825835696,0.16000000000000003,5.04,8.0742854651909,3.9266595572870897,0.9184663634704537,S50|0|2,152,textured,0
S50,0.002504313,1.209028019,997.2375,0.07246,0.000943923,50.0,6.0,3198.7994046431,50.38039995344761,0.0118,0.135195845,2.392269046,1.418918919,0.0022189310068296236,1.9964884785727985,0.16000000000000003,5.04,8.070530832338891,3.919602209627522,0.9180144454260032,S50|0|2,153,textured,0
S50,0.002506698,1.210863563,997.2375,0.07246,0.000943923,50.0,6.0,3206.706839733807,50.58161685154338,0.0118,0.139032832,2.369866879,1.734234234,0.0022178751537001717,2.002483767469466,0.16000000000000003,5.04,8.072999782896684,3.923588206953595,0.9189663492155145,S50|0|2,154,textured,0
S100,0.002507223,1.212434685,997.2375,0.07246,0.000943923,100.0,6.0,3211.5400925981467,50.723584786695476,0.012,0.136401571,2.374401007,1.734234234,0.002217642935541645,2.006894762726623,0.48999999999999994,3.06,8.074505880692207,3.926390985602526,0.9191757661576315,S100|0|2,155,textured,0
S100,0.002509443,1.213393158,997.2375,0.07246,0.000943923,100.0,6.0,3216.9248097257787,50.84879792328793,0.012,0.14705735,2.370325356,1.483891753,0.0022166617901979964,2.010501153083756,0.48999999999999994,3.06,8.076181154173145,3.9288564825551267,0.9200608161669059,S100|0|2,156,textured,0
S100,0.00251545,1.219360883,997.2375,0.07246,0.000943923,100.0,6.0,3240.484741826975,51.473118212149096,0.0118,0.141541285,2.391706078,1.63963964,0.002214013467558865,2.029254351857139,0.48999999999999994,3.06,8.083478209270657,3.941059694929428,0.9224517139876278,S100|0|2,157,textured,0
S100,0.002513073,1.220822109,997.2375,0.07246,0.000943923,100.0,6.0,3241.302191251456,51.54780147400244,0.0122,0.139896846,2.424080577,1.513513514,0.002215060286764239,2.0319936110963015,0.48999999999999994,3.06,8.08373043892191,3.942509561134536,0.9215063070850263,S100|0|2,158,textured,0
S100,0.002505515,1.208092764,997.2375,0.07246,0.000943923,100.0,6.0,3197.859089589201,50.326629418185824,0.012,0.14392079,2.379081599,1.610180412,0.0022183986861224374,1.9945921966832907,0.48999999999999994,3.06,8.070236830380988,3.918534348909021,0.9184943022286975,S100|0|2,159,textured,0
S200,0.002531702,1.199068621,997.2375,0.07246,0.000943923,200.0,6.0,3207.1454426858218,50.09575566005818,0.0124,0.132337984,2.41122508,1.797297297,0.0022068957106330138,1.9831404360381488,0.7224999999999999,1.6650000000000005,8.073136550297423,3.9139362871379926,0.9288918038325967,S200|0|2,160,textured,0
S200,0.002534101,1.200691837,997.2375,0.07246,0.000943923,200.0,6.0,3214.5302072790196,50.27907832976113,0.012,0.133696803,2.384056674,1.481981982,0.0022058508437503596,1.9885673453584134,0.7224999999999999,1.6650000000000005,8.075436500731248,3.9175890528014734,0.9298389390367642,S200|0|2,161,textured,0
S200,0.002538095,1.204815638,997.2375,0.07246,0.000943923,200.0,6.0,3230.654404034301,50.704830686140646,0.0126,0.164545129,2.375336473,1.63963964,0.0022041145736409885,2.0013964998827976,0.7224999999999999,1.6650000000000005,8.08043999756392,3.9260211858638407,0.9314137996397411,S200|0|2,162,textured,0
S200,0.002539571,1.202126811,997.2375,0.07246,0.000943923,200.0,6.0,3225.319002601385,50.50811927065148,0.0124,0.145090918,2.354090276,1.63963964,0.0022034739642724926,1.9949505140471706,0.7224999999999999,1.6650000000000005,8.078787139873366,3.922134100994638,0.9319951691278378,S200|0|2,163,textured,0
S200,0.002539291,1.200557613,997.2375,0.07246,0.000943923,200.0,6.0,3220.7536848540744,50.37078940227423,0.013,0.141050557,2.349382093,1.576576577,0.0022035954461552317,1.9906538682946107,0.7224999999999999,1.6650000000000005,8.077370674769117,3.919411431706904,0.9318849082070709,S200|0|2,164,textured,0
S400,0.002527183,1.194349497,997.2375,0.07246,0.000943923,400.0,6.0,3188.8211022845385,49.613495371691336,0.0124,0.137916329,2.333697666,1.641752577,0.0022088679673695896,1.968555950688823,0.8556250000000001,0.8662499999999995,8.067406567062243,3.904262880829394,0.9271052436708309,S400|0|2,165,textured,0
S400,0.002523363,1.188218168,997.2375,0.07246,0.000943923,400.0,6.0,3167.6555623647882,49.03118384903697,0.0122,0.142659516,2.347239773,1.641752577,0.00221053928549246,1.9506403271377033,0.8556250000000001,0.8662499999999995,8.06074702302242,3.8924565007731755,0.9255925356474062,S400|0|2,166,textured,0
S400,0.002528468,1.194056742,997.2375,0.07246,0.000943923,400.0,6.0,3189.6604955399594,49.61439083303872,0.012,0.141162669,2.35748471,1.736469072,0.0022083066084643155,1.9683842419353004,0.8556250000000001,0.8662499999999995,8.067669762384638,3.904280929411938,0.9276135857330782,S400|0|2,167,textured,0
S400,0.002525937,1.188789021,997.2375,0.07246,0.000943923,400.0,6.0,3172.410166172274,49.12837022476973,0.0124,0.152817248,2.334848634,1.641752577,0.0022094126979313664,1.9533345148871646,0.8556250000000001,0.8662499999999995,8.062246882772266,3.894436672920575,0.9266120829996998,S400|0|2,168,textured,0
S400,0.002526901,1.193467463,997.2375,0.07246,0.000943923,400.0,6.0,3186.1105722605075,49.53471469282734,0.0122,0.134255705,2.323961879,1.673324742,0.002208991217823203,1.9660987561546281,0.8556250000000001,0.8662499999999995,8.066556195536474,3.9026737306996617,0.9269936507490303,S400|0|2,169,textured,0
S600,0.002528147,1.196752252,997.2375,0.07246,0.000943923,600.0,6.0,3196.455103460607,49.83231933694946,0.0126,0.133952523,2.352788986,1.610180412,0.0022084467988728383,1.975348183723747,0.9025,0.5850000000000002,8.069797694577282,3.9086637562020905,0.9274866233282162,S600|0|2,170,textured,0
S600,0.002530876,1.197633109,997.2375,0.07246,0.000943923,600.0,6.0,3202.2607634926817,49.95957399869293,0.013,0.14198646,2.360231398,1.673324742,0.002207255812658355,1.9789555928850604,0.9025,0.5850000000000002,8.071612327933696,3.9112141583734035,0.9285654878697299,S600|0|2,171,textured,0
S600,0.002528107,1.196232843,997.2375,0.07246,0.000943923,600.0,6.0,3195.0172405422372,49.78828497212311,0.0126,0.139165883,2.337840207,1.673324742,0.00220846426995348,1.973957892389641,0.9025,0.5850000000000002,8.069347762897934,3.9077797148333477,0.9274708013382603,S600|0|2,172,textured,0
S600,0.002533843,1.197086011,997.2375,0.07246,0.000943923,600.0,6.0,3204.5502832269017,49.972454933829404,0.0126,0.14114553,2.352483628,1.704896907,0.002205963142545414,1.9789000012362767,0.9025,0.5850000000000002,8.072327042263488,3.9114719523028456,0.9297371225998726,S600|0|2,173,textured,0
S600,0.002532801,1.196568731,997.2375,0.07246,0.000943923,600.0,6.0,3201.848298270965,49.90874390284744,0.0126,0.149694546,2.358437625,1.610180412,0.002206416864971585,1.9770440196412644,0.9025,0.5850000000000002,8.071483515254739,3.910196215920727,0.9293258049644948,S600|0|2,174,textured,0
S800,0.002558205,1.181801389,997.2375,0.07246,0.000943923,800.0,6.0,3194.0511917894914,49.172762474549714,0.0138,0.12919874,2.327082283,1.608108108,0.002195434229974769,1.9497900878149201,0.9264062500000001,0.4415624999999994,8.069045356132271,3.8953398619597803,0.939305840680503,S800|0|2,175,textured,0
S800,0.002558957,1.184507665,997.2375,0.07246,0.000943923,800.0,6.0,3202.3064970401756,49.41274840251364,0.0162,0.090679697,2.375686483,1.797297297,0.0021951116204406815,1.9572840273473608,0.9264062500000001,0.4415624999999994,8.071626609475487,3.900208455729088,0.9395997535976293,S800|0|2,176,textured,0
S800,0.002557769,1.183337593,997.2375,0.07246,0.000943923,800.0,6.0,3197.658009736616,49.29228086216228,0.0132,0.13454032,2.357065093,1.671171171,0.0021956213400179387,1.953647062905396,0.9264062500000001,0.4415624999999994,8.070173948881486,3.8977674939855196,0.9391353941531924,S800|0|2,177,textured,0
S800,0.002555789,1.18447426,997.2375,0.07246,0.000943923,800.0,6.0,3198.2518292066543,49.34879165649725,0.0126,0.137866234,2.344086808,1.45045045,0.002196471662285773,1.9557415401568123,0.9264062500000001,0.4415624999999994,8.070359636136839,3.898913280402363,0.9383609822470588,S800|0|2,178,textured,0
S800,0.002552379,1.186051823,997.2375,0.07246,0.000943923,800.0,6.0,3198.2386035815584,49.41431337556751,0.0128,0.133460057,2.371926086,1.545045045,0.002197938424935991,1.9583414701549338,0.9264062500000001,0.4415624999999994,8.070355500861337,3.9002401266707483,0.9370258654276676,S800|0|2,179,textured,0
D50,0.002451142,1.464794241,997.2375,0.07246,0.000943923,50.0,25.0,3793.2121093082824,72.38056866223897,0.0108,0.113308072,2.712659774,2.201898734,0.0022428687870590727,2.6792863993696754,0.010000000000000002,24.75,8.240968461377218,4.281937874725885,0.8965540384042928,D50|0|3,180,textured,0
D50,0.002449103,1.465253718,997.2375,0.07246,0.000943923,50.0,25.0,3791.2455645625555,72.36573641845504,0.011,0.114205692,2.725048716,2.108860759,0.0022438022426950308,2.6792930645659365,0.010000000000000002,24.75,8.240449889087845,4.281732933482963,0.8957218350684685,D50|0|3,181,textured,0
D50,0.00245246,1.463588008,997.2375,0.07246,0.000943923,50.0,25.0,3792.126426980622,72.30026500237953,0.0108,0.094543549,2.731434141,2.046835443,0.0022422660252740196,2.6766202908121275,0.010000000000000002,24.75,8.240682203267609,4.280827794474455,0.8970916024365039,D50|0|3,182,textured,0
D50,0.0024459,1.447388333,997.2375,0.07246,0.000943923,50.0,25.0,3740.1222472654235,70.51948041825635,0.011,0.121726938,2.738759908,1.860759494,0.00224527093463721,2.6251539950800953,0.010000000000000002,24.75,8.226873576308993,4.2558889896388905,0.8944131533548377,D50|0|3,183,textured,0
D50,0.002437756,1.42523545,997.2375,0.07246,0.000943923,50.0,25.0,3670.615405287604,68.14966694686035,0.0108,0.120871063,2.737732498,2.046835443,0.0022490182826108976,2.5560431702156854,0.010000000000000002,24.75,8.208114612355466,4.22170627107059,0.8910779440160844,D50|0|3,184,textured,0
D100,0.002453099,1.46657021,997.2375,0.07246,0.000943923,100.0,25.0,3800.8433206829345,72.61411775384171,0.0108,0.129270439,2.675096745,2.108860759,0.0022419739658607607,2.685771606262358,0.30250000000000005,17.4375,8.242978247587944,4.285159362345276,0.8973521232063546,D100|0|3,185,textured,0
D100,0.002448783,1.455290625,997.2375,0.07246,0.000943923,100.0,25.0,3764.974734518127,71.3756434581327,0.01,0.089834001,2.867247482,1.860759494,0.0022439488447545232,2.6499959488839586,0.30250000000000005,17.4375,8.233496429592122,4.267956683110777,0.8955911664492092,D100|0|3,186,textured,0
D100,0.002456292,1.457314685,997.2375,0.07246,0.000943923,100.0,25.0,3781.7722248126274,71.79380113920482,0.011,0.126051084,2.696871146,2.232911392,0.0022405162908758877,2.6607789777628192,0.30250000000000005,17.4375,8.237948021284332,4.27379813721852,0.8986528957258852,D100|0|3,187,textured,0
D100,0.002455494,1.458380743,997.2375,0.07246,0.000943923,100.0,25.0,3783.309154333639,71.87551856923042,0.011,0.120449133,2.647227765,2.015822785,0.0022408803289799746,2.66337463007308,0.30250000000000005,17.4375,8.238354343295988,4.274935713967737,0.8983279629999801,D100|0|3,188,textured,0
D100,0.00244574,1.45672258,997.2375,0.07246,0.000943923,100.0,25.0,3763.9961579206565,71.4273046761777,0.0106,0.124070263,2.657785564,1.829746835,0.0022453443761057054,2.652189758364701,0.30250000000000005,17.4375,8.233236479961034,4.268680214676108,0.8943477356217026,D100|0|3,189,textured,0
D200,0.002473541,1.420561628,997.2375,0.07246,0.000943923,200.0,25.0,3712.28427449558,68.69728028830173,0.011,0.10873018,2.748276141,1.984810127,0.002232690611789532,2.5649745095941188,0.6006250000000001,9.984374999999998,8.219402673542648,4.2297096102103415,0.9056507272506967,D200|0|3,190,textured,0
D200,0.002473937,1.426534009,997.2375,0.07246,0.000943923,200.0,25.0,3728.488420347195,69.28722488407031,0.01,0.093868787,2.682650303,2.170886076,0.002232511912641956,2.582498320283495,0.6006250000000001,9.984374999999998,8.223758181265522,4.238260544095,0.9058108088117852,D200|0|3,191,textured,0
D200,0.002483818,1.427822774,997.2375,0.07246,0.000943923,200.0,25.0,3746.762006517905,69.68970901211203,0.0104,0.080043547,2.701945369,1.92278481,0.002228066854085932,2.5924250426919935,0.6006250000000001,9.984374999999998,8.228647281035325,4.244052659980554,0.9097968924658387,D200|0|3,192,textured,0
D200,0.002480818,1.41978587,997.2375,0.07246,0.000943923,200.0,25.0,3721.172363763426,68.82415298823571,0.0108,0.118133217,2.740214864,2.015822785,0.0022294136237840864,2.567254717183536,0.6006250000000001,9.984374999999998,8.221794049166682,4.231554744207366,0.9085883445017396,D200|0|3,193,textured,0
D200,0.002476708,1.430573646,997.2375,0.07246,0.000943923,200.0,25.0,3743.234716645261,69.75824067166829,0.0106,0.10464102,2.744762506,2.325949367,0.0022312626693276583,2.59595222124591,0.6006250000000001,9.984374999999998,8.22770541409899,4.245035559553176,0.9069302590205471,D200|0|3,194,textured,0
D400,0.002465925,1.456511626,997.2375,0.07246,0.000943923,400.0,25.0,3794.5113134783887,71.99594662047997,0.0104,0.059940323,2.766825409,2.294936709,0.002236135781980302,2.664683946334839,0.78765625,5.308593750000002,8.241310910386074,4.276609820493545,0.9025669906543448,D400|0|3,195,textured,0
D400,0.002454217,1.431657717,997.2375,0.07246,0.000943923,400.0,25.0,3712.0531979979623,69.22956915327354,0.011,0.055910393,2.901334736,2.232911392,0.002241463250545813,2.584913127972691,0.78765625,5.308593750000002,8.219340425160608,4.237428071259815,0.8978077694371426,D400|0|3,196,textured,0
D400,0.0024386,1.397806986,997.2375,0.07246,0.000943923,400.0,25.0,3601.2212903901964,65.57454025303552,0.011,0.122183481,2.782567861,2.015822785,0.002248629056067319,2.4783082967843413,0.78765625,5.308593750000002,8.189028314243448,4.183187514718608,0.8914241041440274,D400|0|3,197,textured,0
D400,0.002444178,1.403440027,997.2375,0.07246,0.000943923,400.0,25.0,3624.0044502485543,66.25532974461916,0.0122,0.066152131,2.801594694,2.139873418,0.0022460617272466042,2.4977290837108246,0.78765625,5.308593750000002,8.195334895155646,4.1935159106058695,0.8937088700811647,D400|0|3,198,textured,0
D400,0.002435102,1.395859806,997.2375,0.07246,0.000943923,400.0,25.0,3591.0461968646196,65.29817337909239,0.0104,0.076074229,2.750904643,2.046835443,0.0022502435432045034,2.470658019037479,0.78765625,5.308593750000002,8.18619885876729,4.178964063136047,0.8899886447742718,D400|0|3,199,textured,0
D600,0.002491811,1.418348786,997.2375,0.07246,0.000943923,600.0,25.0,3733.878421792809,68.98925463983271,0.0122,0.065192253,2.782887365,2.294936709,0.002224490490794151,2.5699068602300015,0.8556250000000001,3.6093749999999982,8.225202763794622,4.233950762612609,0.9130097553523748,D600|0|3,200,textured,0
D600,0.002492951,1.416475362,997.2375,0.07246,0.000943923,600.0,25.0,3730.6525214815274,68.83860544404051,0.0126,0.067587579,2.84132757,2.015822785,0.002223981814703439,2.5651817627384457,0.8556250000000001,3.6093749999999982,8.224338436072859,4.231764713207297,0.9134671493141627,D600|0|3,201,textured,0
D600,0.002493187,1.415213825,997.2375,0.07246,0.000943923,600.0,25.0,3727.682793879307,68.72254752212228,0.0116,0.094812,2.766425103,2.294936709,0.002223876553419509,2.5616728808356,0.8556250000000001,3.6093749999999982,8.22354208470661,4.230077348032575,0.9135618117563878,D600|0|3,202,textured,0
D600,0.002487404,1.40746678,997.2375,0.07246,0.000943923,600.0,25.0,3698.677917411888,67.8145534356323,0.0142,0.047175117,2.732959456,1.984810127,0.002226460213290006,2.5357375419334036,0.8556250000000001,3.6093749999999982,8.21573071516004,4.216776824354765,0.9112395963410589,D600|0|3,203,textured,0
D600,0.002491575,1.412576453,997.2375,0.07246,0.000943923,600.0,25.0,3718.3302516705253,68.422377570476,0.0112,0.065462137,2.763235638,2.263924051,0.0022245958392835595,2.5530479829594475,0.8556250000000001,3.6093749999999982,8.221029989422885,4.225699928587271,0.9129150406342388,D600|0|3,204,textured,0
D800,0.002485513,1.412251472,997.2375,0.07246,0.000943923,800.0,25.0,3708.4301897264713,68.22450333150519,0.0118,0.06845129,2.63522,2.077848101,0.0022273070074471236,2.548380889125057,0.8906640625,2.733398437500001,8.218363936603172,4.2228037867072254,0.9104790768748606,D800|0|3,205,textured,0
D800,0.002479396,1.420227978,997.2375,0.07246,0.000943923,800.0,25.0,3720.197469057754,68.82754761118392,0.0132,0.067226876,2.651727808,1.860759494,0.0022300528463509786,2.5676504386726764,0.8906640625,2.733398437500001,8.221532028938377,4.231604066125426,0.9080149821270693,D800|0|3,206,textured,0
D800,0.002480305,1.414091856,997.2375,0.07246,0.000943923,800.0,25.0,3705.4822968927065,68.25910703722252,0.012,0.088402419,2.695769239,2.108860759,0.0022296441660073175,2.5504845993162935,0.8906640625,2.733398437500001,8.21756870385813,4.2233108616060395,0.9083815364859623,D800|0|3,207,textured,0
D800,0.002482042,1.416161515,997.2375,0.07246,0.000943923,800.0,25.0,3713.5044361371156,68.50700380097311,0.0134,0.098433017,2.623911376,1.953797468,0.002228863846870466,2.557533876319866,0.8906640625,2.733398437500001,8.219731301705949,4.226935985311169,0.9090816084764708,D800|0|3,208,textured,0
D800,0.002477143,1.408046459,997.2375,0.07246,0.000943923,800.0,25.0,3684.937241967727,67.59044710296634,0.0126,0.048612417,2.604061726,1.829746835,0.002231066749698564,2.531123179005337,0.8906640625,2.733398437500001,8.212008773804797,4.21346665801813,0.9071058799672076,D800|0|3,209,textured,0
S50,0.002484172,1.412417667,997.2375,0.07246,0.000943923,50.0,6.0,3706.8655694422446,68.20374412803456,0.011,0.10623379,2.731521141,2.108860759,0.0022279080962045346,2.5480355434812236,0.16000000000000003,5.04,8.217941938517523,4.222499462580552,0.9099394048302354,S50|0|3,210,textured,0
S50,0.002488389,1.414808425,997.2375,0.07246,0.000943923,50.0,6.0,3719.4433038718607,68.55100387913258,0.0104,0.099901814,2.632174683,1.891772152,0.00222601951041402,2.557541219327328,0.16000000000000003,5.04,8.221329286571777,4.227578050381511,0.9116355131377855,S50|0|3,211,textured,0
S50,0.002488074,1.427633763,997.2375,0.07246,0.000943923,50.0,6.0,3752.685214558766,69.79064067609936,0.0108,0.118438363,2.697323437,1.860759494,0.002226160417387373,2.5945397616495827,0.16000000000000003,5.04,8.230226919933477,4.245499913042797,0.9115089171998989,S50|0|3,212,textured,0
S50,0.002485355,1.417550481,997.2375,0.07246,0.000943923,50.0,6.0,3722.1082305128352,68.73307432682314,0.011,0.112172585,2.665334753,2.201898734,0.002227377803955941,2.5635994560833804,0.16000000000000003,5.04,8.222045515369652,4.230230514626706,0.9104155064883391,S50|0|3,213,textured,0
S50,0.002485907,1.413765208,997.2375,0.07246,0.000943923,50.0,6.0,3712.9935932690264,68.38167400715817,0.011,0.122186745,2.709654543,1.891772152,0.002227130493656477,2.552995494274294,0.16000000000000003,5.04,8.2195937286892,4.225104864858536,0.9106375828956051,S50|0|3,214,textured,0
S100,0.002495622,1.407925735,997.2375,0.07246,0.000943923,100.0,6.0,3712.107851271183,68.08298236887067,0.0102,0.066095972,2.644428335,2.170886076,0.002222791360839867,2.5420865770853047,0.48999999999999994,3.06,8.219355148244565,4.220727290133928,0.9145379967309447,S100|0|3,215,textured,0
S100,0.002495897,1.41107105,997.2375,0.07246,0.000943923,100.0,6.0,3720.810685702667,68.39505360679104,0.0102,0.080336764,2.67892849,2.139873418,0.0022226689029694806,2.5513477945165204,0.48999999999999994,3.06,8.221696849788872,4.22530050632341,0.9146481836300743,S100|0|3,216,textured,0
S100,0.002498408,1.410071264,997.2375,0.07246,0.000943923,100.0,6.0,3721.9150536994266,68.36687951325804,0.0128,0.05550546,2.651410329,1.92278481,0.0022215516865994717,2.54999409642665,0.48999999999999994,3.06,8.221993614185017,4.224888489714858,0.9156537290309168,S100|0|3,217,textured,0
S100,0.002494366,1.400984184,997.2375,0.07246,0.000943923,100.0,6.0,3691.946877975597,67.3793651426847,0.0114,0.065940655,2.645760415,1.953797468,0.002223350916773582,2.521301239283782,0.48999999999999994,3.06,8.213909207105251,4.210338815890159,0.9140345886960859,S100|0|3,218,textured,0
S100,0.00250526,1.402761677,997.2375,0.07246,0.000943923,100.0,6.0,3712.7758439088784,67.84547089292148,0.011,0.063824894,2.649109535,1.891772152,0.0022185115840393887,2.5330360412364015,0.48999999999999994,3.06,8.219535081740341,4.217232632290485,0.9183925215659376,S100|0|3,219,textured,0
S200,0.002499936,1.409366114,997.2375,0.07246,0.000943923,200.0,6.0,3722.3289399874993,68.34028929496012,0.0106,0.081293361,2.67459967,2.170886076,0.0022208726592497082,2.548888943131359,0.7224999999999999,1.6650000000000005,8.222104810510352,4.2244994798499755,0.9162651315464695,S200|0|3,220,textured,0
S200,0.002515485,1.403000483,997.2375,0.07246,0.000943923,200.0,6.0,3728.5638566953417,68.14557252658297,0.0116,0.114711649,2.653136363,2.325949367,0.002213998064815276,2.5399256883434718,0.7224999999999999,1.6650000000000005,8.223778413482044,4.221646189437593,0.9224656279022384,S200|0|3,221,textured,0
S200,0.002509909,1.403909986,997.2375,0.07246,0.000943923,200.0,6.0,3722.710566034008,68.08270051735276,0.0108,0.072660206,2.703511806,2.170886076,0.002216456003385649,2.5391775231658236,0.7224999999999999,1.6650000000000005,8.222207328716342,4.2207231503020415,0.9202464975063851,S200|0|3,222,textured,0
S200,0.002509051,1.405757643,997.2375,0.07246,0.000943923,200.0,6.0,3726.3356836328226,68.23868788362181,0.0118,0.051651265,2.650051828,2.294936709,0.0022168349428133022,2.5440045126106066,0.7224999999999999,1.6650000000000005,8.223180639329136,4.223011675032881,0.9199045940011338,S200|0|3,223,textured,0
S200,0.002512289,1.404973231,997.2375,0.07246,0.000943923,200.0,6.0,3729.062646655094,68.25052049932553,0.0106,0.078528017,2.691075341,2.139873418,0.0022154058823151365,2.5437012068515554,0.7224999999999999,1.6650000000000005,8.223912179891578,4.223185060399732,0.9211942897591656,S200|0|3,224,textured,0
S400,0.002511899,1.401038028,997.2375,0.07246,0.000943923,400.0,6.0,3718.040612540209,67.85819312372784,0.011,0.061053349,2.800140568,2.201898734,0.0022155778587282012,2.53207543348743,0.8556250000000001,0.8662499999999995,8.22095209144395,4.217420132472382,0.9210390407912595,S400|0|3,225,textured,0
S400,0.002511782,1.396505443,997.2375,0.07246,0.000943923,400.0,6.0,3705.8395290386634,67.41669854758403,0.0104,0.078326269,2.686679766,2.325949367,0.0022156294594624336,2.518911082269522,0.8556250000000001,0.8662499999999995,8.217665105594453,4.210892740164086,0.9209924614005613,S400|0|3,226,textured,0
S400,0.002521514,1.398559206,997.2375,0.07246,0.000943923,400.0,6.0,3725.6690413056226,67.87711390016233,0.011,0.068651226,2.64679232,2.077848101,0.0022113496197047992,2.5307057908496806,0.8556250000000001,0.8662499999999995,8.223001723090196,4.217698921786259,0.9248595147698736,S400|0|3,227,textured,0
S400,0.002515874,1.401229334,997.2375,0.07246,0.000943923,400.0,6.0,3724.43277974614,67.98413865763514,0.0106,0.060130843,2.721755729,1.860759494,0.0022138268959608653,2.5350325692806486,0.8556250000000001,0.8662499999999995,8.222669845325159,4.219274422933143,0.9226202580929186,S400|0|3,228,textured,0
S400,0.002513342,1.400485295,997.2375,0.07246,0.000943923,400.0,6.0,3718.7088275904334,67.84361275197226,0.0112,0.074966825,2.689948259,2.263924051,0.0022149417459605397,2.531349412082369,0.8556250000000001,0.8662499999999995,8.221131797660329,4.217205244074728,0.9216133416216719,S400|0|3,229,textured,0
S600,0.002530357,1.388268824,997.2375,0.07246,0.000943923,600.0,6.0,3711.226003834594,67.11648630933236,0.0116,0.127938199,2.647347587,1.891772152,0.0022074821655072257,2.5062376573134184,0.9025,0.5850000000000002,8.219117560266454,4.206429711404472,0.9283603995041797,S600|0|3,230,textured,0
S600,0.00253411,1.385939506,997.2375,0.07246,0.000943923,600.0,6.0,3710.494310781577,66.99066411113158,0.0108,0.07220968,2.628741468,2.170886076,0.002205846926660095,2.501736559172208,0.9025,0.5850000000000002,8.218920384133598,4.2045532680571185,0.9298424905858217,S600|0|3,231,textured,0
S600,0.002532872,1.389708561,997.2375,0.07246,0.000943923,600.0,6.0,3718.76734613103,67.32261555755757,0.0116,0.05179683,2.6300257,2.201898734,0.0022063859402554425,2.5118943953639326,0.9025,0.5850000000000002,8.221147533788884,4.2094962211756695,0.929353836777841,S600|0|3,232,textured,0
S600,0.002533646,1.382130414,997.2375,0.07246,0.000943923,600.0,6.0,3699.618922050322,66.61073940606563,0.0116,0.107966482,2.653703494,2.325949367,0.002206048901623828,2.4904708205854833,0.9025,0.5850000000000002,8.215985099287613,4.19886581688991,0.9296593720610559,S600|0|3,233,textured,0
S600,0.002534303,1.377269157,997.2375,0.07246,0.000943923,600.0,6.0,3687.5625219912386,66.16014570793945,0.0124,0.101978133,2.628540977,1.92278481,0.002205762931857087,2.476855645425651,0.9025,0.5850000000000002,8.212720955620608,4.192078253070016,0.9299186485469402,S600|0|3,234,textured,0
S800,0.002532601,1.382995503,997.2375,0.07246,0.000943923,800.0,6.0,3700.4076903123164,66.6666421917789,0.0124,0.097078548,2.664593931,2.077848101,0.002206503983838962,2.492348401412172,0.9264062500000001,0.4415624999999994,8.216198279133117,4.199704710756543,0.9292468378854343,S800|0|3,235,textured,0
S800,0.002535617,1.385761925,997.2375,0.07246,0.000943923,800.0,6.0,3712.225180287836,67.01332633674382,0.0122,0.05189061,2.656532806,2.263924051,0.0022051913257970413,2.502116060896323,0.9264062500000001,0.4415624999999994,8.219386754859238,4.20489150016129,0.930436999932927,S800|0|3,236,textured,0
S800,0.002533955,1.385389122,997.2375,0.07246,0.000943923,800.0,6.0,3708.7939361172457,66.93337377852463,0.0126,0.085632053,2.702334908,1.860759494,0.0022059143905742646,2.500055411308445,0.9264062500000001,0.4415624999999994,8.21846201814551,4.203697703410108,0.9297813232566543,S800|0|3,237,textured,0
S800,0.002536312,1.37737384,997.2375,0.07246,0.000943923,800.0,6.0,3690.7662423827783,66.2226580802715,0.014,0.090444671,2.646022521,2.077848101,0.0022048891719261663,2.4783349009208377,0.9264062500000001,0.4415624999999994,8.213589369239784,4.193022671456537,0.9307110573987749,S800|0|3,238,textured,0
S800,0.002535965,1.382386538,997.2375,0.07246,0.000943923,800.0,6.0,3703.6913234759627,66.69641929553718,0.0114,0.065481733,2.700193466,1.829746835,0.002205040015958343,2.49257712508057,0.9264062500000001,0.4415624999999994,8.217085256298823,4.2001512677554755,0.9305742352179116,S800|0|3,239,textured,0
D50,0.0024626,1.65587522,997.2375,0.07246,0.000943923,50.0,25.0,4308.077575630552,92.92859280351352,0.0112,0.065071476,2.994801895,2.28125,0.0022376448868764473,3.2691583312697583,0.010000000000000002,24.75,8.368247045456432,4.53183137891197,0.9012177023766341,D50|0|4,240,textured,0
D50,0.002489053,1.686490236,997.2375,0.07246,0.000943923,50.0,25.0,4434.86095740111,97.43210335906296,0.0112,0.07967106,3.017042885,2.378033206,0.002225722575084797,3.3880520590825456,0.010000000000000002,24.75,8.397251543046158,4.579155759617063,0.9119023168509934,D50|0|4,241,textured,0
D50,0.002439969,1.589990392,997.2375,0.07246,0.000943923,50.0,25.0,4098.650072837905,84.89333210145165,0.0114,0.089403356,3.041828615,2.190293742,0.002247998145367896,3.046612668000065,0.010000000000000002,24.75,8.318412947950204,4.441395551969779,0.8919853343063696,D50|0|4,242,textured,0
D50,0.002456019,1.631422153,997.2375,0.07246,0.000943923,50.0,25.0,4233.115422845059,89.96316052517358,0.0106,0.079611752,2.99137326,2.440613027,0.0022406408102609143,3.1871364721280173,0.010000000000000002,24.75,8.350693507535205,4.499400259034825,0.8985417464113239,D50|0|4,243,textured,0
D50,0.002434895,1.588102608,997.2375,0.07246,0.000943923,50.0,25.0,4085.270610413372,84.51574563832787,0.0112,0.104822868,2.98648365,2.315453384,0.0022503391921983983,3.037031493415973,0.010000000000000002,24.75,8.315143249999242,4.436937855919312,0.8899036344549123,D50|0|4,244,textured,0
D100,0.002489333,1.642685033,997.2375,0.07246,0.000943923,100.0,25.0,4320.155005979065,92.446796908181,0.0108,0.080941261,2.991563797,2.409323116,0.0022255973970056794,3.248569305874206,0.30250000000000005,17.4375,8.37104656160812,4.526633310485285,0.9120148031066976,D100|0|4,245,textured,0
D100,0.002503196,1.654594205,997.2375,0.07246,0.000943923,100.0,25.0,4375.708554639937,94.31442592621266,0.0108,0.056604267,3.009996481,2.471902937,0.002219426027893935,3.2973023372513404,0.30250000000000005,17.4375,8.383823741024635,4.546634157008371,0.9175683154166405,D100|0|4,246,textured,0
D100,0.002497173,1.651989954,997.2375,0.07246,0.000943923,100.0,25.0,4358.309475603756,93.79154850629965,0.0106,0.099128824,2.962123796,2.565772669,0.0022221009631607272,3.2842520523045278,0.30250000000000005,17.4375,8.379839526201179,4.5410747507406635,0.9151592920374381,D100|0|4,247,textured,0
D100,0.002493736,1.650434621,997.2375,0.07246,0.000943923,100.0,25.0,4348.213228778816,93.48617628667664,0.011,0.101912906,2.956168224,2.346743295,0.0022236317449410947,3.2765972597162194,0.30250000000000005,17.4375,8.377520287696148,4.537813578162847,0.9137819876051899,D100|0|4,248,textured,0
D100,0.002494096,1.655418515,997.2375,0.07246,0.000943923,100.0,25.0,4361.973341059723,94.0652153183248,0.0104,0.073880255,2.915595762,2.378033206,0.002223471258673375,3.292727957604693,0.30250000000000005,17.4375,8.380679835110556,4.543988321698105,0.9139263388987481,D100|0|4,249,textured,0
D200,0.002526829,1.629874139,997.2375,0.07246,0.000943923,200.0,25.0,4351.028764208086,92.38134097113502,0.013,0.040335424,3.125488432,2.59706258,0.0022090226893305186,3.2370356341062596,0.6006250000000001,9.984374999999998,8.3781675936407,4.525925020713679,0.9269651569434629,D200|0|4,250,textured,0
D200,0.002531127,1.631807323,997.2375,0.07246,0.000943923,200.0,25.0,4363.599137132718,92.75812551112976,0.0108,0.050595259,2.986670763,2.252873563,0.002207146368338774,3.2464896660183435,0.6006250000000001,9.984374999999998,8.381052485981515,4.5299953042393115,0.9286646580994614,D200|0|4,251,textured,0
D200,0.002516942,1.594388864,997.2375,0.07246,0.000943923,200.0,25.0,4239.644999661856,88.05661450307942,0.0142,0.03917737,3.122846689,2.346743295,0.002213357155698117,3.1176703086357103,0.6006250000000001,9.984374999999998,8.352234818225899,4.477979954245385,0.9230446725821553,D200|0|4,252,textured,0
D200,0.002531363,1.624120811,997.2375,0.07246,0.000943923,200.0,25.0,4343.4496562224085,91.89488997136348,0.0106,0.047481305,3.025946716,2.659642401,0.0022070434793647095,3.222236740698878,0.6006250000000001,9.984374999999998,8.37642416303131,4.520645423586762,0.9287578928515975,D200|0|4,253,textured,0
D200,0.002533293,1.63281609,997.2375,0.07246,0.000943923,200.0,25.0,4370.033108361857,92.95232075379418,0.015,0.044258253,3.063166499,2.471902937,0.0022062025964660905,3.2513696420317024,0.6006250000000001,9.984374999999998,8.382525864345114,4.532086681621166,0.9295200374448028,D200|0|4,254,textured,0
D400,0.002487449,1.59182024,997.2375,0.07246,0.000943923,400.0,25.0,4183.215524407708,86.74461058242748,0.013,0.040408008,3.154841788,2.62835249,0.0022264400739499157,3.0877235168229133,0.78765625,5.308593750000002,8.338835493999113,4.462968291046098,0.9112576873278687,D400|0|4,255,textured,0
D400,0.002486928,1.600508375,997.2375,0.07246,0.000943923,400.0,25.0,4205.1664994446455,87.67572901285989,0.0134,0.046527885,3.024652821,2.753512133,0.0022266732762244723,3.114340598802505,0.78765625,5.308593750000002,8.344069167210476,4.473645110937323,0.9110482138593698,D400|0|4,256,textured,0
D400,0.002491255,1.594284617,997.2375,0.07246,0.000943923,400.0,25.0,4196.102341203254,87.14654349418478,0.0128,0.043757036,3.205285799,2.690932312,0.0022247387086024805,3.098216321853889,0.78765625,5.308593750000002,8.341911359400653,4.467591109609607,0.9127865995674393,D400|0|4,257,textured,0
D400,0.002484641,1.589770888,997.2375,0.07246,0.000943923,400.0,25.0,4173.113724851005,86.42372850554766,0.0126,0.035877144,3.203743204,2.62835249,0.0022276978166893063,3.0792780817849774,0.78765625,5.308593750000002,8.336417732760589,4.459262273585465,0.910128182311454,D400|0|4,258,textured,0
D400,0.00248761,1.598682536,997.2375,0.07246,0.000943923,400.0,25.0,4201.5211842717845,87.49979329828277,0.013,0.051385716,3.038918026,2.722222222,0.0022263680243416583,3.109169537792973,0.78765625,5.308593750000002,8.343201925429055,4.471636431055439,0.9113224101784142,D400|0|4,259,textured,0
D600,0.002535221,1.615136094,997.2375,0.07246,0.000943923,600.0,25.0,4326.004621336404,91.0194779673801,0.014,0.042336312,3.342236258,2.659642401,0.0022053635438536077,3.196682832475041,0.8556250000000001,3.6093749999999982,8.372399674782523,4.511073527210371,0.9302808127304153,D600|0|4,260,textured,0
D600,0.002526,1.592958134,997.2375,0.07246,0.000943923,600.0,25.0,4251.084532481027,88.21498031242974,0.0154,0.031511243,3.081920399,2.221583653,0.0022093851457009876,3.119912722934786,0.8556250000000001,3.6093749999999982,8.354929413477718,4.479776793402877,0.9266370239282995,D600|0|4,261,textured,0
D600,0.002536519,1.616462919,997.2375,0.07246,0.000943923,600.0,25.0,4331.775086510042,91.21576072459999,0.0152,0.045717824,3.123416728,2.909961686,0.0022047992018982116,3.20186874458919,0.8556250000000001,3.6093749999999982,8.373732687684868,4.513227697112219,0.9307926686332572,D600|0|4,262,textured,0
D600,0.002531678,1.607653798,997.2375,0.07246,0.000943923,600.0,25.0,4299.946294796406,90.05209087700327,0.0142,0.036660395,3.124444876,2.284163474,0.002206906171159891,3.170360061825434,0.8556250000000001,3.6093749999999982,8.366357812021427,4.500388290419628,0.9288823239989678,D600|0|4,263,textured,0
D600,0.002536244,1.613496308,997.2375,0.07246,0.000943923,600.0,25.0,4323.356430053097,90.87140778243601,0.0138,0.03850797,3.296475183,2.722222222,0.0022049187297011152,3.1922642890075577,0.8556250000000001,3.6093749999999982,8.371787330968841,4.509445405855724,0.9306842464577013,D600|0|4,264,textured,0
D800,0.002559571,1.599234307,997.2375,0.07246,0.000943923,800.0,25.0,4324.553872143978,90.09312433763415,0.0162,0.022931736,3.007268472,2.565772669,0.002194848318626929,3.164573036783627,0.8906640625,2.733398437500001,8.372064263096185,4.500843850244424,0.9398396663236883,D800|0|4,265,textured,0
D800,0.002563192,1.603359457,997.2375,0.07246,0.000943923,800.0,25.0,4341.842541143169,90.68661799963508,0.0144,0.040975065,3.095796473,2.315453384,0.002193297448734224,3.18034019499008,0.8906640625,2.733398437500001,8.37605408564967,4.507409804886678,0.9412533567884058,D800|0|4,266,textured,0
D800,0.002561519,1.593548493,997.2375,0.07246,0.000943923,800.0,25.0,4312.458198804803,89.52172068022418,0.013,0.037050557,2.985437636,2.252873563,0.0021940135839029354,3.1480270953970106,0.8906640625,2.733398437500001,8.369263368261867,4.494481285001074,0.940600441898402,D800|0|4,267,textured,0
D800,0.002568789,1.606847834,997.2375,0.07246,0.000943923,800.0,25.0,4360.790444907288,91.280541513122,0.0138,0.036963483,3.011094667,2.659642401,0.0021909067152141347,3.195597854169973,0.8906640625,2.733398437500001,8.380408614614687,4.51393763797621,0.9434345816289069,D800|0|4,268,textured,0
D800,0.002563659,1.596919329,997.2375,0.07246,0.000943923,800.0,25.0,4325.1907781985465,89.97595908779816,0.0144,0.033944845,3.168463788,2.59706258,0.002193097672446027,3.160271374180142,0.8906640625,2.733398437500001,8.372211528959275,4.4995425134003435,0.941435534893949,D800|0|4,269,textured,0
S50,0.002584387,1.600232113,997.2375,0.07246,0.000943923,50.0,6.0,4369.206409992503,91.08015946125963,0.0114,0.073896794,2.959020881,2.440613027,0.002184285128963367,3.1861246122072324,0.16000000000000003,5.04,8.382336672054393,4.511739991976391,0.9494883425081354,S50|0|4,270,textured,0
S50,0.002562453,1.606631743,997.2375,0.07246,0.000943923,50.0,6.0,4349.449417865288,91.03090629539253,0.0126,0.043760133,2.959927376,2.440613027,0.002193613694528824,3.1901797408036354,0.16000000000000003,5.04,8.377804545466313,4.511199078475464,0.9409650028329053,S50|0|4,271,textured,0
S50,0.002545859,1.591278123,997.2375,0.07246,0.000943923,50.0,6.0,4279.9872177719235,88.72107652265944,0.0114,0.064023927,3.018549894,2.159003831,0.0022007511091897405,3.1293188343971,0.16000000000000003,5.04,8.361705302069495,4.48549747690289,0.9344681176118432,S50|0|4,272,textured,0
S50,0.002560701,1.60844801,997.2375,0.07246,0.000943923,50.0,6.0,4351.3892219477775,91.17445965102185,0.0104,0.052469829,2.976615558,2.503192848,0.00219436398791493,3.194640737842733,0.16000000000000003,5.04,8.378250434465048,4.512774810173446,0.9402810491323926,S50|0|4,273,textured,0
S50,0.002556725,1.596169925,997.2375,0.07246,0.000943923,50.0,6.0,4311.468073809641,89.6483987445926,0.011,0.058207198,2.981243906,2.409323116,0.0021960695686556514,3.152771289525543,0.16000000000000003,5.04,8.36903374547331,4.495895338704709,0.9387271426176543,S50|0|4,274,textured,0
S100,0.00254629,1.605140049,997.2375,0.07246,0.000943923,100.0,6.0,4318.00188978895,90.28882422429457,0.0106,0.046845014,2.939393159,2.284163474,0.0022005648452783967,3.173371129208798,0.48999999999999994,3.06,8.37054804872842,4.503013690020561,0.9346373978120217,S100|0|4,275,textured,0
S100,0.002558948,1.610626059,997.2375,0.07246,0.000943923,100.0,6.0,4354.2986723044205,91.3589659259548,0.0102,0.050574591,2.929744229,2.284163474,0.002195115480618226,3.200249874390758,0.48999999999999994,3.06,8.378918836663772,4.5147964271697685,0.9395962365335179,S100|0|4,276,textured,0
S100,0.002557154,1.606769817,997.2375,0.07246,0.000943923,100.0,6.0,4340.828034722962,90.858274524516,0.011,0.052535025,3.000321687,2.284163474,0.002195885349527352,3.1866579707361478,0.48999999999999994,3.06,8.375820400306905,4.50930086966575,0.9388949213238013,S100|0|4,277,textured,0
S100,0.002545781,1.604645447,997.2375,0.07246,0.000943923,100.0,6.0,4315.808459547042,90.21515276382308,0.0136,0.041606956,3.087471777,2.378033206,0.0022007848232585623,3.1714263050411993,0.48999999999999994,3.06,8.370039946233613,4.502197403689461,0.9344374791535052,S100|0|4,278,textured,0
S100,0.00254766,1.604302815,997.2375,0.07246,0.000943923,100.0,6.0,4318.071674951195,90.24318840712591,0.0154,0.040744117,3.109757546,2.315453384,0.0021999730906399305,3.1717466683781494,0.48999999999999994,3.06,8.370564210045648,4.502508119651345,0.9351752908156954,S100|0|4,279,textured,0
S200,0.002575651,1.596339031,997.2375,0.07246,0.000943923,200.0,6.0,4343.843610943046,90.33115271932019,0.0116,0.050065874,2.983634778,2.690932312,0.0021879862829495187,3.1672903664183663,0.7224999999999999,1.6650000000000005,8.37651485980159,4.503482392281703,0.9461023176972183,S200|0|4,280,textured,0
S200,0.002583731,1.592460744,997.2375,0.07246,0.000943923,200.0,6.0,4346.884132926577,90.17476893015908,0.0128,0.045659964,3.076031721,2.659642401,0.0021845624024304337,3.1609222423661536,0.7224999999999999,1.6650000000000005,8.377214576142315,4.501749664326204,0.9492344783341662,S200|0|4,281,textured,0
S200,0.002579752,1.593010415,997.2375,0.07246,0.000943923,200.0,6.0,4341.687947012845,90.09806415099537,0.0118,0.054137154,2.978891815,2.378033206,0.0021862464838092476,3.1597448702509476,0.7224999999999999,1.6650000000000005,8.37601847936475,4.500898678822934,0.9476932702823075,S200|0|4,282,textured,0
S200,0.002581336,1.594754668,997.2375,0.07246,0.000943923,200.0,6.0,4349.110610407725,90.35091891620489,0.0128,0.042595281,3.074036077,2.378033206,0.002185575601395884,3.1664482354925214,0.7224999999999999,1.6650000000000005,8.377726645800937,4.503701187614131,0.9483070943634838,S200|0|4,283,textured,0
S200,0.002576503,1.598056665,997.2375,0.07246,0.000943923,200.0,6.0,4349.955960542712,90.55559190021516,0.012,0.051453305,3.157526941,2.440613027,0.0021876244905414794,3.1733745143094176,0.7224999999999999,1.6650000000000005,8.377921000018311,4.505963937256632,0.9464330531557337,S200|0|4,284,textured,0
S400,0.002569449,1.592376221,997.2375,0.07246,0.000943923,400.0,6.0,4322.626568544014,89.66679375343784,0.0112,0.079309303,2.893415666,2.346743295,0.002190625314162712,3.1501595705572427,0.8556250000000001,0.8662499999999995,8.37161849845762,4.49610050825731,0.9436914790336708,S400|0|4,285,textured,0
S400,0.002573366,1.589656042,997.2375,0.07246,0.000943923,400.0,6.0,4321.820812570789,89.49693460288081,0.0108,0.042598518,2.835511238,2.62835249,0.002188957469971025,3.14442657273759,0.8556250000000001,0.8662499999999995,8.371432076829947,4.494204374447115,0.9452147695885214,S400|0|4,286,textured,0
S400,0.002577896,1.589034942,997.2375,0.07246,0.000943923,400.0,6.0,4327.737122095187,89.58443493175496,0.011,0.063908709,2.874224375,2.534482759,0.002187033354844583,3.1457790045877676,0.8556250000000001,0.8662499999999995,8.372800079794203,4.4951815876107695,0.9469735623533778,S400|0|4,287,textured,0
S400,0.002579636,1.594173366,997.2375,0.07246,0.000943923,400.0,6.0,4344.662155782813,90.22560415493766,0.0104,0.056490586,2.877137236,2.284163474,0.002186295638368493,3.163351081766959,0.8556250000000001,0.8662499999999995,8.376703279965923,4.502313246598844,0.9476483037087452,S400|0|4,288,textured,0
S400,0.002567235,1.590009695,997.2375,0.07246,0.000943923,400.0,6.0,4312.483340011197,89.32344026581674,0.0132,0.043925227,2.934912279,2.471902937,0.0021915697152827536,3.1410472491686097,0.8556250000000001,0.8662499999999995,8.369269198146343,4.49226394241716,0.9428294442512694,S400|0|4,289,textured,0
S600,0.002572474,1.595551612,997.2375,0.07246,0.000943923,600.0,6.0,4336.345564984555,90.13074892601028,0.0116,0.058489454,2.909473986,2.659642401,0.0021893369452994217,3.1624482404554097,0.9025,0.5850000000000002,8.374787236665398,4.501261381931447,0.9448680817750899,S600|0|4,290,textured,0
S600,0.002567701,1.594763183,997.2375,0.07246,0.000943923,600.0,6.0,4326.161061347394,89.87463168999437,0.0128,0.033423205,3.056239128,2.315453384,0.0021913708374095187,3.1564291829819946,0.9025,0.5850000000000002,8.372435836829515,4.498415718007717,0.9430109460270574,S600|0|4,291,textured,0
S600,0.002578283,1.592749563,997.2375,0.07246,0.000943923,600.0,6.0,4338.505102605904,90.01727168902441,0.0118,0.044226921,3.048550845,2.471902937,0.002186869211949647,3.1578376678099382,0.9025,0.5850000000000002,8.375285121354993,4.500001559574173,0.9471236735115539,S600|0|4,292,textured,0
S600,0.002569759,1.587957105,997.2375,0.07246,0.000943923,600.0,6.0,4311.150612315201,89.18056118944604,0.0134,0.034905676,3.107367274,2.252873563,0.002190493178361445,3.136410670753188,0.9025,0.5850000000000002,8.368960110883602,4.490663091951969,0.9438121201909759,S600|0|4,293,textured,0
S600,0.002577702,1.591125175,997.2375,0.07246,0.000943923,600.0,6.0,4333.1037592737375,89.81351108520357,0.014,0.040788056,2.952127628,2.346743295,0.0021871156522723194,3.1522600583449822,0.9025,0.5850000000000002,8.37403936774301,4.497735421509527,0.9468983043522337,S600|0|4,294,textured,0
S800,0.002606672,1.591399242,997.2375,0.07246,0.000943923,800.0,6.0,4382.5569333208,90.85418820457762,0.0122,0.076631975,2.823288905,2.722222222,0.0021749281254153916,3.17434353674541,0.9264062500000001,0.4415624999999994,8.385387607771086,4.509255893995092,0.9580743119228226,S800|0|4,295,textured,0
S800,0.002604835,1.591045766,997.2375,0.07246,0.000943923,800.0,6.0,4378.495661789382,90.74983302828846,0.012,0.058123441,2.863719184,2.409323116,0.0021756948992818206,3.17187354819227,0.9264062500000001,0.4415624999999994,8.384460488163429,4.5081066332346005,0.9573693334679986,S800|0|4,296,textured,0
S800,0.002598011,1.588076401,997.2375,0.07246,0.000943923,800.0,6.0,4358.87495669951,90.17456197630932,0.0148,0.029035548,2.851970661,2.534482759,0.00217855039247244,3.1574339704628964,0.9264062500000001,0.4415624999999994,8.379969265591447,4.501747369293018,0.9547461522656183,S800|0|4,297,textured,0
S800,0.002601233,1.586071167,997.2375,0.07246,0.000943923,800.0,6.0,4358.770049438145,90.05853272773604,0.012,0.067218359,2.838814561,2.503192848,0.002177200750915763,3.153401600787779,0.9264062500000001,0.4415624999999994,8.379945197793024,4.500459822576994,0.955985563384794,S800|0|4,298,textured,0
S800,0.002591977,1.586205261,997.2375,0.07246,0.000943923,800.0,6.0,4343.627383190842,89.75325073049876,0.0132,0.083915621,2.819979547,2.503192848,0.002181084699587882,3.1470899936377066,0.9264062500000001,0.4415624999999994,8.37646508058451,4.497064246550892,0.9524209049938688,S800|0|4,299,textured,0
D50,0.002418127,0.55653373,1045.16375,0.071097813,0.001596807,50.0,25.0,880.8511137464644,11.010072648470134,0.0114,0.346861118,1.552767498,0.594508301,0.0037669736689899948,0.7308515653790801,0.010000000000000002,24.75,6.780888614772037,2.3988105491206424,0.8829932735594009,D50|20|0,300,textured,20
D50,0.002416436,0.554932206,1045.16375,0.071097813,0.001596807,50.0,25.0,877.7021012825847,10.939141857634771,0.0116,0.344585889,1.548674901,0.625798212,0.003768291485488192,0.7271841412247422,0.010000000000000002,24.75,6.777307243673575,2.3923473531159853,0.8822937273671351,D50|20|0,301,textured,20
D50,0.002410899,0.541826133,1045.16375,0.071097813,0.001596807,50.0,25.0,855.0093722015822,10.40463882095949,0.0116,0.364678386,1.557422765,0.657088123,0.003772616234006377,0.6989380096409927,0.010000000000000002,24.75,6.751112430515959,2.342251747177718,0.8799997069901699,D50|20|0,302,textured,20
D50,0.002418787,0.56020414,1045.16375,0.071097813,0.001596807,50.0,25.0,886.9024414998984,11.158822010312525,0.0116,0.340135333,1.562692913,0.719667944,0.0037664596980939422,0.7386998489415048,0.010000000000000002,24.75,6.787734989225498,2.4122303967503886,0.8832661748365773,D50|20|0,303,textured,20
D50,0.00241788,0.555757836,1045.16375,0.071097813,0.001596807,50.0,25.0,879.5332219583541,10.978273071733595,0.0114,0.340735096,1.558102838,0.688378033,0.0037671660728179294,0.7291772825560248,0.010000000000000002,24.75,6.77939133715193,2.3959181442702913,0.882891123169538,D50|20|0,304,textured,20
D100,0.002427553,0.530008936,1045.10055,0.071077093,0.001590276,100.0,25.0,845.546476179677,10.0268270373384,0.0112,0.377485993,1.572517305,0.657088123,0.00374493494491717,0.6765634463580482,0.30250000000000005,17.4375,6.739983135698011,2.305264204701019,0.8868837541066917,D100|20|0,305,textured,20
D100,0.002426855,0.529470886,1045.10055,0.071077093,0.001590276,100.0,25.0,844.4452262935365,10.003602284886435,0.0114,0.37835072,1.578127171,0.594508301,0.003745473456007592,0.6753483188308272,0.30250000000000005,17.4375,6.738679874811699,2.3029452566159847,0.886596180419103,D100|20|0,306,textured,20
D100,0.002428539,0.522214487,1045.10055,0.071077093,0.001590276,100.0,25.0,833.4500354349408,9.738035032427945,0.0112,0.388687668,1.571879021,0.625798212,0.0037441746357917776,0.6608752760579563,0.30250000000000005,17.4375,6.7255737549050725,2.27603935525126,0.8872898419705749,D100|20|0,307,textured,20
D100,0.002430796,0.520493389,1045.10055,0.071077093,0.001590276,100.0,25.0,831.4752039017599,9.682942827691173,0.0112,0.388774124,1.585865962,0.563218391,0.003742435994485524,0.6577602835856508,0.30250000000000005,17.4375,6.723201477264409,2.2703658662115886,0.8882187757289186,D100|20|0,308,textured,20
D100,0.002428374,0.519707189,1045.10055,0.071077093,0.001590276,100.0,25.0,829.3920539511627,9.644094165342752,0.0112,0.391617935,1.566831298,0.594508301,0.003744301835786729,0.6557789833011621,0.30250000000000005,17.4375,6.720692967287925,2.2663457244088283,0.88722189757871,D100|20|0,309,textured,20
D200,0.002437474,0.529763922,1045.10055,0.071077093,0.001590276,200.0,25.0,848.6096030936754,10.058498795588745,0.0114,0.380430203,1.566116653,0.625798212,0.003737305862054987,0.6777195150901438,0.6006250000000001,9.984374999999998,6.74359924910023,2.3084179284458397,0.8909622571663092,D200|20|0,310,textured,20
D200,0.002436574,0.530258645,1045.10055,0.071077093,0.001590276,200.0,25.0,849.0884531858834,10.07357305144219,0.0114,0.38299924,1.576968715,0.594508301,0.003737996024703716,0.6785820481540231,0.6006250000000001,9.984374999999998,6.744163366026836,2.3099154651907043,0.8905929542746557,D200|20|0,311,textured,20
D200,0.002436779,0.527332131,1045.10055,0.071077093,0.001590276,200.0,25.0,844.4733509189163,9.963525367764795,0.0114,0.383636877,1.576836284,0.625798212,0.0037378387873624897,0.672633744752216,0.6006250000000001,9.984374999999998,6.738713179703672,2.2989309615568945,0.8906770852621385,D200|20|0,312,textured,20
D200,0.002435018,0.533976351,1045.10055,0.071077093,0.001590276,200.0,25.0,854.4954817759482,10.20879872618276,0.0114,0.374520141,1.583116266,0.563218391,0.003739190141736887,0.6859472719002441,0.6006250000000001,9.984374999999998,6.750511214976948,2.3232499686612287,0.8899541487043564,D200|20|0,313,textured,20
D200,0.002429688,0.535084542,1045.10055,0.071077093,0.001590276,200.0,25.0,854.3945809792544,10.228777637125964,0.0114,0.369553726,1.576286602,0.594508301,0.003743289220588732,0.6873221557044031,0.6006250000000001,9.984374999999998,6.750393125698989,2.3252050847622896,0.8877628540473772,D200|20|0,314,textured,20
D400,0.00244291,0.530841399,1045.03695,0.071056233,0.001583772,400.0,25.0,855.6797177875326,10.124334927696202,0.0114,0.380066907,1.567755435,0.594508301,0.00371853620162948,0.679895252455966,0.78765625,5.308593750000002,6.751896144662713,2.3149419246817113,0.8931899516461157,D400|20|0,315,textured,20
D400,0.002442951,0.528963357,1045.03695,0.071056233,0.001583772,400.0,25.0,852.6667539205856,10.052993429500725,0.0114,0.381486067,1.562605939,0.594508301,0.0037185049974375094,0.6760575492856257,0.78765625,5.308593750000002,6.748368795801305,2.3078704438371473,0.8932067347678626,D400|20|0,316,textured,20
D400,0.002443155,0.52908796,1045.03695,0.071056233,0.001583772,400.0,25.0,852.9388279227301,10.058570044905972,0.0114,0.379755087,1.567598269,0.594508301,0.003718349749232806,0.6763462564200892,0.78765625,5.308593750000002,6.748687830878756,2.308425011914887,0.8932902368450254,D400|20|0,317,textured,20
D400,0.002434281,0.535458997,1045.03695,0.071056233,0.001583772,400.0,25.0,860.0741901341984,10.26485020452782,0.0114,0.371963449,1.55788804,0.625798212,0.0037251210748591936,0.6879204974743641,0.78765625,5.308593750000002,6.757018653124623,2.328725457527384,0.8896514357242628,D400|20|0,318,textured,20
D400,0.002421712,0.536517356,1045.03695,0.071056233,0.001583772,400.0,25.0,857.32454001186,10.252257641264338,0.0116,0.36961972,1.555636875,0.625798212,0.003734775495390185,0.6879571829974003,0.78765625,5.308593750000002,6.753816540040992,2.32749793901558,0.8844747280688046,D400|20|0,319,textured,20
D600,0.002456994,0.504587785,1044.97295,0.071035233,0.001577294,600.0,25.0,821.3593893543813,9.202563037754679,0.0114,0.416156028,1.568956739,0.594508301,0.0036933560287716973,0.6281964974053506,0.8556250000000001,3.6093749999999982,6.710960759533704,2.2194820363160024,0.8989386515336183,D600|20|0,320,textured,20
D600,0.002453419,0.503798448,1044.97295,0.071035233,0.001577294,600.0,25.0,818.881287014351,9.16044589627617,0.012,0.387773782,1.571242561,0.594508301,0.0036960459364766456,0.6260777002843196,0.8556250000000001,3.6093749999999982,6.707939124646565,2.2148948561340425,0.8974825619413003,D600|20|0,321,textured,20
D600,0.002458495,0.514862087,1044.97295,0.071035233,0.001577294,600.0,25.0,838.5957158699852,9.586992643789927,0.0134,0.325349868,1.573089533,0.594508301,0.003692228392998786,0.649024869273776,0.8556250000000001,3.6093749999999982,6.731728726054385,2.2604072467836156,0.8995493741073659,D600|20|0,322,textured,20
D600,0.002458089,0.517695843,1044.97295,0.071035233,0.001577294,600.0,25.0,843.0720241861353,9.691214317215971,0.0188,0.23039546,1.568257404,0.594508301,0.0036925333011680497,0.6546849035791833,0.8556250000000001,3.6093749999999982,6.737052392295463,2.2712197345853697,0.899384218787769,D600|20|0,323,textured,20
D600,0.002454476,0.508698085,1044.97295,0.071035233,0.001577294,600.0,25.0,827.2014554250032,9.343513868728166,0.0114,0.408647452,1.575665406,0.563218391,0.0036952500148125607,0.6360125986834472,0.8556250000000001,3.6093749999999982,6.718048263212244,2.234682398697385,0.8979132965093145,D600|20|0,324,textured,20
D800,0.002453379,0.526362808,1044.97295,0.071035233,0.001577294,800.0,25.0,855.5437754262822,9.999223436306993,0.0118,0.37055597,1.561065551,0.688378033,0.0036960760666022515,0.6715361223376664,0.8906640625,2.733398437500001,6.751737261428495,2.302507433609333,0.8974662580298691,D800|20|0,325,textured,20
D800,0.002452606,0.529282777,1044.97295,0.071035233,0.001577294,800.0,25.0,860.0188015165037,10.107285884961023,0.0132,0.342514484,1.571763461,0.594508301,0.0036966584760304215,0.6773784431947196,0.8906640625,2.733398437500001,6.756954251237071,2.3132565385301285,0.897151132726226,D800|20|0,326,textured,20
D800,0.002452525,0.526664497,1044.97295,0.071035233,0.001577294,800.0,25.0,855.7361590216699,10.007204354689664,0.0144,0.26593767,1.576918877,0.594508301,0.00369671952064042,0.6720116702263901,0.8906640625,2.733398437500001,6.751962103188543,2.303305269073954,0.8971181060853444,D800|20|0,327,textured,20
D800,0.002453623,0.52645201,1044.97295,0.071035233,0.001577294,800.0,25.0,855.7738655278715,10.003607640047472,0.0198,0.163722384,1.581314446,0.657088123,0.0036958922842970144,0.6717583010294436,0.8906640625,2.733398437500001,6.752006165455976,2.302945791939106,0.8975657077550582,D800|20|0,328,textured,20
D800,0.002452891,0.522476112,1044.97295,0.071035233,0.001577294,800.0,25.0,849.0574674480525,9.850139176826284,0.0192,0.228897838,1.566478551,0.594508301,0.0036964437134767206,0.6635406478883747,0.8906640625,2.733398437500001,6.7441268724164125,2.287485584711209,0.8972673289038288,D800|20|0,329,textured,20
S50,0.00246522,0.561969017,1045.16375,0.071097813,0.001596807,50.0,6.0,906.7758923395706,11.444808325813632,0.0112,0.354533022,1.553567545,0.625798212,0.003730820001532853,0.7509457046043023,0.16000000000000003,5.04,6.809895332858241,2.4375362058473953,0.902281053005055,S50|20|0,330,textured,20
S50,0.002439601,0.531566393,1045.16375,0.071097813,0.001596807,50.0,6.0,848.8055865410001,10.133557383716424,0.0112,0.384608724,1.564751479,0.594508301,0.0037503580854560954,0.6827137338121493,0.16000000000000003,5.04,6.743830168971092,2.315852429734812,0.8918345013433431,S50|20|0,331,textured,20
S50,0.002444297,0.53394916,1045.16375,0.071097813,0.001596807,50.0,6.0,854.2515844929105,10.244290528418448,0.0112,0.381200742,1.551504027,0.563218391,0.003746753746739216,0.688410632479145,0.16000000000000003,5.04,6.7502257458288115,2.3267205287725297,0.8937575560210634,S50|20|0,332,textured,20
S50,0.00244874,0.535038761,1045.16375,0.071097813,0.001596807,50.0,6.0,857.5507514588161,10.304840248679586,0.0114,0.378228838,1.564022461,0.625798212,0.0037433531438238483,0.6914126654162558,0.16000000000000003,5.04,6.754080362663422,2.332613711910721,0.8955736065520933,S50|20|0,333,textured,20
S50,0.00244601,0.532373057,1045.16375,0.071097813,0.001596807,50.0,6.0,852.326922845184,10.191038936886642,0.0114,0.381942627,1.570885043,0.594508301,0.0037454415457945918,0.6854503115072449,0.16000000000000003,5.04,6.747970165490199,2.3215087985523026,0.8944581255640643,S50|20|0,334,textured,20
S100,0.00244442,0.526662415,1045.10055,0.071077093,0.001590276,100.0,6.0,846.0455123959416,9.969397213089064,0.011,0.38616946,1.566786998,0.657088123,0.0037319921692154476,0.672529609114473,0.48999999999999994,3.06,6.740573155317532,2.2995201220746555,0.8938078759720961,S100|20|0,335,textured,20
S100,0.002444868,0.525046647,1045.10055,0.071077093,0.001590276,100.0,6.0,843.6044795429374,9.910135991654432,0.0114,0.387891677,1.57161871,0.625798212,0.003731650226605363,0.6693049905494903,0.48999999999999994,3.06,6.7376837586224525,2.29355807091721,0.8939911337393841,S100|20|0,336,textured,20
S100,0.002445766,0.52183696,1045.10055,0.071077093,0.001590276,100.0,6.0,838.7553636129228,9.792937740694954,0.0114,0.387365213,1.576159572,0.594508301,0.0037309650977838454,0.6629165619068247,0.48999999999999994,3.06,6.731919083034951,2.2816614871870438,0.8943583662945463,S100|20|0,337,textured,20
S100,0.002448903,0.522347703,1045.10055,0.071077093,0.001590276,100.0,6.0,840.653148834079,9.824701876068396,0.0114,0.394697245,1.574140115,0.53192848,0.0037285746829575158,0.6644658160678538,0.48999999999999994,3.06,6.734179147831452,2.2848998138922467,0.8956401691823463,S100|20|0,338,textured,20
S100,0.002447315,0.519231218,1045.10055,0.071077093,0.001590276,100.0,6.0,835.0956847015076,9.701522225540335,0.0112,0.396843092,1.575161986,0.563218391,0.00372978417507756,0.6578780358871719,0.48999999999999994,3.06,6.727546310742537,2.272282803665115,0.8949915052316475,S100|20|0,339,textured,20
S200,0.002445888,0.52969059,1045.10055,0.071077093,0.001590276,200.0,6.0,851.4210742918509,10.090425979325572,0.012,0.368166653,1.55049502,0.563218391,0.0037308720470353865,0.6789718089311559,0.7224999999999999,1.6650000000000005,6.746906805603395,2.311587051445184,0.8944082471732941,S200|20|0,340,textured,20
S200,0.002450979,0.531518317,1045.10055,0.071077093,0.001590276,200.0,6.0,856.1372579989164,10.181329213482611,0.0114,0.375610294,1.55748727,0.750957854,0.003726995281255567,0.6835764960770336,0.7224999999999999,1.6650000000000005,6.75243071141693,2.3205555736677352,0.896487536577814,S200|20|0,341,textured,20
S200,0.002450084,0.53021729,1045.10055,0.071077093,0.001590276,200.0,6.0,853.7297811061638,10.127847763436783,0.0116,0.373642222,1.552948023,0.688378033,0.0037276759428591013,0.6807521036569386,0.7224999999999999,1.6650000000000005,6.749614728152049,2.315288834032608,0.8961223096831796,S200|20|0,342,textured,20
S200,0.002454192,0.525016726,1045.10055,0.071077093,0.001590276,200.0,6.0,846.7734782311268,9.946796525868562,0.0116,0.384205791,1.570748186,0.563218391,0.003724554812511524,0.6707741771479083,0.7224999999999999,1.6650000000000005,6.741433218778645,2.2972505421320157,0.8977975828369631,S200|20|0,343,textured,20
S200,0.002453623,0.526854722,1045.10055,0.071077093,0.001590276,200.0,6.0,849.5408807595902,10.014240261727403,0.0116,0.376308598,1.560910389,0.625798212,0.003724986653270424,0.6744415127477739,0.7224999999999999,1.6650000000000005,6.7446960632732145,2.3040081062030597,0.8975657077550582,S200|20|0,344,textured,20
S400,0.002456913,0.521767713,1045.10055,0.071077093,0.001590276,400.0,6.0,842.4663268330498,9.834960052751397,0.0116,0.382434989,1.569008578,0.563218391,0.003722491792542757,0.664586599034342,0.8556250000000001,0.8662499999999995,6.7363336932770865,2.2859433900891433,0.8989056838767182,S400|20|0,345,textured,20
S400,0.002452728,0.513447051,1045.10055,0.071077093,0.001590276,400.0,6.0,827.6193276349429,9.507561332741021,0.0114,0.403807746,1.576788168,0.594508301,0.003725666214758417,0.6470485763136536,0.8556250000000001,0.8662499999999995,6.718553299435017,2.2520874117845895,0.897200874497133,S400|20|0,346,textured,20
S400,0.002455695,0.51964096,1045.10055,0.071077093,0.001590276,400.0,6.0,838.6164438806786,9.750111853076259,0.0114,0.390960752,1.590173634,0.563218391,0.0037234148373302255,0.6600612664896582,0.8556250000000001,0.8662499999999995,6.731753443274057,2.2772787570543374,0.8984098169054651,S400|20|0,347,textured,20
S400,0.002455898,0.518735321,1045.10055,0.071077093,0.001590276,400.0,6.0,837.2240924451874,9.716959336444,0.0114,0.395187346,1.579849587,0.53192848,0.00372326094884789,0.6582542902526914,0.8556250000000001,0.8662499999999995,6.730091767564839,2.27387274406353,0.8984924784778372,S400|20|0,348,textured,20
S400,0.002456507,0.52119691,1045.10055,0.071077093,0.001590276,400.0,6.0,841.4056226453603,9.811831686928258,0.0114,0.383891961,1.569267854,0.625798212,0.003722799397859264,0.663357930808547,0.8556250000000001,0.8662499999999995,6.735073853622041,2.283588972450527,0.8987404222052456,S400|20|0,349,textured,20
S600,0.002460482,0.518823959,1045.03695,0.071056233,0.001583772,600.0,6.0,842.3240508247479,9.740689625832191,0.0114,0.392192991,1.587079653,0.625798212,0.003705234092554852,0.6582608478922245,0.9025,0.5850000000000002,6.736164798665,2.276311918621527,0.9003572657108738,S600|20|0,350,textured,20
S600,0.002458576,0.515752197,1045.03695,0.071056233,0.001583772,600.0,6.0,836.6883272900446,9.61823264515419,0.0118,0.389404953,1.567946889,0.53192848,0.003706670047347508,0.6517331227108208,0.9025,0.5850000000000002,6.729451632313889,2.263660531079693,0.899582320550485,S600|20|0,351,textured,20
S600,0.002460401,0.516979246,1045.03695,0.071056233,0.001583772,600.0,6.0,839.3014807579116,9.671227041058966,0.0116,0.390628539,1.571871059,0.625798212,0.0037052950829160602,0.6545071317508517,0.9025,0.5850000000000002,6.732569975364494,2.2691551929414175,0.9003243447899711,S600|20|0,352,textured,20
S600,0.00246352,0.521728162,1045.03695,0.071056233,0.001583772,600.0,6.0,848.0849530786589,9.86220710697454,0.0116,0.385474664,1.569880939,0.563218391,0.003702948750101926,0.6646582126241841,0.9025,0.5850000000000002,6.742980811291456,2.288709988085842,0.9015912214994716,S600|20|0,353,textured,20
S600,0.002460685,0.517760503,1045.03695,0.071056233,0.001583772,600.0,6.0,840.6668554283746,9.701599078001658,0.0118,0.375070716,1.566603451,0.563218391,0.003705081253399438,0.6561358286296971,0.9025,0.5850000000000002,6.734195452394844,2.272290725324741,0.900439766467347,S600|20|0,354,textured,20
S800,0.002469262,0.519946194,1044.97295,0.071035233,0.001577294,800.0,6.0,850.5854976265848,9.820084374127685,0.0166,0.203637321,1.561161878,0.625798212,0.003684169779930024,0.6610404414104922,0.9264062500000001,0.4415624999999994,6.745924933093403,2.284429714399492,0.9039193205695262,S800|20|0,355,textured,20
S800,0.002467848,0.517512189,1044.97295,0.071035233,0.001577294,800.0,6.0,846.1188832588039,9.722787919368635,0.019,0.192575823,1.567127956,0.625798212,0.0036852250860255086,0.6558707419618098,0.9264062500000001,0.4415624999999994,6.740659873680235,2.2744724003268124,0.9033465158158702,S800|20|0,356,textured,20
S800,0.002460604,0.519199424,1044.97295,0.071035233,0.001577294,800.0,6.0,846.38571502788,9.757563108888364,0.0148,0.284977957,1.5717416,0.657088123,0.0036906457370839666,0.6581335625411898,0.9264062500000001,0.4415624999999994,6.740975183631602,2.278042687783038,0.9004068482623777,S800|20|0,357,textured,20
S800,0.002462589,0.520202351,1044.97295,0.071035233,0.001577294,800.0,6.0,848.7047700183064,9.80319847985613,0.0124,0.354379985,1.580639482,0.53192848,0.0036891579921389827,0.6604883145414168,0.9264062500000001,0.4415624999999994,6.743711387341958,2.2827087079231534,0.9012132355429754,S800|20|0,358,textured,20
D50,0.002361369,1.002814798,1045.5042,0.07120927,0.00163321,50.0,25.0,1515.8922858948479,34.865393704077974,0.0118,0.219187616,2.106587464,1.240506329,0.003895192666766163,1.8626327576191961,0.010000000000000002,24.75,7.323759512157489,3.5514947528529563,0.8592415355991627,D50|20|1,359,textured,20
D50,0.002337434,0.940825671,1045.5042,0.07120927,0.00163321,50.0,25.0,1407.771819138535,30.377142807546313,0.0118,0.251495248,2.117544335,1.209493671,0.0039150849891673835,1.6716063643946824,0.010000000000000002,24.75,7.249763463313876,3.413690444276929,0.849053746487964,D50|20|1,360,textured,20
D50,0.002342584,0.955493536,1045.5042,0.07120927,0.00163321,50.0,25.0,1432.8696288665947,31.40074322999051,0.0118,0.237764125,2.118184975,1.209493671,0.00391077910697887,1.7157628359195696,0.010000000000000002,24.75,7.267434445927123,3.4468315623790042,0.8512545936123838,D50|20|1,361,textured,20
D50,0.002351266,0.952618157,1045.5042,0.07120927,0.00163321,50.0,25.0,1433.8521445767265,31.32771519832013,0.0118,0.24277762,2.099811401,1.178481013,0.003903552194914095,1.7113032449722194,0.010000000000000002,24.75,7.268119908853944,3.444503175344064,0.8549539065009653,D50|20|1,362,textured,20
D50,0.002372338,1.0085816,1045.5042,0.07120927,0.00163321,50.0,25.0,1531.6916953998204,35.43136592954586,0.0118,0.215841425,2.091618493,1.209493671,0.003886177115136732,1.8850347133636678,0.010000000000000002,24.75,7.334128086836799,3.5675974710426717,0.8638759667680675,D50|20|1,363,textured,20
D100,0.002420373,0.995665946,1045.4432,0.07118932,0.00162653,100.0,25.0,1548.9390091936023,35.23669799520141,0.0118,0.206496614,2.060357876,1.116455696,0.003832333404797381,1.8663000911903291,0.30250000000000005,17.4375,7.345325465331546,3.562088096201124,0.883921660522848,D100|20|1,364,textured,20
D100,0.002406532,1.001488713,1045.4432,0.07118932,0.00162653,100.0,25.0,1549.087909153878,35.44617331163933,0.0118,0.202557973,2.051589607,1.147468354,0.0038433383023957803,1.8773226973075396,0.30250000000000005,17.4375,7.3454215910039915,3.5680153010764855,0.8781867069923773,D100|20|1,365,textured,20
D100,0.002416444,0.993799167,1045.4432,0.07118932,0.00162653,100.0,25.0,1543.5252119130587,35.04770537520573,0.012,0.203172781,2.058574592,1.240506329,0.003835447717060751,1.8588917427838973,0.30250000000000005,17.4375,7.341824178057635,3.55671014415367,0.8822970380224793,D100|20|1,366,textured,20
D100,0.002417052,0.989851808,1045.4432,0.07118932,0.00162653,100.0,25.0,1537.7811701619294,34.778588555283186,0.012,0.206904499,2.052924413,0.992405063,0.0038349652907664904,1.8473710656968194,0.30250000000000005,17.4375,7.3380958578631645,3.5490019260233976,0.8825486157638105,D100|20|1,367,textured,20
D100,0.00240877,0.991532218,1045.4432,0.07118932,0.00162653,100.0,25.0,1535.1136317351782,34.777198316111686,0.012,0.204053231,2.049683521,1.116455696,0.0038415524552729576,1.8485805557720396,0.30250000000000005,17.4375,7.3363596844704615,3.5489619512280797,0.8791162437737229,D100|20|1,368,textured,20
D200,0.002423892,0.982229254,1045.3818,0.07116923,0.001619878,200.0,25.0,1536.4511528029923,34.349598286026215,0.0122,0.21050381,2.057366791,1.085443038,0.0038145391236796377,1.8252155468598652,0.6006250000000001,9.984374999999998,7.337230589853338,3.5365903238700245,0.8853745127590432,D200|20|1,369,textured,20
D200,0.002434298,0.985685783,1045.3818,0.07116923,0.001619878,200.0,25.0,1548.4773687724748,34.740286452282675,0.012,0.212786698,2.058764596,1.178481013,0.003806377303402923,1.8402272190934552,0.6006250000000001,9.984374999999998,7.34502738437102,3.5479000063829558,0.8896584192814774,D200|20|1,370,textured,20
D200,0.002417538,0.988848344,1045.3818,0.07116923,0.001619878,200.0,25.0,1542.7502570329568,34.72284951118814,0.012,0.206317458,2.057642712,1.085443038,0.0038195486988373945,1.8420317310126988,0.6006250000000001,9.984374999999998,7.341321983808167,3.5473979575992685,0.8827496669394581,D200|20|1,371,textured,20
D200,0.00242781,0.990296617,1045.3818,0.07116923,0.001619878,200.0,25.0,1551.5744484961594,34.97260272493139,0.012,0.206677503,2.069375924,1.240506329,0.0038114599290835975,1.851053226350705,0.6006250000000001,9.984374999999998,7.347025467588091,3.5545649756700577,0.8869896164285163,D200|20|1,372,textured,20
D200,0.002431116,0.994747436,1045.3818,0.07116923,0.001619878,200.0,25.0,1560.6701990025429,35.33572497763689,0.012,0.20615505,2.056356092,1.05443038,0.0038088675037813036,1.8659050970601707,0.6006250000000001,9.984374999999998,7.35287062273081,3.5648944911995524,0.8883504111844606,D200|20|1,373,textured,20
D400,0.002434821,0.982728158,1045.3818,0.07116923,0.001619878,400.0,25.0,1544.1627313461665,34.539536601554914,0.0122,0.201863698,2.0430377,1.209493671,0.003805968476174197,1.8316364604702262,0.78765625,5.308593750000002,7.342237120980548,3.542104656344657,0.8898732425388312,D400|20|1,374,textured,20
D400,0.002424054,0.947217171,1045.3818,0.07116923,0.001619878,400.0,25.0,1481.7825639271093,31.946558694293856,0.0124,0.215248173,2.067464556,1.116455696,0.003814411658354422,1.7223059044447213,0.78765625,5.308593750000002,7.301001077093992,3.4640644659237183,0.885441345186657,D400|20|1,375,textured,20
D400,0.002437555,0.984121399,1045.3818,0.07116923,0.001619878,400.0,25.0,1548.088293894199,34.67643497927128,0.0124,0.19823967,2.05092407,1.085443038,0.003803833460308015,1.8370295884803456,0.78765625,5.308593750000002,7.344776089922455,3.5460603490294385,0.8909954877378639,D400|20|1,376,textured,20
D400,0.002431156,0.966902877,1045.3818,0.07116923,0.001619878,400.0,25.0,1517.0095234494554,33.38575482694154,0.0124,0.209899218,2.046116935,1.085443038,0.0038088361698548033,1.7830596692320106,0.78765625,5.308593750000002,7.32449625714653,3.5081293068173487,0.8883668643981024,D400|20|1,377,textured,20
D400,0.002438238,0.978293012,1045.3818,0.07116923,0.001619878,400.0,25.0,1539.3510577170296,34.276515509074564,0.0124,0.203972126,2.040174013,1.116455696,0.0038033006574769747,1.8199589655520687,0.78765625,5.308593750000002,7.33911621550466,3.534460440636432,0.8912756472952804,D400|20|1,378,textured,20
D600,0.002461711,0.9566479,1045.32,0.071149,0.001613252,600.0,25.0,1525.9357094878535,33.09952570081249,0.0132,0.190323618,2.030799499,1.085443038,0.0037702890688640182,1.7636291810315448,0.8556250000000001,3.6093749999999982,7.330363080870309,3.499518952999763,0.9008566366317378,D600|20|1,379,textured,20
D600,0.002463421,0.953561648,1045.32,0.071149,0.001613252,600.0,25.0,1522.0694265816016,32.90914883107878,0.0144,0.169665531,2.029389278,0.992405063,0.0037689802561322707,1.755265693889517,0.8556250000000001,3.6093749999999982,7.327826152743701,3.4937506990862564,0.9015510342920285,D600|20|1,380,textured,20
D600,0.002467951,0.958545824,1045.32,0.071149,0.001613252,600.0,25.0,1532.838711265497,33.31522502634402,0.0138,0.164811838,2.035717652,1.085443038,0.0037655196277641004,1.7719202324692827,0.8556250000000001,3.6093749999999982,7.334876662159624,3.5060145004969874,0.9033882517131443,D600|20|1,381,textured,20
D600,0.002453738,0.964123881,1045.32,0.071149,0.001613252,600.0,25.0,1532.8797131784597,33.50999234752363,0.0144,0.14998983,2.032341943,1.05443038,0.003776409554266128,1.7822601553717694,0.8556250000000001,3.6093749999999982,7.334903410808579,3.511843673385231,0.8976125761228108,D600|20|1,382,textured,20
D600,0.002464177,0.957527943,1045.32,0.071149,0.001613252,600.0,25.0,1528.869454303913,33.19367000936994,0.0202,0.086223387,2.038835416,1.116455696,0.003768402057478219,1.7672871131847518,0.8556250000000001,3.6093749999999982,7.332283822495847,3.5023591953756874,0.9018578775068898,D600|20|1,383,textured,20
D800,0.002474452,0.944639722,1045.32,0.071149,0.001613252,800.0,25.0,1514.5802345897303,32.44082575862268,0.0152,0.172180439,2.00530262,1.085443038,0.003760569896918316,1.7337041404194196,0.8906640625,2.733398437500001,7.322893606673622,3.4794176838746176,0.9060189573635096,D800|20|1,384,textured,20
D800,0.002475442,0.930807443,1045.32,0.071149,0.001613252,800.0,25.0,1492.9994583532102,31.510326939483104,0.0158,0.152846709,2.009512232,1.178481013,0.0037598178420322893,1.6936709916361543,0.8906640625,2.733398437500001,7.30854243474824,3.45031533145268,0.9064189659346834,D800|20|1,385,textured,20
D800,0.002456731,0.915986828,1045.32,0.071149,0.001613252,800.0,25.0,1458.1220653636478,30.284229055176517,0.0146,0.177231181,2.00461922,0.992405063,0.0037741084805217456,1.6432323245684957,0.8906640625,2.733398437500001,7.284904630164084,3.4106270837832042,0.8988316044358459,D800|20|1,386,textured,20
D800,0.002472115,0.938603442,1045.32,0.071149,0.001613252,800.0,25.0,1503.4807082762575,31.99730596350165,0.0144,0.171262975,2.017234302,1.085443038,0.003762346993817508,1.715040065513469,0.8906640625,2.733398437500001,7.31553817113659,3.4656517106150906,0.9050740595489732,D800|20|1,387,textured,20
D800,0.002465925,0.915625235,1045.32,0.071149,0.001613252,800.0,25.0,1463.001140504146,30.37356927236265,0.0136,0.191843271,2.007206069,1.085443038,0.003767066182591897,1.6458792273999514,0.8906640625,2.733398437500001,7.288245180585197,3.4135727984069324,0.9025669906543448,D800|20|1,388,textured,20
S50,0.002444939,0.95757086,1045.5042,0.07120927,0.00163321,50.0,6.0,1498.7275858201335,32.91539865040131,0.0122,0.199819869,2.034582604,1.209493671,0.003828043450304439,1.7664853454394625,0.16000000000000003,5.04,7.312371750980608,3.493940592358005,0.8940201737403515,S50|20|1,389,textured,20
S50,0.002446301,0.957871165,1045.5042,0.07120927,0.00163321,50.0,6.0,1500.032760339787,32.95439482129438,0.0122,0.199807919,2.023307961,1.023417722,0.0038269776531911232,1.767962475480621,0.16000000000000003,5.04,7.313242227078332,3.4951246305458796,0.8945770877479251,S50|20|1,390,textured,20
S50,0.002449383,0.958726836,1045.5042,0.07120927,0.00163321,50.0,6.0,1503.2642683930146,33.0548899398735,0.0124,0.199579653,2.025826924,1.05443038,0.0038245691981384417,1.7718280859983226,0.16000000000000003,5.04,7.315394201571299,3.498169511173993,0.8958361561057462,S50|20|1,391,textured,20
S50,0.00245262,0.959809363,1045.5042,0.07120927,0.00163321,50.0,6.0,1506.950541875041,33.17336123907417,0.0122,0.201188796,2.013036975,1.178481013,0.0038220445065725197,1.7764372789139364,0.16000000000000003,5.04,7.317843379159635,3.501747181532439,0.8971568409239727,S50|20|1,392,textured,20
S50,0.002453099,0.95684088,1045.5042,0.07120927,0.00163321,50.0,6.0,1502.583268656014,32.974921262915935,0.0122,0.202719693,2.03287125,1.209493671,0.003821671336003912,1.7678619469132788,0.16000000000000003,5.04,7.3149410849442855,3.495747310819358,0.8973521232063546,S50|20|1,393,textured,20
S100,0.002444498,0.964562499,1045.5042,0.07120927,0.00163321,100.0,6.0,1509.398140946102,33.391788473284905,0.012,0.196521046,2.019725426,1.05443038,0.00382838873408662,1.7869736816248367,0.48999999999999994,3.06,7.31946626819909,3.5083100156623166,0.8938397848730049,S100|20|1,394,textured,20
S100,0.002432607,0.970911639,1045.5042,0.07120927,0.00163321,100.0,6.0,1511.9429728058526,33.668255550183936,0.0122,0.194589216,2.039797618,1.240506329,0.0038377342375900013,1.8005552431775025,0.48999999999999994,3.06,7.321150839629952,3.5165554216194406,0.8889635217776033,S100|20|1,395,textured,20
S100,0.002443015,0.963274022,1045.5042,0.07120927,0.00163321,100.0,6.0,1506.467383219188,33.28243389552622,0.012,0.198521973,2.036185006,1.05443038,0.0038295505442149116,1.7825067571110997,0.48999999999999994,3.06,7.317522707635138,3.5050297471588507,0.8932329322485673,S100|20|1,396,textured,20
S100,0.002446461,0.963174943,1045.5042,0.07120927,0.00163321,100.0,6.0,1508.4371654519398,33.32252456875829,0.0122,0.196691729,2.03838733,1.209493671,0.0038268525078411064,1.783721336011946,0.48999999999999994,3.06,7.318829404070285,3.5062335817981363,0.8946424904795753,S100|20|1,397,textured,20
S100,0.002436912,0.961713747,1045.5042,0.07120927,0.00163321,100.0,6.0,1500.2699893842998,33.09182681089542,0.0122,0.19542784,2.036193882,1.178481013,0.0038343429068897253,1.7752232367874512,0.48999999999999994,3.06,7.313400363816386,3.4992863277500996,0.8907316640198123,S100|20|1,398,textured,20
S200,0.002472353,0.944294061,1045.4432,0.07118932,0.00162653,200.0,6.0,1500.5694535574314,32.375060825933524,0.0128,0.196054651,2.012022796,1.147468354,0.0037918329404580363,1.7366334122728933,0.7224999999999999,1.6650000000000005,7.313599950751854,3.47738839881125,0.9051703287533381,S200|20|1,399,textured,20
S200,0.002470014,0.94546969,1045.4432,0.07118932,0.00162653,200.0,6.0,1501.0162357183924,32.425018598034285,0.0124,0.203166584,2.023972604,1.116455696,0.003793627869267187,1.7391060981145015,0.7224999999999999,1.6650000000000005,7.313897648176157,3.478930303773177,0.904223818640017,S200|20|1,400,textured,20
S200,0.002476787,0.944296451,1045.4432,0.07118932,0.00162653,200.0,6.0,1503.2644294027643,32.43328751160524,0.0122,0.206984137,2.013429352,1.147468354,0.003788437307577947,1.7385085043950794,0.7224999999999999,1.6650000000000005,7.3153943086780435,3.47918528772548,0.906962155691486,S200|20|1,401,textured,20
S200,0.002476668,0.941647829,1045.4432,0.07118932,0.00162653,200.0,6.0,1498.9759554705984,32.25005126424946,0.0128,0.197361154,2.013525821,1.05443038,0.0037885283207101843,1.7306631344805563,0.7224999999999999,1.6650000000000005,7.312537457594095,3.4735196328296487,0.9069141084194213,S200|20|1,402,textured,20
S200,0.002476866,0.944702735,1045.4432,0.07118932,0.00162653,200.0,6.0,1503.95917863895,32.46223777823682,0.0128,0.199891247,2.013365047,1.116455696,0.003788376890717732,1.7397387431918696,0.7224999999999999,1.6650000000000005,7.315856362279038,3.4800774992738956,0.90699405134506,S200|20|1,403,textured,20
S400,0.002467474,0.936494535,1045.3818,0.07116923,0.001619878,400.0,6.0,1491.2500118718033,31.786722284813155,0.0122,0.206098988,2.000918649,1.085443038,0.003780701709355776,1.7093286170838087,0.8556250000000001,0.8662499999999995,7.307369981373101,3.4590486643793565,0.9031949552892353,S400|20|1,404,textured,20
S400,0.002472868,0.942156592,1045.3818,0.07116923,0.001619878,400.0,6.0,1503.5457706973045,32.24257988662227,0.012,0.206851287,2.006587247,1.085443038,0.0037765760872244237,1.728156715037039,0.8556250000000001,0.8662499999999995,7.315581444730297,3.473287935734111,0.9053786106488739,S400|20|1,405,textured,20
S400,0.002471679,0.946137153,1045.3818,0.07116923,0.001619878,400.0,6.0,1509.1721842693476,32.499967664984574,0.0122,0.201279739,2.007552339,1.178481013,0.0037774843380687898,1.7393517242862184,0.8556250000000001,0.8662499999999995,7.3193165571419785,3.481239094411645,0.9048976767947038,S400|20|1,406,textured,20
S400,0.002473462,0.934171059,1045.3818,0.07116923,0.001619878,400.0,6.0,1491.1601149675187,31.70594686247258,0.0122,0.210945278,2.016135748,1.116455696,0.0037761225890722686,1.705026039102105,0.8556250000000001,0.8662499999999995,7.307309696636603,3.4565042614741506,0.9056187887214471,S400|20|1,407,textured,20
S400,0.002465687,0.94787548,1045.3818,0.07116923,0.001619878,400.0,6.0,1508.2796168318607,32.540422762577236,0.0128,0.201223377,2.007400124,0.992405063,0.00378207148789603,1.7419289868883445,0.8556250000000001,0.8662499999999995,7.318724953681606,3.4824830937955316,0.902470470490072,S400|20|1,408,textured,20
S600,0.002478171,0.940197074,1045.3818,0.07116923,0.001619878,600.0,6.0,1503.6362712630628,32.17745775042615,0.0126,0.201308659,2.002293432,1.271518987,0.0037725332047045266,1.7246247382709483,0.9025,0.5850000000000002,7.315641634346038,3.471266137524487,0.9075207880899816,S600|20|1,409,textured,20
S600,0.002475679,0.945295753,1045.3818,0.07116923,0.001619878,600.0,6.0,1510.2702484398344,32.49469117842396,0.0134,0.19621427,2.009319501,1.023417722,0.003774431429020669,1.7385634575592164,0.9025,0.5850000000000002,7.3200438862720185,3.4810767276367103,0.9065147018297184,S600|20|1,410,textured,20
S600,0.002478092,0.941381052,1045.3818,0.07116923,0.001619878,600.0,6.0,1505.4817871440214,32.25752173995775,0.013,0.199329253,2.017374996,1.085443038,0.003772593337207267,1.7280678733563821,0.9025,0.5850000000000002,7.316868250302297,3.4737512482941213,0.907488909232864,S600|20|1,411,textured,20
S600,0.002479238,0.940165268,1045.3818,0.07116923,0.001619878,600.0,6.0,1504.2327875741744,32.189134091717875,0.0132,0.195176864,2.016442329,1.116455696,0.00377172131691518,1.7249768609155605,0.9025,0.5850000000000002,7.316038271504946,3.47162894503334,0.9079512548989442,S600|20|1,412,textured,20
S600,0.002475956,0.935186792,1045.3818,0.07116923,0.001619878,600.0,6.0,1494.2866439614006,31.80697146729302,0.0122,0.208897813,2.004084507,1.05443038,0.003774220289010598,1.7090263288344987,0.9025,0.5850000000000002,7.309404210717308,3.4596854942902953,0.9066265840667125,S600|20|1,413,textured,20
S800,0.002478329,0.946162298,1045.32,0.071149,0.001613252,800.0,6.0,1519.3983308811225,32.59647931916512,0.0158,0.146220424,2.007171096,1.116455696,0.0037576273021411614,1.7398108596785704,0.9264062500000001,0.4415624999999994,7.326069700530359,3.4842042861960087,0.9075845427555937,S800|20|1,414,textured,20
S800,0.002477103,0.942339196,1045.32,0.071149,0.001613252,800.0,6.0,1512.510396672881,32.31759514098695,0.0414,0.014473399,2.008164277,1.147468354,0.003758557073973984,1.7280634658539225,0.9264062500000001,0.4415624999999994,7.321526063714682,3.4756118231180064,0.9070897322022397,S800|20|1,415,textured,20
S800,0.002473343,0.944516895,1045.32,0.071149,0.001613252,800.0,6.0,1513.7045845711245,32.41785450530614,0.0188,0.090749075,2.006201599,1.178481013,0.0037614128864734164,1.7328773222740668,0.9264062500000001,0.4415624999999994,7.322315292482387,3.478709335996321,0.9055706768593369,S800|20|1,416,textured,20
S800,0.002479949,0.945898292,1045.32,0.071149,0.001613252,800.0,6.0,1519.9672781098047,32.59958650968072,0.0146,0.17813539,2.010861938,1.05443038,0.003756399786841594,1.7397161541498576,0.9264062500000001,0.4415624999999994,7.3264440860492615,3.484299604540097,0.9082379954493092,S800|20|1,417,textured,20
S800,0.002479594,0.944185909,1045.32,0.071149,0.001613252,800.0,6.0,1516.998457325661,32.47701198872148,0.0142,0.17304359,2.001144559,1.05443038,0.0037566686764658906,1.7345307759287,0.9264062500000001,0.4415624999999994,7.324488962423599,3.480532515640502,0.9080948370975795,S800|20|1,418,textured,20
D50,0.002355582,1.191750868,1045.22655,0.071118393,0.001603365,50.0,25.0,1830.0448679192518,49.169713633764786,0.0116,0.145411421,2.484568666,1.743329098,0.003831661205064236,2.4362002526597353,0.010000000000000002,24.75,7.5120957635235674,3.8952778574037317,0.856787830693826,D50|20|2,419,textured,20
D50,0.002358472,1.196626106,1045.22655,0.071118393,0.001603365,50.0,25.0,1839.7856691412255,49.63364491357029,0.0114,0.143801159,2.497363881,1.618805591,0.003829312884786193,2.453970155840505,0.010000000000000002,24.75,7.517404359655847,3.904668928642921,0.8580139517191949,D50|20|2,420,textured,20
D50,0.002357467,1.193631065,1045.22655,0.071118393,0.001603365,50.0,25.0,1834.3988476796003,49.364454972918324,0.0116,0.147026831,2.49842825,1.712198221,0.0038301290254537453,2.443525293207184,0.010000000000000002,24.75,7.51447210337058,3.899230630243187,0.8575877375483949,D50|20|2,421,textured,20
D50,0.002362403,1.204513555,1045.22655,0.071118393,0.001603365,50.0,25.0,1854.9991324695136,50.373933783191546,0.0116,0.144515195,2.461581844,1.618805591,0.0038261256012947615,2.482380680421355,0.010000000000000002,24.75,7.525639507370005,3.9194738544486403,0.8596793213417916,D50|20|2,422,textured,20
D50,0.002397493,1.282686218,1045.22655,0.071118393,0.001603365,50.0,25.0,2004.7296328563286,57.97312385676564,0.0116,0.133474305,2.435941445,1.712198221,0.0037980225719064535,2.7695191904970518,0.010000000000000002,24.75,7.603264484192373,4.059979521372002,0.8744236080631648,D50|20|2,423,textured,20
D100,0.002407231,1.267701115,1045.22655,0.071118393,0.001603365,100.0,25.0,1989.356757796015,56.856485415733985,0.0122,0.11744956,2.40022232,1.43202033,0.0037903326942498278,2.724550994426977,0.30250000000000005,17.4375,7.595566628177671,4.040530293122417,0.8784771242833463,D100|20|2,424,textured,20
D100,0.002424679,1.272691981,1045.22655,0.071118393,0.001603365,100.0,25.0,2011.6646876598707,57.72040432122502,0.012,0.142249275,2.377815583,1.743329098,0.003776670446691722,2.753639783856642,0.30250000000000005,17.4375,7.606717861098268,4.055610738753365,0.885699144493594,D100|20|2,425,textured,20
D100,0.002422927,1.271105331,1045.22655,0.071118393,0.001603365,100.0,25.0,2007.7050129959453,57.53497224614673,0.012,0.143718606,2.394952399,1.649936468,0.0037780356407171186,2.746957540288488,0.30250000000000005,17.4375,7.604747564141381,4.052392975893221,0.8849763134399636,D100|20|2,426,textured,20
D100,0.002418319,1.262861271,1045.22655,0.071118393,0.001603365,100.0,25.0,1990.8900052782985,56.68307149676014,0.0122,0.149111206,2.394366926,1.463151207,0.0037816333676949014,2.715404096660369,0.30250000000000005,17.4375,7.596337056570376,4.03747560348763,0.8830726707035439,D100|20|2,427,textured,20
D100,0.002422601,1.271153339,1045.16375,0.071097813,0.001596807,100.0,25.0,2015.6343244145971,57.54477203101771,0.0122,0.144484219,2.379854414,1.681067344,0.0037634936843540245,2.743097066787387,0.30250000000000005,17.4375,7.608689226039594,4.052563288835019,0.8848417563801377,D100|20|2,428,textured,20
D200,0.002447049,1.220321551,1045.16375,0.071097813,0.001596807,200.0,25.0,1954.5593284042586,53.56971359166944,0.012,0.128152287,2.376433228,1.463151207,0.00374464631714751,2.5852335385919742,0.6006250000000001,9.984374999999998,7.577920039545533,3.980983863447168,0.8948828087798669,D200|20|2,429,textured,20
D200,0.00242366,1.220302794,1045.16375,0.071097813,0.001596807,200.0,25.0,1935.8478104683131,53.056060918029544,0.0122,0.159294962,2.409641323,1.494282084,0.0037626713793958663,2.570315993235732,0.6006250000000001,9.984374999999998,7.568300654451279,3.9713491076957794,0.8852787943427468,D200|20|2,430,textured,20
D200,0.002433132,1.241915667,1045.16375,0.071097813,0.001596807,200.0,25.0,1977.8333105769982,55.16682358917177,0.0122,0.153619397,2.405379084,1.463151207,0.003755340339203982,2.649732935569254,0.6006250000000001,9.984374999999998,7.589757236931395,4.010361750661671,0.8891793163370885,D200|20|2,431,textured,20
D200,0.002448581,1.230469547,1045.16375,0.071097813,0.001596807,200.0,25.0,1972.0469742896782,54.4984701737951,0.0122,0.159599886,2.374945926,1.712198221,0.003743474680233687,2.6207006059166726,0.6006250000000001,9.984374999999998,7.586827355512585,3.9981726310696284,0.8955086730915112,D200|20|2,432,textured,20
D200,0.002439534,1.22060726,1045.16375,0.071097813,0.001596807,200.0,25.0,1949.0129946323145,53.43020855609839,0.0122,0.156262284,2.383753703,1.681067344,0.0037504095855103027,2.5814337008299786,0.6006250000000001,9.984374999999998,7.575078366818487,3.978376289314081,0.8918070374588618,D200|20|2,433,textured,20
D400,0.00242146,1.218127909,1045.16375,0.071097813,0.001596807,400.0,25.0,1930.6435728813374,52.819122654445565,0.012,0.145844435,2.422115978,1.649936468,0.003764380265292588,2.561594261671548,0.78765625,5.308593750000002,7.565608683765822,3.9668732966296654,0.8843706640379473,D400|20|2,434,textured,20
D400,0.002436294,1.245127585,1045.16375,0.071097813,0.001596807,400.0,25.0,1985.5254633698455,55.52460807487682,0.012,0.145950307,2.412479091,1.774459975,0.0037529025707089027,2.6627801899484407,0.78765625,5.308593750000002,7.593638875152806,4.016826311221168,0.8904780322204124,D400|20|2,435,textured,20
D400,0.002428015,1.22748328,1045.16375,0.071097813,0.001596807,400.0,25.0,1950.737628134207,53.778741182605216,0.0122,0.144048587,2.389934264,1.525412961,0.0037592954141895526,2.5973536595009854,0.78765625,5.308593750000002,7.5759628508694705,3.984878243772525,0.8870740511023859,D400|20|2,436,textured,20
D400,0.002422887,1.218900628,1045.16375,0.071097813,0.001596807,400.0,25.0,1933.0067527349167,52.91732203742281,0.0122,0.160856538,2.384713733,1.556543837,0.0037632715545231187,2.565101233121395,0.78765625,5.308593750000002,7.566831972598461,3.9687307339871696,0.8849598043457222,D400|20|2,437,textured,20
D400,0.002439372,1.251641489,1045.16375,0.071097813,0.001596807,400.0,25.0,1998.434395047746,56.177968756872694,0.012,0.139713167,2.399226086,1.681067344,0.0037505341167966316,2.68713863987791,0.78765625,5.308593750000002,7.600119350516108,4.028524665039412,0.8917406291287733,D400|20|2,438,textured,20
D600,0.002479549,1.198770992,1045.0688,0.07106668,0.001587021,600.0,25.0,1957.3618937605986,52.39912089564258,0.0136,0.135083425,2.360350625,1.463151207,0.0036982040619772754,2.527292736477343,0.8556250000000001,3.6093749999999982,7.57935287301873,3.95888981438555,0.908076688800585,D600|20|2,439,textured,20
D600,0.002480663,1.200719434,1045.0688,0.07106668,0.001587021,600.0,25.0,1961.4241474600894,52.59321307537141,0.0148,0.120362046,2.354270436,1.556543837,0.0036973735860214335,2.534551364227516,0.8556250000000001,3.6093749999999982,7.581426094221321,3.962587082433374,0.9085258631579431,D600|20|2,440,textured,20
D600,0.002478912,1.20010247,1045.0688,0.07106668,0.001587021,600.0,25.0,1959.032532775937,52.502093877311985,0.0146,0.117288656,2.37100385,1.494282084,0.003698679190716959,2.531395273752982,0.8556250000000001,3.6093749999999982,7.58020602463459,3.9608530521796284,0.9078197542382261,D600|20|2,441,textured,20
D600,0.002476561,1.191790097,1045.0688,0.07106668,0.001587021,600.0,25.0,1943.6184396912927,51.72820751452643,0.0134,0.129654887,2.328001537,1.712198221,0.003700434352829609,2.501975341979688,0.8556250000000001,3.6093749999999982,7.572306689876789,3.9460032326230055,0.9068709042792465,D600|20|2,442,textured,20
D600,0.002477996,1.187229554,1045.0688,0.07106668,0.001587021,600.0,25.0,1937.302811950764,51.36281932580059,0.0122,0.149588868,2.321628667,1.618805591,0.0036993627424863965,2.4875387272217875,0.8556250000000001,3.6093749999999982,7.5690519815711035,3.938914551290238,0.9074501690006439,D600|20|2,443,textured,20
D800,0.002458479,1.199155245,1045.0688,0.07106668,0.001587021,800.0,25.0,1941.3512651405722,51.98717050811952,0.0126,0.123403097,2.324864186,1.649936468,0.0037140176846473844,2.515674986748988,0.8906640625,2.733398437500001,7.571139538017009,3.9509969671430936,0.899542866039599,D800|20|2,444,textured,20
D800,0.002455827,1.196526472,1045.0688,0.07106668,0.001587021,800.0,25.0,1935.005884021642,51.703655327716014,0.0138,0.122813656,2.332444837,1.618805591,0.00371602249142799,2.505234199948124,0.8906640625,2.733398437500001,7.567865646297316,3.9455284816788208,0.8984635680644874,D800|20|2,445,textured,20
D800,0.002460205,1.210967697,1045.0688,0.07106668,0.001587021,800.0,25.0,1961.851197415195,53.053650081709044,0.0146,0.111041728,2.333356188,1.494282084,0.0037127146389155305,2.556517930664025,0.8906640625,2.733398437500001,7.581643794953109,3.971303667249317,0.9002446798055755,D800|20|2,446,textured,20
D800,0.002459402,1.203001042,1045.0688,0.07106668,0.001587021,800.0,25.0,1948.308539908577,52.340803346236044,0.0152,0.109543317,2.344244002,1.681067344,0.003713320694075233,2.5291657409790704,0.8906640625,2.733398437500001,7.574716859703836,3.957776245593994,0.8999182309623522,D800|20|2,447,textured,20
D800,0.002461889,1.21317965,1045.0688,0.07106668,0.001587021,800.0,25.0,1966.7800456629818,53.28409042367815,0.0132,0.117679705,2.392456042,1.556543837,0.003711444622072967,2.5650464805765965,0.8906640625,2.733398437500001,7.584152989901094,3.9756377955014797,0.9009289414493824,D800|20|2,448,textured,20
S50,0.002450274,1.193676603,1045.22655,0.071118393,0.001603365,50.0,6.0,1906.686830237599,51.311712908114075,0.0124,0.150854734,2.358059239,1.743329098,0.0037568935484027224,2.5009485990650453,0.16000000000000003,5.04,7.553122370949255,3.9379190479108654,0.8961998550380682,S50|20|2,449,textured,20
S50,0.002459803,1.211204137,1045.22655,0.071118393,0.001603365,50.0,6.0,1942.2078542321776,53.03511513566309,0.0124,0.145219563,2.359048519,1.525412961,0.0037496095958483595,2.5659325357258322,0.16000000000000003,5.04,7.571580674139399,3.970954243892441,0.9000812654367798,S50|20|2,450,textured,20
S50,0.002457153,1.206652328,1045.22655,0.071118393,0.001603365,50.0,6.0,1932.8243506011215,52.58053587897187,0.012,0.126984181,2.346389412,1.43202033,0.003751630997810945,2.5488721531001333,0.16000000000000003,5.04,7.566737606275125,3.9623460109381203,0.899003362662551,S50|20|2,451,textured,20
S50,0.002461007,1.21380811,1045.22655,0.071118393,0.001603365,50.0,6.0,1947.3361117466254,53.289471956201545,0.0118,0.15344889,2.368014463,1.43202033,0.0037486922717102945,2.57552073013123,0.16000000000000003,5.04,7.574217621057038,3.975738787387418,0.90057061577708,S50|20|2,452,textured,20
S50,0.002461208,1.213796151,1045.22655,0.071118393,0.001603365,50.0,6.0,1947.4759706253315,53.292774168611686,0.0118,0.149866334,2.377940402,1.463151207,0.0037485391959582574,2.575606337510738,0.16000000000000003,5.04,7.574289439093857,3.9758007529122827,0.9006522863258519,S50|20|2,453,textured,20
S100,0.002463973,1.214138435,1045.22655,0.071118393,0.001603365,100.0,6.0,1950.2136223230698,53.38273954197591,0.0122,0.146763146,2.355055985,1.494282084,0.003746435353859549,2.5785050318691862,0.48999999999999994,3.06,7.575694195466906,3.9774874641652054,0.9017750878190284,S100|20|2,454,textured,20
S100,0.002464775,1.217267031,1045.22655,0.071118393,0.001603365,100.0,6.0,1955.875351195407,53.675672885307634,0.0118,0.150943889,2.34418626,1.743329098,0.003745825787954018,2.5896497401490244,0.48999999999999994,3.06,7.578593122181434,3.9829598799751835,0.9021005254381069,S100|20|2,455,textured,20
S100,0.002463493,1.216148503,1045.22655,0.071118393,0.001603365,100.0,6.0,1953.0617553969926,53.54920773211129,0.012,0.144119298,2.350460873,1.681067344,0.0037468003237176636,2.585036380098048,0.48999999999999994,3.06,7.577153551163743,3.980601001865755,0.9015802615121526,S100|20|2,456,textured,20
S100,0.002459001,1.211584755,1045.22655,0.071118393,0.001603365,100.0,6.0,1942.1847473532953,53.05115012476627,0.0122,0.144960844,2.354754656,1.618805591,0.00375022101116261,2.566720551599825,0.48999999999999994,3.06,7.571568776846179,3.971256544839428,0.8997551699033507,S100|20|2,457,textured,20
S100,0.002460445,1.21277896,1045.16375,0.071097813,0.001596807,100.0,6.0,1953.112349248295,53.199195639764085,0.0124,0.143124138,2.348310931,1.556543837,0.0037344384588907267,2.5681132732923153,0.48999999999999994,3.06,7.577179455718916,3.9740432766799905,0.9003422278938119,S100|20|2,458,textured,20
S200,0.002495818,1.185136949,1045.16375,0.071097813,0.001596807,200.0,6.0,1936.0357009163292,51.53212906049065,0.0128,0.146163046,2.31502858,1.681067344,0.0037078800935822693,2.496391764470312,0.7224999999999999,1.6650000000000005,7.568397708222452,3.9422054783989093,0.9146165311819652,S200|20|2,459,textured,20
S200,0.002493325,1.186045598,1045.16375,0.071097813,0.001596807,200.0,6.0,1935.5847344066183,51.559626205499036,0.0126,0.152347818,2.327331882,1.494282084,0.003709733328838945,2.497956578609404,0.7224999999999999,1.6650000000000005,7.56816474813802,3.9427389283453094,0.9136171610667015,S200|20|2,460,textured,20
S200,0.002494394,1.188371617,1045.16375,0.071097813,0.001596807,200.0,6.0,1940.212214967832,51.78425003598818,0.0124,0.148901337,2.321342581,1.587674714,0.003708938320130172,2.506443949917085,0.7224999999999999,1.6650000000000005,7.570552635233493,3.9470860496725413,0.9140458139304128,S200|20|2,461,textured,20
S200,0.002480504,1.200824997,1045.16375,0.071097813,0.001596807,200.0,6.0,1949.6271414579148,52.58083371670827,0.0122,0.153037617,2.354421515,1.681067344,0.003719308235829059,2.5400767721410493,0.7224999999999999,1.6650000000000005,7.575393423766162,3.9623516753325183,0.9084617653357757,S200|20|2,462,textured,20
S200,0.002478514,1.198910829,1045.16375,0.071097813,0.001596807,200.0,6.0,1944.9577423765413,52.37128605897898,0.013,0.142210525,2.346264224,1.556543837,0.003720801053366882,2.5323817254039502,0.7224999999999999,1.6650000000000005,7.572995529531973,3.958358465159608,0.907659187040307,S200|20|2,463,textured,20
S400,0.002493246,1.178040546,1045.16375,0.071097813,0.001596807,400.0,6.0,1922.4598565688475,50.864374036276246,0.0128,0.152314916,2.302433632,1.681067344,0.003709792100939953,2.470988887107679,0.8556250000000001,0.8662499999999995,7.561360820313337,3.9291627577957864,0.9135854759668578,S400|20|2,464,textured,20
S400,0.002494077,1.180754269,1045.16375,0.071097813,0.001596807,400.0,6.0,1927.5306495799193,51.116016640822004,0.0122,0.153161627,2.301666197,1.494282084,0.0037091740177631234,2.4805985520482463,0.8556250000000001,0.8662499999999995,7.563995006519839,3.9340978852965645,0.9139187208790843,S400|20|2,465,textured,20
S400,0.002494552,1.183268201,1045.16375,0.071097813,0.001596807,400.0,6.0,1932.0024177847945,51.34368614700224,0.0124,0.152738353,2.301228007,1.43202033,0.00370882085985392,2.4893386308966106,0.8556250000000001,0.8662499999999995,7.566312266213085,3.938541971599563,0.9141091539625771,S400|20|2,466,textured,20
S400,0.002493325,1.17496698,1045.16375,0.071097813,0.001596807,400.0,6.0,1917.5048191695632,50.60090821568941,0.0122,0.156779676,2.312349059,1.618805591,0.003709733328838945,2.4607286529236294,0.8556250000000001,0.8662499999999995,7.55878004649487,3.923969525059008,0.9136171610667015,S400|20|2,467,textured,20
S400,0.002492018,1.185628643,1045.16375,0.071097813,0.001596807,400.0,6.0,1933.890002425867,51.49637240984966,0.0124,0.150518394,2.29357413,1.618805591,0.00371070603166108,2.4957663767315705,0.8556250000000001,0.8662499999999995,7.567288798711096,3.9415113665450767,0.9130928240130848,S400|20|2,468,textured,20
S600,0.002493919,1.180963984,1045.0688,0.07106668,0.001587021,600.0,6.0,1939.4616914621377,51.14868882841009,0.0128,0.148160387,2.306805401,1.463151207,0.003687534115059854,2.4760648953828706,0.9025,0.5850000000000002,7.570165734925292,3.9347368582159072,0.9138553687833518,S600|20|2,469,textured,20
S600,0.002495502,1.182109974,1045.0688,0.07106668,0.001587021,600.0,6.0,1942.5759726109793,51.28053421725618,0.0128,0.146690113,2.300352377,1.463151207,0.003686364351918302,2.4808547382669723,0.9025,0.5850000000000002,7.57177019221624,3.937311230211353,0.9144899113698024,S600|20|2,470,textured,20
S600,0.00249289,1.187129177,1045.0688,0.07106668,0.001587021,600.0,6.0,1948.782196326758,51.66279865221103,0.0132,0.140397075,2.312753062,1.649936468,0.003688295095512331,2.496161080664527,0.9025,0.5850000000000002,7.574959941763029,3.944737960652713,0.91344268002202,S600|20|2,471,textured,20
S600,0.002495146,1.183930868,1045.0688,0.07106668,0.001587021,600.0,6.0,1945.2907220047227,51.43130045162981,0.0132,0.143163252,2.305671252,1.463151207,0.003686627322282006,2.486759006362415,0.9025,0.5850000000000002,7.573166716350523,3.9402469453242266,0.9143472445254953,S600|20|2,472,textured,20
S600,0.002492494,1.184721363,1045.0688,0.07106668,0.001587021,600.0,6.0,1944.5206076171653,51.44526589784946,0.0124,0.149463767,2.308124581,1.681067344,0.003688588076528511,2.4878282566664853,0.9025,0.5850000000000002,7.572770751439961,3.9405184443993027,0.9132838156292941,S600|20|2,473,textured,20
S800,0.002503085,1.176485664,1045.0688,0.07106668,0.001587021,800.0,6.0,1939.2082312311445,50.948069408405345,0.015,0.127609025,2.283433535,1.618805591,0.003680776266780118,2.46648201722226,0.9264062500000001,0.4415624999999994,7.570035040519011,3.93080686706476,0.9175239711219363,S800|20|2,474,textured,20
S800,0.002508522,1.177412701,1045.0688,0.07106668,0.001587021,800.0,6.0,1944.951783067004,51.13923205158693,0.0136,0.143727725,2.28344892,1.649936468,0.003676785224226582,2.472809532922442,0.9264062500000001,0.4415624999999994,7.572992465548351,3.9345519531602813,0.9196937350850961,S800|20|2,475,textured,20
S800,0.002506002,1.176909029,1045.0688,0.07106668,0.001587021,800.0,6.0,1942.1667589510018,51.04415958633236,0.0204,0.067806565,2.305620968,1.463151207,0.0036786334211996907,2.4696274921425747,0.9264062500000001,0.4415624999999994,7.571559514861384,3.932691132313288,0.9186886545581548,S800|20|2,476,textured,20
S800,0.002495462,1.183476967,1045.0688,0.07106668,0.001587021,800.0,6.0,1944.7911959070457,51.39838063179761,0.0136,0.135107263,2.285418849,1.649936468,0.0036863938963439817,2.485422607194411,0.9264062500000001,0.4415624999999994,7.572909896000226,3.939606666746874,0.9144738824022518,S800|20|2,477,textured,20
S800,0.002494631,1.189001766,1045.0688,0.07106668,0.001587021,800.0,6.0,1953.219373608409,51.86210849692713,0.017,0.096797087,2.29616334,1.649936468,0.0036870078425056524,2.5035124763697083,0.9264062500000001,0.4415624999999994,7.577234251044932,3.9485884367643016,0.9141408224742378,S800|20|2,478,textured,20
D50,0.002403625,1.518382172,1045.5648,0.07122908,0.001639917,50.0,25.0,2326.8955776290845,81.34343781556856,0.0106,0.098566435,2.690730088,1.974811083,0.003876005345307386,3.6611014659772896,0.010000000000000002,24.75,7.752290288049209,4.398680164345827,0.8769780144886141,D50|20|3,479,textured,20
D50,0.002379782,1.5385933,1045.5648,0.07122908,0.001639917,50.0,25.0,2334.479680428322,82.69485080605799,0.011,0.093048722,2.738434207,1.974811083,0.003895373772795351,3.7170844553291773,0.010000000000000002,24.75,7.755544310337267,4.415157336561059,0.8670088868494996,D50|20|3,480,textured,20
D50,0.002365681,1.499874556,1045.5648,0.07122908,0.001639917,50.0,25.0,2262.2479614051085,78.11953980914816,0.011,0.111694834,2.817365633,2.221662469,0.00390696600690353,3.5558513234823916,0.010000000000000002,24.75,7.724114271094847,4.358240215171211,0.861065929754507,D50|20|3,481,textured,20
D50,0.002379334,1.529676339,1045.5648,0.07122908,0.001639917,50.0,25.0,2320.5132126407652,81.72372008363918,0.0106,0.101770997,2.759699812,2.036523929,0.0038957404815700156,3.6822605011469562,0.010000000000000002,24.75,7.74954365254167,4.403344291229014,0.8668206165903493,D50|20|3,482,textured,20
D50,0.002329034,1.416675084,1045.5648,0.07122908,0.001639917,50.0,25.0,2103.6581644624116,68.61356090265845,0.011,0.111031755,2.814001244,1.789672544,0.003937583796918009,3.215288082642794,0.010000000000000002,24.75,7.651433091296052,4.228490195992336,0.8454535893357921,D50|20|3,483,textured,20
D100,0.002423835,1.502434697,1045.5648,0.07122908,0.001639917,100.0,25.0,2321.815696186159,80.31337569453518,0.011,0.12100821,2.632649339,1.94395466,0.003859812403084334,3.617901870870868,0.30250000000000005,17.4375,7.750104786233465,4.385936178619638,0.885350996583317,D100|20|3,484,textured,20
D100,0.002416903,1.496941089,1045.5648,0.07122908,0.001639917,100.0,25.0,2306.710093759809,79.49910846313928,0.0112,0.121946826,2.670840698,2.036523929,0.003865343668083492,3.5905836743915818,0.30250000000000005,17.4375,7.743577586540868,4.375745807297271,0.8824869685204881,D100|20|3,485,textured,20
D100,0.002425075,1.50726978,1045.5648,0.07122908,0.001639917,100.0,25.0,2330.479313490216,80.87248295557629,0.011,0.123594815,2.656750954,1.882241814,0.003858825468792131,3.6376647877521897,0.30250000000000005,17.4375,7.753829239347833,4.392873629685447,0.8858624517462425,D100|20|3,486,textured,20
D100,0.002415298,1.499883606,1045.5648,0.07122908,0.001639917,100.0,25.0,2309.709527867154,79.75895533745354,0.0114,0.128467776,2.667506004,1.974811083,0.0038666277428205283,3.600447732812388,0.30250000000000005,17.4375,7.744877050097155,4.379009027993255,0.881822674937079,D100|20|3,487,textured,20
D100,0.002415177,1.493169925,1045.5648,0.07122908,0.001639917,100.0,25.0,2299.2557646231444,79.04256970033164,0.0112,0.11502625,2.657418213,1.882241814,0.003866724600338027,3.574589186657536,0.30250000000000005,17.4375,7.74034076895511,4.369986564301964,0.8817725763442799,D100|20|3,488,textured,20
D200,0.00247452,1.422503225,1045.4432,0.07118932,0.00162653,200.0,25.0,2262.4687651390605,73.53313553792741,0.0108,0.129197292,2.588700967,2.098236776,0.003790172274610211,3.346956348838738,0.6006250000000001,9.984374999999998,7.724211870015386,4.297736128273614,0.9060464378180382,D200|20|3,489,textured,20
D200,0.00246041,1.442911348,1045.4432,0.07118932,0.00162653,200.0,25.0,2281.8416172503207,75.22676377423052,0.011,0.120099967,2.613579889,1.974811083,0.003801024709026898,3.412386226652813,0.6006250000000001,9.984374999999998,7.732738122776872,4.320507068891032,0.9003280027235923,D200|20|3,490,textured,20
D200,0.002438833,1.459771295,1045.4432,0.07118932,0.00162653,200.0,25.0,2288.2593547872016,76.31981329076696,0.011,0.117824091,2.697432993,1.94395466,0.003817802017423355,3.458081309946963,0.6006250000000001,9.984374999999998,7.7355467004406036,4.3349325807372345,0.8915196462048521,D200|20|3,491,textured,20
D200,0.002446139,1.468819078,1045.4432,0.07118932,0.00162653,200.0,25.0,2309.339589857017,77.50029203497824,0.011,0.127997156,2.669193554,1.913098237,0.0038120963482166496,3.4987121940282253,0.6006250000000001,9.984374999999998,7.744716870804188,4.350281704545469,0.8945108631237869,D200|20|3,492,textured,20
D200,0.002441774,1.466044477,1045.4432,0.07118932,0.00162653,200.0,25.0,2300.864139961328,77.06999928483957,0.011,0.124297635,2.699238938,2.221662469,0.003815502144725265,3.4844076998194735,0.6006250000000001,9.984374999999998,7.74104004438144,4.34471409051054,0.8927248243132193,D200|20|3,493,textured,20
D400,0.002472638,1.422508593,1045.32,0.071149,0.001613252,400.0,25.0,2279.0952994957515,73.51074018083756,0.011,0.124558194,2.610637885,2.005667506,0.0037619490763830367,3.336151784987411,0.78765625,5.308593750000002,7.731533844736368,4.297431520452941,0.9052855969106777,D400|20|3,494,textured,20
D400,0.002473932,1.422133948,1045.32,0.071149,0.001613252,400.0,25.0,2279.6874555263607,73.51047429174771,0.0108,0.125107165,2.659162876,2.036523929,0.0037609650964629906,3.3357930619379803,0.78765625,5.308593750000002,7.731793631642549,4.297427903436297,0.9058087877396833,D400|20|3,495,textured,20
D400,0.002472168,1.424096535,1045.32,0.071149,0.001613252,400.0,25.0,2281.20575170126,73.66094725005075,0.011,0.124169035,2.621120179,2.129093199,0.0037623066637389254,3.3417312213401806,0.78765625,5.308593750000002,7.732459420628171,4.299472770695987,0.9050954984512375,D400|20|3,496,textured,20
D400,0.002457886,1.451315756,1045.32,0.071149,0.001613252,400.0,25.0,2311.3765008505725,76.06169784632753,0.0104,0.110724491,2.716696143,2.005667506,0.0037732216193089928,3.4325568444127685,0.78765625,5.308593750000002,7.745598513859295,4.331544824711234,0.8993016308982391,D400|20|3,497,textured,20
D400,0.002457728,1.45470592,1045.32,0.071149,0.001613252,400.0,25.0,2316.626772774081,76.41254930916364,0.0106,0.091683097,2.661629247,2.098236776,0.003773342901939674,3.4452620519912664,0.78765625,5.308593750000002,7.747867429357167,4.336146940656957,0.8992373459482598,D400|20|3,498,textured,20
D600,0.00247781,1.416541339,1045.32,0.071149,0.001613252,600.0,25.0,2274.28193671261,73.04777075705054,0.0106,0.102419514,2.72971974,2.005667506,0.0037580208162641656,3.317945484216752,0.8556250000000001,3.6093749999999982,7.729419649348482,4.291113621058246,0.907375105529601,D600|20|3,499,textured,20
D600,0.002479102,1.421176729,1045.32,0.071149,0.001613252,600.0,25.0,2282.9138918686776,73.56496456780197,0.0114,0.091843409,2.633703639,2.252518892,0.003757041430248498,3.3363777617366623,0.8556250000000001,3.6093749999999982,7.733207928721982,4.2981688875050175,0.9078963978298308,D600|20|3,500,textured,20
D600,0.002475618,1.422285997,1045.32,0.071149,0.001613252,600.0,25.0,2281.4849780390787,73.57630259410486,0.011,0.085816671,2.607496322,1.820528967,0.0037596841906164156,3.3377277858077665,0.8556250000000001,3.6093749999999982,7.732581816098171,4.298322998265975,0.9064900618212508,D600|20|3,501,textured,20
D600,0.002476166,1.423966717,1045.32,0.071149,0.001613252,600.0,25.0,2284.686640002222,73.76662133316212,0.0142,0.078857466,2.586980655,1.820528967,0.0037592681399678226,3.344484868954009,0.8556250000000001,3.6093749999999982,7.733984156069442,4.300906343836,0.9067113961937666,D600|20|3,502,textured,20
D600,0.002457452,1.441384092,1045.32,0.071149,0.001613252,600.0,25.0,2295.1539200622624,75.01099949447722,0.0112,0.101923785,2.621748382,2.005667506,0.0037735547907987626,3.3946908197983636,0.8556250000000001,3.6093749999999982,7.738555187810973,4.317634762709158,0.8991250408036707,D600|20|3,503,textured,20
D800,0.002482112,1.407834025,1045.32,0.071149,0.001613252,800.0,25.0,2264.226552174938,72.27777052647212,0.0126,0.096575534,2.655372422,2.005667506,0.003754762700434177,3.288794945370136,0.8906640625,2.733398437500001,7.7249885015317625,4.280516620290816,0.9091098106635925,D800|20|3,504,textured,20
D800,0.002482151,1.411015764,1045.32,0.071149,0.001613252,800.0,25.0,2269.37941592654,72.60597952295593,0.0134,0.070922367,2.660303152,2.375944584,0.0037547332025670986,3.300726533134908,0.8906640625,2.733398437500001,7.727261688044554,4.2850472810142906,0.909125522965701,D800|20|3,505,textured,20
D800,0.002476949,1.396342611,1045.32,0.071149,0.001613252,800.0,25.0,2241.073516550132,70.95475525846365,0.0126,0.087364247,2.611077525,2.221662469,0.0037586739130354503,3.241895898829292,0.8906640625,2.733398437500001,7.714710278506101,4.262042424030516,0.9070275608725686,D800|20|3,506,textured,20
D800,0.002480666,1.408382057,1045.32,0.071149,0.001613252,800.0,25.0,2263.7883744983606,72.29191353819422,0.012,0.078848552,2.607165303,2.283375315,0.0037558568815708395,3.2896931490042376,0.8906640625,2.733398437500001,7.7247949607925905,4.28071227696474,0.9085270725113238,D800|20|3,507,textured,20
D800,0.002473266,1.384952448,1045.32,0.071149,0.001613252,800.0,25.0,2219.487672209954,69.69811154602209,0.0112,0.102092784,2.65987949,2.067380353,0.0037614714379066304,3.1968327543134674,0.8906640625,2.733398437500001,7.705031669949115,4.244173223368182,0.9055395444209308,D800|20|3,508,textured,20
S50,0.002458478,1.412534274,1045.5648,0.07122908,0.001639917,50.0,6.0,2214.0855962248656,72.0042173200982,0.0112,0.140122629,2.600572749,2.067380353,0.003832521151412542,3.3058273726068705,0.16000000000000003,5.04,7.702594773869429,4.276724691190925,0.8995424592839573,S50|20|3,509,textured,20
S50,0.00246305,1.413697159,1045.5648,0.07122908,0.001639917,50.0,6.0,2220.0292638864585,72.25694860108977,0.0114,0.140881748,2.600756865,1.913098237,0.00382896246895968,3.313875114558582,0.16000000000000003,5.04,7.705275656710281,4.280228496777626,0.9014004193789594,S50|20|3,510,textured,20
S50,0.002457728,1.411411647,1045.5648,0.07122908,0.001639917,50.0,6.0,2211.651020404206,71.8678793352074,0.0116,0.138649487,2.611409827,1.85138539,0.0038331058726692904,3.3010202608053327,0.16000000000000003,5.04,7.701494583651565,4.274829424090893,0.8992373459482598,S50|20|3,511,textured,20
S50,0.002472129,1.418721587,1045.5648,0.07122908,0.001639917,50.0,6.0,2236.131770804568,73.03972038882756,0.0114,0.138318815,2.606183706,1.85138539,0.0038219249870381842,3.3401051965872166,0.16000000000000003,5.04,7.7125027640254356,4.291003408086992,0.9050797226999018,S50|20|3,512,textured,20
S50,0.002467534,1.420013481,1045.5648,0.07122908,0.001639917,50.0,6.0,2234.0078704468187,73.03679364315565,0.0118,0.133187505,2.601032081,2.159949622,0.0038254818938777413,3.34124113617308,0.16000000000000003,5.04,7.711552502651955,4.290963336680692,0.9032192713592411,S50|20|3,513,textured,20
S100,0.00248051,1.432386463,1045.5648,0.07122908,0.001639917,100.0,6.0,2265.3237388968964,74.70591975900953,0.0114,0.131883046,2.602353853,2.190806045,0.003815462877290671,3.3986223304933367,0.48999999999999994,3.06,7.725472958783768,4.3135593361074465,0.9084641841961135,S100|20|3,514,textured,20
S100,0.002476558,1.433125116,1045.5648,0.07122908,0.001639917,100.0,6.0,2262.8808990057114,74.66384250864446,0.0116,0.137481901,2.591555322,2.129093199,0.003818505951301812,3.3981743553587322,0.48999999999999994,3.06,7.724394014555975,4.312995938926662,0.9068696929213123,S100|20|3,515,textured,20
S100,0.002474481,1.429072525,1045.5648,0.07122908,0.001639917,100.0,6.0,2254.5894945982523,74.17990651320923,0.0114,0.137975401,2.593729911,2.190806045,0.003820108180879338,3.3811099209439064,0.48999999999999994,3.06,7.720723193058305,4.306493311791161,0.9060306770614731,S100|20|3,516,textured,20
S100,0.002473109,1.429770153,1045.5648,0.07122908,0.001639917,100.0,6.0,2254.4394245984518,74.21117882323603,0.0118,0.121666147,2.590178255,1.85138539,0.0038211676695059493,3.382625372058111,0.48999999999999994,3.06,7.720656628836808,4.306914796820654,0.905476063588987,S100|20|3,517,textured,20
S100,0.002473188,1.423544648,1045.5648,0.07122908,0.001639917,100.0,6.0,2244.6948461111906,73.56867516140672,0.0116,0.139022255,2.585105566,2.129093199,0.0038211066400458816,3.359154750395919,0.48999999999999994,3.06,7.7163248649292,4.298219325917502,0.9055080066769199,S100|20|3,518,textured,20
S200,0.00249808,1.414848781,1045.4432,0.07118932,0.00162653,200.0,6.0,2271.7196339818934,73.43650333447096,0.0122,0.131305906,2.549463877,1.789672544,0.003772256915277749,3.337106732933082,0.7224999999999999,1.6650000000000005,7.728292371690431,4.296421132630668,0.9155224368110733,S200|20|3,519,textured,20
S200,0.002498663,1.411613172,1045.4432,0.07118932,0.00162653,200.0,6.0,2267.053412026754,73.11806467716134,0.0126,0.100374314,2.553809437,1.974811083,0.0037718168090929527,3.325370094980244,0.7224999999999999,1.6650000000000005,7.726236210894627,4.292075459032507,0.9157557888176284,S200|20|3,520,textured,20
S200,0.002499594,1.413821199,1045.4432,0.07118932,0.00162653,200.0,6.0,2271.445531256132,73.3743132615342,0.0118,0.126875605,2.557795714,2.221662469,0.003771114317310358,3.334441624854058,0.7224999999999999,1.6650000000000005,7.7281717057158845,4.295573918806802,0.9161283186858472,S200|20|3,521,textured,20
S200,0.002500409,1.410035694,1045.4432,0.07118932,0.00162653,200.0,6.0,2266.102366402848,73.00571593576922,0.0118,0.133070676,2.566834809,2.252518892,0.0037704996761345946,3.32081784807046,0.7224999999999999,1.6650000000000005,7.725816615502656,4.290537738573057,0.9164543184931344,S200|20|3,522,textured,20
S400,0.00248387,1.421731909,1045.32,0.071149,0.001613252,400.0,6.0,2288.198098982652,73.76404819518028,0.0118,0.127769876,2.593864362,2.159949622,0.0037534337175948868,3.342314359024239,0.8556250000000001,0.8662499999999995,7.7355199304748945,4.3008714610825995,0.9098178277580721,S400|20|3,523,textured,20
S400,0.002482698,1.414369002,1045.32,0.071149,0.001613252,400.0,6.0,2275.2738295323593,72.96755814296,0.0116,0.132259323,2.570231272,2.067380353,0.0037543195493152334,3.313724084055343,0.8556250000000001,0.8662499999999995,7.729855688771418,4.290014933368897,0.909345872064823,S400|20|3,524,textured,20
S400,0.002486484,1.412545496,1045.32,0.071149,0.001613252,400.0,6.0,2275.805597589534,72.89051483556561,0.0114,0.132146168,2.541498191,1.882241814,0.003751460237018466,3.3099158547520395,0.8556250000000001,0.8662499999999995,7.73008937753388,4.2889585185543275,0.910869664404316,S400|20|3,525,textured,20
S400,0.002484572,1.414565071,1045.32,0.071149,0.001613252,400.0,6.0,2277.30691208289,73.04288295165246,0.0116,0.132789029,2.548421595,2.159949622,0.0037529034257346907,3.3159599798914234,0.8556250000000001,0.8662499999999995,7.730748844895856,4.29104670636828,0.9101004113143143,S400|20|3,526,textured,20
S400,0.002484455,1.418106428,1045.32,0.071149,0.001613252,400.0,6.0,2282.9006309872716,73.40560889736999,0.0124,0.130893631,2.588285054,2.190806045,0.003752991792103057,3.329158269823345,0.8556250000000001,0.8662499999999995,7.733202119952773,4.296000348196459,0.9100533195999719,S400|20|3,527,textured,20
S600,0.002492367,1.424513823,1045.32,0.071149,0.001613252,600.0,6.0,2300.5183821523015,74.30632579609765,0.0118,0.122014809,2.580068962,2.252518892,0.0037470301351478705,3.359661358206023,0.9025,0.5850000000000002,7.740889760066665,4.308196086674296,0.913232861349916,S600|20|3,528,textured,20
S600,0.002492484,1.423027041,1045.32,0.071149,0.001613252,600.0,6.0,2298.225185060078,74.15477885924051,0.0124,0.117539807,2.584900044,2.159949622,0.0037469421892130698,3.3541471549465296,0.9025,0.5850000000000002,7.739892445365907,4.306154515047217,0.9132798035754796,S600|20|3,529,textured,20
S600,0.002496255,1.426300759,1045.32,0.071149,0.001613252,600.0,6.0,2306.997419211633,74.60907123430295,0.0122,0.1150151,2.561216983,2.005667506,0.003744110936127779,3.369556867294825,0.9025,0.5850000000000002,7.743702139495899,4.312262098132292,0.9147916087503887,S600|20|3,530,textured,20
S600,0.002494739,1.427271455,1045.32,0.071149,0.001613252,600.0,6.0,2307.1654744615794,74.66528651313747,0.0124,0.114068399,2.587510212,2.036523929,0.0037452483717741315,3.3719974561290176,0.9025,0.5850000000000002,7.74377498271964,4.313015278817043,0.9141841145131192,S600|20|3,531,textured,20
S600,0.002495867,1.426937771,1045.32,0.071149,0.001613252,600.0,6.0,2307.6690231374882,74.66412260679353,0.0124,0.118621444,2.581396513,2.098236776,0.003744401948947959,3.371650560796902,0.9025,0.5850000000000002,7.743993213158096,4.312999690376015,0.9146361638310613,S600|20|3,532,textured,20
S800,0.002482893,1.417093989,1045.32,0.071149,0.001613252,800.0,6.0,2279.8365270039253,73.25474739989113,0.0134,0.107024784,2.560087009,1.758816121,0.0037541721191426815,3.3241016210386625,0.9264062500000001,0.4415624999999994,7.731859020695524,4.293943056717056,0.9094244125648763,S800|20|3,533,textured,20
S800,0.002481252,1.419078935,1045.32,0.071149,0.001613252,800.0,6.0,2281.521024156436,73.41155785287206,0.013,0.111023986,2.596600528,1.913098237,0.0037554133429667214,3.330233231424201,0.9264062500000001,0.4415624999999994,7.732597615383704,4.296081387159912,0.9087632714983787,S800|20|3,534,textured,20
S800,0.002485353,1.419021488,1045.32,0.071149,0.001613252,800.0,6.0,2285.1993969306254,73.52693870135755,0.0214,0.033273941,2.622113085,2.098236776,0.0037523137211991162,3.333318741724656,0.9264062500000001,0.4415624999999994,7.7342085629480435,4.297651852012969,0.9104147017740007,S800|20|3,535,textured,20
S800,0.00248344,1.417559874,1045.32,0.071149,0.001613252,800.0,6.0,2281.0884782162802,73.31907108601453,0.0128,0.129974271,2.569463249,1.820528967,0.0037537586512838127,3.326289935088401,0.9264062500000001,0.4415624999999994,7.732408010754499,4.294820753578843,0.9096446958210381,S800|20|3,536,textured,20
S800,0.002484065,1.420729934,1045.32,0.071149,0.001613252,800.0,6.0,2286.7649880616345,73.66589622672979,0.0146,0.085666164,2.568817026,1.820528967,0.003753286391752068,3.338703582894786,0.9264062500000001,0.4415624999999994,7.734893428822039,4.299539954334271,0.9098963312006897,S800|20|3,537,textured,20
D50,0.002381171,1.666162703,1044.8112,0.07098212,0.001561216,50.0,25.0,2655.111839119816,97.30031699005795,0.0108,0.078949378,2.984611462,2.368956743,0.0037151325074453218,4.154139987569206,0.010000000000000002,24.75,7.884242056751116,4.577802247049529,0.8675923834895249,D50|20|3,538,textured,20
D50,0.002323065,1.600857071,1044.8112,0.07098212,0.001561216,50.0,25.0,2488.7928260308367,87.630508577015,0.0102,0.080994443,3.075366021,2.493638677,0.003761308191916912,3.8393688207988435,0.010000000000000002,24.75,7.8195530630780015,4.473129208737041,0.8428874344557851,D50|20|3,539,textured,20
D50,0.002321488,1.597764868,1044.8112,0.07098212,0.001561216,50.0,25.0,2482.299253271046,87.23304481703451,0.0108,0.087689251,3.115050296,2.088422392,0.0037625855140527875,3.8259507645699258,0.010000000000000002,24.75,7.816940527904802,4.46858321345367,0.8422083593927587,D50|20|3,540,textured,20
D50,0.002324853,1.600284109,1044.8112,0.07098212,0.001561216,50.0,25.0,2489.816933971263,87.63519076431157,0.0108,0.080377709,3.094452059,2.400127226,0.003759861538600773,3.83894216898777,0.010000000000000002,24.75,7.819964466262521,4.473182638327832,0.8436568112340325,D50|20|3,541,textured,20
D50,0.002369422,1.711194094,1044.8112,0.07098212,0.001561216,50.0,25.0,2713.4168348468816,102.12446987532726,0.0108,0.063998223,3.004673665,2.368956743,0.003724332032908893,4.322382628016638,0.010000000000000002,24.75,7.905963944368543,4.626192362227426,0.8626460435464837,D50|20|3,542,textured,20
D100,0.002419965,1.684096907,1044.8112,0.07098212,0.001561216,100.0,25.0,2727.413520138161,101.02575263363917,0.011,0.090444721,2.895548145,2.680661578,0.003685233906283984,4.267088978457469,0.30250000000000005,17.4375,7.911109010564106,4.615375460910943,0.8837530772540902,D100|20|3,543,textured,20
D100,0.002416896,1.683286335,1044.8112,0.07098212,0.001561216,100.0,25.0,2722.6435483841537,100.80052913530423,0.0104,0.054020039,3.084940581,2.400127226,0.003687572938404583,4.260558150501109,0.30250000000000005,17.4375,7.909358580096325,4.613143604981667,0.8824840722478049,D100|20|3,544,textured,20
D100,0.002382708,1.599080002,1044.8112,0.07098212,0.001561216,100.0,25.0,2549.8570927674127,89.68092113891836,0.0112,0.101792148,2.95128913,2.026081425,0.003713934064367945,3.8912911288731182,0.30250000000000005,17.4375,7.843792594530062,4.4962580501085485,0.8682376559883985,D100|20|3,545,textured,20
D100,0.002388143,1.603216013,1044.8112,0.07098212,0.001561216,100.0,25.0,2562.283596957759,90.35106282400045,0.011,0.107701835,2.944572615,2.181933842,0.0037097055216780872,3.9127525856415257,0.30250000000000005,17.4375,7.8486541699128605,4.50370278037802,0.8705160764845241,D100|20|3,546,textured,20
D100,0.002387314,1.602400545,1044.8112,0.07098212,0.001561216,100.0,25.0,2560.091306615178,90.22784113050335,0.0104,0.090353191,2.924704326,2.150763359,0.00371034956744326,3.9087544100212566,0.30250000000000005,17.4375,7.847798203484122,4.502338039426292,0.8701688845787748,D100|20|3,547,textured,20
D200,0.00242866,1.605773998,1044.68,0.070939,0.001548471,200.0,25.0,2631.0635944663777,92.22183952127028,0.0114,0.052794085,2.998124447,2.400127226,0.0036499384843779715,3.951675210345089,0.6006250000000001,9.984374999999998,7.875143451963065,4.524196973676456,0.8873396649241022,D200|20|4,548,textured,20
D200,0.002450324,1.647623844,1044.68,0.070939,0.001548471,200.0,25.0,2723.715775860682,97.95753967510618,0.0146,0.037142561,2.966529382,2.462468193,0.0036337675985587594,4.1397408436333185,0.6006250000000001,9.984374999999998,7.9097523210989085,4.584534116161237,0.896220260711009,D200|20|4,549,textured,20
D200,0.002458589,1.649342352,1044.68,0.070939,0.001548471,200.0,25.0,2735.7534107171864,98.49309267201829,0.0104,0.073380658,2.971769703,2.743002545,0.003627654667085134,4.155037949645724,0.6006250000000001,9.984374999999998,7.914162147018852,4.589986420561985,0.8995876081501489,D200|20|4,550,textured,20
D200,0.002440327,1.62587821,1044.68,0.070939,0.001548471,200.0,25.0,2676.8019491435525,94.99970674903317,0.0104,0.046794582,2.937807548,2.680661578,0.003641203005122836,4.042739601696255,0.6006250000000001,9.984374999999998,7.892378058394112,4.553873804743494,0.8921320467191585,D200|20|4,551,textured,20
D200,0.002458589,1.654852762,1044.68,0.070939,0.001548471,200.0,25.0,2744.893491873576,99.15231779624759,0.01,0.050322617,2.99205482,2.33778626,0.003627654667085134,4.177271200007321,0.6006250000000001,9.984374999999998,7.917497552416208,4.596657231356696,0.8995876081501489,D200|20|4,552,textured,20
D400,0.002431551,1.61800437,1044.68,0.070939,0.001548471,400.0,25.0,2654.2588702703074,93.74346061017867,0.0138,0.043058614,3.117623303,2.898854962,0.003647768036282463,4.002797969668052,0.78765625,5.308593750000002,7.883920749800242,4.540561908926205,0.8885293253487084,D400|20|4,553,textured,20
D400,0.002426785,1.603060942,1044.68,0.070939,0.001548471,400.0,25.0,2624.590417475034,91.83951589815068,0.0116,0.048093319,3.108333693,3.023536896,0.0036513482329288585,3.939172235986555,0.78765625,5.308593750000002,7.87268013141347,4.520042661413534,0.8865673360878362,D400|20|4,554,textured,20
D400,0.002451172,1.653359828,1044.68,0.070939,0.001548471,400.0,25.0,2734.1439273783767,98.67491656398734,0.0132,0.03967132,3.026542576,2.400127226,0.0036331389805995457,4.16368838400272,0.78765625,5.308593750000002,7.9135736594163335,4.591830775984706,0.8965662775223912,D400|20|4,555,textured,20
D400,0.00243639,1.631657325,1044.68,0.070939,0.001548471,400.0,25.0,2681.982670944749,95.52189653299732,0.0122,0.042425304,3.01931705,3.023536896,0.0036441437555159812,4.061818839182369,0.78765625,5.308593750000002,7.894311602577181,4.559355504273374,0.8905174355554175,D400|20|4,556,textured,20
D400,0.002464459,1.640956544,1044.68,0.070939,0.001548471,400.0,25.0,2728.3424594883095,97.7268669933799,0.011,0.05459368,2.919158592,2.680661578,0.003623331805950651,4.127189627021428,0.78765625,5.308593750000002,7.91144954608754,4.582176516059127,0.9019723107903814,D400|20|4,557,textured,20
D600,0.002473038,1.621970866,1044.68,0.070939,0.001548471,600.0,25.0,2706.1635673617493,95.81094112757198,0.0136,0.04493644,2.893907337,2.52480916,0.0036170416542001026,4.059508816894732,0.8556250000000001,3.6093749999999982,7.903287253083445,4.56237688646781,0.9054473543735088,D600|20|4,558,textured,20
D600,0.002475278,1.620226258,1044.68,0.070939,0.001548471,600.0,25.0,2705.7013122191493,95.6915375194506,0.012,0.054300312,2.976918996,2.555979644,0.00361540466491074,4.054726745508585,0.8556250000000001,3.6093749999999982,7.903116422822893,4.561129867375021,0.9063527129451949,D600|20|4,559,textured,20
D600,0.002476357,1.621064069,1044.68,0.070939,0.001548471,600.0,25.0,2708.2804708679546,95.83228245850371,0.0148,0.02925705,3.111563662,2.555979644,0.0036146169257711474,4.059143236705082,0.8556250000000001,3.6093749999999982,7.904069199890586,4.562599605858776,0.9067885285968246,D600|20|4,560,textured,20
D600,0.002470596,1.605391799,1044.68,0.070939,0.001548471,600.0,25.0,2675.857477634938,93.76959330779474,0.0126,0.041145814,2.942187821,2.836513995,0.003618828800733285,3.990955093880514,0.8556250000000001,3.6093749999999982,7.89202516035106,4.540840638297192,0.9044594170793563,D600|20|4,561,textured,20
D600,0.002475558,1.612810394,1044.68,0.070939,0.001548471,600.0,25.0,2693.6218339478905,94.8282970557124,0.0126,0.042195453,2.996728535,2.836513995,0.0036152001974871484,4.02534679496949,0.8556250000000001,3.6093749999999982,7.898641973675272,4.552067856869923,0.9064658251550514,D600|20|4,562,textured,20
D800,0.002499508,1.599505325,1044.68,0.070939,0.001548471,800.0,25.0,2697.2451789286483,94.17250652806234,0.0154,0.029289522,2.883213228,2.711832061,0.003597838289860968,3.995360389997432,0.8906640625,2.733398437500001,7.899986227027368,4.54512827622267,0.916093912506494,D800|20|4,563,textured,20
D800,0.002503544,1.601968954,1044.68,0.070939,0.001548471,800.0,25.0,2705.761593457423,94.61535808241265,0.0152,0.03587275,2.97817025,2.774173028,0.0035949370561720495,4.0090901876749685,0.8906640625,2.733398437500001,7.903138701914269,4.549819810475102,0.9177073280278647,D800|20|4,564,textured,20
D800,0.002505717,1.598053835,1044.68,0.070939,0.001548471,800.0,25.0,2701.4916484845044,94.23517666866678,0.012,0.045361116,3.035298035,2.52480916,0.0035933779230798864,3.9955042538683543,0.8906640625,2.733398437500001,7.901559361842919,4.545793537233818,0.9185749211264495,D800|20|4,565,textured,20
D800,0.002497251,1.592339768,1044.68,0.070939,0.001548471,800.0,25.0,2682.737261738718,93.24636205754231,0.014,0.048746332,2.975689921,2.400127226,0.0035994637746590325,3.964611538061068,0.8906640625,2.733398437500001,7.8945929185856265,4.535245044975157,0.9151905268705264,D800|20|4,566,textured,20
D800,0.00250212,1.594503529,1044.68,0.070939,0.001548471,800.0,25.0,2691.6204747110237,93.68225202068446,0.0138,0.046320805,2.974881534,2.462468193,0.003595959881260397,3.9778810548096097,0.8906640625,2.733398437500001,7.897898698177422,4.539908758503981,0.9171383725252926,D800|20|4,567,textured,20
S50,0.002512028,1.574347366,1044.8112,0.07098212,0.001561216,50.0,6.0,2646.670420958916,91.64619805662836,0.011,0.097648726,2.764611869,2.275445293,0.003617073740567799,3.9177300472933436,0.16000000000000003,5.04,7.881057684070397,4.517935490136971,0.9210903950406457,S50|20|4,568,textured,20
S50,0.002511713,1.582586563,1044.8112,0.07098212,0.001561216,50.0,6.0,2660.1878979436715,92.59633867853658,0.0112,0.110632184,2.784814878,2.462468193,0.003617300546438429,3.9502891814205956,0.16000000000000003,5.04,7.886152037605664,4.528249601761766,0.9209649904863851,S50|20|4,569,textured,20
S50,0.002519306,1.589140841,1044.8112,0.07098212,0.001561216,50.0,6.0,2679.280209288906,93.64714737012142,0.0112,0.11089052,2.791268732,2.587150127,0.003611845296156088,3.9837061694715805,0.16000000000000003,5.04,7.8933034588076625,4.539533967882881,0.9239834667692656,S50|20|4,570,textured,20
S50,0.002516122,1.589823811,1044.8112,0.07098212,0.001561216,50.0,6.0,2677.0440547606217,93.6092019430334,0.0112,0.110540013,2.77002425,2.462468193,0.0036141298593744446,3.9834221636091565,0.16000000000000003,5.04,7.892468500150209,4.539128690008496,0.922718827328745,S50|20|4,571,textured,20
S50,0.002502595,1.599829002,1044.8112,0.07098212,0.001561216,50.0,6.0,2679.4087050825337,94.2815159312963,0.01,0.078595275,2.879657362,2.306615776,0.0036238842243177037,4.010614976488767,0.16000000000000003,5.04,7.893351416730097,4.546285156972354,0.9173281935246607,S50|20|4,572,textured,20
S100,0.002481587,1.612549504,1044.8112,0.07098212,0.001561216,100.0,6.0,2678.0420219316243,94.98269123676852,0.0128,0.055825831,2.81862213,2.306615776,0.003639190984954241,4.041266732304968,0.48999999999999994,3.06,7.8928412176633405,4.553694677492858,0.9088982748706455,S100|20|4,573,textured,20
S100,0.002485453,1.623240245,1044.8112,0.07098212,0.001561216,100.0,6.0,2699.996384610678,96.39622164129801,0.0104,0.054434736,2.834304486,2.400127226,0.003636359592133679,4.088036253244809,0.48999999999999994,3.06,7.901005712958442,4.568467006256028,0.9104549366976784,S100|20|4,574,textured,20
S100,0.00248047,1.614234363,1044.8112,0.07098212,0.001561216,100.0,6.0,2679.6334650984268,95.13843614691423,0.0108,0.064803275,2.875183276,2.587150127,0.0036400102891184366,4.046931479319769,0.48999999999999994,3.06,7.893435297397159,4.55533305348113,0.9084480583500101,S100|20|4,575,textured,20
S100,0.002480829,1.618757512,1044.8112,0.07098212,0.001561216,100.0,6.0,2687.530816586673,95.68619321619998,0.0102,0.065187388,2.824508975,2.680661578,0.0036397469072060673,4.065443182063161,0.48999999999999994,3.06,7.896378139007078,4.561074016537711,0.9085927785132684,S100|20|4,576,textured,20
S100,0.002483939,1.61747383,1044.8112,0.07098212,0.001561216,100.0,6.0,2688.7660449376735,95.65425752815375,0.0106,0.079386654,2.820972955,2.618320611,0.0036374676325814613,4.063339397475359,0.48999999999999994,3.06,7.896837647997951,4.5607402064288864,0.9098456066038386,S100|20|4,577,textured,20
S200,0.002512816,1.589944109,1044.68,0.070939,0.001548471,200.0,6.0,2695.397062774312,93.54544016292529,0.014,0.051048946,2.957256887,2.555979644,0.0035882984759326485,3.9698447456290236,0.7224999999999999,1.6650000000000005,7.899300805616543,4.538447309286569,0.9214040366209456,S200|20|4,578,textured,20
S200,0.002512383,1.592813084,1044.68,0.070939,0.001548471,200.0,6.0,2699.7954727491965,93.86716326967613,0.013,0.051737732,2.7989606,2.711832061,0.0035886076776548356,3.980900726176131,0.7224999999999999,1.6650000000000005,7.90093129828955,4.541880626116798,0.9212317051367309,S200|20|4,579,textured,20
S200,0.002510846,1.593152583,1044.68,0.070939,0.001548471,200.0,6.0,2698.718913386799,93.84973245593613,0.0104,0.055015537,2.964542875,2.587150127,0.0035897058824350767,3.9807965088219683,0.7224999999999999,1.6650000000000005,7.900532462869409,4.54169491226592,0.9206197481473261,S200|20|4,580,textured,20
S200,0.002510531,1.591103646,1044.68,0.070939,0.001548471,200.0,6.0,2694.909984703975,93.59674563168693,0.0114,0.04379228,3.094040534,2.649491094,0.0035899310781975953,3.9723091727736497,0.7224999999999999,1.6650000000000005,7.89912008193332,4.53899561398686,0.9204942845542066,S200|20|4,581,textured,20
S200,0.002509309,1.59695507,1044.68,0.070939,0.001548471,200.0,6.0,2703.504183411707,94.24053818613486,0.014,0.049034156,2.961390736,2.743002545,0.0035908050960681815,3.994541516092672,0.7224999999999999,1.6650000000000005,7.9023040562267095,4.545850430690608,0.9200074164372394,S200|20|4,582,textured,20
S400,0.002502674,1.590978058,1044.68,0.070939,0.001548471,400.0,6.0,2686.2639018924515,93.28909506686358,0.0114,0.063199131,2.87458441,2.680661578,0.0035955618525850158,3.9643447045400615,0.8556250000000001,0.8662499999999995,7.895906623147592,4.535703220709975,0.917359760259638,S400|20|4,583,textured,20
S400,0.002495625,1.595677008,1044.68,0.070939,0.001548471,400.0,6.0,2686.609332638752,93.57665580934966,0.0124,0.047313254,2.947651822,2.462468193,0.0036006361813880343,3.9763601515689886,0.8556250000000001,0.8662499999999995,7.896035206395958,4.538780948630996,0.9145391988353487,S400|20|4,584,textured,20
S400,0.002505204,1.597998174,1044.68,0.070939,0.001548471,400.0,6.0,2700.8444921676187,94.20932067279296,0.0124,0.053225497,2.9562895,2.680661578,0.003593745818970615,3.994790794735259,0.8556250000000001,0.8662499999999995,7.901319777965451,4.545519122258578,0.9183701683467539,S400|20|4,585,textured,20
S400,0.002503544,1.594924615,1044.68,0.070939,0.001548471,400.0,6.0,2693.863546451017,93.78508325215384,0.0132,0.056510124,2.963229596,2.743002545,0.0035949370561720504,3.980920740169485,0.8556250000000001,0.8662499999999995,7.8987317047784575,4.54100581620348,0.9177073280278647,S400|20|4,586,textured,20
S400,0.002512974,1.59428574,1044.68,0.070939,0.001548471,400.0,6.0,2702.9272767963507,94.0629373916799,0.0126,0.057151145,3.031494443,2.555979644,0.0035881856693395324,3.987353981688292,0.8556250000000001,0.8662499999999995,7.9020906412886704,4.543964104943599,0.9214669123081716,S400|20|4,587,textured,20
S600,0.002505401,1.596962109,1044.68,0.070939,0.001548471,600.0,6.0,2699.305641513621,94.0945973786621,0.0112,0.066898224,2.826666765,2.33778626,0.0035936045278472015,3.990835836050725,0.9025,0.5850000000000002,7.900749849108824,4.544300631326341,0.918448801565737,S600|20|4,588,textured,20
S600,0.002508796,1.594233195,1044.68,0.070939,0.001548471,600.0,6.0,2698.34452994464,93.90036108884894,0.0114,0.088485399,2.783083499,2.774173028,0.0035911722022131947,3.9831650458480197,0.9025,0.5850000000000002,7.900393726889485,4.542234231668473,0.9198029567849256,S600|20|4,589,textured,20
S600,0.00251258,1.600237714,1044.68,0.070939,0.001548471,600.0,6.0,2712.5927968614683,94.75172382267623,0.0112,0.060472497,2.952572722,2.52480916,0.0035884669916726292,4.010820981646058,0.9025,0.5850000000000002,7.905660208088043,4.551260037176207,0.9213101136743066,S600|20|4,590,textured,20
S600,0.002511674,1.594712928,1044.68,0.070939,0.001548471,600.0,6.0,2702.252884286724,94.06466609039092,0.011,0.086922499,2.799750857,2.33778626,0.0035891141413349845,3.987825283635921,0.9025,0.5850000000000002,7.901841105660615,4.543982482881542,0.9209494631141161,S600|20|4,591,textured,20
S600,0.002503741,1.590401105,1044.68,0.070939,0.001548471,600.0,6.0,2686.4346110681795,93.26119093894329,0.0106,0.072401536,2.923157083,2.618320611,0.003594795624504127,3.9630581739532333,0.9025,0.5850000000000002,7.895970170050651,4.53540406139239,0.9177860133833424,S600|20|4,592,textured,20
S800,0.002528678,1.583017937,1044.68,0.070939,0.001548471,800.0,6.0,2700.595689325649,93.31756976055729,0.0128,0.046386191,2.859815802,2.275445293,0.003577026354638942,3.9571233854456627,0.9264062500000001,0.4415624999999994,7.901227653334321,4.536008404814101,0.92769663652897,S800|20|4,593,textured,20
S800,0.002522329,1.579044669,1044.68,0.070939,0.001548471,800.0,6.0,2687.053745083855,92.61658916273399,0.0142,0.041066266,2.921387841,2.618320611,0.0035815254241508302,3.935303590035815,0.9264062500000001,0.4415624999999994,7.896200610307475,4.528468274232572,0.9251826810568071,S800|20|4,594,textured,20
S800,0.002521034,1.588281635,1044.68,0.070939,0.001548471,800.0,6.0,2701.384609542559,93.65521165027081,0.013,0.052370181,2.794301319,2.213104326,0.0035824451816705103,3.9709770871223102,0.9264062500000001,0.4415624999999994,7.901519738895123,4.539620077638215,0.9246691348264604,S800|20|4,595,textured,20
S800,0.002518049,1.580739054,1044.68,0.070939,0.001548471,800.0,6.0,2685.372668159662,92.65796582563485,0.0106,0.063907621,2.886741594,2.462468193,0.0035845679425034263,3.938047370371224,0.9264062500000001,0.4415624999999994,7.895574793646714,4.528914926646244,0.9234843953216149,S800|20|4,596,textured,20
S800,0.002518363,1.58038399,1044.68,0.070939,0.001548471,800.0,6.0,2685.1042724768886,92.62789425641608,0.0136,0.044097897,2.757657512,2.462468193,0.003584344466098151,3.936926700234379,0.9264062500000001,0.4415624999999994,7.895474841375822,4.528590330160905,0.9236090872651679,S800|20|4,597,textured,20
D50,0.002273937,0.600553316,1152.266,0.067623358,0.009107103,50.0,25.0,172.78359127191476,13.974541936404185,0.0114,0.252716583,1.562679674,0.623409669,0.021635468011946137,1.7796581291227842,0.010000000000000002,24.75,5.152039893944007,2.6372372411447023,0.8215126904590798,D50|60|0,598,textured,60
D50,0.002266526,0.589941914,1152.266,0.067623358,0.009107103,50.0,25.0,169.1774432001206,13.44111279185881,0.0116,0.263227887,1.567789136,0.561068702,0.02167081055787577,1.7262283415564161,0.010000000000000002,24.75,5.130948123864875,2.598318128680824,0.8182482627646935,D50|60|0,599,textured,60
D50,0.002255145,0.552909101,1152.266,0.067623358,0.009107103,50.0,25.0,157.76138437676042,11.747297372978016,0.0118,0.298267462,1.575701472,0.592239186,0.021725424586009033,1.5514496267274804,0.010000000000000002,24.75,5.0610836660234835,2.463623203323243,0.813214272439492,D50|60|0,600,textured,60
D50,0.002255364,0.556197031,1152.266,0.067623358,0.009107103,50.0,25.0,158.71493994934517,11.888580173301026,0.0116,0.290176097,1.570019941,0.623409669,0.021724369771023648,1.5663285615636253,0.010000000000000002,24.75,5.067109762668904,2.475578290056856,0.8133113789967218,D50|60|0,601,textured,60
D50,0.002264429,0.579776587,1152.266,0.067623358,0.009107103,50.0,25.0,166.10850915627057,12.969883325153003,0.0116,0.264332785,1.552722579,0.529898219,0.02168084248506321,1.6779511654164294,0.010000000000000002,24.75,5.112641244423703,2.562630002540242,0.8173226300229316,D50|60|0,602,textured,60
D100,0.002317093,0.54097082,1152.266,0.067623358,0.009107103,100.0,25.0,158.59511419393323,11.554393644285138,0.0118,0.301415567,1.576622382,0.592239186,0.02143304006062599,1.5227592200454618,0.30250000000000005,17.4375,5.066354502887229,2.4470657667358755,0.8403133827543514,D100|60|0,603,textured,60
D100,0.002320507,0.539698875,1152.266,0.067623358,0.009107103,100.0,25.0,158.45534542854492,11.517067781957698,0.0118,0.301496336,1.574302539,0.592239186,0.02141726778931977,1.5183754213335956,0.30250000000000005,17.4375,5.065472821311312,2.443830090052598,0.8417856962857952,D100|60|0,604,textured,60
D100,0.002315213,0.567568852,1152.266,0.067623358,0.009107103,100.0,25.0,166.2577905594213,12.708200956436103,0.0118,0.274702707,1.583288008,0.623409669,0.021441740326805243,1.643505916548208,0.30250000000000005,17.4375,5.113539538945841,2.5422475296624807,0.839501691944971,D100|60|0,605,textured,60
D100,0.002300762,0.570305341,1152.266,0.067623358,0.009107103,100.0,25.0,166.0166452090431,12.750951326300942,0.0118,0.271331376,1.57697478,0.561068702,0.021508972305864914,1.6499923645877232,0.30250000000000005,17.4375,5.112088055673241,2.545605882648487,0.8332403724137634,D100|60|0,606,textured,60
D100,0.002310677,0.548165395,1152.266,0.067623358,0.009107103,100.0,25.0,160.25934226833218,11.830919166516132,0.0118,0.294761355,1.586395774,0.529898219,0.0214627757309782,1.5527056906904089,0.30250000000000005,17.4375,5.076793392187828,2.4707163729023254,0.8375405551890994,D100|60|0,607,textured,60
D200,0.002306305,0.581758328,1152.266,0.067623358,0.009107103,200.0,25.0,169.75862483025364,13.300193916116989,0.0116,0.269501655,1.573185206,0.561068702,0.02148310930077006,1.7057887020337514,0.6006250000000001,9.984374999999998,5.13437757416282,2.5877786152805906,0.8356466767608177,D200|60|0,608,textured,60
D200,0.002309778,0.581861121,1152.266,0.067623358,0.009107103,200.0,25.0,170.0443000204717,13.324929918172893,0.0116,0.269493373,1.581615633,0.623409669,0.021466952140630702,1.7078121622076856,0.6006250000000001,9.984374999999998,5.13605899145873,2.589636710613904,0.837151416019323,D200|60|0,609,textured,60
D200,0.002307677,0.581913272,1152.266,0.067623358,0.009107103,200.0,25.0,169.90485266934192,13.315195918010476,0.0116,0.27015169,1.577652296,0.561068702,0.02147672209661754,1.7071247066303892,0.6006250000000001,9.984374999999998,5.135238590184905,2.588905933240294,0.8362413908452846,D200|60|0,610,textured,60
D200,0.002303041,0.57826209,1152.266,0.067623358,0.009107103,200.0,25.0,168.4996061237488,13.122214333054032,0.0116,0.271347146,1.575414512,0.561068702,0.02149832744962896,1.687981066803339,0.6006250000000001,9.984374999999998,5.126933412245167,2.574306544660196,0.8342304235459062,D200|60|0,611,textured,60
D200,0.002305146,0.587409057,1152.266,0.067623358,0.009107103,200.0,25.0,171.3213842016909,13.553009058261665,0.0114,0.265799364,1.573976112,0.592239186,0.021488509348043732,1.7318532890399954,0.6006250000000001,9.984374999999998,5.143541232341491,2.6066085933920755,0.8351440150066745,D200|60|0,612,textured,60
D400,0.002310934,0.553699348,1152.158,0.067599618,0.009047234,400.0,25.0,162.95127799594684,12.075451123065452,0.0114,0.293272221,1.570033462,0.561068702,0.02132523920268002,1.574273757646441,0.78765625,5.308593750000002,5.093451248124536,2.4911745589290017,0.8376517718190861,D400|60|0,613,textured,60
D400,0.002320721,0.553903821,1152.158,0.067599618,0.009047234,400.0,25.0,163.70182072489484,12.135549671460561,0.0116,0.293390206,1.574157889,0.561068702,0.02128022503992366,1.57920331974988,0.78765625,5.308593750000002,5.098046606642022,2.4961391345235895,0.841877913259472,D400|60|0,614,textured,60
D400,0.002315042,0.554639464,1152.158,0.067599618,0.009047234,400.0,25.0,163.51810990911483,12.138030023504443,0.0116,0.287930073,1.57801922,0.592239186,0.021306310176742862,1.5802356818687426,0.78765625,5.308593750000002,5.096923748173554,2.496343500923905,0.8394278299222193,D400|60|0,615,textured,60
D400,0.002316281,0.557327918,1152.158,0.067599618,0.009047234,400.0,25.0,164.39865489131708,12.262545723295773,0.0114,0.288878701,1.577174853,0.623409669,0.021300610943908848,1.5930203943550683,0.78765625,5.308593750000002,5.1022943006623125,2.5065495535936653,0.8399628822299763,D400|60|0,616,textured,60
D400,0.002296241,0.573230744,1152.158,0.067599618,0.009047234,400.0,25.0,167.62668577268875,12.860096119926501,0.0116,0.26952437,1.55836031,0.561068702,0.02139335751134817,1.6577038696098922,0.78765625,5.308593750000002,5.121739398360751,2.554129193114861,0.8312734381056579,D400|60|0,617,textured,60
D600,0.002329276,0.530495245,1152.158,0.067599618,0.009047234,600.0,25.0,157.36156422572694,11.172535438272327,0.0118,0.305555661,1.568375759,0.529898219,0.021241109925607026,1.4770400632927032,0.8556250000000001,3.6093749999999982,5.058546114459251,2.413458573740092,0.8455574896774259,D600|60|0,618,textured,60
D600,0.002326981,0.529724897,1152.158,0.067599618,0.009047234,600.0,25.0,156.97823400087682,11.129134871395442,0.0126,0.270860137,1.564564806,0.529898219,0.02125158193496377,1.4727384653084685,0.8556250000000001,3.6093749999999982,5.056107158800229,2.409566432831993,0.8445717192674825,D600|60|0,619,textured,60
D600,0.002259792,0.530813522,1152.158,0.067599618,0.009047234,600.0,25.0,152.75894873862362,10.852260745769353,0.0124,0.274701782,1.561426419,0.529898219,0.02156519795265569,1.451835981652134,0.8556250000000001,3.6093749999999982,5.028861180549292,2.3843734219471533,0.8152727736504473,D600|60|0,620,textured,60
D600,0.002321445,0.536465068,1152.158,0.067599618,0.009047234,600.0,25.0,158.59740000822146,11.386994026418469,0.0148,0.209826461,1.562924626,0.529898219,0.021276906399083455,1.5006888904215765,0.8556250000000001,3.6093749999999982,5.066368915675589,2.432471829231726,0.8421898366184689,D600|60|0,621,textured,60
D600,0.002325534,0.537453049,1152.158,0.067599618,0.009047234,600.0,25.0,159.1693493373097,11.449105395883315,0.014,0.235534394,1.570899386,0.529898219,0.021258192514952937,1.5067034300433269,0.8556250000000001,3.6093749999999982,5.069968725585884,2.437911595583932,0.843949690086854,D600|60|0,622,textured,60
D800,0.002332885,0.530938454,1152.158,0.067599618,0.009047234,800.0,25.0,157.73705498933805,11.208551468747824,0.0148,0.211542845,1.560605139,0.529898219,0.021224673445276857,1.480389510403111,0.8906640625,2.733398437500001,5.060929437764735,2.41667701096023,0.847105699068257,D800|60|0,623,textured,60
D800,0.00233814,0.525129282,1152.158,0.067599618,0.009047234,800.0,25.0,156.36262910407538,10.989319025870206,0.017,0.158906768,1.573095612,0.529898219,0.02120080866409619,1.4565238342509064,0.8906640625,2.733398437500001,5.0521778552121175,2.3969238034266045,0.8493557414966475,D800|60|0,624,textured,60
D800,0.002336785,0.51997314,1152.158,0.067599618,0.009047234,800.0,25.0,154.73760933503098,10.76833044746348,0.0166,0.173264343,1.568672064,0.561068702,0.02120695448678599,1.4332106316900426,0.8906640625,2.733398437500001,5.04173083944161,2.376609460346021,0.8487760530362148,D800|60|0,625,textured,60
D800,0.002328512,0.517563986,1152.158,0.067599618,0.009047234,800.0,25.0,153.47539007203054,10.631006315384553,0.016,0.179787594,1.584954696,0.529898219,0.021244594313288137,1.4195767499896874,0.8906640625,2.733398437500001,5.033540228910138,2.3637748553599605,0.8452294369593324,D800|60|0,626,textured,60
D800,0.002332164,0.524870451,1152.158,0.067599618,0.009047234,800.0,25.0,155.88611273535835,10.950428968691194,0.0138,0.251164998,1.571780184,0.498727735,0.021227954047967783,1.4531423552078386,0.8906640625,2.733398437500001,5.049125694067557,2.393378630718121,0.8467965919160102,D800|60|0,627,textured,60
S50,0.002298952,0.554379814,1152.266,0.067623358,0.009107103,50.0,6.0,161.25374552910296,12.039286096146721,0.0118,0.296161001,1.585030001,0.590736041,0.021517437811038324,1.5761473297105846,0.16000000000000003,5.04,5.082979183493574,2.4881751437827226,0.8324533669201943,S50|60|0,628,textured,60
S50,0.002310249,0.546933625,1152.266,0.067623358,0.009107103,50.0,6.0,159.86960947265922,11.775627356534356,0.0112,0.307117005,1.575896097,0.654580153,0.021464763751013333,1.5469550273550725,0.16000000000000003,5.04,5.074358542193178,2.466031917169792,0.8373553109323317,S50|60|0,629,textured,60
S50,0.002312732,0.552925353,1152.266,0.067623358,0.009107103,50.0,6.0,161.7947079069423,12.047982601481674,0.0116,0.295446606,1.558030671,0.623409669,0.021453238135142456,1.5751742614834685,0.16000000000000003,5.04,5.08632829646861,2.4888972269563685,0.8384295096966191,S50|60|0,630,textured,60
S50,0.002318459,0.548859887,1152.266,0.067623358,0.009107103,50.0,6.0,161.0027933349679,11.900861974798723,0.0116,0.298612683,1.559559837,0.561068702,0.021426725123320545,1.5589961904000877,0.16000000000000003,5.04,5.081421714740588,2.4766108323512417,0.8409027408457025,S50|60|0,631,textured,60
S50,0.002327916,0.540044874,1152.266,0.067623358,0.009107103,50.0,6.0,159.06317697133207,11.568658897845802,0.0114,0.313268186,1.558580143,0.561068702,0.021383158526890846,1.5228430834176805,0.16000000000000003,5.04,5.06930146274416,2.4482996224601106,0.8449734467439765,S50|60|0,632,textured,60
S100,0.002319547,0.516311842,1152.266,0.067623358,0.009107103,100.0,6.0,151.5262103788276,10.536184411701333,0.0116,0.328413445,1.560233628,0.55964467,0.021421699355083736,1.4141264929174011,0.48999999999999994,3.06,5.020758615786488,2.3548154672966626,0.8413719079920826,S100|60|0,633,textured,60
S100,0.002325492,0.517318092,1152.266,0.067623358,0.009107103,100.0,6.0,152.2106413320138,10.604402378909725,0.0114,0.329209201,1.565566604,0.467557252,0.02139430009955594,1.4207190117439756,0.48999999999999994,3.06,5.025265359751025,2.3612692336621235,0.8439316295556932,S100|60|0,634,textured,60
S100,0.002327321,0.516481288,1152.266,0.067623358,0.009107103,100.0,6.0,152.08394832430076,10.578436567360399,0.0114,0.334875386,1.575050725,0.529898219,0.021385891748101446,1.4177123892060084,0.48999999999999994,3.06,5.02443265999664,2.3588176430495174,0.84471782065953,S100|60|0,635,textured,60
S100,0.002328044,0.540106067,1152.266,0.067623358,0.009107103,100.0,6.0,159.08994761999014,11.571917002517583,0.0114,0.310555665,1.558494761,0.498727735,0.021382570676765515,1.5231694289785798,0.48999999999999994,3.06,5.069469750569437,2.4485812148204165,0.8450284300342249,S100|60|0,636,textured,60
S100,0.002333521,0.536005948,1152.266,0.067623358,0.009107103,100.0,6.0,158.25368135223994,11.42370411857871,0.0116,0.315929067,1.576208874,0.561068702,0.021357462452142054,1.506834022397921,0.48999999999999994,3.06,5.06419932364306,2.435690505277462,0.847378285724428,S100|60|0,637,textured,60
S200,0.002333007,0.542499387,1152.266,0.067623358,0.009107103,200.0,6.0,160.13556357067316,11.69958777045155,0.0122,0.288372866,1.583216207,0.55964467,0.021359815023549437,1.5359442160052788,0.7224999999999999,1.6650000000000005,5.07602072881796,2.4595536078882643,0.8471579934634242,S200|60|0,638,textured,60
S200,0.002336022,0.543705304,1152.266,0.067623358,0.009107103,200.0,6.0,160.69893446048147,11.766846344233958,0.0124,0.277849843,1.5638467,0.561068702,0.021346026490046424,1.5426055284440126,0.7224999999999999,1.6650000000000005,5.0795326421084255,2.465285945202767,0.8484494827298527,S200|60|0,639,textured,60
S200,0.002333945,0.54556547,1152.266,0.067623358,0.009107103,200.0,6.0,161.10536069261704,11.836965509760574,0.0118,0.292642255,1.565238263,0.561068702,0.021355522394559165,1.550230886897869,0.7224999999999999,1.6650000000000005,5.082058565188695,2.4712273052022478,0.8475599688909112,S200|60|0,640,textured,60
S200,0.002338393,0.542098542,1152.266,0.067623358,0.009107103,200.0,6.0,160.3866588829904,11.709274712669968,0.0118,0.296442418,1.556928929,0.623409669,0.021335201905682888,1.5362528408213443,0.7224999999999999,1.6650000000000005,5.077587517927067,2.460381238259312,0.8494639413105897,S200|60|0,641,textured,60
S200,0.00234165,0.540752545,1152.266,0.067623358,0.009107103,200.0,6.0,160.21126655683346,11.667428317996562,0.0122,0.292156469,1.570737295,0.561068702,0.021320359181024054,1.5314327130451317,0.7224999999999999,1.6650000000000005,5.076493360231478,2.4568010550900756,0.8508558090886483,S200|60|0,642,textured,60
S400,0.002337335,0.540589652,1152.158,0.067599618,0.009047234,400.0,6.0,160.91069367771414,11.641909437854036,0.0116,0.296417149,1.54696515,0.529898219,0.021204459228039544,1.5254228716884182,0.8556250000000001,0.8662499999999995,5.080849513428855,2.454611469902782,0.8490113914539441,S400|60|0,643,textured,60
S400,0.002342157,0.539555277,1152.158,0.067599618,0.009047234,400.0,6.0,160.93413289054706,11.621326161851858,0.0114,0.307617198,1.570397211,0.529898219,0.021182620260097186,1.5226371595522659,0.8556250000000001,0.8662499999999995,5.080995168794046,2.452841872437692,0.8510722996494167,S400|60|0,644,textured,60
S400,0.002340466,0.532257422,1152.158,0.067599618,0.009047234,400.0,6.0,158.64276811635892,11.300914434643001,0.0116,0.315617298,1.560877234,0.529898219,0.021190271160215324,1.4891741024506056,0.8556250000000001,0.8662499999999995,5.066654933103426,2.4248836458639063,0.8503500548419624,S400|60|0,645,textured,60
S400,0.002341988,0.527788191,1152.158,0.067599618,0.009047234,400.0,6.0,157.41298370235037,11.119155430942264,0.0116,0.314159942,1.554539254,0.529898219,0.02118338452495352,1.46979099001608,0.8556250000000001,0.8662499999999995,5.058872821160407,2.4086693354832223,0.851000141336609,S400|60|0,646,textured,60
S400,0.00233526,0.534789395,1152.158,0.067599618,0.009047234,400.0,6.0,159.0428844151302,11.383311266826738,0.0118,0.300546188,1.553679247,0.561068702,0.02121387776887264,1.4985212779773898,0.8556250000000001,0.8662499999999995,5.0691738791568435,2.432148358854284,0.8481232339584194,S400|60|0,647,textured,60
S600,0.002336192,0.538919264,1152.158,0.067599618,0.009047234,600.0,6.0,160.3350446016387,11.564417076124107,0.0118,0.305078083,1.563733267,0.498727735,0.02120964581654015,1.5174429195418673,0.9025,0.5850000000000002,5.077265654571788,2.4479328902733486,0.8485222533692433,S600|60|0,648,textured,60
S600,0.002337378,0.539871357,1152.158,0.067599618,0.009047234,600.0,6.0,160.6998439558395,11.611205806559365,0.0132,0.263224642,1.568274191,0.561068702,0.02120426418129479,1.5221979786521505,0.9025,0.5850000000000002,5.079538301715239,2.4519706496242346,0.8490297883052594,S600|60|0,649,textured,60
S600,0.002312262,0.537698037,1152.158,0.067599618,0.009047234,600.0,6.0,158.3330980354525,11.394144998675285,0.0126,0.28125624,1.574524496,0.592239186,0.021319114467449017,1.5026334695778016,0.9025,0.5850000000000002,5.064701029273548,2.433099626857105,0.838226266189009,S600|60|0,650,textured,60
S600,0.002318246,0.542402397,1152.158,0.067599618,0.009047234,600.0,6.0,160.13170792322447,11.624399235891671,0.0124,0.267691545,1.565081714,0.529898219,0.021291581579955334,1.5260880194565196,0.9025,0.5850000000000002,5.075996651131652,2.453106271505059,0.8408108652572618,S600|60|0,651,textured,60
S600,0.002218511,0.539528232,1152.158,0.067599618,0.009047234,600.0,6.0,152.4305364219722,11.006715331138498,0.0124,0.250526589,1.579240583,0.498727735,0.021764910680160884,1.4737673917472622,0.9025,0.5850000000000002,5.0267089934040285,2.3985055711773775,0.7968362501296958,S600|60|0,652,textured,60
S800,0.002340213,0.542461899,1152.158,0.067599618,0.009047234,800.0,6.0,161.66680073672902,11.737123258510268,0.0168,0.164973541,1.566374266,0.529898219,0.021191416567431128,1.5350174885099932,0.9264062500000001,0.4415624999999994,5.085537431568384,2.4627567467677323,0.8502419508680533,S800|60|0,653,textured,60
S800,0.002342706,0.544369406,1152.158,0.067599618,0.009047234,800.0,6.0,162.40811132426478,11.832404468550275,0.0166,0.038274332,1.55938477,0.623409669,0.021180138100595422,1.5446494013309864,0.9264062500000001,0.4415624999999994,5.090112373058274,2.4708419091168485,0.8513066714987162,S800|60|0,654,textured,60
S800,0.002346126,0.542683658,1152.158,0.067599618,0.009047234,800.0,6.0,162.14153967165564,11.776401876892107,0.026,0.054419089,1.551797708,0.654580153,0.02116469509167773,1.538349096269617,0.9264062500000001,0.4415624999999994,5.08846965545413,2.4660976881783414,0.8527654572289348,S800|60|0,655,textured,60
S800,0.002342875,0.540624391,1152.158,0.067599618,0.009047234,800.0,6.0,161.30245238957477,11.671003176954203,0.017,0.16793458,1.559272305,0.529898219,0.021179374187050976,1.527748264903319,0.9264062500000001,0.4415624999999994,5.083281188918714,2.4571074046394337,0.8513788076970119,S800|60|0,656,textured,60
S800,0.002345999,0.541050403,1152.158,0.067599618,0.009047234,800.0,6.0,161.6448096114022,11.7049906275874,0.0154,0.17279058,1.562510743,0.592239186,0.021165267956350785,1.5308983841791142,0.9264062500000001,0.4415624999999994,5.085401394849276,2.460015300223835,0.8527113239737334,S800|60|0,657,textured,60
D50,0.002253404,0.953096415,1151.51,0.067458438,0.008696196,50.0,25.0,284.3899802927991,34.941710874395405,0.0112,0.165336243,1.976807007,1.003841229,0.020785371530920412,3.6456791909434663,0.010000000000000002,24.75,5.650346466270481,3.5536812695745246,0.8124419618417644,D50|60|1,658,textured,60
D50,0.002240378,0.949680513,1151.51,0.067458438,0.008696196,50.0,25.0,281.7326758772244,34.49115878743594,0.011,0.16566932,1.977099387,0.972471191,0.020845709081247978,3.61220922475118,0.010000000000000002,24.75,5.640958663459703,3.5407030241644653,0.8066446016302687,D50|60|1,659,textured,60
D50,0.002300944,1.009325488,1151.51,0.067458438,0.008696196,50.0,25.0,307.52164114775246,40.01289392659573,0.0108,0.145999953,1.941417591,1.035211268,0.02056952664858042,4.046221834487321,0.010000000000000002,24.75,5.728545462486445,3.689201750335822,0.833319473512397,D50|60|1,660,textured,60
D50,0.002296322,0.995900408,1151.51,0.067458438,0.008696196,50.0,25.0,302.8217683122021,38.877295012217594,0.0108,0.152792097,1.950789971,1.19206146,0.020590217248642087,3.955680475162049,0.010000000000000002,24.75,5.713144409046044,3.6604104044409147,0.8313087125265023,D50|60|1,661,textured,60
D50,0.002257227,0.953748681,1151.51,0.067458438,0.008696196,50.0,25.0,285.06741732205853,35.04891435128848,0.011,0.164700101,1.973459585,0.972471191,0.02076776228078547,3.653385810711732,0.010000000000000002,24.75,5.652725704301859,3.5567446387152506,0.8141370687637953,D50|60|1,662,textured,60
D100,0.002331454,0.966055569,1151.51,0.067458438,0.008696196,100.0,25.0,298.2410047996253,37.1417618462063,0.0116,0.150833476,1.916011638,1.035211268,0.02043449439861325,3.8022052696948174,0.30250000000000005,17.4375,5.697901900589007,3.6147419927694284,0.8464921072839136,D100|60|1,663,textured,60
D100,0.002325901,0.992862407,1151.51,0.067458438,0.008696196,100.0,25.0,305.78676671890463,39.138195005477314,0.0112,0.147494226,1.936770574,0.972471191,0.020458873144776357,3.96673618623101,0.30250000000000005,17.4375,5.722888018258094,3.667098844539625,0.8441074908518916,D100|60|1,664,textured,60
D100,0.002327194,0.997012082,1151.51,0.067458438,0.008696196,100.0,25.0,307.2355060350161,39.48797507810486,0.0114,0.143578865,1.935694889,0.972471191,0.02045318883173774,3.9946276365506974,0.30250000000000005,17.4375,5.727614574135784,3.675996197156935,0.8446632499899623,D100|60|1,665,textured,60
D100,0.002334462,0.996983593,1151.51,0.067458438,0.008696196,100.0,25.0,308.1862188968727,39.609035257981596,0.0116,0.146554814,1.935043626,1.035211268,0.02042132503191056,4.00192530865678,0.30250000000000005,17.4375,5.730704207080544,3.679057255315541,0.8477814577208754,D100|60|1,666,textured,60
D100,0.002328959,0.996272355,1151.51,0.067458438,0.008696196,100.0,25.0,307.2403964617208,39.459305301363955,0.0114,0.14547447,1.923452039,1.097951344,0.02044543714515846,3.9917019693804416,0.30250000000000005,17.4375,5.727630491527125,3.6752698953042704,0.8454213866253087,D100|60|1,667,textured,60
D200,0.002333474,0.978294866,1151.348,0.06742348,0.008610586,200.0,25.0,305.24365336122105,38.136247852961105,0.011,0.158020795,1.935862752,1.035211268,0.020231232351443425,3.8679362211139106,0.6006250000000001,9.984374999999998,5.721110321165234,3.641165217067505,0.8473581442843786,D200|60|1,668,textured,60
D200,0.002338152,0.978966822,1151.348,0.06742348,0.008610586,200.0,25.0,306.06566772919876,38.265212895337804,0.0108,0.158643801,1.931989992,1.003841229,0.020210983648542725,3.876843657414493,0.6006250000000001,9.984374999999998,5.723799679351222,3.6445412039557445,0.8493608737681141,D200|60|1,669,textured,60
D200,0.002338537,0.981107632,1151.348,0.06742348,0.008610586,200.0,25.0,306.7854807717389,38.439081373080924,0.0108,0.158023365,1.931671261,1.035211268,0.020209319884190804,3.890801543344181,0.6006250000000001,9.984374999999998,5.7261487436396745,3.649074686133939,0.8495255201668247,D200|60|1,670,textured,60
D200,0.002337894,0.977978753,1151.348,0.06742348,0.008610586,200.0,25.0,305.7230180558125,38.183796088996026,0.0108,0.159602256,1.937569797,1.097951344,0.020212098816708737,3.8703286679465227,0.6006250000000001,9.984374999999998,5.722679522286614,3.6424112394681973,0.8492505241264459,D200|60|1,671,textured,60
D200,0.002340337,0.978716506,1151.348,0.06742348,0.008610586,200.0,25.0,306.2733533913401,38.281387529266524,0.0108,0.160105983,1.924824304,1.066581306,0.02020154669319115,3.8774301697076776,0.6006250000000001,9.984374999999998,5.724478014923321,3.6449638127738955,0.850294936094161,D200|60|1,672,textured,60
D400,0.002307426,0.960731884,1151.348,0.06742348,0.008610586,400.0,25.0,296.41753275488395,36.368688176482486,0.0114,0.157798324,1.941402004,1.003841229,0.020345104741790788,3.732210076168781,0.78765625,5.308593750000002,5.6917690440169135,3.593708189513716,0.8361326175415263,D400|60|1,673,textured,60
D400,0.002332357,1.001375789,1151.348,0.06742348,0.008610586,400.0,25.0,312.29570769175325,39.9378467651344,0.011,0.149814847,1.936789975,1.066581306,0.020236076288611158,4.013823212947895,0.78765625,5.308593750000002,5.743950520011914,3.6873244147951305,0.8468793442501128,D400|60|1,674,textured,60
D400,0.002320638,0.985824503,1151.348,0.06742348,0.008610586,400.0,25.0,305.9010094542096,38.51253117301474,0.0114,0.150432602,1.941163574,1.19206146,0.020287107069739706,3.902740711676006,0.78765625,5.308593750000002,5.723261551099793,3.6509836733483527,0.8418421478726493,D400|60|1,675,textured,60
D400,0.002337766,0.978033873,1151.348,0.06742348,0.008610586,400.0,25.0,305.72350963612166,38.186009571592884,0.0112,0.15442484,1.937676406,0.972471191,0.02021265214694707,3.8705505382255847,0.78765625,5.308593750000002,5.722681130212367,3.642469206948364,0.8491957724977851,D400|60|1,676,textured,60
D400,0.00233283,0.97087303,1151.348,0.06742348,0.008610586,400.0,25.0,302.8443186949123,37.54943546042468,0.0112,0.155760063,1.931018644,1.097951344,0.020234024671194412,3.8204598472749347,0.78765625,5.308593750000002,5.7132188737823215,3.6256583437542425,0.8470821228318163,D400|60|1,677,textured,60
D600,0.002337423,0.965903925,1151.348,0.06742348,0.008610586,600.0,25.0,301.8875105960943,37.23922389609746,0.0122,0.139968246,1.927224159,1.035211268,0.020214135123148916,3.7936963156325936,0.8556250000000001,3.6093749999999982,5.710054466516529,3.6173626115928115,0.8490490404616619,D600|60|1,678,textured,60
D600,0.002344402,0.966766252,1151.348,0.06742348,0.008610586,600.0,25.0,303.05919617362906,37.41713172225936,0.0348,0.020931904,1.910781866,1.097951344,0.02018402518552676,3.805918692418137,0.8556250000000001,3.6093749999999982,5.713928153337407,3.6221286669797133,0.8520303587165144,D600|60|1,679,textured,60
D600,0.002343761,0.970581609,1151.348,0.06742348,0.008610586,600.0,25.0,304.1720350424332,37.70273759755024,0.0144,0.108476786,1.92201239,1.129321383,0.020186785082047257,3.8293509677010507,0.8556250000000001,3.6093749999999982,5.717593446087362,3.629732707137235,0.8517569040589037,D600|60|1,680,textured,60
D600,0.002346625,0.971368593,1151.348,0.06742348,0.008610586,600.0,25.0,304.79065889573724,37.81005024222119,0.012,0.144922827,1.91966687,1.129321383,0.020174462575534353,3.8371307087670234,0.8556250000000001,3.6093749999999982,5.719625176675343,3.632574946709713,0.8529781256623894,D600|60|1,681,textured,60
D600,0.002347308,0.97259891,1151.348,0.06742348,0.008610586,600.0,25.0,305.2655245547788,37.916922628547844,0.0118,0.146123308,1.913762311,1.035211268,0.020171527264015603,3.845581133954229,0.8556250000000001,3.6093749999999982,5.721181970189878,3.6353975197831847,0.853269139617987,D600|60|1,682,textured,60
D800,0.00235796,0.951741782,1151.348,0.06742348,0.008610586,800.0,25.0,300.07476262473983,36.47288782621229,0.0154,0.095584307,1.88915259,1.129321383,0.020125913614568416,3.724589052806038,0.8906640625,2.733398437500001,5.704031652357991,3.596569185294515,0.8577968384428831,D800|60|1,683,textured,60
D800,0.002363183,0.949599165,1151.348,0.06742348,0.008610586,800.0,25.0,300.0624010183626,36.38927879759638,0.0172,0.067725752,1.900906673,0.941101152,0.020103660620905326,3.7161121847982015,0.8906640625,2.733398437500001,5.703990456421036,3.594274192730132,0.8600094391333559,D800|60|1,684,textured,60
D800,0.00236742,0.945551422,1151.348,0.06742348,0.008610586,800.0,25.0,299.3190557502494,36.14440357973203,0.0248,0.02079747,1.913404801,0.972471191,0.02008566268311713,3.6947692135345314,0.8906640625,2.733398437500001,5.701510080557473,3.587522125547883,0.8618007545884796,D800|60|1,685,textured,60
D800,0.002370425,0.948833002,1151.348,0.06742348,0.008610586,800.0,25.0,300.73910490977306,36.44191818865144,0.0134,0.130463085,1.900392618,1.097951344,0.020072927296562133,3.718135970612063,0.8906640625,2.733398437500001,5.706243127797177,3.595719710651001,0.8630692639647677,D800|60|1,686,textured,60
D800,0.002371693,0.952280926,1151.348,0.06742348,0.008610586,800.0,25.0,301.99340549345544,36.72688451425947,0.0306,0.020813193,1.904667126,1.097951344,0.020067560692475107,3.740977580911752,0.8906640625,2.733398437500001,5.710405181022073,3.6035090349506134,0.8636040461149459,D800|60|1,687,textured,60
S50,0.002351105,0.951280889,1151.51,0.067458438,0.008696196,50.0,6.0,296.15508323484664,36.31792287036373,0.0106,0.166014283,1.899997057,0.972471191,0.020348917435817997,3.7283212436497735,0.16000000000000003,5.04,5.690883246968194,3.5923113624050713,0.8548854304066449,S50|60|1,688,textured,60
S50,0.002336994,0.957182982,1151.51,0.067458438,0.008696196,50.0,6.0,296.2040281002333,36.54929190611989,0.0108,0.159068491,1.916839241,1.097951344,0.020410259362098112,3.7518250902301453,0.16000000000000003,5.04,5.691048500999275,3.5986618127145493,0.84886548815933,S50|60|1,689,textured,60
S50,0.002345343,0.953386923,1151.51,0.067458438,0.008696196,50.0,6.0,296.0833262365192,36.3895077165212,0.0116,0.153462691,1.899315305,1.066581306,0.020373898544304356,3.736032108339929,0.16000000000000003,5.04,5.690640922264051,3.5942804835446887,0.8524316598587423,S50|60|1,690,textured,60
S50,0.002351191,0.952335744,1151.51,0.067458438,0.008696196,50.0,6.0,296.4943281970046,36.39984326528711,0.0108,0.163975325,1.899928153,1.066581306,0.020348545279131797,3.7350202232926653,0.16000000000000003,5.04,5.6920280890710195,3.5945644687347187,0.8549220082826483,S50|60|1,691,textured,60
S50,0.00236191,0.958619374,1151.51,0.067458438,0.008696196,50.0,6.0,299.8112610670589,37.04991208695275,0.0108,0.164328138,1.912556384,1.035211268,0.020302319113081415,3.784844187135111,0.16000000000000003,5.04,5.703153146894549,3.6122659789174927,0.8594706137469351,S50|60|1,692,textured,60
S100,0.002355961,0.948376727,1151.51,0.067458438,0.008696196,100.0,6.0,295.8607672477247,36.17106580888984,0.0112,0.160331481,1.901407517,1.003841229,0.020327935485454245,3.7147223101107762,0.48999999999999994,3.06,5.689888962740403,3.5882595121842784,0.8569487121718546,S100|60|1,693,textured,60
S100,0.002355833,0.95588132,1151.51,0.067458438,0.008696196,100.0,6.0,298.185739546887,36.743784322636905,0.011,0.159153463,1.901510538,1.003841229,0.020328487719080243,3.761743119217053,0.48999999999999994,3.06,5.697716579412784,3.6039690772761572,0.8568943804247402,S100|60|1,694,textured,60
S100,0.002358852,0.956729698,1151.51,0.067458438,0.008696196,100.0,6.0,298.83285396335316,36.85620682568639,0.0108,0.164400406,1.915035485,1.097951344,0.02031547474628766,3.7699821972974092,0.48999999999999994,3.06,5.699884400237542,3.607024039341508,0.858175060008904,S100|60|1,695,textured,60
S100,0.002354556,0.954098723,1151.51,0.067458438,0.008696196,100.0,6.0,297.4683283190446,36.587024071766415,0.0112,0.158883628,1.913200167,1.097951344,0.020333999577785776,3.7493051895642147,0.48999999999999994,3.06,5.695307759886694,3.5996936439871456,0.8563521746615705,S100|60|1,696,textured,60
S100,0.002354769,0.954887392,1151.51,0.067458438,0.008696196,100.0,6.0,297.74115116360827,36.65085082559174,0.0118,0.151441196,1.907698465,1.066581306,0.02033307990374183,3.7544689386993966,0.48999999999999994,3.06,5.6962244887798805,3.6014366429497406,0.8564426334853491,S100|60|1,697,textured,60
S200,0.002364073,0.953498714,1151.348,0.06742348,0.008610586,200.0,6.0,301.40808437189605,36.70257650976966,0.0122,0.144512707,1.905498373,1.129321383,0.02009987606301744,3.7414038942868926,0.7224999999999999,1.6650000000000005,5.7084651085662355,3.6028469572221717,0.8603859789317148,S200|60|1,698,textured,60
S200,0.002369156,0.949713157,1151.348,0.06742348,0.008610586,200.0,6.0,300.85692691748477,36.490012653821964,0.0124,0.145017672,1.91729971,1.035211268,0.020078302445911446,3.7224597275745275,0.7224999999999999,1.6650000000000005,5.706634825890198,3.597038597223357,0.8625337735784554,S200|60|1,699,textured,60
S200,0.002371143,0.950814365,1151.348,0.06742348,0.008610586,200.0,6.0,301.4583953323091,36.60535826645097,0.0116,0.154585234,1.910400488,0.972471191,0.020069887949503103,3.7312445020193494,0.7224999999999999,1.6650000000000005,5.708632014381117,3.6001946304144847,0.8633721173691637,S200|60|1,700,textured,60
S200,0.002374312,0.950978542,1151.348,0.06742348,0.008610586,200.0,6.0,301.9134126825931,36.666940097407185,0.0118,0.153773578,1.897281321,1.003841229,0.0200564898132541,3.7352674744074683,0.7224999999999999,1.6650000000000005,5.710140263293302,3.601875534298516,0.8647077113095023,S200|60|1,701,textured,60
S200,0.002370129,0.952188371,1151.348,0.06742348,0.008610586,200.0,6.0,301.7649253144227,36.695531036311394,0.0124,0.14427198,1.895335741,1.097951344,0.020074180688462645,3.7389156977725464,0.7224999999999999,1.6650000000000005,5.709648321271139,3.6026549775181858,0.8629443840455072,S200|60|1,702,textured,60
S400,0.0023642,0.945836517,1151.348,0.06742348,0.008610586,400.0,6.0,299.0020682980155,36.11701204751841,0.012,0.14918948,1.889473327,0.941101152,0.020099336193602376,3.6935343050286926,0.8556250000000001,0.8662499999999995,5.700450490751429,3.5867640021901326,0.8604396983341395,S400|60|1,703,textured,60
S400,0.00236526,0.944742999,1151.348,0.06742348,0.008610586,400.0,6.0,298.7902844679966,36.049703595936094,0.0114,0.158100354,1.893931912,1.097951344,0.02009483189303668,3.687695977319121,0.8556250000000001,0.8662499999999995,5.699741937562686,3.584898641670419,0.8608879524763668,S400|60|1,704,textured,60
S400,0.00236615,0.9487775,1151.348,0.06742348,0.008610586,400.0,6.0,300.1791697230804,36.371940606723854,0.0114,0.157367772,1.893219697,1.097951344,0.02009105231810402,3.7137635760481857,0.8556250000000001,0.8662499999999995,5.70437952879417,3.5937976149228152,0.8612641616869392,S400|60|1,705,textured,60
S400,0.002354556,0.944338259,1151.348,0.06742348,0.008610586,400.0,6.0,297.31068073655496,35.855818482804224,0.0114,0.157329296,1.907870918,1.003841229,0.020140456455547396,3.6751531034269145,0.8556250000000001,0.8662499999999995,5.694777655146005,3.5795058546518543,0.8563521746615705,S400|60|1,706,textured,60
S400,0.002366065,0.948295548,1151.348,0.06742348,0.008610586,400.0,6.0,300.01590927846286,36.33369289380186,0.012,0.152696252,1.898590819,0.941101152,0.020091413196632258,3.7106656759369385,0.8556250000000001,0.8662499999999995,5.70383550417832,3.5927454896717514,0.8612282377063047,S400|60|1,707,textured,60
S600,0.002374861,0.950265087,1151.348,0.06742348,0.008610586,600.0,6.0,301.7566649491165,36.620408867849875,0.0136,0.111717833,1.902126597,1.035211268,0.020054171435601908,3.731302339440523,0.9025,0.5850000000000002,5.709620947386128,3.600605704335588,0.8649389094580833,S600|60|1,708,textured,60
S600,0.002361867,0.952245299,1151.348,0.06742348,0.008610586,600.0,6.0,300.73098569725687,36.57198721997343,0.0122,0.144276093,1.88602699,1.097951344,0.020109260583374627,3.731447092566012,0.9025,0.5850000000000002,5.7062161299043686,3.5992825708537275,0.8594524079764252,S600|60|1,709,textured,60
S600,0.002362377,0.951613186,1151.348,0.06742348,0.008610586,600.0,6.0,300.5962504967853,36.53133593980748,0.0134,0.132848009,1.896243659,1.003841229,0.02010708982983496,3.727967614295773,0.9025,0.5850000000000002,5.705768003843826,3.5981704111707202,0.8596683155383467,S600|60|1,710,textured,60
S600,0.002362079,0.950459472,1151.348,0.06742348,0.008610586,600.0,6.0,300.1939420151872,36.438213081395524,0.012,0.14233751,1.896482114,1.003841229,0.020108358145542474,3.7204571043123758,0.9025,0.5850000000000002,5.704428739166256,3.5956180339060624,0.8595421634478646,S600|60|1,711,textured,60
S600,0.00236191,0.949781061,1151.348,0.06742348,0.008610586,600.0,6.0,299.95820940996657,36.38361119095092,0.012,0.149640713,1.901931071,0.909731114,0.020109077531916122,3.716049590724325,0.9025,0.5850000000000002,5.703643162986003,3.5941184312464856,0.8594706137469351,S600|60|1,712,textured,60
S800,0.0023614,0.945501916,1151.348,0.06742348,0.008610586,800.0,6.0,298.542300000872,36.04871860666096,0.0114,0.157145478,1.902341294,1.097951344,0.02011124892936357,3.688820154780024,0.9264062500000001,0.4415624999999994,5.698911631338584,3.5848713182077105,0.8592546634908724,S800|60|1,713,textured,60
S800,0.002357492,0.943427957,1151.348,0.06742348,0.008610586,800.0,6.0,297.3944583271479,35.831348875999424,0.0118,0.156865716,1.900172569,0.972471191,0.020127911173874226,3.672231138950569,0.9264062500000001,0.4415624999999994,5.695059400117232,3.5788231771614005,0.8575983420944793,S800|60|1,714,textured,60
S800,0.002370932,0.945362875,1151.348,0.06742348,0.008610586,800.0,6.0,299.70331298402607,36.183588128833684,0.0132,0.135302983,1.905278369,1.066581306,0.02007078098484621,3.6968771064807804,0.9264062500000001,0.4415624999999994,5.7027930285959405,3.5886056494232084,0.8632831267900865,S800|60|1,715,textured,60
S800,0.00236687,0.943265383,1151.348,0.06742348,0.008610586,800.0,6.0,298.5260288059779,35.96148725215529,0.013,0.133194852,1.903246777,1.066581306,0.020087996244483746,3.679974107598898,0.9264062500000001,0.4415624999999994,5.698857127711066,3.5824485672619533,0.8615684071815932,S800|60|1,716,textured,60
S800,0.002363225,0.947020458,1151.348,0.06742348,0.008610586,800.0,6.0,299.25287772054895,36.19255479656483,0.012,0.151031312,1.900872555,0.941101152,0.020103481975728157,3.7000185928862446,0.9264062500000001,0.4415624999999994,5.701288960834782,3.5888534290758565,0.8600272116151225,S800|60|1,717,textured,60
D50,0.002305169,1.267716035,1152.32,0.06763525,0.009137186,50.0,25.0,368.5406421301396,63.117056610011375,0.0106,0.114330806,2.174585394,1.315856777,0.021556983073919574,5.936802241829901,0.010000000000000002,24.75,5.909550996267328,4.144991043796518,0.8351539926329322,D50|60|2,718,textured,60
D50,0.002275924,1.202714503,1152.32,0.06763525,0.009137186,50.0,25.0,345.20806824841884,56.08966569403709,0.0106,0.126846809,2.186009433,1.566496164,0.021695041649748656,5.415648594654328,0.010000000000000002,24.75,5.844147331614058,4.026951583331991,0.8223861237909205,D50|60|2,719,textured,60
D50,0.002271615,1.204573135,1152.32,0.06763525,0.009137186,50.0,25.0,345.0869490481275,56.15663470787814,0.0108,0.122312836,2.184639492,1.472506394,0.021715608436884526,5.422875826481838,0.010000000000000002,24.75,5.843796411504542,4.028144834629315,0.8204910322745633,D50|60|2,720,textured,60
D50,0.002280138,1.214830596,1152.32,0.06763525,0.009137186,50.0,25.0,349.3312900917581,57.33140368304647,0.0106,0.122726027,2.192962284,1.503836317,0.02167498470910963,5.509314691378591,0.010000000000000002,24.75,5.8560207272217975,4.048848530887894,0.8242359674504953,D50|60|2,721,textured,60
D50,0.002293603,1.250770438,1152.32,0.06763525,0.009137186,50.0,25.0,361.78994293947807,61.13268408434139,0.0106,0.113547803,2.16369584,1.347186701,0.02161126765004216,5.792831128737351,0.010000000000000002,24.75,5.891063775282079,4.113046650885342,0.830123943573611,D50|60|2,722,textured,60
D100,0.002325207,1.248606434,1152.32,0.06763525,0.009137186,100.0,25.0,366.14054550327245,61.76077808455241,0.0112,0.106362904,2.11272867,1.347186701,0.02146389598869338,5.8244326678854,0.30250000000000005,17.4375,5.9030172637979605,4.123268504156467,0.843809067334248,D100|60|2,723,textured,60
D100,0.002330233,1.252459304,1152.32,0.06763525,0.009137186,100.0,25.0,368.06422377541736,62.27684388480799,0.0114,0.108257153,2.124306279,1.253196931,0.021440736121546622,5.860803392159501,0.30250000000000005,17.4375,5.908257444070742,4.131589669458336,0.8459682625779426,D100|60|2,724,textured,60
D100,0.002332763,1.259172517,1152.32,0.06763525,0.009137186,100.0,25.0,370.438816882007,63.01458647328023,0.0112,0.105894522,2.122002279,1.441176471,0.02142910618351815,5.914996543821088,0.30250000000000005,17.4375,5.914688294478824,4.143366230914201,0.8470534019382431,D100|60|2,725,textured,60
D100,0.002329718,1.252201805,1152.32,0.06763525,0.009137186,100.0,25.0,367.9072233277003,62.237480920405496,0.0112,0.109293678,2.124775808,1.409846547,0.021443105800826246,5.8580986416842125,0.30250000000000005,17.4375,5.9078307958611775,4.130957405407186,0.8457472302099641,D100|60|2,726,textured,60
D100,0.002325594,1.243654396,1152.32,0.06763525,0.009137186,100.0,25.0,364.74911064415033,61.28205453588724,0.0114,0.108170657,2.117765849,1.409846547,0.02146211002060376,5.788094596761948,0.30250000000000005,17.4375,5.899209749138511,4.115487051891977,0.8439754902798406,D100|60|2,727,textured,60
D200,0.002340294,1.22736585,1153.184,0.06782757,0.00963225,200.0,25.0,343.88665022020024,59.93918586907867,0.0106,0.119373709,2.109818744,1.159207161,0.0225133489682769,5.79621802496668,0.6006250000000001,9.984374999999998,5.840312097900804,4.0933304793651555,0.8502765625030785,D200|60|2,728,textured,60
D200,0.002343453,1.226795847,1153.184,0.06782757,0.00963225,200.0,25.0,344.1909183354712,59.96435848824367,0.0106,0.119734218,2.112322092,1.472506394,0.02249816973210711,5.79660128870717,0.6006250000000001,9.984374999999998,5.841196498581797,4.093750360523294,0.8516254827069264,D200|60|2,729,textured,60
D200,0.002344477,1.228477537,1153.184,0.06782757,0.00963225,200.0,25.0,344.8133392873395,60.15514331432986,0.0106,0.119835881,2.111399747,1.190537084,0.02249325591935642,5.810843010863208,0.6006250000000001,9.984374999999998,5.843003225069461,4.096926946900235,0.8520623493053125,D200|60|2,730,textured,60
D200,0.002342429,1.231116398,1153.184,0.06782757,0.00963225,200.0,25.0,345.2521678708575,60.361082252475555,0.0106,0.118420069,2.102545668,1.441176471,0.022503086766638154,5.827770654098994,0.6006250000000001,9.984374999999998,5.844275071403236,4.100344563700399,0.851188425172699,D200|60|2,731,textured,60
D200,0.002343026,1.23122901,1153.184,0.06782757,0.00963225,200.0,25.0,345.3717488624372,60.38751204886327,0.0106,0.118629629,2.107358134,1.253196931,0.02250021970526709,5.829514854036491,0.6006250000000001,9.984374999999998,5.844621369844044,4.100782329406289,0.8514432563484248,D200|60|2,732,textured,60
D400,0.002324132,1.251281849,1153.184,0.06782757,0.00963225,400.0,25.0,348.1663521307268,61.867622899276114,0.011,0.109552234,2.146058733,1.253196931,0.022591492198652616,5.95317584332663,0.78765625,5.308593750000002,5.852680388921861,4.1249969879106,0.8433466359997478,D400|60|2,733,textured,60
D400,0.002331348,1.254887733,1153.184,0.06782757,0.00963225,400.0,25.0,350.25378849988994,62.4179071923472,0.011,0.112286098,2.155542539,1.315856777,0.022556502452688604,5.991782863084486,0.78765625,5.308593750000002,5.858658001717904,4.133852208442486,0.8464466410599484,D400|60|2,734,textured,60
D400,0.002318619,1.227990762,1153.184,0.06782757,0.00963225,400.0,25.0,340.87515796249477,59.444535740679434,0.0112,0.112032981,2.156566308,1.315856777,0.02261833424349139,5.768644803687732,0.78765625,5.308593750000002,5.831516304568637,4.0850437053831214,0.8409717498207783,D400|60|2,735,textured,60
D400,0.00234844,1.233561537,1153.184,0.06782757,0.00963225,400.0,25.0,346.8256033678604,60.756599340507016,0.011,0.113903809,2.134518523,1.347186701,0.022474269185331453,5.855297924784084,0.78765625,5.308593750000002,5.848822069654919,4.1068757074401825,0.8537512779362817,D400|60|2,736,textured,60
D400,0.002351843,1.230444304,1153.184,0.06782757,0.00963225,400.0,25.0,346.45046521688573,60.537515981698405,0.011,0.113537598,2.110115309,1.253196931,0.022458003723789362,5.836710288575848,0.78765625,5.308593750000002,5.847739850883531,4.103263271725982,0.8551992761077063,D400|60|2,737,textured,60
D600,0.002358508,1.225371685,1153.184,0.06782757,0.00963225,600.0,25.0,345.99996637552715,60.20955051125248,0.0122,0.103727206,2.109465836,1.503836317,0.02242624879801052,5.808111732037556,0.8556250000000001,3.6093749999999982,5.846438677877162,4.097830986098091,0.8580292157228586,D600|60|2,738,textured,60
D600,0.002360033,1.230605873,1153.184,0.06782757,0.00963225,600.0,25.0,347.7025864146209,60.76428504337649,0.0116,0.104850383,2.102792121,1.503836317,0.022419001959507787,5.8501260514938185,0.8556250000000001,3.6093749999999982,5.8513474776246905,4.107002199325403,0.8586756019906042,D600|60|2,739,textured,60
D600,0.00236105,1.221510712,1153.184,0.06782757,0.00963225,600.0,25.0,345.281513141778,59.895210254600144,0.012,0.104261551,2.123117965,1.253196931,0.02241417305271708,5.782594826095583,0.8556250000000001,3.6093749999999982,5.844360064421665,4.092596539563645,0.8591064353463115,D600|60|2,740,textured,60
D600,0.002357617,1.217885677,1153.184,0.06782757,0.00963225,600.0,25.0,343.75627887259276,59.45366752666883,0.017,0.053513888,2.104946989,1.315856777,0.02243048610630456,5.7501396779334675,0.8556250000000001,3.6093749999999982,5.839932914625142,4.08519731217879,0.8576513631381196,D600|60|2,741,textured,60
D600,0.002359822,1.221777995,1153.184,0.06782757,0.00963225,600.0,25.0,345.17744256123444,59.890259292929215,0.012,0.107574304,2.118912553,1.284526854,0.022420004218084398,5.782814091954237,0.8556250000000001,3.6093749999999982,5.844058611075389,4.092513875753211,0.8585861924641928,D600|60|2,742,textured,60
D800,0.002353798,1.222360381,1153.184,0.06782757,0.00963225,800.0,25.0,344.46041207424213,59.794339045838974,0.0148,0.072748929,2.11901124,1.347186701,0.022448675285724074,5.778356639377404,0.8906640625,2.733398437500001,5.841979169697432,4.090910991690291,0.8560301937712006,D800|60|2,743,textured,60
D800,0.002354307,1.222003907,1153.184,0.06782757,0.00963225,800.0,25.0,344.43442446870847,59.77239153559907,0.0156,0.060079662,2.086614536,1.221867008,0.02244624845834315,5.776410016793914,0.8906640625,2.733398437500001,5.841903722461752,4.0905438743428535,0.8562464166472763,D800|60|2,744,textured,60
D800,0.002343837,1.220234659,1153.184,0.06782757,0.00963225,800.0,25.0,342.40620342818346,59.334388145767875,0.0204,0.036730255,2.095935746,1.284526854,0.022496326674962222,5.747643441638689,0.8906640625,2.733398437500001,5.835997761592321,4.0831890392036145,0.8517893300476538,D800|60|2,745,textured,60
D800,0.002351375,1.226982319,1153.184,0.06782757,0.00963225,800.0,25.0,345.4069430425598,60.18535898864601,0.0162,0.067416375,2.099875733,1.253196931,0.02246023854869388,5.809763182932207,0.8906640625,2.733398437500001,5.844723266965555,4.097429116566688,0.8550002634310476,D800|60|2,746,textured,60
D800,0.002345372,1.211137871,1153.184,0.06782757,0.00963225,800.0,25.0,340.07615558372726,58.49129737990316,0.0154,0.069130506,2.115936961,1.347186701,0.022488963767627615,5.681470832634376,0.8906640625,2.733398437500001,5.829169579539824,4.06887798043484,0.8524440247114354,D800|60|2,747,textured,60
S50,0.002354477,1.211126759,1152.32,0.06763525,0.009137186,50.0,6.0,359.62070329970925,58.84013381340704,0.011,0.117531997,2.102431834,1.347186701,0.021330063081084833,5.589021461822184,0.16000000000000003,5.04,5.885049874076206,4.074824169921797,0.8563186221254098,S50|60|2,748,textured,60
S50,0.002356896,1.213806291,1152.32,0.06763525,0.009137186,50.0,6.0,360.7866319108708,59.161501468644126,0.011,0.116904708,2.100273804,1.315856777,0.02131911421684897,5.612275895911342,0.16000000000000003,5.04,5.888286736257239,4.080271017315063,0.8573454990942105,S50|60|2,749,textured,60
S50,0.002368533,1.216782978,1152.32,0.06763525,0.009137186,50.0,6.0,363.45713560984103,59.745567573823784,0.0114,0.115189048,2.105827904,1.409846547,0.021266677537554502,5.6509883423188665,0.16000000000000003,5.04,5.8956613687268895,4.090095005195061,0.8622707761535122,S50|60|2,750,textured,60
S50,0.002360457,1.212947707,1152.32,0.06763525,0.009137186,50.0,6.0,361.0761517568381,59.16709532195725,0.011,0.119523011,2.113033012,1.284526854,0.021303027073618724,5.611005920830162,0.16000000000000003,5.04,5.889088882781598,4.080365565099267,0.8588552443587228,S50|60|2,751,textured,60
S50,0.002357957,1.212181888,1152.32,0.06763525,0.009137186,50.0,6.0,360.46599862552756,59.02982046097651,0.0108,0.120060888,2.104644152,1.284526854,0.02131431724106314,5.601776019252534,0.16000000000000003,5.04,5.887397635010631,4.078042747760195,0.8577955661558601,S50|60|2,752,textured,60
S100,0.002364182,1.198775741,1152.32,0.06763525,0.009137186,100.0,6.0,357.4205232324546,57.88376851354118,0.011,0.114698516,2.072598857,1.441176471,0.021286237956303078,5.511692797788255,0.48999999999999994,3.06,5.878913024782454,4.05843700872362,0.8604320847360841,S100|60|2,753,textured,60
S100,0.002368618,1.207263669,1152.32,0.06763525,0.009137186,100.0,6.0,360.6266276609583,58.816514986500124,0.011,0.116648507,2.084589502,1.284526854,0.02126629594714853,5.580539310261966,0.48999999999999994,3.06,5.887843150696777,4.074422682586145,0.8623066627022031,S100|60|2,754,textured,60
S100,0.002370685,1.206443269,1152.32,0.06763525,0.009137186,100.0,6.0,360.6960534999033,58.7878613649139,0.011,0.118784885,2.093344018,1.253196931,0.021257022884822112,5.5773911742575955,0.48999999999999994,3.06,5.888035646623974,4.073935394220828,0.863178942921915,S100|60|2,755,textured,60
S100,0.002368153,1.209696157,1152.32,0.06763525,0.009137186,100.0,6.0,361.2823062302171,59.04217661228834,0.0112,0.113988273,2.07970639,1.347186701,0.021268383722353828,5.597881264785389,0.48999999999999994,3.06,5.889659664439088,4.078252046351957,0.8621103264210135,S100|60|2,756,textured,60
S100,0.002374478,1.200434854,1152.32,0.06763525,0.009137186,100.0,6.0,359.4739142024206,58.29688412798122,0.0114,0.116876504,2.09527821,1.472506394,0.021240038075451977,5.538324405661209,0.48999999999999994,3.06,5.884641613199946,4.065548646439013,0.8647776238556744,S100|60|2,757,textured,60
S200,0.002351333,1.211448978,1153.184,0.06782757,0.00963225,200.0,6.0,341.02807145867155,58.67008868116005,0.0118,0.103878189,2.089254246,1.409846547,0.02246043914252865,5.692469246637975,0.7224999999999999,1.6650000000000005,5.831964794888502,4.071930034461427,0.8549824013822023,S200|60|2,758,textured,60
S200,0.002364224,1.212054066,1153.184,0.06782757,0.00963225,200.0,6.0,343.06900000278637,59.05068734378269,0.0124,0.100630411,2.083163123,1.409846547,0.022399122347123802,5.715738700683143,0.7224999999999999,1.6650000000000005,5.837931593123617,4.078396182605816,0.8604498497080433,S200|60|2,759,textured,60
S200,0.002361516,1.209496198,1153.184,0.06782757,0.00963225,200.0,6.0,341.95287704584797,58.73436222430345,0.0126,0.099352274,2.090858734,1.253196931,0.022411961439504663,5.6925355627000895,0.7224999999999999,1.6650000000000005,5.834672941153536,4.073024942687968,0.8593037856857296,S200|60|2,760,textured,60
S200,0.002364985,1.212510193,1153.184,0.06782757,0.00963225,200.0,6.0,343.30857478329096,59.114161913068536,0.0112,0.110792443,2.098389623,1.472506394,0.022395518285457036,5.720285123501791,0.7224999999999999,1.6650000000000005,5.838629677673679,4.079470521984917,0.860771679429068,S200|60|2,761,textured,60
S200,0.00236714,1.210804996,1153.184,0.06782757,0.00963225,200.0,6.0,343.13815406052424,59.001724120635444,0.0124,0.099007273,2.085890942,1.503836317,0.022385321733670624,5.710538953271349,0.7224999999999999,1.6650000000000005,5.8381331475888025,4.077566665862405,0.8616824753818263,S200|60|2,762,textured,60
S400,0.002362997,1.214710602,1153.184,0.06782757,0.00963225,400.0,6.0,343.64248778427157,59.279040320837304,0.012,0.103991893,2.094851401,1.221867008,0.022404937029976757,5.734009688034114,0.8556250000000001,0.8662499999999995,5.8396018372509015,4.082255791937041,0.8599307286313876,S400|60|2,763,textured,60
S400,0.00236452,1.212311871,1153.184,0.06782757,0.00963225,400.0,6.0,343.18493234265185,59.08320655526783,0.0114,0.110378035,2.109402368,1.347186701,0.022397720297717468,5.71811351374111,0.8556250000000001,0.8662499999999995,5.838269463219522,4.078946730991774,0.8605750415138959,S400|60|2,764,textured,60
S400,0.002362955,1.216926717,1153.184,0.06782757,0.00963225,400.0,6.0,344.2633092258544,59.49447721816158,0.0118,0.107707384,2.105495945,1.221867008,0.0224051361457394,5.750695298809619,0.8556250000000001,0.8662499999999995,5.8414067983744395,4.085883488380723,0.8599129544347808,S400|60|2,765,textured,60
S400,0.002363928,1.2156583,1153.184,0.06782757,0.00963225,400.0,6.0,344.04608996172516,59.39496541957212,0.0114,0.108942035,2.094026671,1.315856777,0.022400524659858995,5.742526172140538,0.8556250000000001,0.8662499999999995,5.840775630845427,4.084209465530241,0.8603246422272406,S400|60|2,766,textured,60
S400,0.002368618,1.221333665,1153.184,0.06782757,0.00963225,400.0,6.0,346.33805660013275,60.06977864375051,0.012,0.104672742,2.100462011,1.503836317,0.022378336506755477,5.792365328578213,0.8556250000000001,0.8662499999999995,5.847415340259583,4.095506863883589,0.8623066627022031,S400|60|2,767,textured,60
S600,0.002375993,1.198830964,1153.184,0.06782757,0.00963225,600.0,6.0,341.01538327518006,58.05684215149559,0.0168,0.063078592,2.067569824,1.347186701,0.022343578723235703,5.633052794986793,0.9025,0.5850000000000002,5.83192758850992,4.0614225677183535,0.8654154553681125,S600|60|2,768,textured,60
S600,0.002376162,1.205589263,1153.184,0.06782757,0.00963225,600.0,6.0,342.9622185840798,58.71744357256731,0.012,0.107371604,2.077971448,1.253196931,0.022342784136850608,5.684190535163873,0.9025,0.5850000000000002,5.837620291198352,4.072736847469025,0.8654865809943058,S600|60|2,769,textured,60
S600,0.002376498,1.203016491,1153.184,0.06782757,0.00963225,600.0,6.0,342.27871745476807,58.4753681045144,0.0124,0.102543185,2.093497015,1.315856777,0.02234120461924985,5.66527513111186,0.9025,0.5850000000000002,5.835625368478349,4.068605607525494,0.86562797549783,S600|60|2,770,textured,60
S600,0.002371571,1.203365905,1153.184,0.06782757,0.00963225,600.0,6.0,341.6683069678884,58.38803851289449,0.0148,0.076507257,2.071425418,1.441176471,0.022364399793144182,5.6608546970530185,0.9025,0.5850000000000002,5.8338404037744995,4.067111048871021,0.8635526047446039,S600|60|2,771,textured,60
S600,0.002369673,1.201864831,1153.184,0.06782757,0.00963225,600.0,6.0,340.9690106093086,58.19585111270578,0.0128,0.100502643,2.078372912,1.190537084,0.022373354432572386,5.646847514493095,0.9025,0.5850000000000002,5.831791595175296,4.063814065473105,0.8627519709441133,S600|60|2,772,textured,60
S800,0.002367098,1.218507581,1153.184,0.06782757,0.00963225,800.0,6.0,345.3149143119421,59.75373536108988,0.012,0.103813595,2.107105097,1.441176471,0.022385520326914835,5.768712894217829,0.9264062500000001,0.4415624999999994,5.844456795794323,4.090231705361141,0.8616647322941317,S800|60|2,773,textured,60
S800,0.002361346,1.203880151,1153.184,0.06782757,0.00963225,800.0,6.0,340.3405870602825,58.185997694938145,0.016,0.070619289,2.096315821,1.253196931,0.022412768175339524,5.650059065707064,0.9264062500000001,0.4415624999999994,5.82994684286477,4.063644736357059,0.8592317954391064,S800|60|2,774,textured,60
S800,0.002366422,1.211033405,1153.184,0.06782757,0.00963225,800.0,6.0,343.0987842522687,59.00608352524727,0.0152,0.067329957,2.091819696,1.347186701,0.022388717459798833,5.711223001370995,0.9264062500000001,0.4415624999999994,5.8380184064371665,4.077640549187598,0.8613791097533603,S800|60|2,775,textured,60
S800,0.00237313,1.218191256,1153.184,0.06782757,0.00963225,800.0,6.0,346.1049969346363,59.87490468812494,0.0136,0.089932181,2.080625873,1.472506394,0.022357052570830566,5.775128969465365,0.9264062500000001,0.4415624999999994,5.846742188371909,4.092257463882212,0.8642097589282312,S800|60|2,776,textured,60
S800,0.002369251,1.213674127,1153.184,0.06782757,0.00963225,800.0,6.0,344.2579898358124,59.33454413005682,0.012,0.10382857,2.078743065,1.347186701,0.02237534686291988,5.73527172399926,0.9264062500000001,0.4415624999999994,5.84139134673903,4.0831916681021125,0.8625738714425744,S800|60|2,777,textured,60
D50,0.002220965,1.421100211,1151.186,0.067388658,0.008525818,50.0,25.0,426.1631170457408,76.62135254517511,0.0106,0.106163852,2.463313831,1.474391805,0.020539934138919597,6.800165302092952,0.010000000000000002,24.75,6.054822176843635,4.3388757917553695,0.7979417861208543,D50|60|3,778,textured,60
D50,0.002216945,1.419220982,1151.186,0.067388658,0.008525818,50.0,25.0,424.8292236680254,76.2805220959564,0.0108,0.096702499,2.456460946,1.631241997,0.020558548298883542,6.7784110804634,0.010000000000000002,24.75,6.05168726150698,4.334417625175974,0.7961301220269396,D50|60|3,779,textured,60
D50,0.002223176,1.425831999,1151.186,0.067388658,0.008525818,50.0,25.0,428.00776119777305,77.20923530394168,0.0106,0.103146281,2.477797241,1.568501921,0.02052971787820366,6.8405117531136,0.010000000000000002,24.75,6.059141329057041,4.346519078165238,0.7989368041377979,D50|60|3,780,textured,60
D50,0.002227635,1.424485587,1151.186,0.067388658,0.008525818,50.0,25.0,428.4612337082101,77.21805231516173,0.0108,0.106696882,2.489735943,1.505761844,0.020509160680267282,6.838395733913372,0.010000000000000002,24.75,6.060200264186062,4.346633267974118,0.8009404845869602,D50|60|3,781,textured,60
D50,0.002223536,1.421270266,1151.186,0.067388658,0.008525818,50.0,25.0,426.7075011209304,76.72840981085648,0.0108,0.109721563,2.483038597,1.599871959,0.02052805588631174,6.806190282436082,0.010000000000000002,24.75,6.05609876941823,4.340272041497515,0.7990987215278992,D50|60|3,782,textured,60
D100,0.002331067,1.47573713,1151.186,0.067388658,0.008525818,100.0,25.0,464.48661384044624,86.72243362721399,0.0112,0.088754316,2.30928496,1.78809219,0.02004899122946514,7.436047848719591,0.30250000000000005,17.4375,6.140932739411177,4.462712600342018,0.8463261026692902,D100|60|3,783,textured,60
D100,0.002328701,1.475956994,1151.186,0.067388658,0.008525818,100.0,25.0,464.08429821344816,86.66022811665805,0.0114,0.090139355,2.322408306,1.756722151,0.020059173702535193,7.433290024365338,0.30250000000000005,17.4375,6.14006621290911,4.46199504862607,0.8453106013811028,D100|60|3,784,textured,60
D100,0.002321415,1.445559564,1151.186,0.067388658,0.008525818,100.0,25.0,453.10433738178097,82.86735188133669,0.0114,0.095237095,2.340507982,1.568501921,0.020090627932306294,7.176359273827918,0.30250000000000005,17.4375,6.116122424308318,4.4172411592560925,0.8421769135494982,D100|60|3,785,textured,60
D100,0.002326246,1.469462375,1151.186,0.067388658,0.008525818,100.0,25.0,461.55509750808346,85.8086900604999,0.0114,0.089694969,2.330253185,1.505761844,0.020069755619830584,7.37635570870722,0.30250000000000005,17.4375,6.134601434699912,4.452120284121573,0.8442558094672031,D100|60|3,786,textured,60
D100,0.002326892,1.471758196,1151.186,0.067388658,0.008525818,100.0,25.0,462.4045845420691,86.10093032872385,0.0114,0.089143385,2.324213387,1.725352113,0.020066969508118707,7.396035576854623,0.30250000000000005,17.4375,6.136440231976122,4.455520216586969,0.8445334715542291,D100|60|3,787,textured,60
D200,0.002336522,1.444090057,1152.86,0.067755,0.009443533,200.0,25.0,411.9136852917398,82.90746790618394,0.0108,0.100777217,2.298523459,1.537131882,0.02210500434844589,7.458837799435724,0.6006250000000001,9.984374999999998,6.0208138256818975,4.417725141391397,0.8486634989068681,D200|60|3,788,textured,60
D200,0.002347607,1.465256747,1152.86,0.067755,0.009443533,200.0,25.0,419.93415047856644,85.7606525474873,0.0106,0.097780532,2.282325312,1.725352113,0.022052754565947078,7.65624106347859,0.6006250000000001,9.984374999999998,6.040097914410586,4.451560306289431,0.8533965114662116,D200|60|3,789,textured,60
D200,0.002343932,1.456410785,1152.86,0.067755,0.009443533,200.0,25.0,416.7455424105319,84.59564424963736,0.0108,0.098843702,2.301963817,1.474391805,0.022070035811985196,7.575296167693904,0.6006250000000001,9.984374999999998,6.032475825498191,4.437882778875801,0.8518298610550533,D200|60|3,790,textured,60
D200,0.002351148,1.464706111,1152.86,0.067755,0.009443533,200.0,25.0,420.4095086867968,85.82546722841056,0.0108,0.099260631,2.316246545,1.662612036,0.022036141781908176,7.658560796464396,0.6006250000000001,9.984374999999998,6.041229256936345,4.452315783295271,0.8549037195118891,D200|60|3,791,textured,60
D200,0.002350253,1.452343876,1152.86,0.067755,0.009443533,200.0,25.0,416.70253478420625,84.3507119859658,0.0106,0.099115928,2.30111204,1.662612036,0.02204033717483718,7.5536750109251765,0.6006250000000001,9.984374999999998,6.0323726214053615,4.434983249809535,0.8545229819356596,D200|60|3,792,textured,60
D400,0.002315232,1.484881793,1152.86,0.067755,0.009443533,400.0,25.0,419.68985113819826,86.85873541138703,0.0112,0.088273258,2.33591885,1.693982074,0.02220640640832645,7.756077057511269,0.78765625,5.308593750000002,6.039515988818198,4.464283068071233,0.8395098984996326,D400|60|3,793,textured,60
D400,0.002317655,1.422845995,1152.86,0.067755,0.009443533,400.0,25.0,402.57680889851,79.83618970476874,0.0112,0.096534017,2.349718811,1.537131882,0.022194795492760933,7.248702906701577,0.78765625,5.308593750000002,5.997885908214489,4.379976906725708,0.8405558986377412,D400|60|3,794,textured,60
D400,0.002337251,1.465336062,1152.86,0.067755,0.009443533,400.0,25.0,418.1043256868439,85.3915803535246,0.0114,0.086852362,2.335387295,1.756722151,0.022101556750195296,7.636620111259424,0.78765625,5.308593750000002,6.035730984366985,4.447247505225998,0.8489754524424427,D400|60|3,795,textured,60
D400,0.00233738,1.450285148,1152.86,0.067755,0.009443533,400.0,25.0,413.83268795321413,83.65103986470756,0.0112,0.092232585,2.335258747,1.662612036,0.022100946849331952,7.511755217077479,0.78765625,5.308593750000002,6.025461756761894,4.426653858493733,0.8490306439645257,D400|60|3,796,textured,60
D400,0.002319255,1.421694989,1152.86,0.067755,0.009443533,400.0,25.0,402.52884115041195,79.76210158482915,0.0112,0.096033282,2.348098119,1.568501921,0.022187138335705993,7.242321284627969,0.78765625,5.308593750000002,5.997766749323598,4.379048474163393,0.8412460134182743,D400|60|3,797,textured,60
D600,0.002379204,1.422247223,1152.86,0.067755,0.009443533,600.0,25.0,413.0939595180579,81.88740180555283,0.0138,0.067215248,2.257288781,1.662612036,0.021905829409177794,7.358639949021953,0.8556250000000001,3.6093749999999982,6.023675071972059,4.405345154918858,0.8667659779597311,D600|60|3,798,textured,60
D600,0.002380468,1.412584396,1152.86,0.067755,0.009443533,600.0,25.0,410.5053495293109,80.82140170343845,0.0124,0.085758881,2.292989259,1.725352113,0.021900012770395622,7.281131083863799,0.8556250000000001,3.6093749999999982,6.01738896054767,4.392241803021812,0.8672971070079992,D600|60|3,799,textured,60
D600,0.002380426,1.414297537,1152.86,0.067755,0.009443533,600.0,25.0,410.99594682739763,81.01612679573844,0.0138,0.07241598,2.25613049,1.725352113,0.021900205970368892,7.295187542553964,0.8556250000000001,3.6093749999999982,6.018583352713781,4.394648231099096,0.8672794632629376,D600|60|3,800,textured,60
D600,0.002380257,1.402282763,1152.86,0.067755,0.009443533,600.0,25.0,407.4755132447432,79.63981890271161,0.0246,0.026582077,2.235203325,1.599871959,0.02190098342194566,7.195975194602181,0.8556250000000001,3.6093749999999982,6.00998084067848,4.377514205244536,0.8672084650468954,D600|60|3,801,textured,60
D600,0.002368267,1.445518915,1152.86,0.067755,0.009443533,600.0,25.0,417.9232293337105,84.20026196292388,0.0124,0.083556809,2.28360844,1.693982074,0.02195635329112437,7.531384812395294,0.8556250000000001,3.6093749999999982,6.035297753775772,4.433198032442062,0.8621584640439532,D600|60|3,802,textured,60
D800,0.002402932,1.408158644,1152.86,0.067755,0.009443533,800.0,25.0,413.08091959129354,81.07367754081451,0.0162,0.052447566,2.360326338,1.78809219,0.021797405397595115,7.285608314640607,0.8906640625,2.733398437500001,6.023643504982805,4.395358340507026,0.8766896583930547,D800|60|3,803,textured,60
D800,0.002397628,1.396819176,1152.86,0.067755,0.009443533,800.0,25.0,408.85005361089185,79.59712842250204,0.0194,0.036839033,2.292278272,1.631241997,0.02182150204003425,7.182436194835512,0.8906640625,2.733398437500001,6.0133484717340435,4.37697801710542,0.8744799152971368,D800|60|3,804,textured,60
D800,0.002390091,1.412954943,1152.86,0.067755,0.009443533,800.0,25.0,412.2729286299227,81.19069968582859,0.0146,0.061223484,2.331007013,1.631241997,0.02185588131775744,7.301840746739454,0.8906640625,2.733398437500001,6.021685578158498,4.396800704719086,0.8713314405323804,D800|60|3,805,textured,60
D800,0.002397294,1.423467504,1152.86,0.067755,0.009443533,800.0,25.0,416.59199867454157,82.6516702243171,0.0188,0.028450389,2.313535068,1.756722151,0.021823022113883744,7.402309924854635,0.8906640625,2.733398437500001,6.032107322388328,4.414635032463537,0.87434060124759,D800|60|3,806,textured,60
D800,0.00239403,1.418316054,1152.86,0.067755,0.009443533,800.0,25.0,414.5192233620563,81.94280894242532,0.018,0.039174577,2.264275175,1.662612036,0.0218378937073905,7.353481037991103,0.8906640625,2.733398437500001,6.027119350730493,4.406021552009871,0.8729781383855859,D800|60|3,807,textured,60
S50,0.002363225,1.443690681,1151.186,0.067388658,0.008525818,50.0,6.0,460.66865964250616,84.14185263882307,0.0108,0.097173234,2.309719445,1.819462228,0.019912113901023067,7.238633747434531,0.16000000000000003,5.04,6.13267904193634,4.43250409644651,0.8600272116151225,S50|60|3,808,textured,60
S50,0.002357875,1.424854152,1151.186,0.067388658,0.008525818,50.0,6.0,453.62881309249804,81.77495123980218,0.0114,0.099153755,2.330925835,1.599871959,0.019934691316917226,7.078480518366067,0.16000000000000003,5.04,6.117279271323198,4.403970977151597,0.8577607896837516,S50|60|3,809,textured,60
S50,0.002360042,1.438548141,1151.186,0.067388658,0.008525818,50.0,6.0,458.4094625185412,83.4309567094346,0.0114,0.094632373,2.312834879,1.662612036,0.019925537158454725,7.191604478336639,0.16000000000000003,5.04,6.1277628076799315,4.424019424059486,0.8586794154893304,S50|60|3,810,textured,60
S50,0.002359489,1.430348879,1151.186,0.067388658,0.008525818,50.0,6.0,455.6898746288515,82.46328065627182,0.0108,0.099388664,2.313376171,1.505761844,0.019927872023439527,7.12513105628467,0.16000000000000003,5.04,6.12181247864368,4.412353111307536,0.8584450701687761,S50|60|3,811,textured,60
S50,0.002359447,1.436755406,1151.186,0.067388658,0.008525818,50.0,6.0,457.7227599612384,83.20215934122498,0.0122,0.091311289,2.324054228,1.537131882,0.019928049388495905,7.176184476239488,0.16000000000000003,5.04,6.126263673233918,4.421273301110866,0.8584272695459234,S50|60|3,812,textured,60
S100,0.002360849,1.446526603,1151.186,0.067388658,0.008525818,100.0,6.0,461.1095080166454,84.38781698518213,0.012,0.086394563,2.312044444,1.850832266,0.0199221313322339,7.25701668134423,0.48999999999999994,3.06,6.133635559292074,4.435423042665862,0.8590213001072385,S100|60|3,813,textured,60
S100,0.002357917,1.443908831,1151.186,0.067388658,0.008525818,100.0,6.0,459.7034128454481,83.97823647798597,0.0114,0.090802763,2.3095972,1.537131882,0.019934513774458405,7.230622015073945,0.48999999999999994,3.06,6.130581526855645,4.430557675726032,0.8577786021742096,S100|60|3,814,textured,60
S100,0.002358597,1.436412743,1151.186,0.067388658,0.008525818,100.0,6.0,457.4487370059364,83.13251740309418,0.0108,0.096786137,2.314251368,1.599871959,0.019931639937482096,7.171895596504949,0.48999999999999994,3.06,6.125664828177229,4.420435929811468,0.8580669507319417,S100|60|3,815,textured,60
S100,0.002362631,1.446604538,1151.186,0.067388658,0.008525818,100.0,6.0,461.4824216662491,84.46061431413348,0.011,0.092066403,2.299677968,1.662612036,0.01991461684209394,7.260928675929265,0.48999999999999994,3.06,6.134443963653557,4.436285322912137,0.8597758285839308,S100|60|3,816,textured,60
S100,0.002358767,1.440704171,1151.186,0.067388658,0.008525818,100.0,6.0,458.8484811855867,83.63602076898346,0.0116,0.089125942,2.298125383,1.819462228,0.019930921672421793,7.206520765620352,0.48999999999999994,3.06,6.128720049213967,4.4264742977350275,0.8581390248818582,S100|60|3,817,textured,60
S200,0.002370256,1.422146547,1152.86,0.067755,0.009443533,200.0,6.0,411.51121394457215,81.5678806505556,0.013,0.079021304,2.276398727,1.599871959,0.02194713902224167,7.3411907467824715,0.7224999999999999,1.6650000000000005,6.0198362711299485,4.401435565003094,0.862997966191274,S200|60|3,818,textured,60
S200,0.002379499,1.437229275,1152.86,0.067755,0.009443533,200.0,6.0,417.4972797690165,83.632072185659,0.0128,0.082485293,2.272829187,1.662612036,0.02190447147207052,7.483614323451632,0.7224999999999999,1.6650000000000005,6.03427802874637,4.426427085104628,0.8668899613225834,S200|60|3,819,textured,60
S200,0.002376633,1.425519994,1152.86,0.067755,0.009443533,200.0,6.0,413.5971189134984,82.17580563214489,0.0124,0.085928574,2.286129747,1.443021767,0.021917674877993714,7.380961985410993,0.7224999999999999,1.6650000000000005,6.024892357293503,4.40886092336161,0.865684780159867,S200|60|3,820,textured,60
S200,0.002375156,1.435650286,1152.86,0.067755,0.009443533,200.0,6.0,416.2774349807635,83.29610316674767,0.0122,0.084845762,2.261135889,1.693982074,0.021924488614571934,7.462279927060244,0.7224999999999999,1.6650000000000005,6.03135194898639,4.422401767367233,0.8650631195400174,S200|60|3,821,textured,60
S200,0.002373763,1.438430372,1152.86,0.067755,0.009443533,200.0,6.0,416.8389271042292,83.56997390182393,0.013,0.078332113,2.262462882,1.693982074,0.021930920666418097,7.482779689708648,0.7224999999999999,1.6650000000000005,6.032699881241798,4.42568429172209,0.8644764596959764,S200|60|3,822,textured,60
S400,0.002365345,1.432152597,1152.86,0.067755,0.009443533,400.0,6.0,413.5479361685319,82.54833259654717,0.0122,0.084160395,2.265209939,1.725352113,0.021969910861546392,7.414774747753124,0.8556250000000001,0.8662499999999995,6.024773435600815,4.413383971452839,0.8609238886832618,S400|60|3,823,textured,60
S400,0.002370678,1.427324074,1152.86,0.067755,0.009443533,400.0,6.0,413.0829112368697,82.17750900749702,0.0126,0.083295031,2.260113665,1.631241997,0.021945185550520017,7.384788829145636,0.8556250000000001,0.8662499999999995,6.023648326412894,4.408881651575774,0.8631759901844851,S400|60|3,824,textured,60
S400,0.002365091,1.430334685,1152.86,0.067755,0.009443533,400.0,6.0,412.9786444425314,82.33005722959946,0.0122,0.084402416,2.26545348,1.537131882,0.02197109056404846,7.399244520200368,0.8556250000000001,0.8662499999999995,6.0233958832525145,4.410736256434586,0.8608164990049132,S400|60|3,825,textured,60
S400,0.002378825,1.428299227,1152.86,0.067755,0.009443533,400.0,6.0,414.785689036858,82.5726300597879,0.0116,0.090654755,2.262923493,1.505761844,0.021907574383836826,7.408096179507022,0.8556250000000001,0.8662499999999995,6.027761974884741,4.413678270408286,0.8666066682956659,S400|60|3,826,textured,60
S400,0.002377012,1.426629194,1152.86,0.067755,0.009443533,400.0,6.0,413.98494703441236,82.31686262652903,0.0124,0.084572862,2.264649093,1.505761844,0.021915927488850913,7.390860235564172,0.8556250000000001,0.8662499999999995,6.02582961334402,4.410575978876886,0.8658442367456252,S400|60|3,827,textured,60
S600,0.002385641,1.426369649,1152.86,0.067755,0.009443533,600.0,6.0,415.41220093165623,82.58563067935185,0.0148,0.057060406,2.256457642,1.631241997,0.021876256000979828,7.404790752020364,0.9025,0.5850000000000002,6.029271282536089,4.4138357026739525,0.8694678513326972,S600|60|3,828,textured,60
S600,0.00238152,1.418911523,1152.86,0.067755,0.009443533,600.0,6.0,412.5262770872016,81.58307785151572,0.012,0.086371125,2.244555717,1.443021767,0.0218951752384292,7.335326321517843,0.9025,0.5850000000000002,6.022299905775427,4.401621861193367,0.8677389392919586,S600|60|3,829,textured,60
S600,0.002385389,1.426054617,1152.86,0.067755,0.009443533,600.0,6.0,415.27658070348105,82.54043468876326,0.0188,0.044068552,2.251435767,1.78809219,0.021877411508723455,7.401705063113851,0.9025,0.5850000000000002,6.028944757771632,4.413288290711868,0.8693622137658681,S600|60|3,830,textured,60
S600,0.002387741,1.428140765,1152.86,0.067755,0.009443533,600.0,6.0,416.2941436912498,82.86372834982011,0.0144,0.062295862,2.259728358,1.631241997,0.021866633884710402,7.423425414245179,0.9025,0.5850000000000002,6.031392086581563,4.417197431410813,0.8703477306867832,S600|60|3,831,textured,60
S600,0.002375873,1.423107004,1152.86,0.067755,0.009443533,600.0,6.0,412.76498323894674,81.87165239407717,0.0122,0.085140344,2.239327466,1.505761844,0.021921180137116428,7.359569602222056,0.9025,0.5850000000000002,6.022878383144271,4.405152806329632,0.8653649488933823,S600|60|3,832,textured,60
S800,0.002391433,1.418691308,1152.86,0.067755,0.009443533,800.0,6.0,414.17911382125783,81.89723796132664,0.0122,0.083078411,2.303463897,1.693982074,0.02184974802680926,7.351804967067985,0.9264062500000001,0.4415624999999994,6.026298522343048,4.405465265764413,0.8718927678561532,S800|60|3,833,textured,60
S800,0.002403307,1.418674141,1152.86,0.067755,0.009443533,800.0,6.0,416.2305691105387,82.30188423611965,0.014,0.069091523,2.318188487,1.631241997,0.021795704752212,7.373542520769508,0.9264062500000001,0.4415624999999994,6.031239359389548,4.410394002149007,0.8768457055645587,S800|60|3,834,textured,60
S800,0.00240685,1.412561189,1152.86,0.067755,0.009443533,800.0,6.0,415.04803614218287,81.71443562207595,0.0142,0.073572879,2.293922562,1.662612036,0.021779656676600093,7.329248388460497,0.9264062500000001,0.4415624999999994,6.028394263272414,4.403230676858696,0.8783188386206017,S800|60|3,835,textured,60
S800,0.002404308,1.407066842,1152.86,0.067755,0.009443533,800.0,6.0,412.99700203026094,80.99436047830177,0.012,0.089342078,2.312004574,1.662612036,0.021791167111489054,7.279072097516961,0.9264062500000001,0.4415624999999994,6.023440333928054,4.394379528523925,0.8772621282666532,S800|60|3,836,textured,60
S800,0.002406058,1.419058624,1152.86,0.067755,0.009443533,800.0,6.0,416.8199510490818,82.44076028475024,0.0118,0.087613921,2.305107446,1.725352113,0.02178324097689995,7.381805347008723,0.9264062500000001,0.4415624999999994,6.032654356493851,4.412079978259576,0.8779897236625974,S800|60|3,837,textured,60
D50,0.002255908,1.602425835,1152.482,0.067671018,0.009228031,50.0,25.0,451.4653553035772,98.65263782355159,0.0106,0.08854917,2.551150309,1.872611465,0.02200036682695228,8.555766639279259,0.010000000000000002,24.75,6.1124986374734815,4.591604971326055,0.813552552662436,D50|60|4,838,textured,60
D50,0.002259599,1.607662157,1152.482,0.067671018,0.009228031,50.0,25.0,453.6817078369802,99.46090191306087,0.0106,0.085644713,2.530407846,2.02866242,0.021982390951145202,8.60898369822833,0.010000000000000002,24.75,6.117395868107478,4.599764621343817,0.8151873639126674,D50|60|4,839,textured,60
D50,0.002279882,1.658179008,1152.482,0.067671018,0.009228031,50.0,25.0,472.13792705322413,106.75952595745547,0.0106,0.081878349,2.50789591,2.059872611,0.021884389181530763,9.094505316397106,0.010000000000000002,24.75,6.157271161231196,4.670578884262841,0.8241236872410801,D50|60|4,840,textured,60
D50,0.002260301,1.60205191,1152.482,0.067671018,0.009228031,50.0,25.0,452.2389535798691,98.79862185232376,0.0108,0.085534378,2.579330174,2.059872611,0.02197897706139865,8.56256141734941,0.010000000000000002,24.75,6.114210698504172,4.593083655793416,0.8154979902564559,D50|60|4,841,textured,60
D50,0.002256567,1.600858562,1152.482,0.067671018,0.009228031,50.0,25.0,451.1555477633307,98.48851750221372,0.0106,0.091633991,2.550404569,1.966242038,0.02199715413696842,8.543878808170684,0.010000000000000002,24.75,6.1118121753023535,4.589939967801229,0.8138446318450064,D50|60|4,842,textured,60
D100,0.00234476,1.647321038,1152.482,0.067671018,0.009228031,100.0,25.0,482.39383390758843,108.36432441008792,0.0108,0.076131967,2.406558707,1.872611465,0.02157950189727852,9.152202666922177,0.30250000000000005,17.4375,6.178760863216003,4.685498924228719,0.852183051244815,D100|60|4,843,textured,60
D100,0.002337725,1.642208894,1152.482,0.067671018,0.009228031,100.0,25.0,479.4539793062818,107.36968089213345,0.0108,0.078433727,2.424481226,2.059872611,0.021611947491649564,9.090397858864616,0.30250000000000005,17.4375,6.172647913296777,4.676277841402263,0.8491782342328197,D100|60|4,844,textured,60
D100,0.002345648,1.646358538,1152.482,0.067671018,0.009228031,100.0,25.0,482.2945637879694,108.27872220659157,0.0108,0.078830409,2.437580559,1.872611465,0.021575416797629997,9.145725773954133,0.30250000000000005,17.4375,6.178555055578621,4.684708663850755,0.852561696348017,D100|60|4,845,textured,60
D100,0.00234531,1.643353354,1152.482,0.067671018,0.009228031,100.0,25.0,481.34483622691465,107.86824370580567,0.0106,0.079601614,2.421963301,1.872611465,0.021576971438200497,9.118241297304392,0.30250000000000005,17.4375,6.176583928477465,4.68091051667331,0.8524175893231469,D100|60|4,846,textured,60
D100,0.00232372,1.602071232,1152.482,0.067671018,0.009228031,100.0,25.0,464.93337639906235,101.57314067512209,0.0106,0.083974687,2.433721572,1.560509554,0.021676976978786837,8.706078755927539,0.30250000000000005,17.4375,6.141894118761133,4.620779136760372,0.8431693498034236,D100|60|4,847,textured,60
D200,0.002371352,1.619495268,1152.482,0.067671018,0.009228031,200.0,25.0,479.6238981483073,105.92216107753963,0.0108,0.084283691,2.432216992,1.747770701,0.02145816606354069,8.966573382122608,0.6006250000000001,9.984374999999998,6.173002251245337,4.662704494902952,0.8634602566292519,D200|60|4,848,textured,60
D200,0.002364355,1.612920282,1152.482,0.067671018,0.009228031,200.0,25.0,476.26722324548933,104.75383527451599,0.011,0.085831765,2.439415531,1.841401274,0.02148989392801406,8.892618367591792,0.6006250000000001,9.984374999999998,6.165979090081989,4.651613171731183,0.860505257474323,D200|60|4,849,textured,60
D200,0.002366452,1.613313183,1152.482,0.067671018,0.009228031,200.0,25.0,476.80575514221954,104.89783054915056,0.0106,0.085383052,2.431978139,1.71656051,0.021480370325744267,8.900817795438499,0.6006250000000001,9.984374999999998,6.1671091860269085,4.652986834055415,0.8613917870399308,D200|60|4,850,textured,60
D200,0.002359566,1.617106131,1152.482,0.067671018,0.009228031,200.0,25.0,476.53604885388376,105.08497331296529,0.0112,0.082897043,2.417912189,1.872611465,0.02151169093126656,8.918715580997977,0.6006250000000001,9.984374999999998,6.166543373651115,4.654769292522692,0.8584777038210674,D200|60|4,851,textured,60
D200,0.002367667,1.615819745,1152.482,0.067671018,0.009228031,200.0,25.0,477.79174085105774,105.27806257550299,0.011,0.083797415,2.430729546,1.778980892,0.021474858148773646,8.925702939005902,0.6006250000000001,9.984374999999998,6.169174948955489,4.65660506481937,0.8619050821331369,D200|60|4,852,textured,60
D400,0.002345945,1.611319447,1152.32,0.06763525,0.009137186,400.0,25.0,476.71641740493095,103.77222372326213,0.0112,0.080188877,2.495810042,2.184713376,0.021368815679645756,8.805967531221587,0.78765625,5.308593750000002,6.166921801317623,4.642198340733849,0.8526883057961923,D400|60|4,853,textured,60
D400,0.002356115,1.601405505,1152.32,0.06763525,0.009137186,400.0,25.0,475.8372482247723,102.94354470406375,0.0112,0.081662639,2.500932047,1.810191083,0.02132264733145425,8.742099482287104,0.78765625,5.308593750000002,6.165075880270814,4.634180728293336,0.8570140761430872,D400|60|4,854,textured,60
D400,0.002357799,1.605444592,1152.32,0.06763525,0.009137186,400.0,25.0,477.3783672484338,103.5374399080729,0.012,0.073043498,2.493851185,2.02866242,0.02131503138287672,8.781168855684859,0.78765625,5.308593750000002,6.168309399196496,4.63993328553617,0.8577285567516165,D400|60|4,855,textured,60
D400,0.002329732,1.60688443,1152.32,0.06763525,0.009137186,400.0,25.0,472.1187424423689,102.48852675613551,0.0114,0.080031776,2.539970885,2.247133758,0.021443041371970856,8.730814351500955,0.78765625,5.308593750000002,6.157230526917503,4.629750858226893,0.8457532395029066,D400|60|4,856,textured,60
D400,0.002341542,1.635632235,1152.32,0.06763525,0.009137186,400.0,25.0,483.00124159460864,106.72674742566416,0.011,0.08046566,2.516497463,2.091082803,0.021388897042072974,9.009360712327108,0.78765625,5.308593750000002,6.180019224238521,4.670271805671516,0.8508096867003203,D400|60|4,857,textured,60
D600,0.002376952,1.608763111,1152.32,0.06763525,0.009137186,600.0,25.0,482.2510090744467,104.81045597557794,0.0132,0.068611841,2.547285901,2.122292994,0.021228981576488483,8.85309964421915,0.8556250000000001,3.6093749999999982,6.178464744213813,4.652153537669502,0.8658189946529196,D600|60|4,858,textured,60
D600,0.002382164,1.596935321,1152.32,0.06763525,0.009137186,600.0,25.0,479.755119603247,103.50142058638669,0.0178,0.037123218,2.436899708,1.71656051,0.021205745132795432,8.760693036651476,0.8556250000000001,3.6093749999999982,6.173275806228988,4.639585338083566,0.8680093182692054,D600|60|4,859,textured,60
D600,0.002384246,1.607620809,1152.32,0.06763525,0.009137186,600.0,25.0,483.3873887609047,104.9828360613491,0.0184,0.034330351,2.544729567,2.02866242,0.021196484342601258,8.85931563017418,0.8556250000000001,3.6093749999999982,6.180818379308681,4.653796870713098,0.8688829317990593,D600|60|4,860,textured,60
D600,0.002387365,1.607569858,1152.32,0.06763525,0.009137186,600.0,25.0,484.00440158527766,105.11350836837148,0.014,0.057927489,2.494341893,2.153503185,0.02118263362393866,8.865817909090087,0.8556250000000001,3.6093749999999982,6.182094000859738,4.655040798342841,0.8701902472714298,D600|60|4,861,textured,60
D600,0.002386575,1.596183108,1152.32,0.06763525,0.009137186,600.0,25.0,480.4170713989654,103.59540866115132,0.0142,0.058194104,2.495167323,1.747770701,0.021186139253544636,8.763813670727718,0.8556250000000001,3.6093749999999982,6.174654625375791,4.640493010900759,0.8698592837456163,D600|60|4,862,textured,60
D800,0.002384496,1.600625619,1152.32,0.06763525,0.009137186,800.0,25.0,481.33450539356477,104.0821190962104,0.017,0.040459577,2.523521034,1.903821656,0.021195373151811227,8.798270850685812,0.8906640625,2.733398437500001,6.176562465809879,4.645180194260342,0.8689877812542107,D800|60|4,863,textured,60
D800,0.002381373,1.59678888,1152.32,0.06763525,0.009137186,800.0,25.0,479.55183687727384,103.44807758288971,0.0168,0.042920668,2.505860679,1.872611465,0.02120926670453872,8.757662427205387,0.8906640625,2.733398437500001,6.1728519945852955,4.639069820963203,0.8676772121021827,D800|60|4,864,textured,60
D800,0.00238857,1.605270201,1152.32,0.06763525,0.009137186,800.0,25.0,483.55597195559346,104.86589338953074,0.019,0.03121198,2.435591109,2.122292994,0.021177289779381166,8.84821283511963,0.8906640625,2.733398437500001,6.181167072320591,4.6526823280210365,0.870694860514939,D800|60|4,865,textured,60
D800,0.002389068,1.609725559,1152.32,0.06763525,0.009137186,800.0,25.0,484.9991584634387,105.47078802135258,0.0172,0.042532999,2.450759489,1.810191083,0.021175082466747198,8.888649817620719,0.8906640625,2.733398437500001,6.184147155809048,4.658434023781921,0.8709033317309681,D800|60|4,866,textured,60
D800,0.002392305,1.609075492,1152.32,0.06763525,0.009137186,800.0,25.0,485.4601682730943,105.52840843369417,0.0138,0.059175406,2.457880084,1.872611465,0.02116075173883431,8.890126636516099,0.8906640625,2.733398437500001,6.185097241673818,4.6589801909213415,0.8722573363210891,D800|60|4,867,textured,60
S50,0.002355778,1.601647579,1152.482,0.067671018,0.009228031,50.0,6.0,471.2229454984751,102.91998783952457,0.0112,0.084040661,2.458894978,1.903821656,0.021528978968351847,8.774232827341264,0.16000000000000003,5.04,6.155331327031387,4.6339518692588975,0.8568710338454057,S50|60|4,868,textured,60
S50,0.002365487,1.623946825,1152.482,0.067671018,0.009228031,50.0,6.0,479.7527539536121,106.24184789463456,0.0114,0.078941171,2.443524954,1.872611465,0.021484751335604523,8.992669352580847,0.16000000000000003,5.04,6.17327087526448,4.665718079163402,0.8609839204070864,S50|60|4,869,textured,60
S50,0.002357715,1.605868416,1152.482,0.067671018,0.009228031,50.0,6.0,472.85324021819883,103.54822552679616,0.0124,0.074219032,2.4462853,2.091082803,0.02152013349702454,8.81560480968228,0.16000000000000003,5.04,6.158785065966749,4.640037451304576,0.8576929296704503,S50|60|4,870,textured,60
S50,0.002372147,1.624431126,1152.482,0.067671018,0.009228031,50.0,6.0,481.2469689504368,106.60452629698956,0.0124,0.074685426,2.436664803,1.872611465,0.021454570023420442,9.012150627047376,0.16000000000000003,5.04,6.176380587297353,4.669125971402455,0.8637954522337806,S50|60|4,871,textured,60
S50,0.002357294,1.602852013,1152.482,0.067671018,0.009228031,50.0,6.0,471.88077506499286,103.1411682078509,0.0108,0.085148941,2.430834245,1.997452229,0.021522055101144053,8.788183821171122,0.16000000000000003,5.04,6.156726358476728,4.6360986149873185,0.8575143510076658,S50|60|4,872,textured,60
S100,0.002349452,1.622575547,1152.482,0.067671018,0.009228031,100.0,6.0,476.0982768834819,105.3435309965775,0.0132,0.066048546,2.423006829,2.059872611,0.021557943332862123,8.94394721529705,0.48999999999999994,3.06,6.165624296961582,4.657226733491348,0.854182109473343,S100|60|4,873,textured,60
S100,0.002349706,1.610744821,1152.482,0.067671018,0.009228031,100.0,6.0,472.6779853549023,103.82416678182624,0.0118,0.073813691,2.428058594,1.810191083,0.021556778109299277,8.84040790277564,0.48999999999999994,3.06,6.158414364586269,4.642698764267434,0.8542902139466325,S100|60|4,874,textured,60
S100,0.002360112,1.624437108,1152.482,0.067671018,0.009228031,100.0,6.0,478.80714347707413,106.06445334337701,0.011,0.076131264,2.427931445,1.778980892,0.021509202476770364,8.9847419747383,0.48999999999999994,3.06,6.171297893115284,4.664046959733537,0.8587090755385598,S100|60|4,875,textured,60
S100,0.002356705,1.608395879,1152.482,0.067671018,0.009228031,100.0,6.0,473.39457992539974,103.82993160054973,0.0116,0.07672902,2.436739376,1.872611465,0.02152474438523135,8.835543216120334,0.48999999999999994,3.06,6.1599292477650796,4.642754287551298,0.8572644570203888,S100|60|4,876,textured,60
S100,0.002369217,1.618742058,1152.482,0.067671018,0.009228031,100.0,6.0,478.9692111001038,105.72838120877663,0.011,0.079489032,2.434408586,1.747770701,0.021467832309425252,8.955060906239186,0.48999999999999994,3.06,6.1716363178922204,4.660873364013177,0.8625595208127924,S100|60|4,877,textured,60
S200,0.002392223,1.605072919,1152.482,0.067671018,0.009228031,200.0,6.0,479.53635211636015,104.95971374005008,0.0128,0.065022654,2.38490477,2.122292994,0.021364354889784103,8.885748634213108,0.7224999999999999,1.6650000000000005,6.17281970399702,4.653576597867842,0.8722230591677281,S200|60|4,878,textured,60
S200,0.002392637,1.609469269,1152.482,0.067671018,0.009228031,200.0,6.0,480.93303494793383,105.55374177436147,0.0144,0.062732551,2.389709097,1.966242038,0.02136250646364066,8.925648695092754,0.7224999999999999,1.6650000000000005,6.175728039931224,4.6592202239204745,0.8723961049835026,S200|60|4,879,textured,60
S200,0.002380748,1.602340145,1152.482,0.067671018,0.009228031,200.0,6.0,476.42357988078186,104.1008550658895,0.0122,0.074215636,2.417374609,1.747770701,0.02141578017177165,8.836026252039554,0.7224999999999999,1.6650000000000005,6.1663073322276745,4.645360189476618,0.8674147240202592,S200|60|4,880,textured,60
S200,0.002393632,1.607596366,1152.482,0.067671018,0.009228031,200.0,6.0,480.5731517178993,105.35201709262176,0.0134,0.064593802,2.404362305,1.966242038,0.02135806595162467,8.911258734283852,0.7224999999999999,1.6650000000000005,6.174979457650982,4.657307286650879,0.8728118776926143,S200|60|4,881,textured,60
S200,0.002389401,1.600776517,1152.482,0.067671018,0.009228031,200.0,6.0,477.6885726165004,104.27540656013355,0.0146,0.058751375,2.419070098,1.841401274,0.021376967343402886,8.841459277121396,0.7224999999999999,1.6650000000000005,6.168958998436144,4.647035538997811,0.8710427069160073,S200|60|4,882,textured,60
S400,0.002385702,1.606789708,1152.32,0.06763525,0.009137186,400.0,6.0,483.43252929759376,104.93836110394072,0.0128,0.070692372,2.401888874,1.747770701,0.021190015221260468,8.855231702573642,0.8556250000000001,0.8662499999999995,6.180911758718597,4.653373140678452,0.8694934206535375,S400|60|4,883,textured,60
S400,0.002397608,1.60405159,1152.32,0.06763525,0.009137186,400.0,6.0,485.01720562012116,105.10293484858666,0.0122,0.069581499,2.395168219,1.997452229,0.02113733723896937,8.857516809375426,0.8556250000000001,0.8662499999999995,6.184184365813647,4.654940201837335,0.874471573684753,S400|60|4,884,textured,60
S400,0.002396574,1.606426207,1152.32,0.06763525,0.009137186,400.0,6.0,485.52573904461025,105.36888988128972,0.0118,0.073337736,2.432666343,2.153503185,0.02114189659114757,8.876208626662235,0.8556250000000001,0.8662499999999995,6.185232301865982,4.657467430121656,0.8740402175051032,S400|60|4,885,textured,60
S400,0.002388404,1.604941474,1152.32,0.06763525,0.009137186,400.0,6.0,483.42335031198456,104.8156639935074,0.015,0.057000053,2.383491014,1.872611465,0.021178025703668415,8.844945073791342,0.8556250000000001,0.8662499999999995,6.180892771430413,4.652203226304977,0.8706253604506444,S400|60|4,886,textured,60
S400,0.002379914,1.598866057,1152.32,0.06763525,0.009137186,400.0,6.0,479.8814700686335,103.65384802979318,0.0128,0.068722891,2.407730185,1.810191083,0.021215766850970826,8.772670894563296,0.8556250000000001,0.8662499999999995,6.173539136050874,4.641056963419806,0.8670643525767366,S400|60|4,887,textured,60
S600,0.002376243,1.603648548,1152.32,0.06763525,0.009137186,600.0,6.0,480.57445259174483,104.11402617269033,0.0126,0.07124211,2.458733728,2.059872611,0.021232148387582073,8.806533051003429,0.9025,0.5850000000000002,6.17498216456892,4.645486704034464,0.8655206689981725,S600|60|4,888,textured,60
S600,0.00239301,1.606552098,1152.32,0.06763525,0.009137186,600.0,6.0,484.84169528647317,105.22868439551513,0.0154,0.050078127,2.431071561,1.966242038,0.02115763444536233,8.869398259193147,0.9025,0.5850000000000002,6.183822436185739,4.656135928493775,0.8725519877724988,S600|60|4,889,textured,60
S600,0.002385868,1.605039909,1152.32,0.06763525,0.009137186,600.0,6.0,482.9396709486444,104.717214990809,0.015,0.046083198,2.448813984,1.903821656,0.021189278046422354,8.840176389715396,0.9025,0.5850000000000002,6.179891740983079,4.651263526431428,0.8695629994295242,S600|60|4,890,textured,60
S600,0.002383913,1.601562445,1152.32,0.06763525,0.009137186,600.0,6.0,481.49847111854956,104.17851318504206,0.0246,0.025042111,2.419401756,2.091082803,0.021197964720201412,8.805219566645686,0.9025,0.5850000000000002,6.176903055986098,4.646105900618373,0.8687432552486165,S600|60|4,891,textured,60
S600,0.002392969,1.607125487,1152.32,0.06763525,0.009137186,600.0,6.0,485.00642860233773,105.3020072227384,0.0124,0.069025434,2.467632558,1.997452229,0.021157815697041026,8.874372446631243,0.9025,0.5850000000000002,6.184162145699819,4.656832480902588,0.8725348543918461,S600|60|4,892,textured,60
S800,0.002386783,1.601152655,1152.32,0.06763525,0.009137186,800.0,6.0,481.9547997706697,104.25056457474501,0.0208,0.03353474,2.474028012,2.091082803,0.021185216083533687,8.807971317071134,0.9264062500000001,0.4415624999999994,6.177850333243919,4.64679727624933,0.8699464341333021,S800|60|4,893,textured,60
S800,0.002395621,1.60289869,1152.32,0.06763525,0.009137186,800.0,6.0,484.26693761528765,104.86492713827671,0.0228,0.03134877,2.376310192,1.810191083,0.02114610139317227,8.842932941583642,0.9264062500000001,0.4415624999999994,6.182636278681697,4.652673113817309,0.873642487440879,S800|60|4,894,textured,60
S800,0.002395497,1.603488013,1152.32,0.06763525,0.009137186,800.0,6.0,484.4199081708889,104.9366188404812,0.0168,0.045111664,2.433759695,1.778980892,0.021146648687249643,8.84786063844083,0.9264062500000001,0.4415624999999994,6.182952109453093,4.653356537808877,0.8735907249921027,S800|60|4,895,textured,60
S800,0.002394751,1.599429868,1152.32,0.06763525,0.009137186,800.0,6.0,483.0434518194341,104.3736249512472,0.0148,0.058561212,2.403238898,2.02866242,0.02114994217612281,8.810413412167975,0.9264062500000001,0.4415624999999994,6.180106611965279,4.647977008964452,0.8732792588609002,S800|60|4,896,textured,60
S800,0.002396201,1.602789888,1152.32,0.06763525,0.009137186,800.0,6.0,484.35130355199243,104.87607675505521,0.0118,0.072730912,2.433044644,1.903821656,0.02114354203336328,8.843256939653838,0.9264062500000001,0.4415624999999994,6.1828104772117936,4.652779431767372,0.8738845665510097,S800|60|4,897,textured,60
D50,0.002241367,0.566417078,1199.7586,0.06696036,0.037690117,50.0,25.0,40.41249824773793,12.884327155161177,0.0112,0.241600127,1.589431846,0.625,0.0888209007440974,2.933968617835466,0.010000000000000002,24.75,3.6991390996921427,2.556011623506179,0.8070859475863882,D50|78|0,898,textured,78
D50,0.002253897,0.591267498,1199.7586,0.06696036,0.037690117,50.0,25.0,42.42134734576721,14.118162302120522,0.011,0.219944872,1.562397952,0.563938619,0.08857366740515053,3.15314822660662,0.010000000000000002,24.75,3.74765171067285,2.6474620750200013,0.8126607180339804,D50|78|0,899,textured,78
D50,0.002263679,0.595689029,1199.7586,0.06696036,0.037690117,50.0,25.0,42.924063595930754,14.392297810100652,0.0112,0.222252236,1.555646262,0.563938619,0.08838208422078521,3.1992619818167967,0.010000000000000002,24.75,3.759432591657548,2.6666931891871037,0.8169913658362742,D50|78|0,900,textured,78
D50,0.002254739,0.58917319,1199.7586,0.06696036,0.037690117,50.0,25.0,42.2868795994397,14.023561428625946,0.0108,0.230242052,1.539581805,0.563938619,0.0885571275768438,3.1360000832049932,0.010000000000000002,24.75,3.7444768629838876,2.6407388742139206,0.8130342234621359,D50|78|0,901,textured,78
D50,0.002256246,0.592763611,1199.7586,0.06696036,0.037690117,50.0,25.0,42.57301133350492,14.204488879568357,0.0108,0.22773923,1.555216413,0.595268542,0.08852754793809009,3.1679029107972525,0.010000000000000002,24.75,3.7512205157339182,2.653558032931821,0.8137023702442969,D50|78|0,902,textured,78
D100,0.002280269,0.557383175,1199.7586,0.06696036,0.037690117,100.0,25.0,40.45817832440974,12.69316381775508,0.0112,0.246167876,1.549823783,0.595268542,0.08805998725570381,2.889131805954711,0.30250000000000005,17.4375,3.7002688066135203,2.541063566472215,0.8242934184631072,D100|78|0,903,textured,78
D100,0.002279129,0.56928163,1199.7586,0.06696036,0.037690117,100.0,25.0,41.30118031106772,13.234250134510894,0.011,0.242128467,1.550599187,0.563938619,0.08808200791255698,2.9875442979208517,0.30250000000000005,17.4375,3.720891078519094,2.58280817631127,0.823793352435199,D100|78|0,904,textured,78
D100,0.002285918,0.561207065,1199.7586,0.06696036,0.037690117,100.0,25.0,40.83665519824608,12.899800641466962,0.0112,0.254274448,1.55695821,0.532608696,0.08795111227076928,2.925249631596382,0.30250000000000005,17.4375,3.709580089801576,2.5572118570983617,0.8267676942130712,D100|78|0,905,textured,78
D100,0.002285568,0.563480139,1199.7586,0.06696036,0.037690117,100.0,25.0,40.9957792611219,13.002518034683964,0.0112,0.250619099,1.546230414,0.532608696,0.08795784620100065,2.9439593324312296,0.30250000000000005,17.4375,3.7134691165544376,2.5651430336807763,0.8266145711363806,D100|78|0,906,textured,78
D100,0.002278602,0.565818568,1199.7586,0.06696036,0.037690117,100.0,25.0,41.040444468662976,13.070703301671927,0.0114,0.239260025,1.556457307,0.626598465,0.0880921932223425,2.9581087377987876,0.30250000000000005,17.4375,3.714558030936982,2.5703733365688115,0.8235620970134337,D100|78|0,907,textured,78
D200,0.002288279,0.55204116,1199.4826,0.06692756,0.037049434,200.0,25.0,40.89712787727387,12.498009626989404,0.011,0.263359171,1.549875433,0.563938619,0.08644255958719098,2.832459645250904,0.6006250000000001,9.984374999999998,3.7110598375334636,2.525569401788991,0.8278000066428463,D200|78|0,908,textured,78
D200,0.002292295,0.550672554,1199.4826,0.06692756,0.037049434,200.0,25.0,40.86733456025365,12.45794273425073,0.011,0.264858648,1.558093969,0.532608696,0.08636680461194214,2.824202316660676,0.6006250000000001,9.984374999999998,3.7103310779366754,2.522358390116519,0.8295534991217417,D200|78|0,909,textured,78
D200,0.002289196,0.552494539,1199.4826,0.06692756,0.037049434,200.0,25.0,40.94711825633285,12.523563381257443,0.0108,0.264790738,1.554728738,0.501278772,0.08642524438854586,2.836864423683688,0.6006250000000001,9.984374999999998,3.712281435572111,2.5276119402931627,0.8282006642159699,D200|78|0,910,textured,78
D200,0.002295259,0.55102858,1199.4826,0.06692756,0.037049434,200.0,25.0,40.94663323713292,12.49018609023769,0.011,0.261981581,1.561541857,0.595268542,0.08631102138523038,2.8293171335398934,0.6006250000000001,9.984374999999998,3.7122695904876917,2.5249432231648212,0.8308456911754726,D200|78|0,911,textured,78
D200,0.002295259,0.546279602,1199.4826,0.06692756,0.037049434,200.0,25.0,40.59373927214619,12.275823283667522,0.0108,0.271329661,1.556081921,0.563938619,0.08631102138523038,2.790403479108044,0.6006250000000001,9.984374999999998,3.703613849597303,2.5076317413840434,0.8308456911754726,D200|78|0,912,textured,78
D400,0.002291161,0.548572665,1199.4826,0.06692756,0.037049434,400.0,25.0,40.69135445363823,12.356995680567245,0.011,0.26275508,1.542456238,0.532608696,0.08638817540183664,2.8061574587563074,0.78765625,5.308593750000002,3.7060156485974223,2.5142223545684796,0.8290586759912747,D400|78|0,913,textured,78
D400,0.002303564,0.554069738,1199.4826,0.06692756,0.037049434,400.0,25.0,41.32159607495574,12.674128451811013,0.0112,0.252386145,1.545031608,0.626598465,0.08615529307068534,2.860535021073616,0.78765625,5.308593750000002,3.7213852706824784,2.539562785914745,0.8344574888151217,D400|78|0,914,textured,78
D400,0.002298741,0.563113779,1199.4826,0.06692756,0.037049434,400.0,25.0,41.90815783850932,13.063853782338876,0.0116,0.230197341,1.537369758,0.563938619,0.08624562713877264,2.9319184236663247,0.78765625,5.308593750000002,3.7354805057933835,2.569849163194236,0.8323615817574408,D400|78|0,915,textured,78
D400,0.002312012,0.564180491,1199.4826,0.06692756,0.037049434,400.0,25.0,42.2299456983568,13.189100363314099,0.0114,0.242272986,1.544806451,0.626598465,0.08599774501127014,2.9509847411283956,0.78765625,5.308593750000002,3.743129583090344,2.579390758437518,0.8381181411080801,D400|78|0,916,textured,78
D400,0.002304215,0.56384056,1199.4826,0.06692756,0.037049434,400.0,25.0,42.06217131313418,13.128786540091163,0.011,0.246303023,1.539156414,0.626598465,0.08614312166787344,2.9421710108778854,0.78765625,5.308593750000002,3.739148793125005,2.5748072651627174,0.8347400544522026,D400|78|0,917,textured,78
D600,0.002307424,0.542438672,1199.3464,0.06691104,0.036733188,600.0,25.0,40.86618191333626,12.1695788599805,0.0198,0.047186542,1.542447237,0.595268542,0.08536379432511397,2.7588616595479194,0.8556250000000001,3.6093749999999982,3.710302872936641,2.498939301633257,0.8361317507744592,D600|78|0,918,textured,78
D600,0.00223644,0.538269892,1199.3464,0.06691104,0.036733188,600.0,25.0,39.30459756450248,11.614600697421555,0.011,0.246466499,1.546575518,0.563938619,0.08670792391961256,2.6744035622052054,0.8556250000000001,3.6093749999999982,3.671341498406952,2.4522629874499016,0.8048853158984369,D600|78|0,919,textured,78
D600,0.002316678,0.535332555,1199.3464,0.06691104,0.036733188,600.0,25.0,40.492570184162716,11.900352882052806,0.0134,0.189502126,1.541695288,0.501278772,0.08519313033877073,2.7077570939949163,0.8556250000000001,3.6093749999999982,3.7011185050401765,2.4765680536318313,0.8401342629829558,D600|78|0,920,textured,78
D600,0.002319654,0.534026096,1199.3464,0.06691104,0.036733188,600.0,25.0,40.44563931826094,11.85755167551028,0.0278,0.065739166,1.550522448,0.626598465,0.08513846353799039,2.6992701007965483,0.8556250000000001,3.6093749999999982,3.699958833447493,2.4729649368044027,0.841418036625017,D600|78|0,921,textured,78
D600,0.002289371,0.536909591,1199.3464,0.06691104,0.036733188,600.0,25.0,40.13315972550779,11.829471897379902,0.0156,0.149412423,1.543662144,0.563938619,0.08569970459019119,2.7012452453212012,0.8556250000000001,3.6093749999999982,3.692202918420871,2.470594036028507,0.8282771073476682,D600|78|0,922,textured,78
D800,0.002304605,0.542333609,1199.3464,0.06691104,0.036733188,800.0,25.0,40.80834978888068,12.150003230669558,0.0126,0.201230633,1.54433342,0.563938619,0.08541598699872004,2.7559845600212514,0.8906640625,2.733398437500001,3.708886712160068,2.497329435685251,0.8349092951693192,D800|78|0,923,textured,78
D800,0.002303087,0.540370181,1199.3464,0.06691104,0.036733188,800.0,25.0,40.63382761354049,12.054243238074042,0.0184,0.098327356,1.539910547,0.501278772,0.08544413185599987,2.738954748673501,0.8906640625,2.733398437500001,3.704600912147275,2.4894167338911095,0.8342503969378752,D800|78|0,924,textured,78
D800,0.002311061,0.549208809,1199.3464,0.06691104,0.036733188,800.0,25.0,41.44144761126741,12.494913483603732,0.0168,0.115582445,1.545442519,0.595268542,0.08529659783724802,2.816821236793632,0.8906640625,2.733398437500001,3.7242815300454244,2.5253216401816103,0.8377067264436723,D800|78|0,925,textured,78
D800,0.002303824,0.546713724,1199.3464,0.06691104,0.036733188,800.0,25.0,41.12399413663099,12.34286860885967,0.0294,0.06157106,1.539417335,0.532608696,0.08543046384962415,2.7911166693575167,0.8906640625,2.733398437500001,3.7165917501026726,2.513078455712803,0.8345703510269762,D800|78|0,926,textured,78
D800,0.00230751,0.542022182,1199.3464,0.06691104,0.036733188,800.0,25.0,40.83632639190025,12.151351054457137,0.022,0.05583353,1.54238931,0.563938619,0.08536220357258961,2.75553480756229,0.8906640625,2.733398437500001,3.7095720380238784,2.4974403615022363,0.8361690210799544,D800|78|0,927,textured,78
S50,0.002308227,0.549595097,1199.7586,0.06696036,0.037690117,50.0,6.0,40.38199331329251,12.492239673921022,0.0108,0.249969034,1.548807985,0.75,0.08752505683126034,2.84554335480037,0.16000000000000003,5.04,3.698383975541831,2.5251076254296247,0.8364796973623192,S50|78|0,928,textured,78
S50,0.002310065,0.543808434,1199.7586,0.06696036,0.037690117,50.0,6.0,39.9886299504103,12.24030302811456,0.0106,0.258869837,1.540683399,0.532608696,0.08749023030767772,2.799094491514538,0.16000000000000003,5.04,3.688595162467153,2.5047340339766277,0.8372756626659597,S50|78|0,929,textured,78
S50,0.002310714,0.547852601,1199.7586,0.06696036,0.037690117,50.0,6.0,40.29733350033313,12.42652629474426,0.0112,0.245442547,1.556520847,0.595268542,0.08747794294822997,2.8329520207347607,0.16000000000000003,5.04,3.6962853005187193,2.5198334050616813,0.8375565676840392,S50|78|0,930,textured,78
S50,0.002306557,0.544951323,1199.7586,0.06696036,0.037690117,50.0,6.0,40.01181837707733,12.27314049495203,0.011,0.257746056,1.543026865,0.532608696,0.08755673616921889,2.80595298696237,0.16000000000000003,5.04,3.6891748699013287,2.5074131750322928,0.8357559364786462,S50|78|0,931,textured,78
S50,0.002296304,0.551862943,1199.7586,0.06696036,0.037690117,50.0,6.0,40.33917398537283,12.530486686246078,0.0108,0.255375335,1.533543839,0.532608696,0.08775198892484909,2.855466957232549,0.16000000000000003,5.04,3.6973230559994383,2.5281646098333135,0.8313008738738445,S50|78|0,932,textured,78
S100,0.002304172,0.544911569,1199.7586,0.06696036,0.037690117,100.0,6.0,39.967529979435355,12.25866123548217,0.0122,0.230624932,1.544624216,0.532608696,0.08760203851789013,2.8038845001062955,0.48999999999999994,3.06,3.688067373951965,2.5062327267871685,0.8347213928250428,S100|78|0,933,textured,78
S100,0.002303173,0.541646257,1199.7586,0.06696036,0.037690117,100.0,6.0,39.71080519311688,12.106933170768617,0.011,0.268993827,1.556176022,0.532608696,0.08762103512576597,2.7763273276660616,0.48999999999999994,3.06,3.6816233217725634,2.493778277826716,0.8342877374266926,S100|78|0,934,textured,78
S100,0.002292862,0.544427435,1199.7586,0.06696036,0.037690117,100.0,6.0,39.7360144589735,12.176823552246075,0.0108,0.266465165,1.552243065,0.501278772,0.0878178300168672,2.7916456467692865,0.48999999999999994,3.06,3.6822579416809016,2.499534436171555,0.8298008188985301,S100|78|0,935,textured,78
S100,0.002304172,0.550453272,1199.7586,0.06696036,0.037690117,100.0,6.0,40.37399626385668,12.509268138822799,0.0112,0.259523908,1.550063034,0.532608696,0.08760203851789013,2.849647927151194,0.48999999999999994,3.06,3.6981859208958823,2.5264698206750036,0.8347213928250428,S100|78|0,936,textured,78
S100,0.002309156,0.544694063,1199.7586,0.06696036,0.037690117,100.0,6.0,40.03799318364299,12.275371619308315,0.0112,0.26859931,1.562998247,0.626598465,0.08750744889192949,2.805729045706324,0.48999999999999994,3.06,3.6898288329023194,2.5075949477077235,0.8368820898051966,S100|78|0,937,textured,78
S200,0.00231305,0.552064481,1199.4826,0.06692756,0.037049434,200.0,6.0,41.341592478329375,12.634370066968499,0.0114,0.246677662,1.538695512,0.563938619,0.08597844675220911,2.8510098173530904,0.7224999999999999,1.6650000000000005,3.7218690750000625,2.536420883401689,0.8385669999633463,S200|78|0,938,textured,78
S200,0.002302131,0.547402349,1199.4826,0.06692756,0.037049434,200.0,6.0,40.79895733977885,12.363240190625529,0.012,0.234182926,1.535105888,0.563938619,0.08618210330182077,2.8046113093877074,0.7224999999999999,1.6650000000000005,3.7086565256859942,2.5147275690189925,0.8338352157179055,S200|78|0,939,textured,78
S200,0.002304562,0.550249593,1199.4826,0.06692756,0.037049434,200.0,6.0,41.05447484660044,12.505377801421439,0.0112,0.261744538,1.544362492,0.563938619,0.086136636099573,2.8297796319508444,0.7224999999999999,1.6650000000000005,3.714899839618715,2.5261587759021116,0.8348906367002288,S200|78|0,940,textured,78
S200,0.002304085,0.551783888,1199.4826,0.06692756,0.037049434,200.0,6.0,41.16042839946597,12.572611240848497,0.0114,0.249581494,1.539243373,0.595268542,0.08614555179694,2.842061898510162,0.7224999999999999,1.6650000000000005,3.717477319061975,2.531520736974611,0.8346836345142495,S200|78|0,941,textured,78
S200,0.002299046,0.548346629,1199.4826,0.06692756,0.037049434,200.0,6.0,40.81456888187158,12.389305927475096,0.0122,0.226542912,1.542617125,0.595268542,0.086239906116061,2.8100942847111887,0.7224999999999999,1.6650000000000005,3.709039098110098,2.516833675304798,0.8324942542803075,S200|78|0,942,textured,78
S400,0.002310931,0.541775443,1199.4826,0.06692756,0.037049434,400.0,6.0,40.53392588370426,12.15666840224464,0.0114,0.262946184,1.545529317,0.469948849,0.08601785653631108,2.7649488593270384,0.8556250000000001,0.8662499999999995,3.7021392995984908,2.4978778589200563,0.8376504736418352,S400|78|0,943,textured,78
S400,0.002301567,0.53812989,1199.4826,0.06692756,0.037049434,400.0,6.0,40.09803696909776,11.945018117437456,0.012,0.235691351,1.546372452,0.501278772,0.08619266213605271,2.7285855070197886,0.8556250000000001,0.8662499999999995,3.691327379725184,2.480314297514794,0.833590195300484,S400|78|0,944,textured,78
S400,0.002194789,0.542370761,1199.4826,0.06692756,0.037049434,400.0,6.0,38.539086689745865,11.571090035355553,0.011,0.244746173,1.553085785,0.595268542,0.08826442940845988,2.6854291913588826,0.8556250000000001,0.8662499999999995,3.651672964982173,2.4485097489853134,0.786085914343942,S400|78|0,945,textured,78
S400,0.002308333,0.537795313,1199.4826,0.06692756,0.037049434,400.0,6.0,40.19091077105594,11.965240889936025,0.0114,0.27169137,1.547268342,0.501278772,0.08606624893620125,2.730676842448554,0.8556250000000001,0.8662499999999995,3.6936408698379775,2.482005854039915,0.83652561900095,S400|78|0,946,textured,78
S400,0.002308203,0.543497379,1199.4826,0.06692756,0.037049434,400.0,6.0,40.61475425940083,12.219624752729136,0.012,0.243432851,1.552784765,0.469948849,0.08606867256506495,2.777054082369183,0.8556250000000001,0.8662499999999995,3.7041314059958976,2.50304324563932,0.8364692997173856,S400|78|0,947,textured,78
S600,0.002318748,0.546735478,1199.3464,0.06691104,0.036733188,600.0,6.0,41.392039246141515,12.423813430817226,0.014,0.166971777,1.540318569,0.532608696,0.08515509490860296,2.802129431688517,0.9025,0.5850000000000002,3.7230885736008754,2.519615068896641,0.8410273848395434,S600|78|0,948,textured,78
S600,0.002346225,0.544425924,1199.3464,0.06691104,0.036733188,600.0,6.0,41.7056091915004,12.465052371642289,0.0128,0.205900896,1.54364548,0.563938619,0.08465499423404303,2.802956254430197,0.9025,0.5850000000000002,3.7306356327443164,2.5229289184622656,0.8528076535608011,S600|78|0,949,textured,78
S600,0.002330233,0.542174887,1199.3464,0.06691104,0.036733188,600.0,6.0,41.25007668688949,12.277925652776888,0.0116,0.247855308,1.548861287,0.501278772,0.08494498409205443,2.773033365743575,0.9025,0.5850000000000002,3.719652971855071,2.507802987666633,0.8459682625779426,S600|78|0,950,textured,78
S600,0.002312531,0.543838419,1199.3464,0.06691104,0.036733188,600.0,6.0,41.06231803013538,12.259540377640775,0.0118,0.240529585,1.544459836,0.595268542,0.08526948340481519,2.773938341443317,0.9025,0.5850000000000002,3.715090864701016,2.506304440216469,0.8383425957199969,S600|78|0,951,textured,78
S600,0.002327442,0.54413781,1199.3464,0.06691104,0.036733188,600.0,6.0,41.3498354715638,12.35217772079096,0.0116,0.241998567,1.556102788,0.595268542,0.08499590059564698,2.7871094077295426,0.9025,0.5850000000000002,3.722068442539506,2.5138323811963166,0.8447698104171298,S600|78|0,952,textured,78
S800,0.002298654,0.54738466,1199.3464,0.06691104,0.036733188,800.0,6.0,41.082062766910646,12.34541534118903,0.0154,0.127812445,1.559235426,0.501278772,0.08552648252603896,2.7928319806059902,0.9264062500000001,0.4415624999999994,3.7155715972103844,2.513284766717938,0.8323237342372645,S800|78|0,953,textured,78
S800,0.002303911,0.546535083,1199.3464,0.06691104,0.036733188,800.0,6.0,41.11210916958274,12.335269561531387,0.015,0.129556801,1.544798773,0.657928389,0.08542885082713281,2.7897208054300493,0.9264062500000001,0.4415624999999994,3.7163027051053255,2.5124626031297606,0.834608113615324,S800|78|0,954,textured,78
S800,0.00230595,0.546685412,1199.3464,0.06691104,0.036733188,800.0,6.0,41.15981231195332,12.352979258361417,0.0292,0.058904771,1.559736863,0.563938619,0.08539107291565706,2.7924304037185608,0.9264062500000001,0.4415624999999994,3.717462350993191,2.5138972694762343,0.8354927390445811,S800|78|0,955,textured,78
S800,0.002310714,0.549583975,1199.3464,0.06691104,0.036733188,800.0,6.0,41.463529794811386,12.510111287608641,0.013,0.187485279,1.545674012,0.563938619,0.08530300209332488,2.8196465043775434,0.9264062500000001,0.4415624999999994,3.7248142407404172,2.526537220331229,0.8375565676840392,S800|78|0,956,textured,78
S800,0.002305126,0.548923359,1199.3464,0.06691104,0.036733188,800.0,6.0,41.3135386890844,12.449873807198673,0.0144,0.041354588,1.527674983,0.532608696,0.08540633367737041,2.810140221735644,0.9264062500000001,0.4415624999999994,3.7211902595429702,2.521710486891369,0.8351353387290057,S800|78|0,957,textured,78
D50,0.002242654,1.019679484,1199.2114,0.06689444,0.036419641,50.0,25.0,75.29845137628217,41.80183664964619,0.0106,0.101222606,1.861633919,1.09375,0.0858641030400101,7.421316372487299,0.010000000000000002,24.75,4.321459568542334,3.7329402775521725,0.8076599859485373,D50|78|1,958,textured,78
D50,0.002253406,1.032856818,1199.2114,0.06689444,0.036419641,50.0,25.0,76.63720455859054,43.09485399402256,0.0104,0.101901277,1.858298087,0.90625,0.08565901023090282,7.597129889734109,0.010000000000000002,24.75,4.339082658031178,3.763403593090898,0.8124428493875008,D50|78|1,959,textured,78
D50,0.002243585,1.004942786,1199.2114,0.06689444,0.036419641,50.0,25.0,74.24102385509345,40.61915902793296,0.0108,0.102633017,1.866432645,1.0,0.08584628606971692,7.2522596830509825,0.010000000000000002,24.75,4.30731687953443,3.7042398525389286,0.808075032945973,D50|78|1,960,textured,78
D50,0.002253362,1.030267349,1199.2114,0.06689444,0.036419641,50.0,25.0,76.44357522639764,42.87820192275785,0.0106,0.099852674,1.858334491,1.0,0.08565984653196133,7.566589421333596,0.010000000000000002,24.75,4.336552889947564,3.758363583111838,0.8124233231993316,D50|78|1,961,textured,78
D50,0.002252655,1.035215115,1199.2114,0.06689444,0.036419641,50.0,25.0,76.78658898513143,43.27744551433506,0.0106,0.097835951,1.842270226,0.9375,0.08567328772921692,7.623378236357765,0.010000000000000002,24.75,4.341030002315892,3.767631610484304,0.812109520563522,D50|78|1,962,textured,78
D100,0.002280741,0.992294104,1199.2114,0.06689444,0.036419641,100.0,25.0,74.5206215479799,40.25895682900167,0.0116,0.095940014,1.841506621,0.9375,0.08514414528718649,7.177148465097195,0.30250000000000005,17.4375,4.311075886385399,3.695332509021549,0.8245003901652894,D100|78|1,963,textured,78
D100,0.002277686,0.993061388,1199.2114,0.06689444,0.036419641,100.0,25.0,74.47834822271767,40.26723140233654,0.0112,0.102340909,1.843976596,0.90625,0.08520122694831812,7.180253145857946,0.30250000000000005,17.4375,4.310508455262062,3.695538021626721,0.8231600153134444,D100|78|1,964,textured,78
D100,0.002281613,0.998837004,1199.2114,0.06689444,0.036419641,100.0,25.0,75.04066842373868,40.807214913297834,0.0114,0.097680464,1.851759894,0.96875,0.0851278732923394,7.254680283989713,0.30250000000000005,17.4375,4.318030212224111,3.7088589018866953,0.8248826489775684,D100|78|1,965,textured,78
D100,0.002270294,1.000053361,1199.2114,0.06689444,0.036419641,100.0,25.0,74.75932354210434,40.703726815161204,0.0116,0.091514411,1.838969233,0.9375,0.08533982037379167,7.2471630043154915,0.30250000000000005,17.4375,4.314273934152957,3.70631965619654,0.8199093385254157,D100|78|1,966,textured,78
D100,0.002279825,0.997226344,1199.2114,0.06689444,0.036419641,100.0,25.0,74.86095143907812,40.64383909505794,0.012,0.088745657,1.836763694,0.96875,0.08516124839918948,7.232569013367715,0.30250000000000005,17.4375,4.315632411974439,3.7048472647303035,0.824098685634616,D100|78|1,967,textured,78
D200,0.002303222,0.966800938,1199.2114,0.06689444,0.036419641,200.0,25.0,73.3217718237978,38.5936320796586,0.0106,0.113806871,1.828959327,1.0,0.08472759420043595,6.92504295892533,0.6006250000000001,9.984374999999998,4.294857588306877,3.653087290831833,0.8343090121979625,D200|78|1,968,textured,78
D200,0.002303093,0.965869654,1199.2114,0.06689444,0.036419641,200.0,25.0,73.24704095506155,38.51715881100459,0.0106,0.113575838,1.829062221,1.125,0.08472996703266773,6.914140657664409,0.6006250000000001,9.984374999999998,4.293837850563285,3.651103825409107,0.8342530021335036,D200|78|1,969,textured,78
D200,0.002303352,0.965918615,1199.2114,0.06689444,0.036419641,200.0,25.0,73.25899152258414,38.525395845841196,0.0108,0.112415067,1.82885645,1.0625,0.08472520317581946,6.91516799826312,0.6006250000000001,9.984374999999998,4.294000991525428,3.6513176561914498,0.8343654532754462,D200|78|1,970,textured,78
D200,0.002306675,0.968537533,1199.2114,0.06689444,0.036419641,200.0,25.0,73.5635962041241,38.790470310346734,0.0106,0.11347338,1.842479042,0.96875,0.08466415354362704,6.95120128408946,0.6006250000000001,9.984374999999998,4.298150286579803,3.658174605903941,0.8358070936717056,D200|78|1,971,textured,78
D200,0.00230469,0.967482717,1199.2114,0.06689444,0.036419641,200.0,25.0,73.42024355981742,38.672716061843104,0.0106,0.112602982,1.838641851,1.0,0.08470060577228551,6.935509104168349,0.6006250000000001,9.984374999999998,4.296199695412919,3.6551343400765024,0.834946177165377,D200|78|1,972,textured,78
D400,0.002293398,0.975656747,1199.2114,0.06689444,0.036419641,400.0,25.0,73.6777864342762,39.13625451855811,0.0114,0.099056505,1.836794382,1.0625,0.08490886984708974,7.008815567542301,0.78765625,5.308593750000002,4.2997013485299025,3.6670492629218328,0.8300345605540141,D400|78|1,973,textured,78
D400,0.002297038,0.974944414,1199.2114,0.06689444,0.036419641,400.0,25.0,73.7408472215084,39.14115314615909,0.011,0.106918804,1.844766925,1.03125,0.0848415677770815,7.007294450245453,0.78765625,5.308593750000002,4.300556882047135,3.6671744236228196,0.8316204668874926,D400|78|1,974,textured,78
D400,0.002296865,0.973239067,1199.2114,0.06689444,0.036419641,400.0,25.0,73.60631764865533,39.0014059736066,0.011,0.105861804,1.850348254,1.0,0.08484476285272953,6.987377815801942,0.78765625,5.308593750000002,4.298730859668593,3.6635976960851364,0.8315451496680902,D400|78|1,975,textured,78
D400,0.002296215,0.970430171,1199.2114,0.06689444,0.036419641,400.0,25.0,73.37311007204127,38.76563090433101,0.0116,0.101787691,1.834540582,0.90625,0.08485677069902886,6.953958351035419,0.78765625,5.308593750000002,4.29555752070637,3.6575340526405355,0.8312621151882469,D400|78|1,976,textured,78
D400,0.002304777,0.971998258,1199.2114,0.06689444,0.036419641,400.0,25.0,73.76570302376423,39.03602706737458,0.011,0.106825722,1.843996508,1.0,0.08469900713123614,6.987532102244845,0.78765625,5.308593750000002,4.300893894911306,3.664484990674163,0.8349839255644914,D400|78|1,977,textured,78
D600,0.002300197,0.943965747,1199.0776,0.06687776,0.036108771,600.0,25.0,72.10341779509352,36.748792672751875,0.0148,0.064119343,1.809627456,1.03125,0.08407476971795665,6.638358997374719,0.8556250000000001,3.6093749999999982,4.278101446705443,3.6041053726770667,0.8329947714410789,D600|78|1,978,textured,78
D600,0.002294872,0.962839757,1199.0776,0.06687776,0.036108771,600.0,25.0,73.37482267360492,38.1445124143093,0.0264,0.015410079,1.819273655,1.0625,0.08417225636229941,6.8424753569719226,0.8556250000000001,3.6093749999999982,4.295580861431268,3.6413819050331613,0.830677068536634,D600|78|1,979,textured,78
D600,0.002299073,0.958002799,1199.0776,0.06687776,0.036108771,600.0,25.0,73.13985956439032,37.83135430426642,0.0144,0.057448381,1.815949651,0.9375,0.08409531897713428,6.79501218407937,0.8556250000000001,3.6093749999999982,4.292373492626287,3.6331382377468446,0.8325059982129898,D600|78|1,980,textured,78
D600,0.00230551,0.960926475,1199.0776,0.06687776,0.036108771,600.0,25.0,73.56847476979152,38.16918614509824,0.0136,0.070867336,1.821722597,1.0,0.08397783956042228,6.839686545245222,0.8556250000000001,3.6093749999999982,4.2982166020423245,3.6420285446827783,0.8353019101091312,D600|78|1,981,textured,78
D600,0.002305467,0.963722276,1199.0776,0.06687776,0.036108771,600.0,25.0,73.78114501530877,38.39089854624866,0.0168,0.044719699,1.816334794,1.0,0.08397862270549954,6.871477371614508,0.8556250000000001,3.6093749999999982,4.301103211366469,3.6478204144759325,0.8352832589642645,D600|78|1,982,textured,78
D800,0.002304302,0.95156255,1199.0776,0.06687776,0.036108771,800.0,25.0,72.81340175133704,37.40930598421811,0.0246,0.017480153,1.784705458,1.03125,0.08399984881492563,6.731240733455333,0.8906640625,2.733398437500001,4.287900028251051,3.621919496576587,0.8347778106327743,D800|78|1,983,textured,78
D800,0.002320519,0.953127324,1199.0776,0.06687776,0.036108771,800.0,25.0,73.4464199696426,37.79658308295027,0.0206,0.015677888,1.793779733,0.96875,0.08370581677142319,6.777418245994881,0.8906640625,2.733398437500001,4.296556160378804,3.632218703908756,0.8417908675561137,D800|78|1,984,textured,78
D800,0.002324588,0.951153266,1199.0776,0.06687776,0.036108771,800.0,25.0,73.4228229246497,37.706182924349925,0.0288,0.016407752,1.822903868,1.09375,0.08363252461241477,6.762077421913919,0.8906640625,2.733398437500001,4.296234826316874,3.6298240843053007,0.843542819035707,D800|78|1,985,textured,78
D800,0.002323346,0.940299698,1199.0776,0.06687776,0.036108771,800.0,25.0,72.54621701804615,36.83087663676701,0.0308,0.021096329,1.802357094,0.96875,0.08365487550580696,6.636913349945657,0.8906640625,2.733398437500001,4.284223834870025,3.6063365324209764,0.8430083880263334,D800|78|1,986,textured,78
D800,0.002309218,0.960329602,1199.0776,0.06687776,0.036108771,800.0,25.0,73.64102643122014,38.18309586932249,0.0144,0.063854102,1.813384683,1.0625,0.08391038925209224,6.839481900712754,0.8906640625,2.733398437500001,4.2992022947688255,3.6423929011633223,0.8369089390815886,D800|78|1,987,textured,78
S50,0.00230037,0.964839966,1199.2114,0.06689444,0.036419641,50.0,6.0,73.08244488594593,38.38963566497635,0.0104,0.116903314,1.831227016,1.0,0.08478010059022123,6.897453215419412,0.16000000000000003,5.04,4.291588185875571,3.647787518604983,0.8330699795622004,S50|78|1,988,textured,78
S50,0.002302186,0.96346467,1199.2114,0.06689444,0.036419641,50.0,6.0,73.03588401313735,38.31049135776523,0.0106,0.116108808,1.846071835,1.0,0.08474665606482405,6.884988291429048,0.16000000000000003,5.04,4.290950882195255,3.645723784465996,0.833859106340555,S50|78|1,989,textured,78
S50,0.002296605,0.962974375,1199.2114,0.06689444,0.036419641,50.0,6.0,72.82175219417368,38.178731357968964,0.0108,0.113158479,1.828786354,1.0625,0.08484956537950948,6.86937212313289,0.16000000000000003,5.04,4.288014704448652,3.6422785898243517,0.8314319454889936,S50|78|1,990,textured,78
S50,0.002298207,0.966018298,1199.2114,0.06689444,0.036419641,50.0,6.0,73.10289628479633,38.4472759303589,0.0104,0.115069976,1.827511566,1.03125,0.08481998738678725,6.90703634154064,0.16000000000000003,5.04,4.291867986829894,3.649287846377093,0.8321292536987367,S50|78|1,991,textured,78
S50,0.002301105,0.967792268,1199.2114,0.06689444,0.036419641,50.0,6.0,73.32949126627659,38.637272255344385,0.0104,0.113847495,1.819777763,0.96875,0.08476655962824102,6.932581587294911,0.16000000000000003,5.04,4.294962864488252,3.6542174130466702,0.8333894423458734,S50|78|1,992,textured,78
S100,0.0023115,0.952274446,1199.2114,0.06689444,0.036419641,100.0,6.0,72.47965475245653,37.5771539764441,0.0112,0.110425391,1.811594519,0.875,0.08457574386579532,6.773879051127889,0.48999999999999994,3.06,4.28330589837427,3.626396258718437,0.8378966644461431,S100|78|1,993,textured,78
S100,0.002309648,0.955278785,1199.2114,0.06689444,0.036419641,100.0,6.0,72.65006671952706,37.78433547135538,0.0106,0.115882264,1.818458589,0.90625,0.08460964576140337,6.804831590301629,0.48999999999999994,3.06,4.285654308385134,3.631894611216146,0.8370951319701644,S100|78|1,994,textured,78
S100,0.002307278,0.956453912,1199.2114,0.06689444,0.036419641,100.0,6.0,72.66479635338233,37.83848561864338,0.0112,0.107827242,1.80407353,0.90625,0.08465308946278693,6.814031271437127,0.48999999999999994,3.06,4.285857035533538,3.633326722733871,0.8360684747492472,S100|78|1,995,textured,78
S100,0.002309433,0.95230625,1199.2114,0.06689444,0.036419641,100.0,6.0,72.41726017345655,37.54605935967115,0.011,0.112123089,1.818628157,0.90625,0.08461358409831926,6.770605762667833,0.48999999999999994,3.06,4.282444671164726,3.6255684288861425,0.8370020398593503,S100|78|1,996,textured,78
S100,0.002313908,0.952575345,1199.2114,0.06689444,0.036419641,100.0,6.0,72.57808619986955,37.64007559220691,0.0114,0.107751229,1.809708774,1.03125,0.08453172495843404,6.781539287195236,0.48999999999999994,3.06,4.284663033289987,3.6280693230097136,0.8389378699863007,S100|78|1,997,textured,78
S200,0.002319576,0.950638946,1199.2114,0.06689444,0.036419641,200.0,6.0,72.60797038183503,37.57902757118514,0.0122,0.09823606,1.810675917,0.90625,0.08442838304008536,6.769425591375682,0.7224999999999999,1.6650000000000005,4.285074700678593,3.62644611741809,0.841384410355137,S200|78|1,998,textured,78
S200,0.00232493,0.945920459,1199.2114,0.06689444,0.036419641,200.0,6.0,72.4143418952474,37.292787370040635,0.0118,0.105055143,1.801129455,1.0625,0.08433111342258147,6.72504213540783,0.7224999999999999,1.6650000000000005,4.28240437224974,3.618799939856324,0.8436899310591971,S200|78|1,999,textured,78
S200,0.002322533,0.947489885,1199.2114,0.06689444,0.036419641,200.0,6.0,72.45970533995018,37.378062339579586,0.0138,0.078293439,1.819134646,0.90625,0.08437461970430961,6.738731593145137,0.7224999999999999,1.6650000000000005,4.2830306189385166,3.6210839638614662,0.8426584004316074,S200|78|1,1000,textured,78
S200,0.002322619,0.947880186,1199.2114,0.06689444,0.036419641,200.0,6.0,72.49223796259875,37.41024828578998,0.0114,0.108405448,1.808303844,0.875,0.08437305761331124,6.74332338889126,0.7224999999999999,1.6650000000000005,4.283479493544177,3.6219446852209494,0.8426954282834452,S200|78|1,1001,textured,78
S200,0.002327795,0.949344206,1199.2114,0.06689444,0.036419641,200.0,6.0,72.76600351077744,37.60952646072519,0.0128,0.091326386,1.815022468,0.90625,0.08427920098454054,6.769030267920421,0.7224999999999999,1.6650000000000005,4.28724886138924,3.627257381621943,0.8449214675725772,S200|78|1,1002,textured,78
S400,0.002326684,0.94427686,1199.2114,0.06689444,0.036419641,400.0,6.0,72.34305393552135,37.191339780542435,0.0118,0.104315184,1.799772023,1.0,0.08429932039424459,6.709390791698689,0.8556250000000001,0.8662499999999995,4.281419442048697,3.6160759325782807,0.8444440779351547,S400|78|1,1003,textured,78
S400,0.002330485,0.941498705,1199.2114,0.06689444,0.036419641,400.0,6.0,72.2480495025429,37.03322142849879,0.0112,0.110372743,1.807563313,1.03125,0.08423054662511395,6.684378615593831,0.8556250000000001,0.8662499999999995,4.280105330123533,3.6118153862402034,0.8460764004229037,S400|78|1,1004,textured,78
S400,0.002328607,0.941546036,1199.2114,0.06689444,0.036419641,400.0,6.0,72.19345819866508,37.007099105486375,0.0118,0.103566445,1.803653703,0.90625,0.08426450535789679,6.681683574502783,0.8556250000000001,0.8662499999999995,4.27934943512706,3.611109761955816,0.8452702347143449,S400|78|1,1005,textured,78
S400,0.002328863,0.944934899,1199.2114,0.06689444,0.036419641,400.0,6.0,72.46126606249585,37.27807217901647,0.0114,0.107786191,1.808822638,0.96875,0.08425987384753716,6.720646890638561,0.8556250000000001,0.8662499999999995,4.2830521578853045,3.6184052765440287,0.8453801656426205,S400|78|1,1006,textured,78
S400,0.00232835,0.951369735,1199.2114,0.06689444,0.036419641,400.0,6.0,72.9386437937251,37.779190974361505,0.0116,0.107436413,1.80385226,1.09375,0.08426915572839967,6.793124590245334,0.8556250000000001,0.8662499999999995,4.289618591757237,3.631758447719184,0.8451598622113302,S400|78|1,1007,textured,78
S600,0.002321805,0.940506177,1199.0776,0.06687776,0.036108771,600.0,6.0,72.51401921560748,36.82261423173225,0.0134,0.083798411,1.819705197,1.0,0.08368263209609965,6.636602819133004,0.9025,0.5850000000000002,4.28377991165849,3.6061121736031665,0.8423449004210734,S600|78|1,1008,textured,78
S600,0.002322747,0.943301181,1199.0776,0.06687776,0.036108771,600.0,6.0,72.75902470920082,37.056827487422744,0.0202,0.035609716,1.818966939,0.9375,0.08366566145026107,6.669810393026594,0.9025,0.5850000000000002,4.287152949343493,3.6124526124282847,0.8427505369659612,S600|78|1,1009,textured,78
S600,0.002323132,0.946985711,1199.0776,0.06687776,0.036108771,600.0,6.0,73.05532818055246,37.35307076637745,0.0156,0.060296345,1.824045849,0.90625,0.08365872843605462,6.712210258440192,0.9025,0.5850000000000002,4.2912170743534,3.6204151241665468,0.842916275247514,S600|78|1,1010,textured,78
S600,0.002320219,0.94649149,1199.0776,0.06687776,0.036108771,600.0,6.0,72.92564439332813,37.26730412134652,0.0134,0.072410525,1.815561419,0.875,0.0837112280996983,6.70155933771948,0.9025,0.5850000000000002,4.289440352099087,3.6181163771305638,0.8416615777748687,S600|78|1,1011,textured,78
S600,0.002332747,0.948597409,1199.0776,0.06687776,0.036108771,600.0,6.0,73.48253947809953,37.63544706422825,0.012,0.10087018,1.81652825,0.9375,0.08348614022814757,6.747197405053037,0.9025,0.5850000000000002,4.297047819876296,3.62794634736448,0.8470465430953726,S600|78|1,1012,textured,78
S800,0.002324117,0.950915846,1199.0776,0.06687776,0.036108771,800.0,6.0,73.38962268490783,37.67972530114197,0.0328,0.018560784,1.817894711,1.03125,0.08364099856694829,6.758555212481186,0.9264062500000001,0.4415624999999994,4.295782545310724,3.629122159372192,0.8433401819565156,S800|78|1,1013,textured,78
S800,0.002328051,0.947889973,1199.0776,0.06687776,0.036108771,800.0,6.0,73.27992265282856,37.50368307881388,0.0152,0.067390911,1.809453289,1.15625,0.08357029933988225,6.731005092774772,0.9264062500000001,0.4415624999999994,4.294286664863524,3.6244391435885817,0.8450314368457266,S800|78|1,1014,textured,78
S800,0.002324031,0.945028669,1199.0776,0.06687776,0.036108771,800.0,6.0,72.93256428646214,37.21323759648287,0.0292,0.019979657,1.801825915,0.90625,0.08364254610640307,6.69158289595935,0.9264062500000001,0.4415624999999994,4.289535237305779,3.61666454734755,0.8433031779712681,S800|78|1,1015,textured,78
S800,0.002315627,0.946991696,1199.0776,0.06687776,0.036108771,800.0,6.0,72.81977932597994,37.23287033144397,0.0252,0.017584568,1.802967307,1.03125,0.08379418869228324,6.699259093681195,0.9264062500000001,0.4415624999999994,4.287987612338685,3.6171919821849827,0.8396804931996473,S800|78|1,1016,textured,78
S800,0.002324374,0.952716274,1199.0776,0.06687776,0.036108771,800.0,6.0,73.5367065760226,37.826725504844454,0.0284,0.016851005,1.796182709,1.0625,0.08363637445506993,6.779490830855018,0.9264062500000001,0.4415624999999994,4.297784690753107,3.633015876739549,0.8434507554739267,S800|78|1,1017,textured,78
D50,0.002212437,1.207831038,1199.55115,0.06693579,0.037208576,50.0,25.0,86.14951172589669,57.84204806924453,0.0106,0.083918318,2.048716118,1.24523507,0.08828135913204212,9.73066528376243,0.010000000000000002,24.75,4.456084295237583,4.057715986442921,0.7940946229182679,D50|78|2,1018,textured,78
D50,0.002247717,1.277365181,1199.55115,0.06693579,0.037208576,50.0,25.0,92.56193520908288,65.72523624315276,0.0106,0.074784562,2.027640154,1.214104193,0.08758579009103744,10.743831424666523,0.010000000000000002,24.75,4.527877990284437,4.185482965027937,0.8099150344269586,D50|78|2,1019,textured,78
D50,0.002213864,1.196820015,1199.55115,0.06693579,0.037208576,50.0,25.0,85.41920075969178,56.82886773082419,0.011,0.08235207,2.075518832,1.3386277,0.08825290259485341,9.592831183597085,0.010000000000000002,24.75,4.447570908774977,4.040044431317203,0.794739405118773,D50|78|2,1020,textured,78
D50,0.002211277,1.195544824,1199.55115,0.06693579,0.037208576,50.0,25.0,85.22847824173341,56.641566236218004,0.0106,0.087328281,2.072316368,1.3386277,0.0883045115796853,9.569766917394292,0.010000000000000002,24.75,4.445335629649166,4.036743101478742,0.7935701767056117,D50|78|2,1021,textured,78
D50,0.002201927,1.198741208,1199.55115,0.06693579,0.037208576,50.0,25.0,85.095006067331,56.704061202211975,0.0106,0.084380564,2.058495049,1.307496823,0.08849179584406554,9.586333534123225,0.010000000000000002,24.75,4.443768350747313,4.037845834309982,0.7893328860706684,D50|78|2,1022,textured,78
D100,0.002287635,1.238512714,1199.55115,0.06693579,0.037208576,100.0,25.0,91.34040302912518,62.88514242668143,0.0118,0.066286063,1.970485404,1.182973316,0.08681826467167701,10.334343181776669,0.30250000000000005,17.4375,4.514593220152693,4.141309926371825,0.8275185328195832,D100|78|2,1023,textured,78
D100,0.002292678,1.24284274,1199.55115,0.06693579,0.037208576,100.0,25.0,91.86180300503428,63.46522164091749,0.012,0.064660756,1.977013669,1.182973316,0.08672272889761555,10.405951921449596,0.30250000000000005,17.4375,4.520285306454147,4.1504920651671,0.8297205666272169,D100|78|2,1024,textured,78
D100,0.002291386,1.239981692,1199.55115,0.06693579,0.037208576,100.0,25.0,91.59868735971351,63.13776134695507,0.0114,0.06946115,1.978128464,1.276365947,0.0867471747954065,10.364144970972584,0.30250000000000005,17.4375,4.517416941443275,4.145319027115717,0.8291568746568556,D100|78|2,1025,textured,78
D100,0.002292032,1.237614137,1199.55115,0.06693579,0.037208576,100.0,25.0,91.44956839772642,62.91461999741043,0.0114,0.0715047,1.972137944,1.307496823,0.08673494926276926,10.334248815867017,0.30250000000000005,17.4375,4.515787655282013,4.141778569089435,0.8294387603606154,D100|78|2,1026,textured,78
D100,0.002290481,1.23388462,1199.55115,0.06693579,0.037208576,100.0,25.0,91.11229085749204,62.493690663092934,0.0112,0.070009506,1.962600245,1.307496823,0.08676431059352205,10.280290493460123,0.30250000000000005,17.4375,4.512092711274137,4.13506560225611,0.8287618391781878,D100|78|2,1027,textured,78
D200,0.002313637,1.220549093,1199.55115,0.06693579,0.037208576,200.0,25.0,91.03873094625592,61.76836468907345,0.0106,0.079128946,1.975250671,1.120711563,0.08632902909978485,10.164256719465826,0.6006250000000001,9.984374999999998,4.511285030762586,4.123391335163956,0.8388207452472393,D200|78|2,1028,textured,78
D200,0.002319305,1.219385947,1199.55115,0.06693579,0.037208576,200.0,25.0,91.17479000942151,61.80172731277839,0.0106,0.080323028,1.981161733,1.182973316,0.08622347759774522,10.163673489256109,0.6006250000000001,9.984374999999998,4.51277843353247,4.123931314118008,0.8412675718329555,D200|78|2,1029,textured,78
D200,0.002313082,1.221160754,1199.55115,0.06693579,0.037208576,200.0,25.0,91.06250422296904,61.81545691787322,0.0108,0.075884159,1.964957492,1.24523507,0.08633938535552108,10.170943646257603,0.6006250000000001,9.984374999999998,4.511546130329825,4.124153445130564,0.8385808344151088,D200|78|2,1030,textured,78
D200,0.002286987,1.220127299,1199.55115,0.06693579,0.037208576,200.0,25.0,89.95898815088425,61.0146834002165,0.0112,0.073409561,1.960153436,1.120711563,0.08683056344097222,10.08826628957991,0.6006250000000001,9.984374999999998,4.499353879260898,4.1111145466859105,0.8272352307219085,D200|78|2,1031,textured,78
D200,0.002269047,1.221035987,1199.55115,0.06693579,0.037208576,200.0,25.0,89.31978674459565,60.626262766733944,0.0108,0.073787296,1.942723807,1.307496823,0.08717314633803923,10.052676951927895,0.6006250000000001,9.984374999999998,4.492223039425395,4.104728178182727,0.8193599195540856,D200|78|2,1032,textured,78
D400,0.00231939,1.193522094,1199.55115,0.06693579,0.037208576,400.0,25.0,89.24419267102729,59.210003146005185,0.011,0.078191612,1.959613803,1.400889454,0.08622189764294148,9.821167050037422,0.78765625,5.308593750000002,4.491376350430988,4.081090499676687,0.8413042200713112,D400|78|2,1033,textured,78
D400,0.002310477,1.19661225,1199.55115,0.06693579,0.037208576,400.0,25.0,89.13141803712267,59.28828891531085,0.0114,0.073728223,1.961783202,1.182973316,0.08638804429876783,9.839127541073927,0.78765625,5.308593750000002,4.4901118877784665,4.08241179771961,0.8374539967233461,D400|78|2,1034,textured,78
D400,0.002309665,1.206079642,1199.55115,0.06693579,0.037208576,400.0,25.0,89.80503820201261,60.20899040148111,0.0112,0.075777682,1.984038462,1.182973316,0.08640322851979525,9.96187445326167,0.78765625,5.308593750000002,4.4976410784338166,4.097821683381631,0.8371024923720249,D400|78|2,1035,textured,78
D400,0.002295002,1.233784074,1199.55115,0.06693579,0.037208576,400.0,25.0,91.28469107585313,62.606837456709776,0.011,0.075899942,2.012992775,1.214104193,0.08667880852840591,10.291118669092215,0.78765625,5.308593750000002,4.513983096387683,4.136874496689566,0.8307337149718237,D400|78|2,1036,textured,78
D400,0.002274696,1.251865008,1199.55115,0.06693579,0.037208576,400.0,25.0,91.80293921198302,63.88497694323631,0.0114,0.068621745,1.998116771,1.182973316,0.0870648357732378,10.4774623276532,0.78765625,5.308593750000002,4.519644314673622,4.157084231132778,0.8218464171004881,D400|78|2,1037,textured,78
D600,0.002335169,1.20030629,1199.41435,0.06691931,0.036890972,600.0,25.0,91.12961614961304,60.300410231827136,0.0144,0.05294281,1.951705064,1.276365947,0.08521196736887432,9.918738722848746,0.8556250000000001,3.6093749999999982,4.512282846380357,4.099338906891211,0.8480842653754426,D600|78|2,1038,textured,78
D600,0.002321389,1.19934939,1199.41435,0.06691931,0.036890972,600.0,25.0,90.51963271881517,59.84903406931046,0.0336,0.013589567,1.947197559,1.214104193,0.08546450657918012,9.870974551863622,0.8556250000000001,3.6093749999999982,4.505566763298147,4.091825292680936,0.8421657134212996,D600|78|2,1039,textured,78
D600,0.002332165,1.196949056,1199.41435,0.06691931,0.036890972,600.0,25.0,90.75782558353444,59.88642563385784,0.0138,0.049562092,1.954218438,1.15184244,0.08526682934772271,9.866764435418157,0.8556250000000001,3.6093749999999982,4.508194701752616,4.092449862308941,0.8467970207022303,D600|78|2,1040,textured,78
D600,0.00233153,1.200854897,1199.41435,0.06691931,0.036890972,600.0,25.0,91.02919114252042,60.2614893499758,0.0268,0.011037103,1.954750676,1.276365947,0.085278439910429,9.916709414805648,0.8556250000000001,3.6093749999999982,4.511180236863312,4.098693248796267,0.8465247044362976,D600|78|2,1041,textured,78
D600,0.002314021,1.215906742,1199.41435,0.06691931,0.036890972,600.0,25.0,91.47800923864457,61.31766595935372,0.0142,0.048708699,1.969541654,1.369758577,0.08560046083954254,10.070683175809673,0.8556250000000001,3.6093749999999982,4.516098607206429,4.116067989994024,0.8389867039247739,D600|78|2,1042,textured,78
D800,0.002352269,1.167180594,1199.41435,0.06691931,0.036890972,800.0,25.0,89.26355637946594,57.43556368870176,0.034,0.014129871,1.958691803,1.120711563,0.08490167494879994,9.526013955733031,0.8906640625,2.733398437500001,4.4915933013321965,4.050663687925489,0.8553803942448445,D800|78|2,1043,textured,78
D800,0.002343145,1.161101789,1199.41435,0.06691931,0.036890972,800.0,25.0,88.45422898565052,56.618393089958225,0.0262,0.012486475,1.939747135,1.276365947,0.08506681416320977,9.424755638262297,0.8906640625,2.733398437500001,4.482485231623943,4.036333898672719,0.8514940440811073,D800|78|2,1044,textured,78
D800,0.002341923,1.183915174,1199.41435,0.06691931,0.036890972,800.0,25.0,90.14514487988347,58.834432903768,0.0166,0.009849148,1.935442189,1.214104193,0.08508900492057518,9.719739719076765,0.8906640625,2.733398437500001,4.501421092179998,4.074727277113053,0.8509723867528841,D800|78|2,1045,textured,78
D800,0.002317431,1.192906636,1199.41435,0.06691931,0.036890972,800.0,25.0,89.87986451066021,59.10680813765284,0.0214,0.011827787,1.972016693,1.276365947,0.08553745895745496,9.776255511956215,0.8906640625,2.733398437500001,4.498473939868954,4.079346114691997,0.8404592445518516,D800|78|2,1046,textured,78
D800,0.002321134,1.205325748,1199.41435,0.06691931,0.036890972,800.0,25.0,90.96069909689479,60.44033562964879,0.0144,0.04694681,1.984965003,1.276365947,0.08546920101962453,9.949135633818727,0.8906640625,2.733398437500001,4.5104275351745615,4.101656690493832,0.8420558593612308,D800|78|2,1047,textured,78
S50,0.002290395,1.206936855,1199.55115,0.06693579,0.037208576,50.0,6.0,89.11907248650488,59.7915570435585,0.0108,0.079562827,1.973547647,1.369758577,0.08676593949610627,9.923196695964942,0.16000000000000003,5.04,4.489973368657411,4.090864464426258,0.8287242917745864,S50|78|2,1048,textured,78
S50,0.002317772,1.215063445,1199.55115,0.06693579,0.037208576,50.0,6.0,90.79154138861733,61.323791837475795,0.011,0.076654423,1.977099328,1.276365947,0.086251987464539,10.102080968095743,0.16000000000000003,5.04,4.508566124754886,4.116167888971698,0.8406063794240958,S50|78|2,1049,textured,78
S50,0.002317687,1.211944917,1199.55115,0.06693579,0.037208576,50.0,6.0,90.55519877517537,61.00717652877271,0.011,0.078874172,1.971799243,1.276365947,0.086253569074074,10.060407460363983,0.16000000000000003,5.04,4.505959595990843,4.110991505265994,0.8405697056017152,S50|78|2,1050,textured,78
S50,0.00231824,1.214112832,1199.55115,0.06693579,0.037208576,50.0,6.0,90.7388281283122,61.24023822967493,0.0104,0.081525079,1.965956881,1.24523507,0.08624328086652064,10.09066074206146,0.16000000000000003,5.04,4.507985359542683,4.114804460881115,0.8408082770902751,S50|78|2,1051,textured,78
S50,0.002317474,1.21045537,1199.55115,0.06693579,0.037208576,50.0,6.0,90.4355894796799,60.851713423727645,0.0104,0.082219308,1.966607202,1.24523507,0.0862575327837181,10.040077422608507,0.16000000000000003,5.04,4.504637878857488,4.1084399771920355,0.8404777994089635,S50|78|2,1052,textured,78
S100,0.002319773,1.214512971,1199.55115,0.06693579,0.037208576,100.0,6.0,90.82875653330656,61.32113464951952,0.0118,0.069528471,1.953922335,1.369758577,0.08621477962968048,10.099987463661625,0.48999999999999994,3.06,4.508975937376446,4.116124557575401,0.8414693360635148,S100|78|2,1053,textured,78
S100,0.002316622,1.213065786,1199.55115,0.06693579,0.037208576,100.0,6.0,90.59729939145502,61.09198858540712,0.0114,0.074410915,1.967330539,1.307496823,0.08627339308852029,10.072520527340851,0.48999999999999994,3.06,4.5064244045633295,4.112380737865504,0.8401100901471787,S100|78|2,1054,textured,78
S100,0.002320028,1.210341586,1199.55115,0.06693579,0.037208576,100.0,6.0,90.52674470169258,60.90732347204083,0.0104,0.079910501,1.959074643,1.400889454,0.08621004145993882,10.04520383350097,0.48999999999999994,3.06,4.505645328613648,4.109353421542411,0.8415792545709065,S100|78|2,1055,textured,78
S100,0.002323854,1.211912319,1199.55115,0.06693579,0.037208576,100.0,6.0,90.79370972599769,61.166216474745596,0.0106,0.078722779,1.966565981,1.43202033,0.08613904399350421,10.076026775980898,0.48999999999999994,3.06,4.5085900070621445,4.113595018713527,0.843227014296786,S100|78|2,1056,textured,78
S100,0.002318453,1.205284354,1199.55115,0.06693579,0.037208576,100.0,6.0,90.08729297806926,60.35839906559132,0.0112,0.075264323,1.955034403,1.369758577,0.08623931912117577,9.974067368883116,0.48999999999999994,3.06,4.50077912223842,4.100300110446369,0.8409001529164942,S100|78|2,1057,textured,78
S200,0.002314277,1.217944359,1199.55115,0.06693579,0.037208576,200.0,6.0,90.86957761990276,61.52202385538367,0.013,0.056662564,1.969323837,1.400889454,0.08631709137604658,10.131254148413413,0.7224999999999999,1.6650000000000005,4.509425265516666,4.119395222175518,0.8390973277438372,S200|78|2,1058,textured,78
S200,0.002312314,1.218005099,1199.55115,0.06693579,0.037208576,200.0,6.0,90.7970287615834,61.475971337890826,0.0116,0.070798968,1.981766088,1.369758577,0.0863537223233841,10.126905204529375,0.7224999999999999,1.6650000000000005,4.508626562181791,4.118646388512457,0.8382487547371493,S200|78|2,1059,textured,78
S200,0.00231824,1.205718265,1199.55115,0.06693579,0.037208576,200.0,6.0,90.1114456049187,60.396316583881166,0.0148,0.046163889,1.971328348,1.3386277,0.08624328086652064,9.979263039463309,0.7224999999999999,1.6650000000000005,4.501047188787432,4.100928119370611,0.8408082770902751,S200|78|2,1060,textured,78
S200,0.002324491,1.209244377,1199.55115,0.06693579,0.037208576,200.0,6.0,90.61866659239631,60.91389918150497,0.0116,0.071624131,1.955312941,1.214104193,0.08612724047808919,10.042210790841908,0.7224999999999999,1.6650000000000005,4.506660224855701,4.109461378256805,0.8435010903406198,S200|78|2,1061,textured,78
S200,0.002322665,1.205487355,1199.55115,0.06693579,0.037208576,200.0,6.0,90.26615773569888,60.488424376602694,0.0122,0.068670109,1.967573296,1.369758577,0.08616108897615192,9.987626415698028,0.7224999999999999,1.6650000000000005,4.502762614271017,4.102452014112238,0.8427152333158183,S200|78|2,1062,textured,78
S400,0.002324449,1.199586713,1199.55115,0.06693579,0.037208576,400.0,6.0,89.89331381585981,59.94372032577342,0.0118,0.071347795,1.960705784,1.24523507,0.08612801858243992,9.914087261481471,0.8556250000000001,0.8662499999999995,4.49862356513953,4.093406127459464,0.8434830217056186,S400|78|2,1063,textured,78
S400,0.002321432,1.200400851,1199.55115,0.06693579,0.037208576,400.0,6.0,89.83756730238471,59.947204277305346,0.012,0.071324795,1.957890055,1.369758577,0.08618396763895236,9.917123935125353,0.8556250000000001,0.8662499999999995,4.498003231951199,4.093464246146002,0.8421842366424195,S400|78|2,1064,textured,78
S400,0.002331573,1.197467596,1199.55115,0.06693579,0.037208576,400.0,6.0,90.00953319549096,59.91518926520813,0.0118,0.070961745,1.949374428,1.463151207,0.08599633807979934,9.904248578034352,0.8556250000000001,0.8662499999999995,4.499915589115017,4.092930050024727,0.8465431470913286,S400|78|2,1065,textured,78
S400,0.002323727,1.192027706,1199.55115,0.06693579,0.037208576,400.0,6.0,89.29911930843558,59.17226337388642,0.0116,0.074097224,1.961315049,1.182973316,0.08614139786491819,9.812491901094283,0.8556250000000001,0.8662499999999995,4.491991625666247,4.080452908008498,0.84317236221002,S400|78|2,1066,textured,78
S400,0.002329624,1.198986319,1199.55115,0.06693579,0.037208576,400.0,6.0,90.0483545292161,60.017052784537555,0.012,0.070183769,1.956350003,1.182973316,0.08603230350210372,9.919375993901573,0.8556250000000001,0.8662499999999995,4.500346798597891,4.094628734916841,0.8457068811649648,S400|78|2,1067,textured,78
S600,0.002321474,1.191663797,1199.41435,0.06691931,0.036890972,600.0,6.0,89.94286390546529,59.0866137590404,0.013,0.064748369,1.952490208,1.15184244,0.08546294193758665,9.770176661453903,0.9025,0.5850000000000002,4.499174623235706,4.079004397217625,0.8422023287597274,S600|78|2,1068,textured,78
S600,0.002330006,1.191385559,1199.41435,0.06691931,0.036890972,600.0,6.0,90.25234884876416,59.276081818436666,0.0168,0.034290822,1.945341136,1.089580686,0.08530632462354677,9.788047842715498,0.9025,0.5850000000000002,4.502609622899406,4.082205882623165,0.8458708426815897,S600|78|2,1069,textured,78
S600,0.002336436,1.191366332,1199.41435,0.06691931,0.036890972,600.0,6.0,90.49995315857971,59.43774452973695,0.014,0.054668382,1.945316352,1.400889454,0.08518885990879038,9.80399270041352,0.9025,0.5850000000000002,4.505349333120992,4.084929454362121,0.8486266913858034,S600|78|2,1070,textured,78
S600,0.002341079,1.194133934,1199.41435,0.06691931,0.036890972,600.0,6.0,90.89044957874842,59.8328838126275,0.0162,0.040528527,1.946777397,1.182973316,0.08510434157702017,9.852186735429559,0.9025,0.5850000000000002,4.509654930523423,4.091555406351125,0.8506119342016624,S600|78|2,1071,textured,78
S600,0.002341037,1.193541543,1199.41435,0.06691931,0.036890972,600.0,6.0,90.84373045483034,59.772461874775026,0.015,0.046756966,1.941493302,1.182973316,0.0851051049921893,9.844261908557693,0.9025,0.5850000000000002,4.50914078260762,4.09054505112586,0.8505939935953206,S600|78|2,1072,textured,78
S800,0.002344661,1.18392264,1199.41435,0.06691931,0.036890972,800.0,6.0,90.25110493187445,58.90396060456446,0.0128,0.063762761,1.938492808,1.276365947,0.08503930866394759,9.726654418583216,0.9264062500000001,0.4415624999999994,4.502595840150504,4.0759083312587165,0.8521408285482327,S800|78|2,1073,textured,78
S800,0.002347774,1.180172442,1199.41435,0.06691931,0.036890972,800.0,6.0,90.08467176128705,58.609094753541605,0.0252,0.011242459,1.920010403,1.24523507,0.08498291158760254,9.685112134468708,0.9264062500000001,0.4415624999999994,4.500750025405445,4.070889885112987,0.8534676452038445,S800|78|2,1074,textured,78
S800,0.00235294,1.181923748,1199.41435,0.06691931,0.036890972,800.0,6.0,90.41686692973407,58.91251410064055,0.0186,0.030024509,1.936963931,1.182973316,0.08488956816197,9.72092908876858,0.9264062500000001,0.4415624999999994,4.504430831075175,4.076053531598695,0.8556656100575951,S800|78|2,1075,textured,78
S800,0.00235642,1.180271079,1199.41435,0.06691931,0.036890972,800.0,6.0,90.42397779525368,58.83476419503288,0.0122,0.070509227,1.934103721,1.276365947,0.0848268618433784,9.707794491681216,0.9264062500000001,0.4415624999999994,4.504509473325869,4.074732908004961,0.857143518152717,S800|78|2,1076,textured,78
S800,0.002354911,1.181226687,1199.41435,0.06691931,0.036890972,800.0,6.0,90.43923725788429,58.89233651378733,0.0118,0.076564773,1.956494024,1.276365947,0.08485403553173801,9.716638123654164,0.9264062500000001,0.4415624999999994,4.504678213693138,4.075710972070029,0.8565029348221885,S800|78|2,1077,textured,78
D50,0.002242678,1.522739742,1198.87915,0.06685259,0.035647434,50.0,25.0,114.85231120587271,93.2557153531224,0.0104,0.060834632,2.173824888,1.643670886,0.08408102354890273,13.98361834455764,0.010000000000000002,24.75,4.743647052623292,4.535345347295836,0.8076706874974973,D50|78|3,1078,textured,78
D50,0.002244294,1.521627884,1198.87915,0.06685259,0.035647434,50.0,25.0,114.85114792973499,93.18667903479898,0.0104,0.061981646,2.183314693,1.58164557,0.08405074690021222,13.973323016440329,0.010000000000000002,24.75,4.743636924119855,4.53460478266508,0.8083909951213785,D50|78|3,1079,textured,78
D50,0.002229535,1.505048823,1198.87915,0.06685259,0.035647434,50.0,25.0,112.85271626475821,90.56755454724853,0.0104,0.063852357,2.208895721,1.612658228,0.08432848615468029,13.676275307297836,0.010000000000000002,24.75,4.726083572666016,4.5060960313294816,0.8017930435492998,D50|78|3,1080,textured,78
D50,0.002247347,1.509649803,1198.87915,0.06685259,0.035647434,50.0,25.0,114.10205939074703,91.85012123164985,0.0104,0.063459469,2.207947518,1.519620253,0.08399363641859442,13.80900353182952,0.010000000000000002,24.75,4.737093305703808,4.5201581315475785,0.8097504094067872,D50|78|3,1081,textured,78
D50,0.002240056,1.519497958,1198.87915,0.06685259,0.035647434,50.0,25.0,114.4738080275398,92.75050590217786,0.0104,0.061721104,2.204059039,1.643670886,0.08413021784781331,13.926238708071061,0.010000000000000002,24.75,4.740346045975647,4.529913155943589,0.8065008655544535,D50|78|3,1082,textured,78
D100,0.002310031,1.459259631,1198.87915,0.06685259,0.035647434,100.0,25.0,113.36983383187464,88.214527983637,0.0118,0.053740162,2.110443847,1.488607595,0.08284619128285808,13.296615507065388,0.30250000000000005,17.4375,4.730655340313294,4.47977166581626,0.8372609443570759,D100|78|3,1083,textured,78
D100,0.002292363,1.453350781,1198.87915,0.06685259,0.035647434,100.0,25.0,112.04719069914061,86.8323304063077,0.0108,0.058434141,2.110474752,1.519620253,0.08316483998031869,13.149858146174951,0.30250000000000005,17.4375,4.7189201280820345,4.463979022435282,0.8295831632755367,D100|78|3,1084,textured,78
D100,0.002279549,1.439108552,1198.87915,0.06685259,0.035647434,100.0,25.0,110.3289842294705,84.66291355766731,0.0118,0.054118783,2.116896351,1.364556962,0.08339825914321601,12.900821378337643,0.30250000000000005,17.4375,4.703466668072265,4.438677649308862,0.8239776163824173,D100|78|3,1085,textured,78
D100,0.002278045,1.435146147,1198.87915,0.06685259,0.035647434,100.0,25.0,109.95261481086642,84.14178626536594,0.0112,0.060801992,2.13463104,1.39556962,0.08342578500107257,12.83894985860116,0.30250000000000005,17.4375,4.700049498535781,4.432503307618107,0.8233176190002041,D100|78|3,1086,textured,78
D100,0.00229014,1.46161165,1198.87915,0.06685259,0.035647434,100.0,25.0,112.57479427595167,87.73708359123926,0.0114,0.055971503,2.11252368,1.519620253,0.08320519353887301,13.261929944003159,0.30250000000000005,17.4375,4.723617838746051,4.474344655970215,0.8286129510686367,D100|78|3,1087,textured,78
D200,0.00231968,1.436530629,1198.87915,0.06685259,0.035647434,200.0,25.0,112.07018840663214,85.84500466266707,0.011,0.060219212,2.117708297,1.58164557,0.08267370716511845,12.999270700919078,0.6006250000000001,9.984374999999998,4.719125357213876,4.452543398844126,0.8414292451303759,D200|78|3,1088,textured,78
D200,0.002322929,1.433562217,1198.87915,0.06685259,0.035647434,200.0,25.0,111.995253156727,85.61033534637353,0.011,0.060059486,2.109405472,1.519620253,0.08261587051511894,12.967204260037407,0.6006250000000001,9.984374999999998,4.718456487867707,4.449806015886934,0.842828889395228,D200|78|3,1089,textured,78
D200,0.002320946,1.428193699,1198.87915,0.06685259,0.035647434,200.0,25.0,111.48059616996416,84.89779906314389,0.0108,0.062488263,2.100518085,1.519620253,0.08265115619021743,12.882991447605603,0.6006250000000001,9.984374999999998,4.713850550374512,4.44144816910782,0.8419748611879538,D200|78|3,1090,textured,78
D200,0.002319975,1.433627748,1198.87915,0.06685259,0.035647434,200.0,25.0,111.85794512775533,85.50928428411572,0.0108,0.061585896,2.117438459,1.550632911,0.08266845074663116,12.958255436607713,0.6006250000000001,9.984374999999998,4.717229719188553,4.448624958165764,0.8415564097580898,D200|78|3,1091,textured,78
D200,0.002307527,1.453889211,1198.87915,0.06685259,0.035647434,200.0,25.0,112.83016904867823,87.47150297773337,0.0106,0.06191414,2.134237176,1.39556962,0.08289112913538067,13.209807634287197,0.6006250000000001,9.984374999999998,4.725883759409254,4.471313060063761,0.8361763883014957,D200|78|3,1092,textured,78
D400,0.002322508,1.444592198,1198.87915,0.06685259,0.035647434,400.0,25.0,112.83650278801895,86.91703815390171,0.0112,0.057954451,2.109788548,1.488607595,0.08262335804700964,13.125778513976403,0.78765625,5.308593750000002,4.725939892991504,4.4649540792657865,0.8426476362639714,D400|78|3,1093,textured,78
D400,0.002322929,1.439250928,1198.87915,0.06685259,0.035647434,400.0,25.0,112.43967658043702,86.29112720935588,0.0114,0.059118724,2.13076654,1.457594937,0.08261587051511894,13.049633271940511,0.78765625,5.308593750000002,4.722416869659568,4.457726779470657,0.842828889395228,D400|78|3,1094,textured,78
D400,0.002299233,1.461764942,1198.87915,0.06685259,0.035647434,400.0,25.0,113.03362603585668,88.10392119931232,0.0124,0.048390127,2.158121598,1.767721519,0.08304050071684364,13.295729593357779,0.78765625,5.308593750000002,4.7276853499840765,4.478517040456907,0.8325755890579943,D400|78|3,1095,textured,78
D400,0.00230315,1.471136794,1198.87915,0.06685259,0.035647434,400.0,25.0,113.95212148952896,89.38929433811646,0.0116,0.054500646,2.149065463,1.674683544,0.08296985658669298,13.446106378887453,0.78765625,5.308593750000002,4.735778373241325,4.493000924875924,0.8342777511534762,D400|78|3,1096,textured,78
D400,0.002297102,1.473624028,1198.87915,0.06685259,0.035647434,400.0,25.0,113.84503839993161,89.45628085785383,0.0116,0.052583482,2.143923119,1.612658228,0.08307900973498487,13.461243964978534,0.78765625,5.308593750000002,4.734838211410186,4.49375002389944,0.8316483284676813,D400|78|3,1097,textured,78
D600,0.002335421,1.423157664,1198.74835,0.06683571,0.035343155,600.0,25.0,112.7303626219008,84.83804835747857,0.0126,0.051273364,2.124680917,1.612658228,0.08170609048411726,12.816643597130508,0.8556250000000001,3.6093749999999982,4.7249987957806265,4.440744125630364,0.8481921746546749,D600|78|3,1098,textured,78
D600,0.002328279,1.414707526,1198.74835,0.06683571,0.035343155,600.0,25.0,111.71831891090609,83.5771976846006,0.0194,0.020550527,2.099230499,1.488607595,0.0818313113182683,12.671792376008536,0.8556250000000001,3.6093749999999982,4.715980693621355,4.425770727917362,0.8451293680491345,D600|78|3,1099,textured,78
D600,0.002334708,1.427045735,1198.74835,0.06683571,0.035343155,600.0,25.0,113.00383189939363,85.27619455371914,0.0152,0.035099645,2.120016659,1.705696203,0.08171856570488116,12.870355517428791,0.8556250000000001,3.6093749999999982,4.727421728751492,4.445895336458944,0.847886829767825,D600|78|3,1100,textured,78
D600,0.002303618,1.425666061,1198.74835,0.06683571,0.035343155,600.0,25.0,111.3912253650474,83.97800280567552,0.0356,0.009016745,2.116318793,1.612658228,0.08226816103307139,12.747503776481993,0.8556250000000001,3.6093749999999982,4.713048557470327,4.430554893188016,0.8344809304764245,D600|78|3,1101,textured,78
D600,0.002309225,1.434593839,1198.74835,0.06683571,0.035343155,600.0,25.0,112.36160108995556,85.2400370490117,0.0144,0.036980286,2.121924309,1.705696203,0.08216822319138616,12.894261161255583,0.8556250000000001,3.6093749999999982,4.721722251778123,4.445471241873819,0.8369119704062145,D600|78|3,1102,textured,78
D800,0.002369073,1.384866624,1198.74835,0.06683571,0.035343155,800.0,25.0,111.27794553036799,81.4917786658793,0.0282,0.009063329,2.078791987,1.488607595,0.08112370919988816,12.375141042716741,0.8906640625,2.733398437500001,4.712031085280561,4.40050213989328,0.8624987393916282,D800|78|3,1103,textured,78
D800,0.00234576,1.403740334,1198.74835,0.06683571,0.035343155,800.0,25.0,111.68454062662703,82.90421098729665,0.0188,0.024255505,2.120605244,1.519620253,0.08152583074926051,12.571276120531849,0.8906640625,2.733398437500001,4.7156782956609495,4.417685856837868,0.8526094432078175,D800|78|3,1104,textured,78
D800,0.00231486,1.418487978,1198.74835,0.06683571,0.035343155,800.0,25.0,111.37125074462004,83.54019906436216,0.0324,0.008932908,2.132835138,1.333544304,0.08206815233199842,12.681956727829785,0.8906640625,2.733398437500001,4.712869221876382,4.425327941929036,0.8393492105475142,D800|78|3,1105,textured,78
D800,0.002346428,1.419806154,1198.74835,0.06683571,0.035343155,800.0,25.0,112.99493944749098,84.83690130623198,0.0204,0.007008071,2.088280708,1.643670886,0.08151422520852648,12.804457998646868,0.8906640625,2.733398437500001,4.727343034059,4.440730605057659,0.8528941717841289,D800|78|3,1106,textured,78
D800,0.002346845,1.407836736,1198.74835,0.06683571,0.035343155,800.0,25.0,112.06226795042872,83.4273503196552,0.0184,0.006421594,2.082623381,1.488607595,0.08150698294455268,12.633529169293267,0.8906640625,2.733398437500001,4.719054680647569,4.423976197086323,0.8530718729326012,D800|78|3,1107,textured,78
S50,0.002281869,1.416439354,1198.87915,0.06685259,0.035647434,50.0,6.0,108.70157248566368,82.10013051485318,0.011,0.064769081,2.13105359,1.426582278,0.08335585242190141,12.584892693837455,0.16000000000000003,5.04,4.688606260311982,4.407939606163004,0.8249948440077093,S50|78|3,1108,textured,78
S50,0.00228174,1.415746629,1198.87915,0.06685259,0.035647434,50.0,6.0,108.64226862712337,82.01520944075467,0.0124,0.055035894,2.125737217,1.426582278,0.08335820868356703,12.574619949033242,0.16000000000000003,5.04,4.688060545653509,4.406904711049595,0.8249383098041723,S50|78|3,1109,textured,78
S50,0.002291209,1.418454064,1198.87915,0.06685259,0.035647434,50.0,6.0,109.30175021478168,82.67085484774171,0.0126,0.053440939,2.127780473,1.364556962,0.08318578092109179,12.644497704713345,0.16000000000000003,5.04,4.694112407998309,4.414867119694268,0.8290796258491003,S50|78|3,1110,textured,78
S50,0.00229326,1.443603968,1198.87915,0.06685259,0.035647434,50.0,6.0,111.33930264005907,85.70508702177676,0.0124,0.05247706,2.115058345,1.643670886,0.08314857358277651,13.012094284668475,0.16000000000000003,5.04,4.712582319398753,4.450912182322565,0.8299743860216896,S50|78|3,1111,textured,78
S50,0.002299148,1.446292038,1198.87915,0.06685259,0.035647434,50.0,6.0,111.83302117248174,86.24542947328304,0.0108,0.061856897,2.120433061,1.705696203,0.08304203571531353,13.070977472355105,0.16000000000000003,5.04,4.717006876435544,4.457197062893254,0.8325386195245826,S50|78|3,1112,textured,78
S100,0.002327143,1.421657942,1198.87915,0.06685259,0.035647434,100.0,6.0,111.26672882303461,84.34716149972118,0.0124,0.053538341,2.10025556,1.550632911,0.08254103604512207,12.809268936069314,0.48999999999999994,3.06,4.7119302811847055,4.434941156970167,0.8446413349459928,S100|78|3,1113,textured,78
S100,0.002323815,1.424065861,1198.87915,0.06685259,0.035647434,100.0,6.0,111.29579593802059,84.51209568355212,0.0116,0.058415768,2.092586996,1.364556962,0.08260011955395866,12.832975565367459,0.48999999999999994,3.06,4.712191485223277,4.436894668303026,0.8432102316902788,S100|78|3,1114,textured,78
S100,0.002324321,1.424099867,1198.87915,0.06685259,0.035647434,100.0,6.0,111.32268835251156,84.53453494519493,0.0112,0.061942806,2.097468661,1.457594937,0.08259112812475207,12.835142465020969,0.48999999999999994,3.06,4.712433086137123,4.437160148445294,0.8434279533757023,S100|78|3,1115,textured,78
S100,0.002333659,1.424526567,1198.87915,0.06685259,0.035647434,100.0,6.0,111.80341857211798,84.92502285050271,0.0112,0.061539301,2.083759863,1.612658228,0.0824257207075212,12.87222549746484,0.48999999999999994,3.06,4.716742137821654,4.441768783113467,0.8474374220765893,S100|78|3,1116,textured,78
S100,0.002325922,1.423739803,1198.87915,0.06685259,0.035647434,100.0,6.0,111.37120199587959,84.54999179498894,0.012,0.056460296,2.090691433,1.333544304,0.08256269828958812,12.835252214248102,0.48999999999999994,3.06,4.712868784162422,4.437342978301284,0.8441165195703102,S100|78|3,1117,textured,78
S200,0.002327017,1.422278045,1198.87915,0.06685259,0.035647434,200.0,6.0,111.30923446278159,84.41618829257861,0.0132,0.046138973,2.095038662,1.58164557,0.08254327067206337,12.817793182716624,0.7224999999999999,1.6650000000000005,4.712312223957287,4.435759187624235,0.8445871898370876,S200|78|3,1118,textured,78
S200,0.002343921,1.415192606,1198.87915,0.06685259,0.035647434,200.0,6.0,111.55926765260568,84.18432649123005,0.0154,0.038134646,2.095806206,1.39556962,0.08224508736017742,12.771119830459392,0.7224999999999999,1.6650000000000005,4.714555998132199,4.4330087577360135,0.8518251680751325,S200|78|3,1119,textured,78
S200,0.00235975,1.415001945,1198.87915,0.06685259,0.035647434,200.0,6.0,112.2975199988534,84.73000624336504,0.0128,0.051310857,2.102775437,1.550632911,0.08196877672812077,12.820033861368017,0.7224999999999999,1.6650000000000005,4.721151777785975,4.439469803895783,0.8585556812229167,S200|78|3,1120,textured,78
S200,0.002361576,1.414865357,1198.87915,0.06685259,0.035647434,200.0,6.0,112.37356873297355,84.779201649348,0.014,0.045306768,2.069632317,1.488607595,0.08193708096009596,12.824004249430642,0.7224999999999999,1.6650000000000005,4.721828756185411,4.44005024914682,0.8593291927707508,S200|78|3,1121,textured,78
S200,0.002360166,1.415209993,1198.87915,0.06685259,0.035647434,200.0,6.0,112.33383094913182,84.76986524605948,0.0152,0.040609796,2.102405588,1.426582278,0.08196155255113194,12.824406181939485,0.7224999999999999,1.6650000000000005,4.72147507148867,4.439940116977191,0.8587319555468993,S200|78|3,1122,textured,78
S400,0.002340659,1.421237332,1198.87915,0.06685259,0.035647434,400.0,6.0,111.8798533244898,84.78685597973026,0.0124,0.054094102,2.104027112,1.58164557,0.08230237679627869,12.847770670520203,0.8556250000000001,0.8662499999999995,4.7174255573254795,4.440140530545049,0.8504325136526584,S400|78|3,1123,textured,78
S400,0.002343294,1.418868564,1198.87915,0.06685259,0.035647434,400.0,6.0,111.81912279951395,84.59959499987494,0.0136,0.047519775,2.117542431,1.426582278,0.08225608986791212,12.822179476880253,0.8556250000000001,0.8662499999999995,4.71688259081289,4.437929479365198,0.8515576318073319,S400|78|3,1124,textured,78
S400,0.002341705,1.420791783,1198.87915,0.06685259,0.035647434,400.0,6.0,111.89476118783764,84.77157004199992,0.0122,0.054368357,2.103087168,1.674683544,0.08228399320359264,12.844769796034166,0.8556250000000001,0.8662499999999995,4.717558797312529,4.439960227647335,0.8508792965244725,S400|78|3,1125,textured,78
S400,0.002338607,1.415655295,1198.87915,0.06685259,0.035647434,400.0,6.0,111.34273799786914,84.04840006297017,0.0126,0.051821666,2.089959666,1.457594937,0.08233847680083323,12.760411857438177,0.8556250000000001,0.8662499999999995,4.712613173775698,4.431392824134721,0.8495554529634224,S400|78|3,1126,textured,78
S400,0.002342709,1.419261279,1198.87915,0.06685259,0.035647434,400.0,6.0,111.82214892961898,84.6253006383135,0.0134,0.048750136,2.102186006,1.519620253,0.08226635934844455,12.825936663130966,0.8556250000000001,0.8662499999999995,4.71690965317112,4.438233283820675,0.8513079520683138,S400|78|3,1127,textured,78
S600,0.002347764,1.418164586,1198.74835,0.06683571,0.035343155,600.0,6.0,112.9285578749402,84.6890317531206,0.0122,0.053363447,2.087092666,1.643670886,0.08149102898817408,12.785144909324307,0.9025,0.5850000000000002,4.726755387574701,4.438986098032169,0.8534633858410199,S600|78|3,1128,textured,78
S600,0.002347471,1.417978253,1198.74835,0.06683571,0.035343155,600.0,6.0,112.8996285767271,84.65621220916292,0.018,0.031364343,2.08206794,1.550632911,0.08149611448795045,12.781500094647086,0.9025,0.5850000000000002,4.72649918130722,4.438598492881877,0.8533385784563496,S600|78|3,1129,textured,78
S600,0.002348222,1.424819666,1198.74835,0.06683571,0.035343155,600.0,6.0,113.48063581803022,85.50242074439484,0.0136,0.040280375,2.097250237,1.612658228,0.08148308154723169,12.882783443732723,0.9025,0.5850000000000002,4.731632212833222,4.448544688341855,0.8536584460483766,S600|78|3,1130,textured,78
S600,0.002348306,1.420128166,1198.74835,0.06683571,0.035343155,600.0,6.0,113.11102445835294,84.94331901565347,0.0126,0.05289911,2.113023395,1.519620253,0.08148162419029872,12.815254990991244,0.9025,0.5850000000000002,4.728369853688667,4.441984198946936,0.8536942171541845,S600|78|3,1131,textured,78
S600,0.0023453,1.411755797,1198.74835,0.06683571,0.035343155,600.0,6.0,112.30024153535821,83.83724906685183,0.0134,0.047864345,2.105152683,1.612658228,0.08153382547135338,12.684832689275156,0.9025,0.5850000000000002,4.721176012546699,4.4288774083317906,0.8524133254853945,S600|78|3,1132,textured,78
S800,0.002359252,1.404781734,1198.74835,0.06683571,0.035343155,800.0,6.0,112.4102440054628,83.50480986475092,0.0326,0.009411207,2.055897074,1.39556962,0.08129238311326975,12.629586603474218,0.9264062500000001,0.4415624999999994,4.722155072145336,4.424904233368481,0.858344619645978,S800|78|3,1133,textured,78
S800,0.002377988,1.405985358,1198.74835,0.06683571,0.035343155,800.0,6.0,113.40002850271459,84.31225617180075,0.0314,0.009350385,2.081431625,1.426582278,0.08097150133105653,12.70707067941996,0.9264062500000001,0.4415624999999994,4.730921642640309,4.434527242005907,0.8662547519984987,S800|78|3,1134,textured,78
S800,0.002372916,1.403046626,1198.74835,0.06683571,0.035343155,800.0,6.0,112.9216396215554,83.78109430613097,0.032,0.008573887,2.075425638,1.612658228,0.08105799158872672,12.648387386289848,0.9264062500000001,0.4415624999999994,4.726694123484932,4.428207377096643,0.8641195785970059,S800|78|3,1135,textured,78
S800,0.002375062,1.405860595,1198.74835,0.06683571,0.035343155,800.0,6.0,113.25044481237285,84.1935698227913,0.0204,0.008587932,2.073550491,1.426582278,0.0810213631215169,12.69588434484529,0.9264062500000001,0.4415624999999994,4.729601692058502,4.433118550431764,0.8650235424090259,S800|78|3,1136,textured,78
S800,0.002383379,1.407920197,1198.74835,0.06683571,0.035343155,800.0,6.0,113.8135198005251,84.73613343925659,0.0208,0.007342177,2.050699731,1.519620253,0.08087987417387786,12.752375761942844,0.9264062500000001,0.4415624999999994,4.734561317803752,4.439542115637889,0.8685192286934009,S800|78|3,1137,textured,78
D50,0.002195071,1.595098235,1199.7586,0.06696036,0.037690117,50.0,25.0,111.45572794410587,100.06899378808494,0.0104,0.057082518,2.296855612,1.602515723,0.08975266932542236,15.18653081887587,0.010000000000000002,24.75,4.7136274532542,4.605859885971218,0.7862143922454642,D50|78|3,1138,textured,78
D50,0.00221311,1.650179187,1199.7586,0.06696036,0.037690117,50.0,25.0,116.25201569621206,107.97949768709177,0.0102,0.054796668,2.28927411,1.818238994,0.08938613509944693,16.11317434078693,0.010000000000000002,24.75,4.755760383639395,4.6819413728724095,0.7943987661146628,D50|78|3,1139,textured,78
D50,0.00223096,1.699502327,1199.7586,0.06696036,0.037690117,50.0,25.0,120.69240274291431,115.4546429647458,0.0102,0.050961792,2.265432391,1.694968553,0.08902782593137157,16.972250351812217,0.010000000000000002,24.75,4.7932451828160465,4.748877751230448,0.8024319861099258,D50|78|3,1140,textured,78
D50,0.002194189,1.598233188,1199.7586,0.06696036,0.037690117,50.0,25.0,111.62990735566447,100.42235800333457,0.0104,0.059096662,2.309014532,1.664150943,0.08977070649103439,15.230641263420761,0.010000000000000002,24.75,4.715189001103019,4.609384871742293,0.7858125021720253,D50|78|3,1141,textured,78
D50,0.002191454,1.594224104,1199.7586,0.06696036,0.037690117,50.0,25.0,111.21109483111572,99.79463478892305,0.0104,0.059274097,2.323146548,1.479245283,0.08982670728435407,15.158210950082465,0.010000000000000002,24.75,4.711430150500534,4.603114422242288,0.7845652504670616,D50|78|3,1142,textured,78
D100,0.002303579,1.640701494,1199.7586,0.06696036,0.037690117,100.0,25.0,120.30926410801743,111.10621415338207,0.0114,0.044625435,2.172610234,1.787421384,0.08761331329207538,16.353801479302398,0.30250000000000005,17.4375,4.790065628394838,4.71048662805513,0.8344640004428268,D100|78|4,1143,textured,78
D100,0.002298156,1.634889936,1199.7586,0.06696036,0.037690117,100.0,25.0,119.60089015051011,110.06079312541888,0.0116,0.044235726,2.167009878,1.664150943,0.08771662373679108,16.238236910547023,0.30250000000000005,17.4375,4.784160284218852,4.701032877906019,0.8321070622399671,D100|78|4,1144,textured,78
D100,0.002304461,1.636371632,1199.7586,0.06696036,0.037690117,100.0,25.0,120.03770698027236,110.56287886323328,0.0116,0.042922844,2.155731334,1.602515723,0.08759654530647855,16.28854388055868,0.30250000000000005,17.4375,4.787805918259365,4.7055843986025065,0.8348468096245052,D100|78|4,1145,textured,78
D100,0.002299712,1.63658081,1199.7586,0.06696036,0.037690117,100.0,25.0,119.80564784808365,110.36324261689744,0.0112,0.046341242,2.160182521,1.787421384,0.08768694389832521,16.271722733489558,0.30250000000000005,17.4375,4.785870828544094,4.703777131093021,0.8327838977034476,D100|78|4,1146,textured,78
D100,0.002298913,1.624897689,1199.7586,0.06696036,0.037690117,100.0,25.0,118.90905925751463,108.75535990695977,0.0112,0.046811575,2.171657899,1.479245283,0.08770218061707763,16.08291225987061,0.30250000000000005,17.4375,4.7783589930357575,4.689100955255033,0.8324364025247627,D100|78|4,1147,textured,78
D200,0.002303411,1.634608721,1199.41435,0.06691931,0.036890972,200.0,25.0,122.41493054785946,110.31049818454385,0.011,0.04867944,2.194175268,1.602515723,0.08579738128204764,16.124382421366594,0.6006250000000001,9.984374999999998,4.807416344239234,4.703299100193954,0.8343910677904552,D200|78|4,1148,textured,78
D200,0.002285916,1.596642543,1199.41435,0.06691931,0.036890972,200.0,25.0,118.6634871655082,104.44639327472034,0.0112,0.050473197,2.227146471,1.510062893,0.08612507576901468,15.458473466808421,0.6006250000000001,9.984374999999998,4.776291648275879,4.648673956767033,0.8267668192906656,D200|78|4,1149,textured,78
D200,0.002287946,1.599493095,1199.41435,0.06691931,0.036890972,200.0,25.0,118.98090884619809,104.91275588309169,0.011,0.05056038,2.219782185,1.510062893,0.08608685967874187,15.510913737779155,0.6006250000000001,9.984374999999998,4.778963050377401,4.653129108420309,0.8276544718404326,D200|78|4,1150,textured,78
D200,0.002298113,1.629829316,1199.41435,0.06691931,0.036890972,200.0,25.0,121.77626428159292,109.41413119230525,0.0108,0.050037267,2.209961444,1.664150943,0.08589622168905181,16.02685682956849,0.6006250000000001,9.984374999999998,4.802185461749925,4.695140051594107,0.8320883514116838,D200|78|4,1151,textured,78
D200,0.002290017,1.597346162,1199.41435,0.06691931,0.036890972,200.0,25.0,118.92876015028179,104.72601487896885,0.0108,0.052613804,2.223157782,1.417610063,0.08604792411335258,15.486020191552225,0.6006250000000001,9.984374999999998,4.778524659647243,4.651347557681047,0.8285592411193797,D200|78|4,1152,textured,78
D400,0.002327268,1.609618294,1199.41435,0.06691931,0.036890972,400.0,25.0,121.7919095438558,108.07120225112192,0.0114,0.049158894,2.208759938,1.787421384,0.08535649075387094,15.829332692805734,0.78765625,5.308593750000002,4.802313928963343,4.682790289997545,0.8446950474350833,D400|78|4,1153,textured,78
D400,0.00232573,1.609548438,1199.41435,0.06691931,0.036890972,400.0,25.0,121.70613988785614,107.99040825361963,0.0114,0.048644092,2.215521349,1.818238994,0.08538470911680318,15.821956556365201,0.78765625,5.308593750000002,4.801609449730372,4.682042410713674,0.8440339682530108,D400|78|4,1154,textured,78
D400,0.002330384,1.610205713,1199.41435,0.06691931,0.036890972,400.0,25.0,121.9994844448223,108.29489944548698,0.0118,0.044811161,2.21109678,1.910691824,0.08529940578561683,15.851297034740645,0.78765625,5.308593750000002,4.804016818862215,4.684858056364969,0.8460330608654022,D400|78|4,1155,textured,78
D400,0.002307188,1.640332032,1199.41435,0.06691931,0.036890972,400.0,25.0,123.04497783420909,111.26646793556266,0.0114,0.046859124,2.238669537,1.818238994,0.08572712488277334,16.23075585130472,0.78765625,5.308593750000002,4.81254996197903,4.711927936478605,0.836029466985397,D400|78|4,1156,textured,78
D400,0.002289679,1.661450543,1199.41435,0.06691931,0.036890972,400.0,25.0,123.68332768428887,113.2836472942555,0.0118,0.043382196,2.277323367,1.787421384,0.08605427503090146,16.490839263177325,0.78765625,5.308593750000002,4.817724490074583,4.7298948265868335,0.8284116330682716,D400|78|4,1157,textured,78
D600,0.002325522,1.599381974,1199.2114,0.06689444,0.036419641,600.0,25.0,122.47085145874402,106.64256252256641,0.0208,0.005993974,2.215719494,1.602515723,0.084320378801108,15.585382932219046,0.8556250000000001,3.6093749999999982,4.807873054395278,4.66948270523822,0.8439445299683775,D600|78|4,1158,textured,78
D600,0.002334076,1.595508882,1199.2114,0.06689444,0.036419641,600.0,25.0,122.62366918907041,106.51706011916355,0.0212,0.010751909,2.228725024,1.633333333,0.08416572690168954,15.559278288348986,0.8556250000000001,3.6093749999999982,4.809120065138118,4.66830516123294,0.8476160954593369,D600|78|4,1159,textured,78
D600,0.002313636,1.614307915,1199.2114,0.06689444,0.036419641,600.0,25.0,122.9819846397521,108.08701206231187,0.0186,0.02203028,2.259070385,1.910691824,0.0845366937507274,15.77018952021391,0.8556250000000001,3.6093749999999982,4.812037878301696,4.682936569992209,0.8388203130272254,D600|78|4,1160,textured,78
D600,0.002340202,1.608420098,1199.2114,0.06689444,0.036419641,600.0,25.0,123.9404090718526,108.53206205835232,0.0128,0.039793007,2.23342589,1.787421384,0.0840554934454898,15.786028567114165,0.8556250000000001,3.6093749999999982,4.819800878092114,4.687045632170106,0.850237250430165,D600|78|4,1161,textured,78
D600,0.002225794,1.631982003,1199.2114,0.06689444,0.036419641,600.0,25.0,119.60805285965627,106.27262881677156,0.0254,0.005411334,2.171001568,1.571698113,0.08618869229939119,15.678960120638099,0.8556250000000001,3.6093749999999982,4.784220170852338,4.66600776222715,0.800113705893567,D600|78|4,1162,textured,78
D800,0.00232864,1.590389594,1199.2114,0.06689444,0.036419641,800.0,25.0,121.94555274222085,105.58813768948329,0.0244,0.00709136,2.175697215,1.756603774,0.08426390828438424,15.457837712633093,0.8906640625,2.733398437500001,4.803574656118492,4.659546032476441,0.8452844061765846,D800|78|4,1163,textured,78
D800,0.002309116,1.624028962,1199.2114,0.06689444,0.036419641,800.0,25.0,123.4808494280596,109.17897590974938,0.015,0.004983052,2.183416165,1.694968553,0.08461939185887801,15.90373655382011,0.8906640625,2.733398437500001,4.8160860786843145,4.692988516475854,0.8368647673088165,D800|78|4,1164,textured,78
D800,0.002298661,1.600176511,1199.2114,0.06689444,0.036419641,800.0,25.0,121.1163868494208,105.51554236739933,0.0194,0.00489435,2.236248929,1.725786164,0.08481161073275521,15.489424176498897,0.8906640625,2.733398437500001,4.796751958080217,4.658858263083449,0.8323267794930279,D800|78|4,1165,textured,78
D800,0.002332666,1.603625607,1199.2114,0.06689444,0.036419641,800.0,25.0,123.17303133523954,107.53856831098378,0.021,0.006626693,2.214218214,1.879874214,0.08419116040717614,15.680431096668931,0.8906640625,2.733398437500001,4.81359012563731,4.677849558209258,0.8470118194814041,D800|78|4,1166,textured,78
D800,0.002332707,1.599730405,1199.2114,0.06689444,0.036419641,800.0,25.0,122.87600408205272,107.01866201914454,0.0168,0.004470157,2.177187795,1.602515723,0.08419042052583992,15.619699883850426,0.8906640625,2.733398437500001,4.811175750007109,4.673003230647882,0.8470293957823775,D800|78|4,1167,textured,78
S50,0.002296724,1.593899157,1199.7586,0.06696036,0.037690117,50.0,6.0,116.52954096060736,104.54579808938522,0.0114,0.049761546,2.222032953,1.694968553,0.08774396499153111,15.585910141805895,0.16000000000000003,5.04,4.758144811339512,4.649625234625907,0.831483759761399,S50|78|4,1168,textured,78
S50,0.00230966,1.623488238,1199.7586,0.06696036,0.037690117,50.0,6.0,119.36131250386426,109.07430086334026,0.0114,0.046317646,2.214924375,1.664150943,0.08749790069857692,16.10560352185018,0.16000000000000003,5.04,4.782155132573481,4.692029309301671,0.8371003275535721,S50|78|4,1169,textured,78
S50,0.002297692,1.596034082,1199.7586,0.06696036,0.037690117,50.0,6.0,116.73480423305101,104.87023136872583,0.013,0.04078912,2.215731321,1.633333333,0.08772548011502582,15.623275186117345,0.16000000000000003,5.04,4.75990473161583,4.6527236940870935,0.8319051408528471,S50|78|4,1170,textured,78
S50,0.002306098,1.618076195,1199.7586,0.06696036,0.037690117,50.0,6.0,118.77994335753402,108.18119841679903,0.012,0.044257803,2.19161935,1.756603774,0.08756544927298635,16.00495814155514,0.16000000000000003,5.04,4.777272565718885,4.683807584370449,0.8355569187756033,S50|78|4,1171,textured,78
S50,0.002293858,1.595668154,1199.7586,0.06696036,0.037690117,50.0,6.0,116.5132974107944,104.64723951069125,0.0114,0.048864046,2.203313428,1.540880503,0.08779876256471478,15.601903207567046,0.16000000000000003,5.04,4.75800540735737,4.650595070242053,0.8302351161809695,S50|78|4,1172,textured,78
S100,0.002345899,1.574629818,1199.7586,0.06696036,0.037690117,100.0,6.0,117.58560753749944,104.21790635644027,0.0126,0.042484856,2.14918061,1.540880503,0.08681944490197997,15.48105941297701,0.48999999999999994,3.06,4.767166643089676,4.646483960586525,0.8526686973011095,S100|78|4,1173,textured,78
S100,0.002344373,1.586158814,1199.7586,0.06696036,0.037690117,100.0,6.0,118.36948713218239,105.6808117476678,0.012,0.045387109,2.155837945,1.571698113,0.08684769657532725,15.656700145622647,0.48999999999999994,3.06,4.773810979204725,4.66042334136992,0.8520179887478124,S100|78|4,1174,textured,78
S100,0.002348249,1.591319438,1199.7586,0.06696036,0.037690117,100.0,6.0,118.95094588827975,106.54546602310512,0.011,0.051519414,2.162778819,1.448427673,0.08677599193648645,15.753890168268764,0.48999999999999994,3.06,4.778711188699525,4.668571805063971,0.8536699440433605,S100|78|4,1175,textured,78
S100,0.002340904,1.581224775,1199.7586,0.06696036,0.037690117,100.0,6.0,117.82666898715625,104.86894917239964,0.0116,0.047487856,2.148500592,1.756603774,0.086912022819986,15.565012584996248,0.48999999999999994,3.06,4.769214637675789,4.652711467508131,0.8505371795517284,S100|78|4,1176,textured,78
S100,0.002341359,1.578734688,1199.7586,0.06696036,0.037690117,100.0,6.0,117.66398329763118,104.55923658005428,0.0122,0.044451623,2.142818588,1.756603774,0.08690357753419707,15.527623247045526,0.48999999999999994,3.06,4.767832963169157,4.649753768027399,0.8507315300191975,S100|78|4,1177,textured,78
S200,0.002323733,1.603768851,1199.41435,0.06691931,0.036890972,200.0,6.0,121.16498758425327,107.12419222572478,0.0144,0.034117274,2.206816048,1.756603774,0.085421390750485,15.723046660978747,0.7224999999999999,1.6650000000000005,4.797153150582926,4.673988836406198,0.8431749442655946,S200|78|4,1178,textured,78
S200,0.00231798,1.599023714,1199.41435,0.06691931,0.036890972,200.0,6.0,120.50740413255318,106.2275780063768,0.0162,0.027978757,2.196338291,1.664150943,0.08552732883427634,15.62542314531051,0.7224999999999999,1.6650000000000005,4.7917111961264665,4.6655837550062325,0.8406961167526411,S200|78|4,1179,textured,78
S200,0.002328806,1.606240141,1199.41435,0.06691931,0.036890972,200.0,6.0,121.61661986776522,107.68917442562599,0.0142,0.036879289,2.191421843,1.694968553,0.08532830034969371,15.782466496076609,0.7224999999999999,1.6650000000000005,4.8008736367368,4.67924906309937,0.8453556898801725,S200|78|4,1180,textured,78
S200,0.002324898,1.608453019,1199.41435,0.06691931,0.036890972,200.0,6.0,121.57980051342682,107.80488743846185,0.0158,0.028234391,2.189803313,1.725786164,0.08539998585656332,15.801338614049447,0.7224999999999999,1.6650000000000005,4.800570841534783,4.680322995466287,0.8436761671092187,S200|78|4,1181,textured,78
S200,0.002312088,1.598680568,1199.41435,0.06691931,0.036890972,200.0,6.0,120.17529535943568,105.91208997693339,0.0164,0.029715992,2.18060903,1.818238994,0.08563623610441853,15.596223811229558,0.7224999999999999,1.6650000000000005,4.7889514715214245,4.662609410179271,0.8381510123695176,S200|78|4,1182,textured,78
S400,0.002342185,1.593489347,1199.41435,0.06691931,0.036890972,400.0,6.0,121.34433392208683,106.59511692659116,0.0126,0.040777584,2.226271571,1.725786164,0.08508424570156295,15.636138530698693,0.8556250000000001,0.8662499999999995,4.798632239051905,4.669037703239692,0.8510842543700584,S400|78|4,1183,textured,78
S400,0.002338547,1.592649034,1199.41435,0.06691931,0.036890972,400.0,6.0,121.09196526993958,106.31732817919602,0.0156,0.031886215,2.213920664,1.694968553,0.08515040135195164,15.608383346406494,0.8556250000000001,0.8662499999999995,4.796550300463126,4.666428284096713,0.84952979633548,S400|78|4,1184,textured,78
S400,0.002337099,1.595561298,1199.41435,0.06691931,0.036890972,400.0,6.0,121.23827414728059,106.64042881397823,0.0132,0.039130732,2.188920086,1.849056604,0.08517677564955795,15.6482575193033,0.8556250000000001,0.8662499999999995,4.797757817077401,4.669462696998698,0.8489104166620439,S400|78|4,1185,textured,78
S400,0.002335733,1.594605508,1199.41435,0.06691931,0.036890972,400.0,6.0,121.09482917432946,106.45045021597055,0.013,0.041391542,2.195478145,1.910691824,0.08520167885320651,15.62777907114557,0.8556250000000001,0.8662499999999995,4.796573950839247,4.667679620696168,0.8483257604882671,S400|78|4,1186,textured,78
S400,0.002337182,1.595018112,1199.41435,0.06691931,0.036890972,400.0,6.0,121.20130451670393,106.57161742096916,0.0136,0.038448202,2.199391193,1.602515723,0.08517526320098825,15.640068085912961,0.8556250000000001,0.8662499999999995,4.797452836916431,4.668817223193505,0.8489459301452981,S400|78|4,1187,textured,78
S600,0.00232494,1.604518396,1199.2114,0.06689444,0.036419641,600.0,6.0,122.8334183463919,107.30176774434824,0.0154,0.03106214,2.189764122,1.787421384,0.08433093206047296,15.663191640544271,0.9025,0.5850000000000002,4.810829115061926,4.675645124285178,0.8436942322547146,S600|78|4,1188,textured,78
S600,0.00232444,1.60414803,1199.2114,0.06689444,0.036419641,600.0,6.0,122.77865471680546,107.2291716011687,0.0142,0.029123416,2.174324856,1.818238994,0.08434000159953771,15.655386814041796,0.9025,0.5850000000000002,4.8103831790799445,4.674968334763145,0.8434791498127857,S600|78|4,1189,textured,78
S600,0.002327227,1.602034054,1199.2114,0.06689444,0.036419641,600.0,6.0,122.76387215146683,107.07496961973503,0.0202,0.018373773,2.171721222,1.633333333,0.08428948525539261,15.633626372060547,0.9025,0.5850000000000002,4.810262771706566,4.673529239772559,0.844677430056613,S600|78|4,1190,textured,78
S600,0.00231919,1.597424325,1199.2114,0.06689444,0.036419641,600.0,6.0,121.98788763095698,106.09200144307337,0.0142,0.035159839,2.179246712,1.633333333,0.08443540876888382,15.529445828309916,0.9025,0.5850000000000002,4.803921758091033,4.664306655813761,0.8412179867843466,S600|78|4,1191,textured,78
S600,0.002328806,1.607034164,1199.2114,0.06689444,0.036419641,600.0,6.0,123.23058460456312,107.81749972775503,0.0154,0.024379683,2.180835264,1.818238994,0.08426090501617493,15.718165341854366,0.9025,0.5850000000000002,4.81405727195049,4.680439980436849,0.8453556898801725,S600|78|4,1192,textured,78
S800,0.002345982,1.592000546,1199.2114,0.06689444,0.036419641,800.0,6.0,122.97815574184831,106.59008933939086,0.0152,0.028842494,2.170123198,1.910691824,0.0839518821702616,15.551978095638315,0.9264062500000001,0.4415624999999994,4.812006744005723,4.66899053685991,0.8527040775675777,S800|78|4,1193,textured,78
S800,0.002350678,1.589482213,1199.2114,0.06689444,0.036419641,800.0,6.0,123.02939914225998,106.46582245090299,0.0192,0.005126039,2.144811587,1.849056604,0.08386798400768042,15.531258646287327,0.9264062500000001,0.4415624999999994,4.812423344229053,4.6678240176909735,0.8547037971831747,S800|78|4,1194,textured,78
S800,0.00234829,1.590693626,1199.2114,0.06689444,0.036419641,800.0,6.0,122.99808715096081,106.5198475729725,0.0176,0.005124931,2.141743393,1.479245283,0.08391061627537674,15.540722060822198,0.9264062500000001,0.4415624999999994,4.812168803633285,4.66833132997374,0.8536874037088721,S800|78|4,1195,textured,78
S800,0.002354338,1.588298915,1199.2114,0.06689444,0.036419641,800.0,6.0,123.12922316322572,106.4728837349251,0.0158,0.004545487,2.131005724,1.725786164,0.08380276902765213,15.527250552381684,0.9264062500000001,0.4415624999999994,4.813234398706877,4.667890339912529,0.8562595839172662,S800|78|4,1196,textured,78
S800,0.002353187,1.586494044,1199.2114,0.06689444,0.036419641,800.0,6.0,122.92917708852653,106.1791045538472,0.0262,0.006930526,2.147763194,1.571698113,0.08382326149067783,15.494482246196018,0.9264062500000001,0.4415624999999994,4.811608393509984,4.6651273338354216,0.8557705796005876,S800|78|4,1197,textured,78
D50,0.002237458,0.587311749,1230.239625,0.065701673,0.147132715,50.0,25.0,10.98763041515796,14.451254595640446,0.011,0.124468844,1.474887956,0.4375,0.3459781987358136,5.540435906105311,0.010000000000000002,24.75,2.3967701323522728,2.670781234017235,0.8053404000409761,D50|91|0,1198,textured,91
D50,0.002228058,0.588201213,1230.239625,0.065701673,0.147132715,50.0,25.0,10.958039713422844,14.434163035525343,0.0114,0.116344662,1.486720847,0.53125,0.3467072578753584,5.539855774436273,0.010000000000000002,24.75,2.3940734072584835,2.6695978298284513,0.8011303540421814,D50|91|0,1199,textured,91
D50,0.00225186,0.586203183,1230.239625,0.065701673,0.147132715,50.0,25.0,11.037482323198317,14.489420418139545,0.0116,0.113049249,1.47655687,0.4375,0.34487005467638093,5.545018576998423,0.010000000000000002,24.75,2.40129696440656,2.673418756784486,0.8117565413822985,D50|91|0,1200,textured,91
D50,0.002252435,0.591368499,1230.239625,0.065701673,0.147132715,50.0,25.0,11.137582041379963,14.749657085779084,0.0118,0.112029018,1.470630924,0.5,0.34482603277596147,5.624262174414737,0.010000000000000002,24.75,2.410325158999199,2.691219834093823,0.8120118532582407,D50|91|0,1201,textured,91
D50,0.002254906,0.589763407,1230.239625,0.065701673,0.147132715,50.0,25.0,11.119537577576454,14.685791897880135,0.011,0.127583103,1.469018895,0.5,0.3446370451451666,5.603542614969885,0.010000000000000002,24.75,2.408703703207448,2.686880488826893,0.8131082869416678,D50|91|0,1202,textured,91
D100,0.002263141,0.531941925,1230.239625,0.065701673,0.147132715,100.0,25.0,10.065985381688778,11.990942944403955,0.0124,0.133845832,1.51890701,0.4375,0.3440094500141624,4.761138535352088,0.30250000000000005,17.4375,2.3091619561068173,2.484151610184321,0.8167536713829788,D100|91|0,1203,textured,91
D100,0.002267795,0.527443157,1230.239625,0.065701673,0.147132715,100.0,25.0,10.001379754737751,11.813222954927623,0.0134,0.123176893,1.499253844,0.5,0.3436562782695621,4.702669235239869,0.30250000000000005,17.4375,2.3027230589500807,2.469219493480618,0.8188079937732089,D100|91|0,1204,textured,91
D100,0.002267268,0.53051537,1230.239625,0.065701673,0.147132715,100.0,25.0,10.057297371395812,11.94846409083948,0.0116,0.151870612,1.505115183,0.4375,0.34369621539561573,4.745910743248213,0.30250000000000005,17.4375,2.3082984776237705,2.4806027421538697,0.8185755824473364,D100|91|0,1205,textured,91
D100,0.002268891,0.524072201,1230.239625,0.065701673,0.147132715,100.0,25.0,9.942262333665337,11.668342331915122,0.0116,0.1546894,1.498529419,0.46875,0.3435732657367109,4.656022549228501,0.30250000000000005,17.4375,2.296794593732064,2.4568793909575932,0.8192911658602002,D100|91|0,1206,textured,91
D100,0.002277424,0.523980149,1230.239625,0.065701673,0.147132715,100.0,25.0,9.977900970075074,11.708111343339722,0.0116,0.152594641,1.487426062,0.40625,0.3429290154895608,4.665209680985139,0.30250000000000005,17.4375,2.300372744562482,2.4602818788066028,0.8230449796720266,D100|91|0,1207,textured,91
D200,0.002262921,0.530832608,1231.2015,0.06586251,0.159808968,200.0,25.0,9.254542933993156,11.91997753384227,0.0106,0.176894513,1.496959188,0.46875,0.37306348583346455,4.894783045310457,0.6006250000000001,9.984374999999998,2.2251145589597114,2.4782157768906514,0.8166564566297682,D200|91|0,1208,textured,91
D200,0.002264371,0.536642579,1231.2015,0.06586251,0.159808968,200.0,25.0,9.361828936344162,12.190140150470521,0.0106,0.180474625,1.512561412,0.53125,0.3729440202774985,4.982696310661309,0.6006250000000001,9.984374999999998,2.2366406705836357,2.500627440594481,0.8172970161737867,D200|91|0,1209,textured,91
D200,0.002265118,0.532266865,1231.2015,0.06586251,0.159808968,200.0,25.0,9.288557016014765,11.996113103096215,0.0108,0.17876813,1.49550738,0.40625,0.37288251969441427,4.918823636154452,0.6006250000000001,9.984374999999998,2.228783214175184,2.4845826892431337,0.8176268547082319,D200|91|0,1210,textured,91
D200,0.002259049,0.534522588,1231.2015,0.06586251,0.159808968,200.0,25.0,9.302928916643113,12.065591971203363,0.011,0.17189159,1.499524673,0.46875,0.37338306353620604,4.9442537708681105,0.6006250000000001,9.984374999999998,2.23032928785033,2.4903577630373146,0.8149439282643425,D200|91|0,1211,textured,91
D200,0.002263009,0.527097682,1231.2015,0.06586251,0.159808968,200.0,25.0,9.189785539692686,11.753287299000402,0.0108,0.179965435,1.507948275,0.4375,0.3730562322374968,4.839909061756629,0.6006250000000001,9.984374999999998,2.2180925998268224,2.4641329715894975,0.8166953436651446,D200|91|0,1212,textured,91
D400,0.002278952,0.526472652,1231.2015,0.06586251,0.159808968,400.0,25.0,9.243554014779606,11.808036017297932,0.011,0.167533471,1.480943664,0.4375,0.371749036185887,4.851120649274392,0.78765625,5.308593750000002,2.2239264453351955,2.4687803180988857,0.823715688172502,D400|91|0,1213,textured,91
D400,0.002276245,0.523783146,1231.2015,0.06586251,0.159808968,400.0,25.0,9.185409310220173,11.673817589364248,0.0116,0.151930507,1.488196875,0.40625,0.3719700197857469,4.808100064281258,0.78765625,5.308593750000002,2.217616280572415,2.457348521283836,0.822527155461991,D400|91|0,1214,textured,91
D400,0.002265205,0.533713013,1231.2015,0.06586251,0.159808968,400.0,25.0,9.314151387426465,12.061850846602416,0.011,0.162870799,1.495449395,0.53125,0.37287535895383916,4.9403377046084636,0.78765625,5.308593750000002,2.2315348981779835,2.490047649391274,0.8176652625656897,D400|91|0,1215,textured,91
D400,0.002257243,0.557860135,1231.2015,0.06586251,0.159808968,400.0,25.0,9.701337900455476,13.131666013363226,0.011,0.147986811,1.489649011,0.5,0.3735324039008368,5.291602048490698,0.78765625,5.308593750000002,2.2722638038801692,2.5750265662793104,0.8141441570820251,D400|91|0,1216,textured,91
D400,0.002258873,0.545601716,1231.2015,0.06586251,0.159808968,400.0,25.0,9.495012283863645,12.569966722536837,0.0108,0.155159264,1.488574134,0.5,0.3733976093161544,5.109000151661594,0.78765625,5.308593750000002,2.2507666379825957,2.5313103752268806,0.8148660163393074,D400|91|0,1217,textured,91
D600,0.002294395,0.516859698,1231.2015,0.06586251,0.159808968,600.0,25.0,9.136268325965565,11.457883045785973,0.0132,0.128678006,1.454631794,0.4375,0.37049584892109305,4.72929980917496,0.8556250000000001,3.6093749999999982,2.212252022662478,2.438677968724131,0.8304691922018216,D600|91|0,1218,textured,91
D600,0.002293615,0.523325062,1231.2015,0.06586251,0.159808968,600.0,25.0,9.247408498196064,11.742334443751451,0.0196,0.060621032,1.449676887,0.375,0.37055884166335296,4.823323918127434,0.8556250000000001,3.6093749999999982,2.2243433499143466,2.463200639926836,0.8301291755028544,D600|91|0,1219,textured,91
D600,0.002295262,0.517885853,1231.2015,0.06586251,0.159808968,600.0,25.0,9.157866394106806,11.50777124612153,0.013,0.053481851,1.464974381,0.4375,0.37042586775103115,4.7454073546549544,0.8556250000000001,3.6093749999999982,2.214613225146916,2.4430225676781734,0.830846998216656,D600|91|0,1220,textured,91
D600,0.002295132,0.514690408,1231.2015,0.06586251,0.159808968,600.0,25.0,9.10084529293546,11.365555730071078,0.0216,0.064817636,1.454164751,0.46875,0.37043635836353783,4.698486497608786,0.8556250000000001,3.6093749999999982,2.2083672985424245,2.430587354487469,0.8307903581983765,D600|91|0,1221,textured,91
D600,0.002272615,0.542823436,1231.2015,0.06586251,0.159808968,600.0,25.0,9.504131739083334,12.517970009015828,0.0192,0.061594283,1.463072572,0.46875,0.37226697118756286,5.085913010242767,0.8556250000000001,3.6093749999999982,2.2517266239597564,2.527165212670899,0.82093115084961,D600|91|0,1222,textured,91
D800,0.002267663,0.528635734,1231.2015,0.06586251,0.159808968,800.0,25.0,9.235555438807193,11.846291244758413,0.017,0.056388406,1.471779432,0.53125,0.3726732177778419,4.86852268388523,0.8906640625,2.733398437500001,2.223060756813568,2.472014843468332,0.8187497857598012,D800|91|0,1223,textured,91
D800,0.002269286,0.530090043,1231.2015,0.06586251,0.159808968,800.0,25.0,9.2675912209607,11.92008591475971,0.0174,0.061011943,1.476235518,0.5625,0.3725399254518585,4.892069720113058,0.8906640625,2.733398437500001,2.2265234990977008,2.4782248692252984,0.8194652445711,D800|91|0,1224,textured,91
D800,0.002264283,0.512710908,1231.2015,0.06586251,0.159808968,800.0,25.0,8.943988911567802,11.126707688604663,0.017,0.058270937,1.473976524,0.40625,0.3729512673298584,4.631846708539372,0.8906640625,2.733398437500001,2.1909816766498778,2.4093483163716645,0.8172581525290876,D800|91|0,1225,textured,91
D800,0.002271564,0.537294997,1231.2015,0.06586251,0.159808968,800.0,25.0,9.402985425526095,12.258615662813687,0.02,0.052722658,1.46374932,0.4375,0.3723530808770343,5.001901370588482,0.8906640625,2.733398437500001,2.241027237312466,2.506229009190906,0.8204685810350227,D800|91|0,1226,textured,91
D800,0.002307322,0.532213787,1231.2015,0.06586251,0.159808968,800.0,25.0,9.46067920919029,12.21718940794103,0.014,0.049043243,1.457317453,0.5,0.36945652130044315,4.972815887072156,0.8906640625,2.733398437500001,2.247144178498092,2.5028439279393813,0.836087544657799,D800|91|0,1227,textured,91
S50,0.002270732,0.541052128,1230.239625,0.065701673,0.147132715,50.0,6.0,10.272720025692422,12.446790565587076,0.0108,0.145362735,1.464285745,0.5,0.3434339611780776,4.902111681065707,0.16000000000000003,5.04,2.3294918404501517,2.5214628037816005,0.8201022464723681,S50|91|0,1228,textured,91
S50,0.002272264,0.533375083,1230.239625,0.065701673,0.147132715,50.0,6.0,10.133791710273004,12.1042397602323,0.0106,0.156380455,1.46329805,0.53125,0.3433181670754199,4.793235069555451,0.16000000000000003,5.04,2.315875553287429,2.4935557846368894,0.8207766912916337,S50|91|0,1229,textured,91
S50,0.00227454,0.535906654,1230.239625,0.065701673,0.147132715,50.0,6.0,10.192088600667335,12.231653233478593,0.0108,0.145899559,1.456338684,0.4375,0.34314635481457756,4.8325892581504934,0.16000000000000003,5.04,2.32161179195012,2.5040271190979215,0.8217778341559844,S50|91|0,1230,textured,91
S50,0.002280174,0.535703663,1230.239625,0.065701673,0.147132715,50.0,6.0,10.213464117541413,12.25266343029393,0.0108,0.152758976,1.474668071,0.40625,0.3427221586210497,4.836835050723949,0.16000000000000003,5.04,2.3237068613645997,2.505743336238944,0.8242517558439213,S50|91|0,1231,textured,91
S50,0.002285708,0.534753265,1230.239625,0.065701673,0.147132715,50.0,6.0,10.22008847370323,12.238858702603409,0.0108,0.148781332,1.471097952,0.40625,0.34230701945804237,4.830132658536982,0.16000000000000003,5.04,2.3243552416562117,2.5046160294854025,0.8266758231806867,S50|91|0,1232,textured,91
S100,0.002313091,0.52303483,1230.239625,0.065701673,0.147132715,100.0,6.0,10.115882855304804,11.84860502491281,0.0112,0.158255433,1.442874313,0.375,0.3402748253643614,4.6953255115700205,0.48999999999999994,3.06,2.3141067486007714,2.4722101412350255,0.838584725320183,S100|91|0,1233,textured,91
S100,0.002308011,0.527990387,1230.239625,0.065701673,0.147132715,100.0,6.0,10.189300066896882,12.047673466441033,0.0108,0.161258768,1.45146606,0.40625,0.340649096974308,4.760421931158187,0.48999999999999994,3.06,2.3213381566416205,2.4888715679712146,0.8363861146656915,S100|91|0,1234,textured,91
S100,0.002303395,0.5255076,1230.239625,0.065701673,0.147132715,100.0,6.0,10.12110390113382,11.91076634431183,0.0108,0.167091779,1.454374894,0.375,0.3409902562696243,4.718984510112979,0.48999999999999994,3.06,2.31462273905011,2.477442725907748,0.8343841215461376,S100|91|0,1235,textured,91
S100,0.002309002,0.519866418,1230.239625,0.065701673,0.147132715,100.0,6.0,10.036829238994594,11.684795606425574,0.011,0.167762312,1.456256666,0.40625,0.34057598757797686,4.644965641044155,0.48999999999999994,3.06,2.306261251535059,2.458288475875967,0.8368153965478169,S100|91|0,1236,textured,91
S100,0.002306028,0.521351589,1230.239625,0.065701673,0.147132715,100.0,6.0,10.052538382365764,11.73651780900468,0.011,0.165344882,1.452714446,0.34375,0.34079553101612087,4.662608661434159,0.48999999999999994,3.06,2.307825177973076,2.462705161289026,0.8355265640107918,S100|91|0,1237,textured,91
S200,0.0022871,0.527558191,1231.2015,0.06586251,0.159808968,200.0,6.0,9.295730264626165,11.899172298153838,0.0118,0.148225265,1.470202477,0.53125,0.37108625061803785,4.877568168632896,0.7224999999999999,1.6650000000000005,2.229555183404815,2.4764688429214496,0.8272846394891763,S200|91|0,1238,textured,91
S200,0.002265864,0.532075982,1231.2015,0.06586251,0.159808968,200.0,6.0,9.288283949331706,11.991458486746025,0.0108,0.166315604,1.483981407,0.4375,0.37282113179574444,4.916972902082412,0.7224999999999999,1.6650000000000005,2.2287538155617614,2.4841946035720874,0.8179561431524324,S200|91|0,1239,textured,91
S200,0.002278036,0.531361973,1231.2015,0.06586251,0.159808968,200.0,6.0,9.325648514747744,12.023540845540044,0.0166,0.099430956,1.481539669,0.5625,0.3718237689585422,4.922217112644962,0.7224999999999999,1.6650000000000005,2.2327685089291336,2.4868664652228847,0.823313668236379,S200|91|0,1240,textured,91
S200,0.002280261,0.53318199,1231.2015,0.06586251,0.159808968,200.0,6.0,9.366730387612762,12.117871988209851,0.0108,0.171963548,1.480093475,0.5,0.3716423182827036,4.952119914498536,0.7224999999999999,1.6650000000000005,2.237164090596432,2.4946813866949133,0.8242899100989477,S200|91|0,1241,textured,91
S200,0.002278167,0.530185433,1231.2015,0.06586251,0.159808968,200.0,6.0,9.30553478359899,11.971043184086671,0.0118,0.159072428,1.481454481,0.46875,0.3718130784310319,4.904959917360529,0.7224999999999999,1.6650000000000005,2.2306093611562074,2.482490665654479,0.8233711722589329,S200|91|0,1242,textured,91
S400,0.002280349,0.533545168,1231.2015,0.06586251,0.159808968,400.0,6.0,9.373472282892266,12.134854128067698,0.0112,0.171872443,1.485518466,0.40625,0.37163514726643887,4.957632843441861,0.8556250000000001,0.8662499999999995,2.2378836020861312,2.496081818345515,0.8243285014277442,S400|91|0,1243,textured,91
S400,0.002287274,0.53196457,1231.2015,0.06586251,0.159808968,400.0,6.0,9.374085072334832,12.09969625927054,0.0116,0.167112175,1.497415762,0.4375,0.3710721355107867,4.943140014925894,0.8556250000000001,0.8662499999999995,2.237948974809753,2.4931803497479965,0.8273607154725061,S400|91|0,1244,textured,91
S400,0.002286404,0.533627695,1231.2015,0.06586251,0.159808968,400.0,6.0,9.399815327320518,12.170839966374011,0.012,0.160856788,1.487051311,0.4375,0.37114272715894875,4.966755980730775,0.8556250000000001,0.8662499999999995,2.2406900430532404,2.499042924040385,0.826980277667093,S400|91|0,1245,textured,91
S400,0.002289274,0.533125756,1231.2015,0.06586251,0.159808968,400.0,6.0,9.402761690522489,12.163203223673737,0.0116,0.166966088,1.496107801,0.5,0.37091000847106004,4.963017326093395,0.8556250000000001,0.8662499999999995,2.2410034429902055,2.4984152648477593,0.8282347367336482,S400|91|0,1246,textured,91
S400,0.002285621,0.535181128,1231.2015,0.06586251,0.159808968,400.0,6.0,9.423950519492685,12.237611370654497,0.0116,0.157282807,1.476622947,0.40625,0.37120629410006434,4.988884601463862,0.8556250000000001,0.8662499999999995,2.2432543764171666,2.5045141085837153,0.8266377598516151,S400|91|0,1247,textured,91
S600,0.002293007,0.525290173,1231.2015,0.06586251,0.159808968,600.0,6.0,9.279672423448659,11.827549964112507,0.0116,0.16157139,1.466414868,0.375,0.3706079659885135,4.851563645507922,0.9025,0.5850000000000002,2.227826246977735,2.470431552916062,0.8298640566404056,S600|91|0,1248,textured,91
S600,0.002294568,0.529028868,1231.2015,0.06586251,0.159808968,600.0,6.0,9.352081713884004,12.004678496704196,0.0118,0.152384499,1.459969508,0.40625,0.3704818818061411,4.908934262891398,0.9025,0.5850000000000002,2.2355989617154277,2.4852964485319475,0.8305445904999043,S600|91|0,1249,textured,91
S600,0.002301321,0.530401571,1231.2015,0.06586251,0.159808968,600.0,6.0,9.403943067879323,12.102571648668636,0.018,0.048470662,1.450253824,0.375,0.36993791114447067,4.9380293386944905,0.9025,0.5850000000000002,2.241129076627099,2.4934179629685893,0.8334833058866054,S600|91|0,1250,textured,91
S600,0.002298683,0.530559438,1231.2015,0.06586251,0.159808968,600.0,6.0,9.39595909597185,12.095895645984466,0.0254,0.056221418,1.462794051,0.40625,0.37015012317679286,4.936982461810349,0.9025,0.5850000000000002,2.240279713442347,2.492866192249208,0.8323363502364833,S600|91|0,1251,textured,91
S600,0.00230063,0.530826495,1231.2015,0.06586251,0.159808968,600.0,6.0,9.408650996920551,12.118331266224487,0.0248,0.056214919,1.466989729,0.40625,0.3699934628639828,4.943469699188532,0.9025,0.5850000000000002,2.2416295848635803,2.494719286856904,0.8331829984712535,S600|91|0,1252,textured,91
S800,0.002287143,0.530994354,1231.2015,0.06586251,0.159808968,800.0,6.0,9.356452374163654,12.054910324775143,0.013,0.050818262,1.470174519,0.46875,0.37108276225203346,4.928553775776818,0.9264062500000001,0.4415624999999994,2.2360661987890107,2.489472072764748,0.8273034404142702,S800|91|0,1253,textured,91
S800,0.00230037,0.532960436,1231.2015,0.06586251,0.159808968,800.0,6.0,9.445406531788093,12.21457877792577,0.0184,0.050780111,1.467155176,0.40625,0.3700143715835122,4.974967327731899,0.9264062500000001,0.4415624999999994,2.2455285420375777,2.502630220113952,0.8330699795622004,S800|91|0,1254,textured,91
S800,0.002296908,0.530929464,1231.2015,0.06586251,0.159808968,800.0,6.0,9.39525163919368,12.103420259077737,0.0176,0.052960236,1.4584823,0.5,0.3702931174947389,4.940202449041061,0.9264062500000001,0.4415624999999994,2.2402044168807285,2.49348807869966,0.8315638706627938,S800|91|0,1255,textured,91
S800,0.002294568,0.531199756,1231.2015,0.06586251,0.159808968,800.0,6.0,9.390458300107818,12.103403858544858,0.015,0.044565926,1.454521861,0.53125,0.3704818818061412,4.94120428536802,0.9264062500000001,0.4415624999999994,2.239694099282365,2.493486723665823,0.8305445904999043,S800|91|0,1256,textured,91
S800,0.002297731,0.518216396,1231.2015,0.06586251,0.159808968,800.0,6.0,9.17356879513213,11.534860358081861,0.0206,0.062207924,1.463400253,0.40625,0.3702267958649456,4.753319560315193,0.9264062500000001,0.4415624999999994,2.2163263921416108,2.445373785621088,0.8319221142631297,S800|91|0,1257,textured,91
D50,0.002218887,0.945721988,1230.6815,0.06577659,0.152918067,50.0,25.0,16.88828482455667,37.13098548728822,0.0104,0.063072033,1.729470914,0.78125,0.36081342907345443,11.986772366489957,0.010000000000000002,24.75,2.8266201759033645,3.614451809374291,0.7970057188142268,D50|91|1,1258,textured,91
D50,0.002256229,1.015217099,1230.6815,0.06577659,0.152918067,50.0,25.0,18.434398585836334,43.50862333870629,0.01,0.056936574,1.689766162,0.875,0.35781512749915384,13.562000390518469,0.010000000000000002,24.75,2.9142184076571414,3.7729591561195566,0.8136948355765147,D50|91|1,1259,textured,91
D50,0.002230869,0.951851971,1230.6815,0.06577659,0.152918067,50.0,25.0,17.089539284163955,37.81701213356663,0.0104,0.061349339,1.714578735,0.90625,0.3598431598159224,12.150525773666294,0.010000000000000002,24.75,2.838466538552532,3.6327590578240785,0.8023911956627738,D50|91|1,1260,textured,91
D50,0.002261294,1.02089343,1230.6815,0.06577659,0.152918067,50.0,25.0,18.579084584250662,44.095286169879024,0.0102,0.055308774,1.702565187,0.78125,0.35741417353077437,13.701951964563941,0.010000000000000002,24.75,2.9220364632941513,3.7863528871677987,0.8159372158022926,D50|91|1,1261,textured,91
D50,0.002237903,1.008205843,1230.6815,0.06577659,0.152918067,50.0,25.0,18.158390068453233,42.561212888671065,0.0104,0.053859512,1.698018472,0.875,0.35927719944245595,13.34698152521978,0.010000000000000002,24.75,2.899132716625058,3.7509433429513575,0.8055392666805462,D50|91|1,1262,textured,91
D100,0.002284358,0.939940412,1230.6815,0.06577659,0.152918067,100.0,25.0,17.280303323565022,37.7606210202055,0.0118,0.048402296,1.668958873,0.78125,0.3556052815879935,12.078655190069558,0.30250000000000005,17.4375,2.8495673166688995,3.6312667876517373,0.8260850220678503,D100|91|1,1263,textured,91
D100,0.002280261,0.944912073,1230.6815,0.06577659,0.152918067,100.0,25.0,17.340548478121896,38.092692643079104,0.0116,0.048911931,1.671957444,0.75,0.35592460051845665,12.1679254587427,0.30250000000000005,17.4375,2.85304760165503,3.6400224695929007,0.8242899100989477,D100|91|1,1264,textured,91
D100,0.002283705,0.953701137,1230.6815,0.06577659,0.152918067,100.0,25.0,17.528274900929862,38.863232499609296,0.0122,0.043158229,1.674909848,0.8125,0.35565611863826196,12.360705249479187,0.30250000000000005,17.4375,2.863815285701094,3.66004862370153,0.8257991240824469,D100|91|1,1265,textured,91
D100,0.002289491,0.961882422,1230.6815,0.06577659,0.152918067,100.0,25.0,17.723431110543498,39.63302620107763,0.0126,0.042573231,1.670677177,0.78125,0.35520642740073893,12.549837827440639,0.30250000000000005,17.4375,2.8748875556963855,3.6796627656565724,0.8283295221179877,D100|91|1,1266,textured,91
D100,0.002289317,0.962874716,1230.6815,0.06577659,0.152918067,100.0,25.0,17.740366538477378,39.71182226067597,0.0118,0.04579534,1.665343864,0.71875,0.35521992591230794,12.569985611838803,0.30250000000000005,17.4375,2.875842638363439,3.681648933303981,0.8282535198046854,D100|91|1,1267,textured,91
D200,0.002280959,0.973895995,1230.6815,0.06577659,0.152918067,200.0,25.0,17.877917607013558,40.477805189204034,0.011,0.052151582,1.682406209,0.78125,0.3558701378165625,12.772919742410457,0.6006250000000001,9.984374999999998,2.8835662980306735,3.700753803874985,0.8245959685681504,D200|91|1,1268,textured,91
D200,0.002284837,0.977463047,1230.6815,0.06577659,0.152918067,200.0,25.0,17.97390506470099,40.844185125777585,0.011,0.050370224,1.685021577,0.8125,0.35556800456162435,12.860956181923727,0.6006250000000001,9.984374999999998,2.8889209874096697,3.70976446419153,0.8262946870095982,D200|91|1,1269,textured,91
D200,0.002281221,0.977409766,1230.6815,0.06577659,0.152918067,200.0,25.0,17.94448123148054,40.775099192953114,0.0112,0.049601449,1.682213246,0.75,0.3558497012491772,12.847619420122424,0.6006250000000001,9.984374999999998,2.8872826153759377,3.708071581194569,0.8247108259390951,D200|91|1,1270,textured,91
D200,0.002281657,0.978655291,1230.6815,0.06577659,0.152918067,200.0,25.0,17.970782121656594,40.886898847984206,0.0114,0.047852741,1.687370265,0.8125,0.35581570010826347,12.875300688623023,0.6006250000000001,9.984374999999998,2.8887472235910523,3.710809690169667,0.8249019333942263,D200|91|1,1271,textured,91
D200,0.002279694,0.976337181,1230.6815,0.06577659,0.152918067,200.0,25.0,17.91279094080111,40.65842305120958,0.0108,0.050298094,1.677856605,0.78125,0.3559688601212097,12.819917414157922,0.6006250000000001,9.984374999999998,2.8855150353560126,3.7052060236608195,0.824041223432995,D200|91|1,1272,textured,91
D400,0.00226015,0.973666864,1230.6815,0.06577659,0.152918067,400.0,25.0,17.710651035001426,40.089658873304586,0.0122,0.039942281,1.664712711,0.875,0.3575046166623348,12.698094372551815,0.78765625,5.308593750000002,2.8741662119887237,3.691118417596128,0.8154311827631078,D400|91|1,1273,textured,91
D400,0.002274715,0.979414489,1230.6815,0.06577659,0.152918067,400.0,25.0,17.93000408730206,40.82576747013731,0.0124,0.042153761,1.68152969,0.875,0.35635822761428426,12.867737779806657,0.78765625,5.308593750000002,2.886475515575859,3.709313437703401,0.8218547698301052,D400|91|1,1274,textured,91
D400,0.002276463,0.973752954,1230.6815,0.06577659,0.152918067,400.0,25.0,17.840057786309686,40.38615330811554,0.0138,0.034269623,1.66376522,0.90625,0.3562213851079074,12.754809801544837,0.78765625,5.308593750000002,2.881446366289537,3.698486986320231,0.822622922640631,D400|91|1,1275,textured,91
D400,0.002274758,0.955308212,1230.6815,0.06577659,0.152918067,400.0,25.0,17.489024442269187,38.84154892081595,0.0124,0.04493057,1.676002275,0.84375,0.3563548594590337,12.364891403664835,0.78765625,5.308593750000002,2.8615735094456527,3.659490522154629,0.8218736731184646,D400|91|1,1276,textured,91
D400,0.002302747,0.957975753,1230.6815,0.06577659,0.152918067,400.0,25.0,17.7536484017468,39.539354620151755,0.0122,0.044585722,1.661059428,0.78125,0.3541825606048407,12.511648369952137,0.78765625,5.308593750000002,2.8765910385605835,3.6772964954077385,0.8341027580952171,D400|91|1,1277,textured,91
D600,0.002285142,0.96023184,1230.554,0.06575516,0.151242279,600.0,25.0,17.853228298871574,39.430858715672414,0.0202,0.020233421,1.657446277,0.8125,0.3517234779866003,12.449431837198004,0.8556250000000001,3.6093749999999982,2.882184348952618,3.674548725884004,0.8264281668354149,D600|91|1,1278,textured,91
D600,0.002285925,0.95729556,1230.554,0.06575516,0.151242279,600.0,25.0,17.804733824620218,39.20350565088236,0.0194,0.01672757,1.662346504,0.8125,0.3516632347435995,12.391124197786212,0.8556250000000001,3.6093749999999982,2.8794643671442657,3.6687661726672527,0.8267707564354614,D600|91|1,1279,textured,91
D600,0.002292009,0.9602317,1230.554,0.06575516,0.151242279,600.0,25.0,17.906875797672157,39.54933947246312,0.0198,0.018954653,1.663387642,0.875,0.3511961901521724,12.471862266191511,0.8556250000000001,3.6093749999999982,2.8851847618654243,3.677548992998677,0.8294287255463543,D600|91|1,1280,textured,91
D600,0.002293094,0.950227494,1230.554,0.06575516,0.151242279,600.0,25.0,17.728700924165494,38.74787410137278,0.0184,0.016395226,1.662600791,0.8125,0.3511130943542857,12.268094551718303,0.8556250000000001,3.6093749999999982,2.87518484747312,3.65707589239433,0.829901997366094,D600|91|1,1281,textured,91
D600,0.002319147,0.923375225,1230.554,0.06575516,0.151242279,600.0,25.0,17.423442193467785,37.004586082331734,0.0238,0.020400946,1.643923459,0.75,0.3491353444811146,11.797825470624325,0.8556250000000001,3.6093749999999982,2.8578165519882903,3.6110418531344126,0.8411994456563513,D600|91|1,1282,textured,91
D800,0.0023005,0.934049361,1230.554,0.06575516,0.151242279,800.0,25.0,17.48314376467095,37.560618109294595,0.0164,0.016075416,1.6463813,0.75,0.350547469539265,11.95872609999362,0.8906640625,2.733398437500001,2.8612372032939226,3.625956110788642,0.8331264906133863,D800|91|1,1283,textured,91
D800,0.002294612,0.938738464,1230.554,0.06575516,0.151242279,800.0,25.0,17.52594066649455,37.84158548891763,0.0124,0.013802637,1.645158439,0.78125,0.35099693574965063,12.036404915691312,0.8906640625,2.733398437500001,2.863682107171723,3.6334086431187385,0.8305637660388903,D800|91|1,1284,textured,91
D800,0.002293441,0.931682005,1230.554,0.06575516,0.151242279,800.0,25.0,17.385322169886336,37.2557940804371,0.0122,0.014293407,1.645998258,0.8125,0.35108653146198165,11.888326589577504,0.8906640625,2.733398437500001,2.855626296774247,3.617807478513124,0.8300533098495535,D800|91|1,1285,textured,91
D800,0.002303525,0.93965329,1230.554,0.06575516,0.151242279,800.0,25.0,17.61116281768118,38.06265205818456,0.015,0.015109464,1.660498838,0.75,0.35031722362122364,12.083251976420609,0.8906640625,2.733398437500001,2.8685329519965572,3.6392335404226497,0.8344405583846477,D800|91|1,1286,textured,91
D800,0.002302574,0.946742988,1230.554,0.06575516,0.151242279,800.0,25.0,17.736713754848214,38.62323339309505,0.0188,0.016611965,1.666612787,0.8125,0.3503895594696087,12.226421550642797,0.8906640625,2.733398437500001,2.8756367147861956,3.6538539967763257,0.8340276276102492,D800|91|1,1287,textured,91
S50,0.002300716,0.95307945,1230.6815,0.06577659,0.152918067,50.0,6.0,17.647329347308965,39.10169114595366,0.0106,0.05906811,1.678825145,0.875,0.35433885675283605,12.402920062576992,0.16000000000000003,5.04,2.870584460163328,3.666165717870659,0.8332203788377854,S50|91|1,1288,textured,91
S50,0.002311414,0.954877602,1230.6815,0.06577659,0.152918067,50.0,6.0,17.76283650860477,39.431878737707635,0.0116,0.050543088,1.665647429,0.75,0.3535179061470193,12.47505710172157,0.16000000000000003,5.04,2.8771084381335497,3.674574594172837,0.8378594584760516,S50|91|1,1289,textured,91
S50,0.002315112,0.953377027,1230.6815,0.06577659,0.152918067,50.0,6.0,17.76329635554039,39.37093138005982,0.013,0.042445968,1.668386105,0.78125,0.35323545076566965,12.45564621559323,0.16000000000000003,5.04,2.8771343259461863,3.673027761776655,0.8394580664975061,S50|91|1,1290,textured,91
S50,0.00230995,0.951734117,1230.6815,0.06577659,0.152918067,50.0,6.0,17.69314716921751,39.147873145113635,0.0104,0.058416668,1.666702835,0.84375,0.3536299146834242,12.404696309589454,0.16000000000000003,5.04,2.8731773990309075,3.667346095165803,0.8372258792778001,S50|91|1,1291,textured,91
S50,0.002308873,0.952756211,1230.6815,0.06577659,0.152918067,50.0,6.0,17.703890156541643,39.21371061615399,0.0106,0.061936836,1.672894046,0.75,0.3537123824099776,12.42254152167506,0.16000000000000003,5.04,2.87378439828653,3.669026446260604,0.836759526694244,S50|91|1,1292,textured,91
S100,0.002308054,0.942206595,1230.6815,0.06577659,0.152918067,100.0,6.0,17.501649329792233,38.336508969233776,0.0112,0.060294667,1.684319088,0.78125,0.3537751332700085,12.20059388164109,0.48999999999999994,3.06,2.8622951239051586,3.646402678939539,0.8364047452525663,S100|91|1,1293,textured,91
S100,0.002316228,0.94520975,1230.6815,0.06577659,0.152918067,100.0,6.0,17.619613303839518,38.717919288775164,0.0114,0.054082871,1.667581631,0.90625,0.35315034293972525,12.28891275764983,0.48999999999999994,3.06,2.8690126738335815,3.6563025235877973,0.8399400004611541,S100|91|1,1294,textured,91
S100,0.002317044,0.944827726,1230.6815,0.06577659,0.152918067,100.0,6.0,17.618696838049445,38.70025766748908,0.0108,0.057193841,1.661599677,0.84375,0.3530881524815855,12.283562600340218,0.48999999999999994,3.06,2.8689606585248684,3.6558462580882245,0.8402922353433006,S100|91|1,1295,textured,91
S100,0.002304431,0.945822517,1230.6815,0.06577659,0.152918067,100.0,6.0,17.54123756937869,38.57068252975505,0.012,0.047962974,1.670694196,0.84375,0.35405312465361294,12.264030780133542,0.48999999999999994,3.06,2.8645545414321307,3.6524924679348407,0.8348337913112098,S100|91|1,1296,textured,91
S100,0.002308787,0.948427084,1230.6815,0.06577659,0.152918067,100.0,6.0,17.62279091313178,38.85671488349865,0.0134,0.040499003,1.656714185,0.8125,0.3537189700643652,12.33207636116667,0.48999999999999994,3.06,2.8691930025808094,3.6598809031524207,0.8367222783909868,S100|91|1,1297,textured,91
S200,0.0023161,0.941431364,1230.6815,0.06577659,0.152918067,200.0,6.0,17.548210769463456,38.40687301039567,0.0232,0.021736591,1.656880386,0.78125,0.35316010128767455,12.210004180683805,0.7224999999999999,1.6650000000000005,2.864951994256651,3.6482364282235613,0.8398847366715293,S200|91|1,1298,textured,91
S200,0.002316572,0.939849563,1230.6815,0.06577659,0.152918067,200.0,6.0,17.522296272374543,38.28571901596411,0.0148,0.03598957,1.66193843,0.8125,0.3531241213873095,12.178685065167391,0.7224999999999999,1.6650000000000005,2.8634741426946797,3.645076955006837,0.8400885067643107,S200|91|1,1299,textured,91
S200,0.002312661,0.94010659,1230.6815,0.06577659,0.152918067,200.0,6.0,17.497497748233254,38.24199038175532,0.0122,0.045388143,1.648533727,0.71875,0.35342258386017633,12.171668324453625,0.7224999999999999,1.6650000000000005,2.8620578848907794,3.6439341365607554,0.8383988096025924,S200|91|1,1300,textured,91
S200,0.002320776,0.940114961,1230.6815,0.06577659,0.152918067,200.0,6.0,17.559051853397218,38.376862848315085,0.0214,0.022201618,1.648155468,0.8125,0.3528041407621954,12.197449971723437,0.7224999999999999,1.6650000000000005,2.8655695920679536,3.6474547480077435,0.8419016125099521,S200|91|1,1301,textured,91
S200,0.002322875,0.941386114,1230.6815,0.06577659,0.152918067,200.0,6.0,17.59869644953553,38.51551709942328,0.0172,0.030354178,1.641284712,0.71875,0.35264470401718295,12.230480873059424,0.7224999999999999,1.6650000000000005,2.867824833933832,3.6510612016377744,0.8428056426116777,S200|91|1,1302,textured,91
S400,0.002319361,0.930578773,1230.6815,0.06577659,0.152918067,400.0,6.0,17.370341817582297,37.5793229289,0.0148,0.036832544,1.649160877,0.875,0.35291174405065723,11.995700255759104,0.8556250000000001,0.8662499999999995,2.8547642586766804,3.6264539770295077,0.841291716705642,S400|91|1,1303,textured,91
S400,0.002318847,0.922402181,1230.6815,0.06577659,0.152918067,400.0,6.0,17.213900493506518,36.913655425026015,0.0168,0.032860244,1.649526937,0.71875,0.3529508554248391,11.825930944019001,0.8556250000000001,0.8662499999999995,2.8457172256544303,3.608581548307914,0.8410700793827347,S400|91|1,1304,textured,91
S400,0.002322533,0.935421156,1230.6815,0.06577659,0.152918067,400.0,6.0,17.484610173651348,38.02336832658658,0.0128,0.04497763,1.63614477,0.75,0.35267066706039,12.105652551473568,0.8556250000000001,0.8662499999999995,2.861321075365537,3.638200926681256,0.8426584004316074,S400|91|1,1305,textured,91
S400,0.002327581,0.935363694,1230.6815,0.06577659,0.152918067,400.0,6.0,17.52153638523859,38.10133021485549,0.0126,0.046101002,1.648707247,0.75,0.35228802778101115,12.120241247411386,0.8556250000000001,0.8662499999999995,2.8634307748848005,3.640249195298918,0.8448295308524708,S400|91|1,1306,textured,91
S400,0.002327496,0.934506953,1230.6815,0.06577659,0.152918067,400.0,6.0,17.50484835877806,38.030175931718865,0.0126,0.042701453,1.638026635,0.78125,0.35229446049001983,12.102218602900704,0.8556250000000001,0.8662499999999995,2.862477891631493,3.6383799480593355,0.8447930115854386,S400|91|1,1307,textured,91
S600,0.002327197,0.939084295,1230.554,0.06575516,0.151242279,600.0,6.0,17.781368793238215,38.4072437050899,0.0178,0.018213034,1.643608489,0.71875,0.3485309748858505,12.145826284706109,0.9025,0.5850000000000002,2.8781512121190906,3.648246079957125,0.8446645390952394,S600|91|1,1308,textured,91
S600,0.002326213,0.938354152,1230.554,0.06575516,0.151242279,600.0,6.0,17.760031101056033,38.331328904865074,0.0212,0.020650376,1.63892971,0.8125,0.34860468228476055,12.127642526288568,0.9025,0.5850000000000002,2.876950488748078,3.6462675488896976,0.8442416234206411,S600|91|1,1309,textured,91
S600,0.002326855,0.934799258,1230.554,0.06575516,0.151242279,600.0,6.0,17.697631306137193,38.05194639640986,0.0236,0.019486306,1.633105927,0.75,0.348556587400131,12.056210413768667,0.9025,0.5850000000000002,2.8734308061124616,3.6389522366501104,0.8445175703889958,S600|91|1,1310,textured,91
S600,0.0023304,0.933423928,1230.554,0.06575516,0.151242279,600.0,6.0,17.698516490546,37.99786265025417,0.0204,0.019625739,1.63598518,0.75,0.34829137469613974,12.038833903350955,0.9025,0.5850000000000002,2.87348082197374,3.6375299120985747,0.8460399266630878,S600|91|1,1311,textured,91
S600,0.002325999,0.934333471,1230.554,0.06575516,0.151242279,600.0,6.0,17.682305686241705,38.00005063741522,0.0144,0.03624662,1.633706334,0.78125,0.3486207183376976,12.043940952505789,0.9025,0.5850000000000002,2.8725644608243197,3.6375874922890565,0.8441496241737663,S600|91|1,1312,textured,91
S800,0.002318546,0.935909996,1230.554,0.06575516,0.151242279,800.0,6.0,17.655387994647555,38.00622419706839,0.0138,0.014701814,1.61739273,0.84375,0.3491805919651078,12.053240425057732,0.9264062500000001,0.4415624999999994,2.8710410056128186,3.6377499409731997,0.8409402650666209,S800|91|1,1313,textured,91
S800,0.00233104,0.935998901,1230.554,0.06575516,0.151242279,800.0,6.0,17.752214151418432,38.21828908989015,0.0148,0.012761101,1.624811061,0.78125,0.34824355874661517,12.094007396047575,0.9264062500000001,0.4415624999999994,2.8765102490669046,3.643314173024444,0.8463145199235486,S800|91|1,1314,textured,91
S800,0.002329034,0.933434793,1230.554,0.06575516,0.151242279,800.0,6.0,17.688348120337146,37.97647368785398,0.0154,0.012264627,1.626210849,0.71875,0.3483934977819323,12.034823489675885,0.9264062500000001,0.4415624999999994,2.87290612452029,3.636966854518971,0.8454535893357921,S800|91|1,1315,textured,91
S800,0.002331766,0.932496469,1230.554,0.06575516,0.151242279,800.0,6.0,17.69129502538257,37.944618875254946,0.0158,0.015243536,1.640387878,0.84375,0.34818934136243235,12.023927391702529,0.9264062500000001,0.4415624999999994,2.8730727121277515,3.636127698669314,0.8466259204003718,S800|91|1,1316,textured,91
S800,0.002338666,0.931829422,1230.554,0.06575516,0.151242279,800.0,6.0,17.730953232873524,38.00247459153024,0.0154,0.015875274,1.630202716,0.90625,0.3476753130310812,12.031479726347255,0.9264062500000001,0.4415624999999994,2.8753118824803474,3.6376512784358597,0.8495806813390178,S800|91|1,1317,textured,91
D50,0.00221577,1.230693944,1230.302,0.06571236,0.147945596,50.0,25.0,22.676938894826524,62.83324225731207,0.0102,0.033028105,1.790464747,1.026015228,0.3495508039674149,18.028338276061735,0.010000000000000002,24.75,3.1213485003864574,4.140484268733156,0.7955999728847005,D50|91|2,1318,textured,91
D50,0.002207266,1.191115919,1230.302,0.06571236,0.147945596,50.0,25.0,21.863434754106017,58.63101285457484,0.0104,0.038851135,1.825534745,0.932741117,0.35022351908241417,17.070256242982165,0.010000000000000002,24.75,3.0848155954790095,4.071263786190626,0.7917546456123351,D50|91|2,1319,textured,91
D50,0.002210298,1.195276278,1230.302,0.06571236,0.147945596,50.0,25.0,21.96993739453984,59.12240562663865,0.0104,0.034569861,1.828657725,0.994923858,0.3499832252124521,17.179897523440484,0.010000000000000002,24.75,3.089675036803922,4.07960996638448,0.7931273480683054,D50|91|2,1320,textured,91
D50,0.002208783,1.190632172,1230.302,0.06571236,0.147945596,50.0,25.0,21.869575476038115,58.62366192711456,0.0104,0.038394634,1.818651128,1.150380711,0.3501032310476471,17.066198868169657,0.010000000000000002,24.75,3.0850964232537335,4.071138402234999,0.7924416851174095,D50|91|2,1321,textured,91
D50,0.002208783,1.190632172,1230.302,0.06571236,0.147945596,50.0,25.0,21.869575476038115,58.62366192711456,0.0104,0.038352988,1.818651128,1.150380711,0.3501032310476471,17.066198868169657,0.010000000000000002,24.75,3.0850964232537335,4.071138402234999,0.7924416851174095,D50|91|2,1322,textured,91
D100,0.002284732,1.227927443,1230.302,0.06571236,0.147945596,100.0,25.0,23.33015683297794,64.49786527860664,0.0128,0.023139054,1.73642222,0.932741117,0.3442349897838583,18.29693214500819,0.30250000000000005,17.4375,3.149746808384423,4.166632126798316,0.826248730815472,D100|91|2,1323,textured,91
D100,0.002283568,1.232559477,1230.302,0.06571236,0.147945596,100.0,25.0,23.406232899305987,64.95227757062388,0.0138,0.021478873,1.748199464,1.08819797,0.344322711822437,18.40186225452591,0.30250000000000005,17.4375,3.1530023501134763,4.1736528090241,0.8257391320477949,D100|91|2,1324,textured,91
D100,0.002288306,1.228645679,1230.302,0.06571236,0.147945596,100.0,25.0,23.380319692300397,64.67435107643529,0.0146,0.019987612,1.739144831,0.994923858,0.3439660623295227,18.331242462008746,0.30250000000000005,17.4375,3.151894629701524,4.169364694414261,0.8278118058337278,D100|91|2,1325,textured,91
D100,0.00228822,1.22396409,1230.302,0.06571236,0.147945596,100.0,25.0,23.290356790719063,64.18001212632375,0.0134,0.023403681,1.750080305,0.932741117,0.34397252604442413,18.21920146201473,0.30250000000000005,17.4375,3.14803940326019,4.161691824624101,0.8277742227412205,D100|91|2,1326,textured,91
D100,0.002287919,1.235450228,1230.302,0.06571236,0.147945596,100.0,25.0,23.505829791484043,65.38164118878372,0.0138,0.021666297,1.750310728,0.963832487,0.3439951519165064,18.49207231337057,0.30250000000000005,17.4375,3.157248466617656,4.180241503287274,0.8276426707929802,D100|91|2,1327,textured,91
D200,0.002301136,1.204006109,1230.302,0.06571236,0.147945596,200.0,25.0,23.039904017968052,62.45458587774466,0.0122,0.026383251,1.734852865,0.932741117,0.34300582940890734,17.80623360808506,0.6006250000000001,9.984374999999998,3.13722766993221,4.134439666665678,0.8334029140436835,D200|91|2,1328,textured,91
D200,0.002300665,1.206564146,1230.302,0.06571236,0.147945596,200.0,25.0,23.084128843871156,62.70741272795142,0.0124,0.025407388,1.74061346,1.08819797,0.34304093827480847,17.86460781680497,0.6006250000000001,9.984374999999998,3.1391453183558933,4.138479665976991,0.8331982115797375,D200|91|2,1329,textured,91
D200,0.002303659,1.208871257,1230.302,0.06571236,0.147945596,200.0,25.0,23.158367036256536,63.02936929237462,0.012,0.026332199,1.743749892,0.994923858,0.3428179455276458,17.93328243132509,0.6006250000000001,9.984374999999998,3.1423561422853377,4.143600797007789,0.8344987284078279,D200|91|2,1330,textured,91
D200,0.002305411,1.210156146,1230.302,0.06571236,0.147945596,200.0,25.0,23.20061301162476,63.21146385038576,0.0124,0.025668648,1.742424891,1.057106599,0.342687658304703,17.971985677009055,0.6006250000000001,9.984374999999998,3.1441787012380455,4.146485674741378,0.8352589685796555,D200|91|2,1331,textured,91
D200,0.002302077,1.191110012,1230.302,0.06571236,0.147945596,200.0,25.0,22.802444600984344,61.1488454319596,0.0118,0.02830908,1.73414359,0.963832487,0.34293571848819665,17.506353658148413,0.6006250000000001,9.984374999999998,3.126867749554231,4.113310981038493,0.8338117589149106,D200|91|2,1332,textured,91
D400,0.002300622,1.209028268,1230.302,0.06571236,0.147945596,400.0,25.0,23.13084039001995,62.96262759057321,0.013,0.025180917,1.740645841,1.057106599,0.3430441440798953,17.922817360303217,0.78765625,5.308593750000002,3.141166808917504,4.142541337523132,0.8331795211568184,D400|91|2,1333,textured,91
D400,0.002300408,1.205377782,1230.302,0.06571236,0.147945596,400.0,25.0,23.05885506719189,62.57716712904089,0.0142,0.021098001,1.746214007,1.181472081,0.3430600998885174,17.83531577210661,0.78765625,5.308593750000002,3.1380498634431633,4.136400469223794,0.8330864985074748,D400|91|2,1334,textured,91
D400,0.002303018,1.205915664,1230.302,0.06571236,0.147945596,400.0,25.0,23.09531856131847,62.70409012452272,0.014,0.021348694,1.738835295,1.057106599,0.34286565054225915,17.860198754086582,0.78765625,5.308593750000002,3.1396299373063163,4.138426678757256,0.8342204367003185,D400|91|2,1335,textured,91
D400,0.002296381,1.208752527,1230.302,0.06571236,0.147945596,400.0,25.0,23.082934976723283,62.817898023058746,0.0134,0.023047291,1.749276228,1.11928934,0.3433607681774095,17.896454017952887,0.78765625,5.308593750000002,3.1390935989243616,4.140240033236441,0.8313344054572246,D400|91|2,1336,textured,91
D400,0.002284646,1.235683353,1230.302,0.06571236,0.147945596,400.0,25.0,23.476632467218252,65.31275056843859,0.0132,0.022559605,1.769148943,1.150380711,0.3442414686717324,18.48177392590037,0.78765625,5.308593750000002,3.1560055633460604,4.179187278606333,0.8262110889307296,D400|91|2,1337,textured,91
D600,0.00229968,1.208115296,1230.302,0.06571236,0.147945596,600.0,25.0,23.10390975298672,62.84183230291864,0.0116,0.006628923,1.730542783,1.057106599,0.34311439613635375,17.896769622711453,0.8556250000000001,3.6093749999999982,3.1400018565820598,4.140620971188277,0.8327699828207846,D600|91|2,1338,textured,91
D600,0.002301478,1.208977592,1230.302,0.06571236,0.147945596,600.0,25.0,23.138476876063315,62.980774336131134,0.0156,0.011568431,1.74540229,0.963832487,0.34298034310141745,17.925616004539304,0.8556250000000001,3.6093749999999982,3.141496897475707,4.142829510550157,0.8335515252461999,D600|91|2,1339,textured,91
D600,0.002292347,1.189753169,1230.302,0.06571236,0.147945596,600.0,25.0,22.680201952443557,60.75174607533286,0.0252,0.01132102,1.757779863,1.057106599,0.34366275310878236,17.430104771295728,0.8556250000000001,3.6093749999999982,3.1214923832486354,4.106795823788403,0.8295761835538096,D600|91|2,1340,textured,91
D600,0.002304685,1.21378208,1230.302,0.06571236,0.147945596,600.0,25.0,23.262799891804303,63.570800941007874,0.0246,0.011461672,1.748370119,1.08819797,0.34274162916190265,18.054808619532487,0.8556250000000001,3.6093749999999982,3.1468555135265106,4.152154260224112,0.8349440076738517,D600|91|2,1341,textured,91
D600,0.002293206,1.193048959,1230.302,0.06571236,0.147945596,600.0,25.0,22.751551807886358,61.11168618693955,0.0182,0.011610745,1.746275065,0.963832487,0.34359838166656476,17.511359233540077,0.8556250000000001,3.6093749999999982,3.124633354406336,4.112703111177758,0.8299508384798556,D600|91|2,1342,textured,91
D800,0.002328106,1.185423078,1230.302,0.06571236,0.147945596,800.0,25.0,22.950165212653705,61.25113929242188,0.0124,0.008799339,1.725438872,1.026015228,0.34101326221907186,17.490404142571535,0.8906640625,2.733398437500001,3.133325135289083,4.114982449944447,0.84505506147866,D800|91|2,1343,textured,91
D800,0.002321329,1.177292276,1230.302,0.06571236,0.147945596,800.0,25.0,22.726401762809743,60.237917819110706,0.014,0.008691859,1.725118598,0.932741117,0.34151068472796425,17.268621861024776,0.8906640625,2.733398437500001,3.123527321893181,4.098302018138464,0.8421398664928396,D800|91|2,1344,textured,91
D800,0.002321499,1.188620211,1230.302,0.06571236,0.147945596,800.0,25.0,22.946756112609545,61.407213038118215,0.0156,0.008569162,1.72499252,1.08819797,0.3414981803333259,17.536013352167252,0.8906640625,2.733398437500001,3.133176580660494,4.11752730444416,0.8422130977217698,D800|91|2,1345,textured,91
D800,0.002322729,1.185788357,1230.302,0.06571236,0.147945596,800.0,25.0,22.904215031658662,61.14734024699256,0.0158,0.010198101,1.729433568,1.181472081,0.34140774826292564,17.474767497703795,0.8906640625,2.733398437500001,3.1313209561406126,4.1132863656351795,0.8427427874909881,D800|91|2,1346,textured,91
D800,0.002295952,1.203772401,1230.302,0.06571236,0.147945596,800.0,25.0,22.98353754441135,62.28969918294541,0.0134,0.009044988,1.738769491,1.057106599,0.3433928452611933,17.77663206842833,0.8906640625,2.733398437500001,3.1347782007127876,4.131796069955074,0.8311475723154431,D800|91|2,1347,textured,91
S50,0.002304343,1.199519381,1230.302,0.06571236,0.147945596,50.0,6.0,22.986035953851836,62.076372144947214,0.0116,0.03196491,1.748629463,1.026015228,0.34276706228715154,17.71498118348736,0.16000000000000003,5.04,3.1348868991083925,4.12836543578057,0.8347956032811563,S50|91|2,1348,textured,91
S50,0.002301264,1.197821651,1230.302,0.06571236,0.147945596,50.0,6.0,22.922833013002222,61.818067795025804,0.0114,0.033404183,1.756372992,1.057106599,0.34299629000867027,17.660708008114536,0.16000000000000003,5.04,3.132133488614872,4.124195680877851,0.8334585371968353,S50|91|2,1349,textured,91
S50,0.002314703,1.193396619,1230.302,0.06571236,0.147945596,50.0,6.0,22.971521743644114,61.72051568201853,0.0146,0.023060877,1.740802984,0.932741117,0.3419991345893589,17.617879677983236,0.16000000000000003,5.04,3.134255263685735,4.122616382645061,0.839281385571351,S50|91|2,1350,textured,91
S50,0.002315256,1.196628586,1230.302,0.06571236,0.147945596,50.0,6.0,23.03923634923164,62.07009790118253,0.0114,0.031975448,1.745758805,0.932741117,0.34195828882198864,17.696818566336063,0.16000000000000003,5.04,3.1371986907137983,4.128264357694859,0.8395202645776788,S50|91|2,1351,textured,91
S50,0.002313724,1.194854507,1230.302,0.06571236,0.147945596,50.0,6.0,22.989856784229037,61.845238530054964,0.0116,0.031714219,1.741539263,0.901649746,0.34207148153797434,17.64784832491166,0.16000000000000003,5.04,3.1350531092745664,4.124635111720739,0.838858347673335,S50|91|2,1352,textured,91
S100,0.002305966,1.191925533,1230.302,0.06571236,0.147945596,100.0,6.0,22.856604369422026,61.33605097773925,0.0162,0.019350497,1.731218987,1.026015228,0.3426464167825881,17.54329340222659,0.48999999999999994,3.06,3.1292401070632136,4.116367777378904,0.8354996775924646,S100|91|2,1353,textured,91
S100,0.002313554,1.187802079,1230.302,0.06571236,0.147945596,100.0,6.0,22.852483815677125,61.11284023043185,0.013,0.026827277,1.730916374,0.932741117,0.34208404901719586,17.480711450606798,0.48999999999999994,3.06,3.1290598123376054,4.112721995169804,0.8387848703503488,S100|91|2,1354,textured,91
S100,0.002317891,1.192681855,1230.302,0.06571236,0.147945596,100.0,6.0,22.9893826794462,61.73150977097707,0.0114,0.032804538,1.738408547,1.181472081,0.3417638628718303,17.615540564750955,0.48999999999999994,3.06,3.135032486715847,4.122794493760651,0.8406577205159853,S100|91|2,1355,textured,91
S100,0.002318018,1.186786194,1230.302,0.06571236,0.147945596,100.0,6.0,22.876995028084288,61.126065188800425,0.013,0.026375199,1.716852321,0.994923858,0.3417545004326457,17.476998507117692,0.48999999999999994,3.06,3.130131821701118,4.112938374044841,0.8407125102023367,S100|91|2,1356,textured,91
S100,0.002316064,1.179614113,1230.302,0.06571236,0.147945596,100.0,6.0,22.71957506123859,60.33858774124365,0.0124,0.027829235,1.718301381,0.901649746,0.34189863451195845,17.299560080100903,0.48999999999999994,3.06,3.1232268903874867,4.099971828439506,0.839869193180409,S100|91|2,1357,textured,91
S200,0.002327345,1.186058524,1230.302,0.06571236,0.147945596,200.0,6.0,22.954961787846063,61.296781288939584,0.0224,0.012690133,1.720659702,0.901649746,0.3410690102672019,17.50197424951245,0.7224999999999999,1.6650000000000005,3.133534113044869,4.11572733404222,0.8447281328924595,S200|91|2,1358,textured,91
S200,0.002329924,1.191356283,1230.302,0.06571236,0.147945596,200.0,6.0,23.083045242404182,61.91412495244801,0.0222,0.011594467,1.729430345,0.963832487,0.34088019283689724,17.638940619332658,0.7224999999999999,1.6650000000000005,3.1390983758479916,4.125748343521046,0.8458356490198788,S200|91|2,1359,textured,91
S200,0.002329924,1.195805482,1230.302,0.06571236,0.147945596,200.0,6.0,23.169250404768242,62.37743327424053,0.0158,0.020154057,1.724092597,1.026015228,0.34088019283689724,17.74445671394834,0.7224999999999999,1.6650000000000005,3.1428259859471996,4.133203563719462,0.8458356490198788,S200|91|2,1360,textured,91
S200,0.002326837,1.185323865,1230.302,0.06571236,0.147945596,200.0,6.0,22.935735828179887,61.207505918025575,0.022,0.013313043,1.726380004,1.026015228,0.34110623969097725,17.482342008351182,0.7224999999999999,1.6650000000000005,3.132696210733952,4.114269827717282,0.8445098345955654,S200|91|2,1361,textured,91
S200,0.002327218,1.187994844,1230.302,0.06571236,0.147945596,200.0,6.0,22.99118263529885,61.49373105470402,0.0208,0.012423893,1.731441458,0.963832487,0.34107831648032144,17.54713912931872,0.7224999999999999,1.6650000000000005,3.135110778743848,4.118935235546989,0.8446735627856495,S200|91|2,1362,textured,91
S400,0.002325101,1.182271524,1230.302,0.06571236,0.147945596,400.0,6.0,22.85960598896535,60.84724886544799,0.0144,0.022371275,1.722319891,0.963832487,0.3412335567282877,17.402572458104625,0.8556250000000001,0.8662499999999995,3.1293714223898386,4.1083666066686115,0.8437634789560079,S400|91|2,1363,textured,91
S400,0.002323873,1.182210238,1230.302,0.06571236,0.147945596,400.0,6.0,22.84634834966706,60.808807602384846,0.019,0.012336624,1.723230333,0.994923858,0.34132370353597313,17.395614294178138,0.8556250000000001,0.8662499999999995,3.128791294926713,4.107734640361982,0.8432351903363856,S400|91|2,1364,textured,91
S400,0.002320778,1.180450651,1230.302,0.06571236,0.147945596,400.0,6.0,22.781962002016247,60.5471821726069,0.0144,0.022800153,1.725528541,1.026015228,0.3415512231206112,17.340335139182255,0.8556250000000001,0.8662499999999995,3.1259690825813355,4.103422931717317,0.8419024742902954,S400|91|2,1365,textured,91
S400,0.00232116,1.186711807,1230.302,0.06571236,0.147945596,400.0,6.0,22.906568211403627,61.2012468031949,0.0186,0.011008385,1.709170995,1.026015228,0.34152311692893644,17.489454259720915,0.8556250000000001,0.8662499999999995,3.1314236908934565,4.1141675619119855,0.8420670607198696,S400|91|2,1366,textured,91
S400,0.002324,1.181567684,1230.302,0.06571236,0.147945596,400.0,6.0,22.83517879764099,60.746043652127604,0.0154,0.022149073,1.723136082,0.963832487,0.341314377223026,17.381058901099724,0.8556250000000001,0.8662499999999995,3.1283022765883963,4.1067019550320705,0.8432898389896649,S400|91|2,1367,textured,91
S600,0.00231891,1.18809399,1230.302,0.06571236,0.147945596,600.0,6.0,22.911017691449096,61.28443077986437,0.0208,0.013249642,1.737644411,0.932741117,0.34168876387199604,17.511865153649005,0.9025,0.5850000000000002,3.1316179167555043,4.1155258266675006,0.8410972476884494,S600|91|2,1368,textured,91
S600,0.00232311,1.189482865,1230.302,0.06571236,0.147945596,600.0,6.0,22.979345386043896,61.53905458413553,0.0132,0.007845277,1.729149565,0.994923858,0.34137975094773265,17.563689825055086,0.9025,0.5850000000000002,3.134595785767867,4.1196720071521575,0.8429068052285181,S600|91|2,1369,textured,91
S600,0.002324,1.18875439,1230.302,0.06571236,0.147945596,600.0,6.0,22.974070304829567,61.48724812023177,0.0142,0.009084211,1.723136082,0.870558376,0.34131437722302604,17.550515538800127,0.9025,0.5850000000000002,3.134366201909597,4.118829805674471,0.8432898389896649,S600|91|2,1370,textured,91
S600,0.002323873,1.187309506,1230.302,0.06571236,0.147945596,600.0,6.0,22.944892288225233,61.334516375609084,0.0174,0.012418829,1.744636921,0.963832487,0.341323703535973,17.515822513944954,0.9025,0.5850000000000002,3.1330953534895256,4.116342757487607,0.8432351903363856,S600|91|2,1371,textured,91
S600,0.002322686,1.185879015,1230.302,0.06571236,0.147945596,600.0,6.0,22.905542094007977,61.155558318928456,0.0136,0.024141858,1.740173895,1.026015228,0.3414109084975054,17.476711038321362,0.9025,0.5850000000000002,3.1313788941185874,4.11342075446888,0.8427242746132361,S600|91|2,1372,textured,91
S800,0.002327345,1.185014967,1230.302,0.06571236,0.147945596,800.0,6.0,22.93476479876525,61.18896444303889,0.0128,0.008754425,1.726003366,1.057106599,0.3410690102672018,17.47734209406908,0.9264062500000001,0.4415624999999994,3.132653872874042,4.113966853700566,0.8447281328924595,S800|91|2,1373,textured,91
S800,0.002328233,1.179656579,1230.302,0.06571236,0.147945596,800.0,6.0,22.83976982994651,60.6599843673776,0.0148,0.007767828,1.725344844,0.963832487,0.3410039613297459,17.35503943654224,0.9264062500000001,0.4415624999999994,3.1285033072390673,4.105284244551493,0.8451096107715838,S800|91|2,1374,textured,91
S800,0.002327726,1.176526143,1230.302,0.06571236,0.147945596,800.0,6.0,22.77419986519919,60.32532724810992,0.015,0.011097222,1.72037826,0.994923858,0.34104109619768513,17.27915241469534,0.9264062500000001,0.4415624999999994,3.1256283103751605,4.099752036247478,0.8448918253477844,S800|91|2,1375,textured,91
S800,0.002330262,1.183784054,1230.302,0.06571236,0.147945596,800.0,6.0,22.93965737081494,61.13844511861275,0.0168,0.011126979,1.718505501,0.901649746,0.34085546993374277,17.461422418577982,0.9264062500000001,0.4415624999999994,3.1328671757054174,4.113140884647852,0.8459807076079233,S800|91|2,1376,textured,91
S800,0.002328698,1.173228708,1230.302,0.06571236,0.147945596,800.0,6.0,22.71985418345901,60.01270437778247,0.0256,0.011333383,1.741021878,0.994923858,0.34096991338566707,17.20604213580196,0.9264062500000001,0.4415624999999994,3.123239175850798,4.094556279438137,0.8453093131083997,S800|91|2,1377,textured,91
D50,0.002191885,1.466147348,1230.745625,0.065787313,0.153762912,50.0,25.0,25.722435637865633,88.14529894054218,0.0104,0.02606354,1.890935262,1.342038217,0.36499548165837076,24.04774285485797,0.010000000000000002,24.75,3.247363593092111,4.478986577195364,0.7847619042058618,D50|91|3,1378,textured,91
D50,0.002145402,1.417901089,1230.745625,0.065787313,0.153762912,50.0,25.0,24.348450169833267,80.6912987032873,0.0104,0.025548989,1.90281035,1.185987261,0.3689283504213259,22.50288373334148,0.010000000000000002,24.75,3.1924681994468465,4.3906307467028505,0.7633269474078477,D50|91|3,1379,textured,91
D50,0.002173795,1.423193208,1230.745625,0.065787313,0.153762912,50.0,25.0,24.762765981750388,82.37064420165703,0.01,0.027752272,1.900928922,1.279617834,0.36651105426541003,22.816698367551677,0.010000000000000002,24.75,3.209341153279466,4.411229113751238,0.7764744880246981,D50|91|3,1380,textured,91
D50,0.002173932,1.417973499,1230.745625,0.065787313,0.153762912,50.0,25.0,24.673500874433223,81.77269966957391,0.0102,0.027970199,1.912294445,1.217197452,0.36649950542084125,22.683811302243754,0.010000000000000002,24.75,3.2057298286383626,4.403943443032753,0.7765375094609773,D50|91|3,1381,textured,91
D50,0.002175802,1.416218457,1230.745625,0.065787313,0.153762912,50.0,25.0,24.66415989174824,81.64056917908027,0.0102,0.027319347,1.90491284,1.123566879,0.3663419769793997,22.650588646266513,0.010000000000000002,24.75,3.205351173361581,4.402326309733611,0.7773973322065553,D50|91|3,1382,textured,91
D100,0.0022386,1.418175503,1230.745625,0.065787313,0.153762912,100.0,25.0,25.4110835516473,84.2291872444684,0.0134,0.017862575,1.840321892,1.092356688,0.361167049158918,23.09156333861693,0.30250000000000005,17.4375,3.2351854391480965,4.433541503040168,0.80585067047303,D100|91|3,1383,textured,91
D100,0.002241656,1.419485266,1230.745625,0.065787313,0.153762912,100.0,25.0,25.469273780660533,84.50003668239628,0.011,0.02544654,1.871227712,1.217197452,0.36092077967547853,23.14463161902759,0.30250000000000005,17.4375,3.237472775850694,4.4367519684742325,0.8072148784441597,D100|91|3,1384,textured,91
D100,0.002261662,1.423322854,1230.745625,0.065787313,0.153762912,100.0,25.0,25.76604906183183,85.71576368226728,0.015,0.014317976,1.871235522,1.248407643,0.3593209340926779,23.36907740384136,0.30250000000000005,17.4375,3.2490576974982286,4.45103674897196,0.8160999412415019,D100|91|3,1385,textured,91
D100,0.002287442,1.463749033,1230.745625,0.065787313,0.153762912,100.0,25.0,26.799915062260435,91.68736366493924,0.012,0.020675669,1.850146182,1.279617834,0.3572903816970194,24.6068554678842,0.30250000000000005,17.4375,3.2883987181931484,4.518384568948467,0.8274341626548344,D100|91|3,1386,textured,91
D100,0.002268364,1.419696607,1230.745625,0.065787313,0.153762912,100.0,25.0,25.776562241625584,85.53226780725963,0.0122,0.019800335,1.86020318,1.123566879,0.35878972519099794,23.315245280209073,0.30250000000000005,17.4375,3.249465638798589,4.448893705999272,0.8190588668149097,D100|91|3,1387,textured,91
D200,0.002296619,1.419154862,1230.745625,0.065787313,0.153762912,200.0,25.0,26.087679380547975,86.53159010328427,0.0128,0.01834521,1.815573851,1.310828025,0.3565758234997192,23.474724552604947,0.6006250000000001,9.984374999999998,3.2614631484907655,4.460509550773441,0.8314380414250944,D200|91|3,1388,textured,91
D200,0.002307136,1.421733728,1230.745625,0.065787313,0.153762912,200.0,25.0,26.254766954112103,87.24406260106457,0.0234,0.008993501,1.818119597,1.342038217,0.3557621758888334,23.60764216180183,0.6006250000000001,9.984374999999998,3.2678475708025556,4.468709508349404,0.8360069284727124,D200|91|3,1389,textured,91
D200,0.002323976,1.438118265,1230.745625,0.065787313,0.153762912,200.0,25.0,26.75118016722997,89.91807381711479,0.0126,0.018414293,1.831804801,1.092356688,0.35447087003939126,24.14959303816741,0.6006250000000001,9.984374999999998,3.2865785907699476,4.498898964842935,0.8432795119139656,D200|91|3,1390,textured,91
D200,0.002320472,1.421107562,1230.745625,0.065787313,0.153762912,200.0,25.0,26.39489801144642,87.67108580162596,0.013,0.018468488,1.845330448,1.248407643,0.3547384012551824,23.6727324654189,0.6006250000000001,9.984374999999998,3.2731707343335215,4.473592150622761,0.8417706132612868,D200|91|3,1391,textured,91
D200,0.002310617,1.437494022,1230.745625,0.065787313,0.153762912,200.0,25.0,26.58586021924464,89.32359853470584,0.0134,0.016189488,1.809977806,1.310828025,0.35549409275155075,24.04949294060961,0.6006250000000001,9.984374999999998,3.2803795037487693,4.4922657142784805,0.837514588436063,D200|91|3,1392,textured,91
D400,0.002309328,1.440648455,1230.617625,0.065765873,0.152077865,400.0,25.0,26.921593539149846,89.68590570030157,0.0132,0.016664075,1.832611478,1.279617834,0.3517720552113252,24.02613389674691,0.78765625,5.308593750000002,3.292928698386729,4.496313629632057,0.8369565731205353,D400|91|3,1393,textured,91
D400,0.002310531,1.440525588,1230.617625,0.065765873,0.152077865,400.0,25.0,26.93332059704066,89.71732064488846,0.0138,0.016234837,1.826254441,1.061146497,0.35168046655049967,24.03036320047803,0.78765625,5.308593750000002,3.2933642039766746,4.496663845685001,0.8374773682474822,D400|91|3,1394,textured,91
D400,0.002298908,1.427750685,1230.617625,0.065765873,0.152077865,400.0,25.0,26.5601848152075,87.68976118382294,0.0142,0.015218153,1.824627321,1.15477707,0.3525683725699263,23.618725036475023,0.78765625,5.308593750000002,3.27941328298792,4.473805144373517,0.8324342275814579,D400|91|3,1395,textured,91
D400,0.00231242,1.421497014,1230.617625,0.065765873,0.152077865,400.0,25.0,26.59927457470287,87.43416396610777,0.0148,0.014876128,1.81936414,1.15477707,0.35153679452568043,23.53603193765614,0.78765625,5.308593750000002,3.2808839437880644,4.470886098343821,0.8382945952114418,D400|91|3,1396,textured,91
D400,0.002305588,1.421884312,1230.617625,0.065765873,0.152077865,400.0,25.0,26.527913303460977,87.22335137951332,0.0138,0.016698475,1.830170268,1.15477707,0.3520572523896311,23.50452796100399,0.78765625,5.308593750000002,3.278197510833136,4.468472086114775,0.8353357415306307,D400|91|3,1397,textured,91
D600,0.002321968,1.423488188,1230.617625,0.065765873,0.152077865,600.0,25.0,26.74651618724308,88.0413122550071,0.0174,0.006045071,1.806505961,1.342038217,0.35081328522115046,23.64719421870246,0.8556250000000001,3.6093749999999982,3.2864042288696598,4.4778061617608,0.8424151019576543,D600|91|3,1398,textured,91
D600,0.002325342,1.429821971,1230.617625,0.065765873,0.152077865,600.0,25.0,26.904561985852773,88.9556033534535,0.0226,0.008718795,1.814622772,1.092356688,0.3505586831682233,23.83652483989538,0.8556250000000001,3.6093749999999982,3.292295862781089,4.4881374065454684,0.8438671249958435,D600|91|3,1399,textured,91
D600,0.002334455,1.439321157,1230.617625,0.065765873,0.152077865,600.0,25.0,27.189444820548047,90.49476707442062,0.0202,0.007724526,1.828929893,1.310828025,0.3498737770325049,24.147008255966078,0.8556250000000001,3.6093749999999982,3.302828839919848,4.505292026652009,0.8477784591668212,D600|91|3,1400,textured,91
D600,0.002312677,1.443754779,1230.617625,0.065765873,0.152077865,600.0,25.0,27.018767861083752,90.20370836842879,0.0224,0.008813008,1.835355942,1.43566879,0.35151726143345324,24.13004746665481,0.8556250000000001,3.6093749999999982,3.2965317304961355,4.5020705389555,0.838405728015906,D600|91|3,1401,textured,91
D600,0.002297613,1.43224441,1230.617625,0.065765873,0.152077865,600.0,25.0,26.62877202646912,88.19291409678658,0.0156,0.006229064,1.83108934,1.466878981,0.3526677173520529,23.729754057829794,0.8556250000000001,3.6093749999999982,3.2819922863506563,4.479526620746691,0.8318707579337556,D600|91|3,1402,textured,91
D800,0.002326152,1.419444754,1230.617625,0.065765873,0.152077865,800.0,25.0,26.718600588239045,87.69960136992755,0.0144,0.006096392,1.797889951,1.185987261,0.3504976430348243,23.5652545968905,0.8906640625,2.733398437500001,3.285359974102275,4.473917353984997,0.8442154001986869,D800|91|3,1403,textured,91
D800,0.002327474,1.438184203,1230.617625,0.065765873,0.152077865,800.0,25.0,27.086723609839378,90.08166564508933,0.0158,0.005196257,1.807596419,1.279617834,0.3503980879593769,24.073199633098174,0.8906640625,2.733398437500001,3.299043704147668,4.500716654951883,0.8447835593225883,D800|91|3,1404,textured,91
D800,0.002326493,1.425279966,1230.617625,0.065765873,0.152077865,800.0,25.0,26.83237128407364,88.43509624371585,0.017,0.005761873,1.824456516,1.15477707,0.35047195542773235,23.722531441367384,0.8906640625,2.733398437500001,3.2896090423462403,4.4822689071850945,0.8443619834865201,D800|91|3,1405,textured,91
D800,0.00233764,1.440049798,1230.617625,0.065765873,0.152077865,800.0,25.0,27.24032372634089,90.71000533303737,0.0188,0.006386131,1.815756719,1.342038217,0.3496353468616236,24.18634740731834,0.8906640625,2.733398437500001,3.3046983654376,4.507667663419017,0.8491418734353166,D800|91|3,1406,textured,91
D800,0.002335899,1.442798743,1230.617625,0.065765873,0.152077865,800.0,25.0,27.271996966983107,90.9888367116292,0.0164,0.005138159,1.801076604,1.248407643,0.349765618281479,24.249418944489847,0.8906640625,2.733398437500001,3.305860423622011,4.510736825493261,0.8483968277298949,D800|91|3,1407,textured,91
S50,0.002299037,1.423328682,1230.745625,0.065787313,0.153762912,50.0,6.0,26.191952065245527,87.13296947266204,0.0128,0.018412719,1.802804034,1.279617834,0.35638826080190716,23.600182862382436,0.16000000000000003,5.04,3.2654521904975047,4.4674353366065835,0.8324903396054311,S50|91|3,1408,textured,91
S50,0.002311476,1.431053727,1230.745625,0.065787313,0.153762912,50.0,6.0,26.476588950631605,88.55792229233032,0.013,0.018036765,1.809305451,1.310828025,0.35542803154183017,23.88265502809358,0.16000000000000003,5.04,3.2762609067075448,4.4836568271081205,0.8378862815239733,S50|91|3,1409,textured,91
S50,0.00230748,1.42084016,1230.745625,0.065787313,0.153762912,50.0,6.0,26.24217787275164,87.14742222346582,0.0124,0.019865912,1.812438275,1.217197452,0.3557356563198573,23.58601636186471,0.16000000000000003,5.04,3.267367958831105,4.4676011929108554,0.8361560199683592,S50|91|3,1410,textured,91
S50,0.002312248,1.420646935,1230.745625,0.065787313,0.153762912,50.0,6.0,26.292826560524052,87.30374665867883,0.0116,0.021913516,1.830297402,1.217197452,0.3553686924598745,23.610107870298144,0.16000000000000003,5.04,3.2692961476267874,4.469393378977095,0.8382202114934844,S50|91|3,1411,textured,91
S50,0.002299167,1.424511402,1230.745625,0.065787313,0.153762912,50.0,6.0,26.215198625862705,87.28277169602738,0.0134,0.017042123,1.808132345,1.185987261,0.35637818516824726,23.632369476992764,0.16000000000000003,5.04,3.2663393427977265,4.469153097391208,0.8325468834212492,S50|91|3,1412,textured,91
S100,0.002302315,1.420599891,1230.745625,0.065787313,0.153762912,100.0,6.0,26.179010390702977,86.92294841881044,0.012,0.021779389,1.838194388,1.373248408,0.3561344604214414,23.54795292486545,0.48999999999999994,3.06,3.264957959564977,4.465022075876089,0.8339151384708702,S100|91|3,1413,textured,91
S100,0.002208076,1.419982493,1230.745625,0.065787313,0.153762912,100.0,6.0,25.096532044066315,83.29254831246736,0.0122,0.018466761,1.797916352,1.342038217,0.36365483146196514,22.948836102483238,0.48999999999999994,3.06,3.222729671016949,4.4223590891385625,0.7921215481123393,S100|91|3,1414,textured,91
S100,0.002299382,1.417875955,1230.745625,0.065787313,0.153762912,100.0,6.0,26.095526909377348,86.47961641234143,0.0126,0.019981275,1.840538585,1.123566879,0.35636152349546246,23.457802552814613,0.48999999999999994,3.06,3.2617639168584636,4.459908737756146,0.8326403911777857,S100|91|3,1415,textured,91
S100,0.002303823,1.418944571,1230.745625,0.065787313,0.153762912,100.0,6.0,26.165633011795997,86.7772979812797,0.0128,0.019367355,1.826153596,1.217197452,0.35601788491224706,23.513302161281334,0.48999999999999994,3.06,3.2644468326060885,4.463345043463236,0.8345699169659467,S100|91|3,1416,textured,91
S100,0.002309543,1.419903764,1230.745625,0.065787313,0.153762912,100.0,6.0,26.248329454660936,87.11040352080948,0.0118,0.023037719,1.827035596,1.342038217,0.3555767403314017,23.573787161992247,0.48999999999999994,3.06,3.267602347190093,4.467176320133348,0.8370496694638431,S100|91|3,1417,textured,91
S200,0.002304124,1.430498089,1230.745625,0.065787313,0.153762912,200.0,6.0,26.382128724804243,88.20771331583076,0.013,0.018367455,1.809660246,1.15477707,0.3559946298957303,23.822241861664445,0.7224999999999999,1.6650000000000005,3.272686838681152,4.479694411749433,0.8347005608298749,S200|91|3,1418,textured,91
S200,0.002296057,1.426519752,1230.745625,0.065787313,0.153762912,200.0,6.0,26.216647827130043,87.41065934879151,0.0136,0.016922628,1.810580824,1.342038217,0.35661945990589883,23.666472564668503,0.7224999999999999,1.6650000000000005,3.266394622226766,4.4706172357374,0.8311933039331374,S200|91|3,1419,textured,91
S200,0.002309028,1.429436279,1230.745625,0.065787313,0.153762912,200.0,6.0,26.41865509686485,88.26427371791966,0.0216,0.008832041,1.827443553,1.310828025,0.35561639160709785,23.824328568918137,0.7224999999999999,1.6650000000000005,3.2740703930621096,4.480335424580719,0.8368266567605052,S200|91|3,1420,textured,91
S200,0.002318633,1.428763376,1230.745625,0.065787313,0.153762912,200.0,6.0,26.51606209666984,88.54800548459897,0.0168,0.014617824,1.819873108,1.248407643,0.35487905193539826,23.865754691306137,0.7224999999999999,1.6650000000000005,3.277750666233012,4.483544839803503,0.8409777878795252,S200|91|3,1421,textured,91
S200,0.002323848,1.426672723,1230.745625,0.065787313,0.153762912,200.0,6.0,26.536814056870835,88.4876345890413,0.014,0.016385605,1.82116145,1.217197452,0.35448063221974774,23.842021394574573,0.7224999999999999,1.6650000000000005,3.2785329786263797,4.482862820094108,0.8432244323756558,S200|91|3,1422,textured,91
S400,0.002336452,1.414854408,1230.617625,0.065765873,0.152077865,400.0,6.0,26.750120296460008,87.5191133129267,0.0238,0.00859117,1.827366889,1.185987261,0.3497242239294603,23.50566883811098,0.8556250000000001,0.8662499999999995,3.286538970395829,4.471857207371512,0.8486335393992803,S400|91|3,1423,textured,91
S400,0.00230072,1.414282228,1230.617625,0.065765873,0.152077865,400.0,6.0,26.330370834774268,86.1109691645189,0.0174,0.013251079,1.801485664,1.310828025,0.35242950740430024,23.27424956629488,0.8556250000000001,0.8662499999999995,3.2707230575250374,4.45563680360373,0.8332221174254786,S400|91|3,1424,textured,91
S400,0.002346198,1.414388513,1230.617625,0.065765873,0.152077865,400.0,6.0,26.852857345458826,87.82631127361972,0.0254,0.007785475,1.835738463,1.185987261,0.3489970987561575,23.552035148435504,0.8556250000000001,0.8662499999999995,3.2903722341180743,4.4753611285684105,0.8527961456468724,S400|91|3,1425,textured,91
S400,0.002329945,1.414968497,1230.617625,0.065765873,0.152077865,400.0,6.0,26.67777245739693,87.28944902749043,0.0216,0.008439248,1.811037344,1.092356688,0.35021223306581023,23.469396741985967,0.8556250000000001,0.8662499999999995,3.283830726459783,4.469229596749911,0.8458446621487886,S400|91|3,1426,textured,91
S400,0.002331903,1.414166418,1230.617625,0.065765873,0.152077865,400.0,6.0,26.6850563941706,87.263788220511,0.0276,0.007753796,1.809516659,1.217197452,0.3500651730134906,23.45993542191987,0.8556250000000001,0.8662499999999995,3.2841037231121595,4.4689355797775665,0.8466846724258862,S400|91|3,1427,textured,91
S600,0.00233781,1.421682979,1230.617625,0.065765873,0.152077865,600.0,6.0,26.894848348991648,88.41730659340072,0.0152,0.016352982,1.842325226,1.279617834,0.3496226343038124,23.695705367404642,0.9025,0.5850000000000002,3.291934757077282,4.482067726425436,0.8492145937082634,S600|91|3,1428,textured,91
S600,0.002333392,1.41915449,1230.617625,0.065765873,0.152077865,600.0,6.0,26.796279806558594,87.93658524043389,0.0232,0.00824216,1.813712362,1.15477707,0.34995346220266493,23.6015103191984,0.9025,0.5850000000000002,3.2882630646932567,4.476615932437377,0.8473230029282701,S600|91|3,1429,textured,91
S600,0.002346663,1.419732256,1230.617625,0.065765873,0.152077865,600.0,6.0,26.959653074123054,88.5087416250419,0.0172,0.014615187,1.81941482,1.217197452,0.34896251950660284,23.69738620721799,0.9025,0.5850000000000002,3.294341417790801,4.483101322560115,0.8529943190006206,S600|91|3,1430,textured,91
S600,0.002346579,1.422449704,1230.617625,0.065765873,0.152077865,600.0,6.0,27.010288496345545,88.84470702657374,0.014,0.017171305,1.824800504,1.123566879,0.34896876532004373,23.769490374374918,0.9025,0.5850000000000002,3.296217848841356,4.486889980812376,0.8529585228494702,S600|91|3,1431,textured,91
S600,0.00234476,1.416982407,1230.617625,0.065765873,0.152077865,600.0,6.0,26.885615216913695,88.09471489387617,0.0162,0.006166674,1.810243275,1.185987261,0.3491040992394598,23.612494124037084,0.9025,0.5850000000000002,3.291591393277253,4.478412541288825,0.852183051244815,S600|91|3,1432,textured,91
S800,0.002352786,1.399718974,1230.617625,0.065765873,0.152077865,800.0,6.0,26.64896834392898,86.25547440217953,0.0142,0.006354453,1.782843619,1.123566879,0.3485081455263296,23.201416893445746,0.9264062500000001,0.4415624999999994,3.282750438565328,4.457313525226867,0.8556001578829233,S800|91|3,1433,textured,91
S800,0.002355694,1.412049934,1230.617625,0.065765873,0.152077865,800.0,6.0,26.91696281356949,87.89041736201192,0.0142,0.016854752,1.812439986,1.092356688,0.3482929701578839,23.546757164435398,0.9264062500000001,0.4415624999999994,3.2927566757358457,4.476090781251272,0.8568353761995536,S800|91|3,1434,textured,91
S800,0.002359145,1.400054118,1230.617625,0.065765873,0.152077865,800.0,6.0,26.727391914488205,86.53002370340192,0.0174,0.00835433,1.788621446,1.217197452,0.3480381322984755,23.247924680253174,0.9264062500000001,0.4415624999999994,3.2856889539159813,4.460491448551372,0.8582992652597241,S800|91|3,1435,textured,91
S800,0.002350888,1.40461707,1230.617625,0.065765873,0.152077865,800.0,6.0,26.72064917336354,86.79013511213157,0.022,0.008091956,1.805524812,1.123566879,0.34864880195151704,23.320161967988376,0.9264062500000001,0.4415624999999994,3.2854366437836284,4.4634929644256705,0.8547931291207205,S800|91|3,1436,textured,91
S800,0.002353587,1.408607067,1230.617625,0.065765873,0.152077865,800.0,6.0,26.827317144379304,87.38412134845773,0.0178,0.007169477,1.798149608,1.310828025,0.3484488363144909,23.442375942185617,0.9264062500000001,0.4415624999999994,3.2894206648190014,4.4703135882207885,0.8559405473963485,S800|91|3,1437,textured,91
D50,0.002182455,1.600399829,1230.239625,0.065701673,0.147132715,50.0,25.0,29.204801333069422,104.66839704025183,0.0104,0.022099423,1.98171331,1.46875,0.35031080288413685,27.141501560399778,0.010000000000000002,24.75,3.374333124971941,4.650797229335193,0.7804503899623538,D50|91|4,1438,textured,91
D50,0.002167683,1.596608262,1230.239625,0.065701673,0.147132715,50.0,25.0,28.93840605157358,103.46793916197905,0.0104,0.021556326,1.977918113,1.46875,0.3515023989327904,26.92873525002094,0.010000000000000002,24.75,3.365169641993817,4.639261798166928,0.7736588551743709,D50|91|4,1439,textured,91
D50,0.002183412,1.599832746,1230.239625,0.065701673,0.147132715,50.0,25.0,29.207254633022938,104.6400983916125,0.0104,0.022430599,1.975119796,1.25,0.35023402301355927,27.133251763972865,0.010000000000000002,24.75,3.374417124752958,4.650526827995263,0.780888790864318,D50|91|4,1440,textured,91
D50,0.002184733,1.598995219,1230.239625,0.065701673,0.147132715,50.0,25.0,29.20962598573811,104.59380968620208,0.01,0.024069936,1.985368784,1.5,0.3501281224064076,27.12036832434897,0.010000000000000002,24.75,3.3744983119951164,4.6500843690593205,0.781493624284578,D50|91|4,1441,textured,91
D50,0.002219111,1.686399076,1230.239625,0.065701673,0.147132715,50.0,25.0,31.291028921613556,118.17157398203034,0.0102,0.0211421,1.982776136,1.375,0.3474054810550045,29.808840452224526,0.010000000000000002,24.75,3.4433314405410242,4.77213758520367,0.7971066652320442,D50|91|4,1442,textured,91
D100,0.002281003,1.666866228,1230.239625,0.065701673,0.147132715,100.0,25.0,31.79121061315593,118.66991582748543,0.0118,0.015627264,1.901575873,1.28125,0.3426598740714921,29.745262632563225,0.30250000000000005,17.4375,3.459189855769062,4.7763458223777775,0.8246152585140122,D100|91|4,1443,textured,91
D100,0.002252788,1.606215623,1230.239625,0.065701673,0.147132715,100.0,25.0,30.255520737038008,108.82816301303953,0.0124,0.015632611,1.936489464,1.375,0.3447990155070696,27.823992374137763,0.30250000000000005,17.4375,3.409678671528811,4.6897701521484345,0.8121685602628538,D100|91|4,1444,textured,91
D100,0.002243407,1.598990328,1230.239625,0.065701673,0.147132715,100.0,25.0,29.993998792396233,107.40216279860444,0.0128,0.015051594,1.927870888,1.375,0.34551916687023115,27.554927909800202,0.30250000000000005,17.4375,3.4009973213979765,4.676580319661615,0.8079956924880033,D100|91|4,1445,textured,91
D100,0.002265205,1.645773501,1230.239625,0.065701673,0.147132715,100.0,25.0,31.171524241505644,114.8843641999792,0.0128,0.013494974,1.909319154,1.4375,0.3438526877519493,29.024029675670747,0.30250000000000005,17.4375,3.4395049934981565,4.74392609378429,0.8176652625656897,D100|91|4,1446,textured,91
D100,0.002277511,1.654649161,1230.239625,0.065701673,0.147132715,100.0,25.0,31.509888679485893,116.75772193770838,0.0116,0.015937931,1.915467843,1.34375,0.34292246555209127,29.37019739013002,0.30250000000000005,17.4375,3.4503014228999116,4.760101035155877,0.8230831799976123,D100|91|4,1447,textured,91
D200,0.002321419,1.604932096,1230.239625,0.065701673,0.147132715,200.0,25.0,31.152338928155945,111.96444768287557,0.0132,0.013724231,1.88462312,1.21875,0.33966391564507387,28.293317842914735,0.6006250000000001,9.984374999999998,3.4388893283907653,4.718181389500185,0.8421786366350102,D200|91|4,1448,textured,91
D200,0.002326726,1.610918907,1230.239625,0.065701673,0.147132715,200.0,25.0,31.340028269097033,113.05919352038896,0.0128,0.015296414,1.896441345,1.21875,0.3392763269358549,28.501395826542815,0.6006250000000001,9.984374999999998,3.444896138940775,4.727911518021535,0.8444621292136801,D200|91|4,1449,textured,91
D200,0.00228475,1.605054606,1230.239625,0.065701673,0.147132715,200.0,25.0,30.662598790920953,110.21268765797409,0.0132,0.01379611,1.898457048,1.25,0.3423787769274406,28.027735417253957,0.6006250000000001,9.984374999999998,3.4230436314602475,4.702412023103986,0.8262566091701739,D200|91|4,1450,textured,91
D200,0.002306244,1.631782152,1230.239625,0.065701673,0.147132715,200.0,25.0,31.466460525707415,114.98545118446017,0.0128,0.013992101,1.880764078,1.5,0.3407795713955476,28.94034711910196,0.6006250000000001,9.984374999999998,3.44892223337208,4.744805608920526,0.8356202271772998,D200|91|4,1451,textured,91
D200,0.002311715,1.610102272,1230.239625,0.065701673,0.147132715,200.0,25.0,31.122051430250384,112.215926485777,0.0132,0.013692155,1.876312808,1.4375,0.3403760810351867,28.36790168004806,0.6006250000000001,9.984374999999998,3.4379166171327555,4.720424930303598,0.8379896733155794,D200|91|4,1452,textured,91
D400,0.002340919,1.616720462,1230.1775,0.06569099,0.1463243,400.0,25.0,31.817983032240075,114.58248297951677,0.0142,0.012681674,1.879603373,1.34375,0.33642361149441885,28.71105629591794,0.78765625,5.308593750000002,3.4600316341074038,4.741294939015462,0.8505435873121242,D400|91|4,1453,textured,91
D400,0.002344189,1.61706438,1230.1775,0.06569099,0.1463243,400.0,25.0,31.869207126064698,114.79136436228346,0.0166,0.010678611,1.86098472,1.5,0.3361888844476153,28.744894182933326,0.78765625,5.308593750000002,3.4616402497408805,4.743116257730993,0.8519394998635471,D400|91|4,1454,textured,91
D400,0.002330272,1.601566239,1230.1775,0.06569099,0.1463243,400.0,25.0,31.376380747640226,111.93306602889137,0.0152,0.011575988,1.86673485,1.3125,0.33719129442777335,28.204425722759783,0.78765625,5.308593750000002,3.4460554043765446,4.717901067904207,0.8459849989616609,D400|91|4,1455,textured,91
D400,0.002322961,1.654875371,1230.1775,0.06569099,0.1463243,400.0,25.0,32.31904619995505,119.13365775748487,0.0148,0.011243309,1.888753096,1.375,0.3377214946612649,29.66545828964375,0.78765625,5.308593750000002,3.4756567220774275,4.780246037255678,0.8428426650119563,D400|91|4,1456,textured,91
D400,0.002314037,1.634857793,1230.1775,0.06569099,0.1463243,400.0,25.0,31.80545441887066,115.82231334353526,0.0144,0.011924838,1.885233324,1.34375,0.3383720733964736,29.026294211543526,0.78765625,5.308593750000002,3.4596377976838064,4.75205723520839,0.8389936182720014,D400|91|4,1457,textured,91
D600,0.002345716,1.590840561,1230.1775,0.06569099,0.1463243,600.0,25.0,31.372809323287708,111.17079557764664,0.0156,0.005164841,1.822471144,1.21875,0.33607944153129016,28.013627510107032,0.8556250000000001,3.6093749999999982,3.445941572648921,4.711067717625841,0.8525906857847797,D600|91|4,1458,textured,91
D600,0.002333727,1.569466523,1230.1775,0.06569099,0.1463243,600.0,25.0,30.793101369910254,107.65052109735828,0.0168,0.005782269,1.842546204,1.3125,0.3369416021061138,27.32969366421118,0.8556250000000001,3.6093749999999982,3.427290683395507,4.678890064461529,0.8474665604422632,D600|91|4,1459,textured,91
D600,0.002322833,1.60124244,1230.1775,0.06569099,0.1463243,600.0,25.0,31.269893633604003,111.53062719434304,0.017,0.006938099,1.867332114,1.375,0.3377307996254632,28.1412628639138,0.8556250000000001,3.6093749999999982,3.4426557699162834,4.714299236538944,0.8427875614064012,D600|91|4,1460,textured,91
D600,0.002337092,1.611460354,1230.1775,0.06569099,0.1463243,600.0,25.0,31.66261340939777,113.65198668835501,0.0168,0.006751973,1.877333081,1.40625,0.33669894650971616,28.53371561320146,0.8556250000000001,3.6093749999999982,3.4551365971420744,4.733141030905599,0.8489074214913288,D600|91|4,1461,textured,91
D600,0.002317731,1.602898284,1230.1775,0.06569099,0.1463243,600.0,25.0,31.23347585082319,111.51593498640446,0.0172,0.005288629,1.866049127,1.3125,0.3381023171396831,28.150674351341955,0.8556250000000001,3.6093749999999982,3.4414904635591284,4.714167495365118,0.8405886898659177,D600|91|4,1462,textured,91
D800,0.00235566,1.585646288,1230.1775,0.06569099,0.1463243,800.0,25.0,31.402935489998743,110.91421515798676,0.0184,0.006289416,1.857228637,1.34375,0.3353693415343413,27.938244363734256,0.8906640625,2.733398437500001,3.446901375487211,4.708757066105783,0.8568209429814169,D800|91|4,1463,textured,91
D800,0.002358108,1.566845716,1230.1775,0.06569099,0.1463243,800.0,25.0,31.062846493747035,108.41219390369922,0.0162,0.005469814,1.855300706,1.3125,0.33519521945663305,27.427210077686752,0.8906640625,2.733398437500001,3.436012458522909,4.685940572565557,0.8578596025930387,D800|91|4,1464,textured,91
D800,0.002322619,1.603066232,1230.1775,0.06569099,0.1463243,800.0,25.0,31.30262544907936,111.7745368154838,0.017,0.005912464,1.878267981,1.25,0.33774635808046666,28.1910059332286,0.8906640625,2.733398437500001,3.443701974190643,4.71648377821062,0.8426954282834452,D800|91|4,1465,textured,91
D800,0.002304302,1.629364951,1230.1775,0.06569099,0.1463243,800.0,25.0,31.565239664738446,114.56134646858219,0.0146,0.005388704,1.876924281,1.3125,0.33908608144820945,28.797479176698012,0.8906640625,2.733398437500001,3.452056504527607,4.7411104565352185,0.8347778106327743,D800|91|4,1466,textured,91
D800,0.002359458,1.59127176,1230.1775,0.06569099,0.1463243,800.0,25.0,31.56515533201555,111.8826990022653,0.0142,0.00478646,1.82775045,1.4375,0.33509931219892214,28.124173094088384,0.8906640625,2.733398437500001,3.4520538328280908,4.71745099212452,0.8584319316444398,D800|91|4,1467,textured,91
S50,0.00231038,1.608241176,1230.239625,0.065701673,0.147132715,50.0,6.0,31.068125858385326,111.89200436916262,0.0142,0.013514601,1.877396422,1.28125,0.34047440608251456,28.30564341600328,0.16000000000000003,5.04,3.436182401610909,4.717534159406277,0.8374120131692069,S50|91|4,1468,textured,91
S50,0.00230995,1.611956158,1230.239625,0.065701673,0.147132715,50.0,6.0,31.13409651446591,112.388613532176,0.013,0.015653293,1.888569121,1.5625,0.3405060944701267,28.407159299305288,0.16000000000000003,5.04,3.4383035695788506,4.721962629233566,0.8372258792778001,S50|91|4,1469,textured,91
S50,0.002307666,1.604156966,1230.239625,0.065701673,0.147132715,50.0,6.0,30.952823778417454,111.19364253347034,0.013,0.015365655,1.895854585,1.3125,0.34067455983294476,28.17084325711246,0.16000000000000003,5.04,3.4324642317512533,4.7112732087205345,0.836236624135638,S50|91|4,1470,textured,91
S50,0.002324031,1.617105896,1230.239625,0.065701673,0.147132715,50.0,6.0,31.423954664134126,113.79734264203108,0.0118,0.017899749,1.882504687,1.375,0.33947298627030853,28.656806081525833,0.16000000000000003,5.04,3.447570489456342,4.734419170295082,0.8433031779712681,S50|91|4,1471,textured,91
S50,0.002322276,1.615250545,1230.239625,0.065701673,0.147132715,50.0,6.0,31.364198397202415,113.45062928996435,0.0136,0.013866324,1.867779812,1.46875,0.33960123600742287,28.59125587568146,0.16000000000000003,5.04,3.445667063983231,4.731367758058985,0.8425477392611429,S50|91|4,1472,textured,91
S100,0.002302963,1.601034101,1230.239625,0.065701673,0.147132715,100.0,6.0,30.82960816144808,110.53540523197913,0.0128,0.015161284,1.883443029,1.65625,0.3410222370012284,28.04879483356828,0.48999999999999994,3.06,3.4284755321659146,4.705335878976875,0.8341965547086202,S100|91|4,1473,textured,91
S100,0.002316958,1.603434903,1230.239625,0.065701673,0.147132715,100.0,6.0,31.06346919324251,111.54089115450299,0.012,0.017433842,1.893646428,1.5,0.33999074765485887,28.218513188064406,0.48999999999999994,3.06,3.436032504762207,4.714391260480352,0.8402551183977276,S100|91|4,1474,textured,91
S100,0.002323646,1.616414888,1230.239625,0.065701673,0.147132715,100.0,6.0,31.405323364158356,113.68127397664537,0.0126,0.016035389,1.88819627,1.3125,0.33950110838667885,28.634369452708235,0.48999999999999994,3.06,3.446977412435355,4.733398690417161,0.8431375038072156,S100|91|4,1475,textured,91
S100,0.002312188,1.599602877,1230.239625,0.065701673,0.147132715,100.0,6.0,30.92543247446228,110.77985155189023,0.0124,0.01652078,1.881334885,1.3125,0.3403412642034818,28.075950378189127,0.48999999999999994,3.06,3.4315789028036385,4.707544912577794,0.8381942623831483,S100|91|4,1476,textured,91
S100,0.00230995,1.600027192,1230.239625,0.065701673,0.147132715,100.0,6.0,30.903694727842517,110.73134857094023,0.0126,0.016095031,1.877746376,1.3125,0.3405060944701267,28.0715521814169,0.48999999999999994,3.06,3.43087574723606,4.707106984547985,0.8372258792778001,S100|91|4,1477,textured,91
S200,0.002317645,1.609287213,1230.239625,0.065701673,0.147132715,200.0,6.0,31.186090680809198,112.38990870563035,0.0136,0.013525427,1.893085265,1.59375,0.33994035362228014,28.388532535702286,0.7224999999999999,1.6650000000000005,3.439972183899414,4.721974153230089,0.8405515839224045,S200|91|4,1478,textured,91
S200,0.002321333,1.601480524,1230.239625,0.065701673,0.147132715,200.0,6.0,31.084191013205743,111.47925329656252,0.0372,0.007881385,1.879307862,1.21875,0.33967020746666937,28.195397616633013,0.7224999999999999,1.6650000000000005,3.436699362393285,4.713838504498048,0.842141589642188,S200|91|4,1479,textured,91
S200,0.002325058,1.601736105,1230.239625,0.065701673,0.147132715,200.0,6.0,31.139039938342282,111.69378397661238,0.0158,0.012766467,1.887049371,1.1875,0.33939800378284807,28.229742510213296,0.7224999999999999,1.6650000000000005,3.4384623354341883,4.715761055257316,0.8437449849647267,S200|91|4,1480,textured,91
S200,0.002322661,1.59834428,1230.239625,0.065701673,0.147132715,200.0,6.0,31.04106556379383,111.1065782553109,0.0158,0.011750478,1.878233348,1.40625,0.33957308900396754,28.11675032526654,0.7224999999999999,1.6650000000000005,3.435311023456272,4.710489905111548,0.8427135111546612,S200|91|4,1481,textured,91
S200,0.002324588,1.611285104,1230.239625,0.065701673,0.147132715,200.0,6.0,31.31834802680424,113.00666505879003,0.0146,0.012466163,1.860544951,1.4375,0.3394323128732221,28.49604055985447,0.7224999999999999,1.6650000000000005,3.4442041247380573,4.727446799794073,0.843542819035707,S200|91|4,1482,textured,91
S400,0.002226807,1.585464462,1230.1775,0.06569099,0.1463243,400.0,6.0,29.68181227207772,104.82323872831522,0.0194,0.006198409,1.824360742,1.5,0.34493588101049566,27.006071204961184,0.8556250000000001,0.8662499999999995,3.3905344768150476,4.65227549089626,0.8005687208466147,S400|91|4,1483,textured,91
S400,0.002363081,1.585971134,1230.1775,0.06569099,0.1463243,400.0,6.0,31.508317362213266,111.3092196057791,0.027,0.006349306,1.861976236,1.375,0.3348423319036067,28.00019484197587,0.8556250000000001,0.8662499999999995,3.45025155422317,4.712312090482256,0.8599662760768629,S400|91|4,1484,textured,91
S400,0.002347412,1.583331693,1230.1775,0.06569099,0.1463243,400.0,6.0,31.247303788471484,110.20342772147296,0.0304,0.006703364,1.847779778,1.4375,0.335958011265894,27.814424785680902,0.8556250000000001,0.8662499999999995,3.441933093691271,4.702328000785649,0.8533134447096716,S400|91|4,1485,textured,91
S400,0.002357011,1.587442248,1230.1775,0.06569099,0.1463243,400.0,6.0,31.456533952577026,111.22936314662662,0.0166,0.011483286,1.845557556,1.21875,0.33527321365795437,27.99852182089772,0.8556250000000001,0.8662499999999995,3.4486067184066833,4.711594404033529,0.857394290892616,S400|91|4,1486,textured,91
S400,0.002365689,1.585027051,1230.1775,0.06569099,0.1463243,400.0,6.0,31.52431463037498,111.29944022904394,0.0186,0.010357556,1.849355485,1.59375,0.3346577113526403,27.99205087196688,0.8556250000000001,0.8662499999999995,3.4507591411031555,4.712224228880208,0.8610693114388817,S400|91|4,1487,textured,91
S600,0.002354773,1.576134979,1230.1775,0.06569099,0.1463243,600.0,6.0,31.20281521858881,109.54633058853429,0.0142,0.013359058,1.852619799,1.34375,0.33543249934150365,27.66434061186813,0.9025,0.5850000000000002,3.440508322109858,4.696347570168165,0.856444332164329,S600|91|4,1488,textured,91
S600,0.002341727,1.582335812,1230.1775,0.06569099,0.1463243,600.0,6.0,31.152022294904526,109.79828343478619,0.0246,0.006915499,1.836251919,1.5,0.3363655659300729,27.74604284006128,0.9025,0.5850000000000002,3.4388791643109093,4.698644895390258,0.8508886913443399,S600|91|4,1489,textured,91
S600,0.002297991,1.574491114,1230.1775,0.06569099,0.1463243,600.0,6.0,30.418644806683677,106.68189557848986,0.015,0.005525298,1.81680461,1.28125,0.33955138027145754,27.216656941249283,0.9025,0.5850000000000002,3.4150557364201095,4.669851467983189,0.8320352629698086,S600|91|4,1490,textured,91
S600,0.002361228,1.577509743,1230.1775,0.06569099,0.1463243,600.0,6.0,31.31564052230394,110.03833172258449,0.012,0.00484254,1.826380347,1.375,0.33497369176380976,27.74849785348084,0.9025,0.5850000000000002,3.444117669937247,4.700828775296089,0.8591818226911837,S600|91|4,1491,textured,91
S600,0.002360301,1.579147713,1230.1775,0.06569099,0.1463243,600.0,6.0,31.3358493326199,110.22367180190494,0.0176,0.005830416,1.827097635,1.3125,0.3350394651819625,27.78806372265341,0.9025,0.5850000000000002,3.4447627882277656,4.702511681290747,0.858789153277563,S600|91|4,1492,textured,91
S800,0.002344825,1.592061462,1230.1775,0.06569099,0.1463243,800.0,6.0,31.384960754429613,111.29920645701218,0.0162,0.0051586,1.860479626,1.21875,0.3361432881598089,28.041641447910948,0.9264062500000001,0.4415624999999994,3.446328821312432,4.7122221284897945,0.852210772247848,S800|91|4,1493,textured,91
S800,0.002353252,1.587715754,1230.1775,0.06569099,0.1463243,800.0,6.0,31.411777666836077,111.09024308994955,0.017,0.005133566,1.853817398,1.28125,0.33554088348792527,27.97943311896162,0.9264062500000001,0.4415624999999994,3.4471829075185254,4.710342871816546,0.8557982013332837,S800|91|4,1494,textured,91
S800,0.002340197,1.587066811,1230.1775,0.06569099,0.1463243,800.0,6.0,31.224748734659116,110.3836651562148,0.0188,0.005786614,1.864159369,1.625,0.33647550437258567,27.867963257906165,0.9264062500000001,0.4415624999999994,3.4412110090508135,4.703962162354221,0.8502351138601844,S800|91|4,1495,textured,91
S800,0.002340239,1.587821195,1230.1775,0.06569099,0.1463243,800.0,6.0,31.240151527383915,110.49061088519149,0.0178,0.004704346,1.842760175,1.46875,0.33647248501546223,27.889461064097965,0.9264062500000001,0.4415624999999994,3.441704175388144,4.704930547982924,0.8502530609061438,S800|91|4,1496,textured,91
S800,0.002342534,1.58170459,1230.1775,0.06569099,0.1463243,800.0,6.0,31.15032644520876,109.74850813951305,0.025,0.006405135,1.851627686,1.40625,0.33630762218325383,27.73406853870748,0.9264062500000001,0.4415624999999994,3.4388247249605324,4.698191458601052,0.8512332494327912,S800|91|4,1497,textured,91
REF-H,0.002609469,0.566524911,997.2375,0.07246,0.000943923,0.0,0.0,1561.827933620269,11.526313721214697,,,1.620303606,0.637115839,0.0021737621976051754,0.6084671851657895,1.0,0.0,7.35361216659832,2.44463257121205,0.9591467523603322,REF-H|0|0,0,REF-H,0
REF-H,0.002609862,0.558349462,997.2375,0.07246,0.000943923,0.0,0.0,1539.5212184005632,11.197730724134452,,,1.63337529,0.637115839,0.002173598525980709,0.5945327024040596,1.0,0.0,7.339226749926648,2.4157111438555097,0.9592973463735276,REF-H|0|0,1,REF-H,0
REF-H,0.002606521,0.560234086,997.2375,0.07246,0.000943923,0.0,0.0,1542.740177480816,11.259019142144089,,,1.613247766,0.637115839,0.0021749911230644968,0.5972875214049054,1.0,0.0,7.341315450291143,2.4211695089833363,0.9580163819746921,REF-H|0|0,2,REF-H,0
REF-H,0.002596243,0.557354791,997.2375,0.07246,0.000943923,0.0,0.0,1528.7592933840913,11.099644962884911,,,1.619634628,0.637115839,0.0021792920452346097,0.5909808977906552,1.0,0.0,7.332211766056718,2.4069131224810634,0.954065400008113,REF-H|0|0,3,REF-H,0
REF-H,0.002607734,0.570165709,997.2375,0.07246,0.000943923,0.0,0.0,1570.8199801237618,11.667176012098757,,,1.62582418,0.550236407,0.002174485210439978,0.614490514092164,1.0,0.0,7.359353042335057,2.456779430048207,0.958481644997648,REF-H|0|0,4,REF-H,0
REF-H,0.002581854,0.904091587,997.2375,0.07246,0.000943923,0.0,0.0,2466.074206302393,29.044025367820847,,,1.970298186,1.090966921,0.0021853563432673783,1.2771865933915585,1.0,0.0,7.810382775040558,3.368812794944862,0.948507745511994,REF-H|0|1,5,REF-H,0
REF-H,0.002583081,0.905460971,997.2375,0.07246,0.000943923,0.0,0.0,2470.9832021362795,29.14591989767948,,,1.974189658,1.090966921,0.002184837244033093,1.2806482187085397,1.0,0.0,7.812371407963188,3.3723149337950775,0.9489828725070413,REF-H|0|1,6,REF-H,0
REF-H,0.002587177,0.905954097,997.2375,0.07246,0.000943923,0.0,0.0,2476.2493122970777,29.22394218293353,,,2.009617745,1.028625954,0.002183107049656512,1.2829834459809362,1.0,0.0,7.8145003202932175,3.374988311080592,0.9505673198815856,REF-H|0|1,7,REF-H,0
REF-H,0.002586794,0.907989627,997.2375,0.07246,0.000943923,0.0,0.0,2481.445635482541,29.351066795203963,,,1.985815243,0.997455471,0.0021832686587860014,1.287484427368975,1.0,0.0,7.8165965868618805,3.3793288929799603,0.9504192711195419,REF-H|0|1,8,REF-H,0
REF-H,0.002584881,0.907613855,997.2375,0.07246,0.000943923,0.0,0.0,2478.5843551100497,29.305090013709584,,,1.977638351,1.028625954,0.002184076398191492,1.286061028674026,1.0,0.0,7.815442851624268,3.3777612215397674,0.9496794720845101,REF-H|0|1,9,REF-H,0
REF-H,0.002538927,1.191067674,997.2375,0.07246,0.000943923,0.0,0.0,3194.8368487285425,49.5705070742087,,,2.407462201,1.578608247,0.002203753402645384,1.9653680312849933,1.0,0.0,8.06929130094709,3.9033960414376705,0.9317415508322502,REF-H|0|2,10,REF-H,0
REF-H,0.002541845,1.186844157,997.2375,0.07246,0.000943923,0.0,0.0,3187.1668010938392,49.27614536454821,,,2.409667195,1.799613402,0.0022024881014500943,1.9555765035583936,1.0,0.0,8.066887651012559,3.897440097102443,0.9328901952984181,REF-H|0|2,11,REF-H,0
REF-H,0.002544081,1.190117559,997.2375,0.07246,0.000943923,0.0,0.0,3198.7686444058027,49.59192102994866,,,2.412513424,1.578608247,0.0022015200021702837,1.9652499761563968,1.0,0.0,8.070521216110643,3.9038279380033805,0.9337694845936473,REF-H|0|2,12,REF-H,0
REF-H,0.002541445,1.189394365,997.2375,0.07246,0.000943923,0.0,0.0,3193.512533551484,49.48034741741042,,,2.439860962,1.673324742,0.0022026614202860667,1.9621187607987893,1.0,0.0,8.068876697700842,3.901575568870099,0.9327328169073267,REF-H|0|2,13,REF-H,0
REF-H,0.002538887,1.190525931,997.2375,0.07246,0.000943923,0.0,0.0,3193.33340433265,49.52464395767071,,,2.447293512,1.452319588,0.0022037707625729643,1.9639193827362387,1.0,0.0,8.068820604530403,3.902470403415324,0.931725796021223,REF-H|0|2,14,REF-H,0
REF-H,0.002516069,1.386136454,997.2375,0.07246,0.000943923,0.0,0.0,3684.601842891514,66.53264496098336,,,2.59828674,1.984810127,0.0022137411064595937,2.491601380821542,1.0,0.0,8.21191775072382,4.197692728877926,0.9226977629454568,REF-H|0|3,15,REF-H,0
REF-H,0.002523883,1.397549526,997.2375,0.07246,0.000943923,0.0,0.0,3726.477115281037,67.84282198111431,,,2.595157374,2.015822785,0.0022103115531368167,2.5292078499516957,1.0,0.0,8.223218593227093,4.217193588217464,0.9257985886124649,REF-H|0|3,16,REF-H,0
REF-H,0.002515017,1.399664957,997.2375,0.07246,0.000943923,0.0,0.0,3719.007440968772,67.8093178450348,,,2.609237849,1.829746835,0.0022142040480942135,2.5299885548580834,1.0,0.0,8.22121209472134,4.216699616846224,0.9222795629721975,REF-H|0|3,17,REF-H,0
REF-H,0.002522679,1.398461942,997.2375,0.07246,0.000943923,0.0,0.0,3727.131165278998,67.8990295784144,,,2.606230363,1.767721519,0.002210838948349591,2.5311256017854995,1.0,0.0,8.223394092119715,4.218021742539316,0.9253214320758588,REF-H|0|3,18,REF-H,0
REF-H,0.002513303,1.382142238,997.2375,0.07246,0.000943923,0.0,0.0,3669.9455572890165,66.07704296465371,,,2.625825079,1.860759494,0.0022149589309941363,2.478487602186694,1.0,0.0,8.20793210641243,4.190821378887194,0.9215978243134072,REF-H|0|3,19,REF-H,0
REF-H,0.002582843,1.582053873,997.2375,0.07246,0.000943923,0.0,0.0,4316.992649739086,88.96943163776943,,,2.796032201,2.284163474,0.002184937904291147,3.1272909819691033,1.0,0.0,8.370314292922359,4.488292845990451,0.9488907302300088,REF-H|0|4,20,REF-H,0
REF-H,0.00258265,1.583958905,997.2375,0.07246,0.000943923,0.0,0.0,4321.867990634225,89.17716176980726,,,2.825318246,2.09642401,0.002185019542363979,3.13317784558148,1.0,0.0,8.371442993017356,4.4906249728329,0.9488160035775519,REF-H|0|4,21,REF-H,0
REF-H,0.00258292,1.583542013,997.2375,0.07246,0.000943923,0.0,0.0,4321.182196814949,89.13954377407262,,,2.791102944,2.565772669,0.002184905336214608,3.1320549705439027,1.0,0.0,8.371284300471126,4.490203049422214,0.9489205418957803,REF-H|0|4,22,REF-H,0
REF-H,0.00258265,1.581996645,997.2375,0.07246,0.000943923,0.0,0.0,4316.513919479645,88.95634747216688,,,2.815625902,2.190293742,0.002185019542363979,3.126969781249875,1.0,0.0,8.370203392384763,4.488145771567717,0.9488160035775519,REF-H|0|4,23,REF-H,0
REF-H,0.002586508,1.580429151,997.2375,0.07246,0.000943923,0.0,0.0,4318.6786584496995,88.91277416928372,,,2.792069834,2.221583653,0.002183389361597743,3.124811359166042,1.0,0.0,8.370704768351974,4.487655823640244,0.9503087034394446,REF-H|0|4,24,REF-H,0
REF-H,0.002452444,0.520100971,1045.10055,0.071077093,0.001590276,0.0,0.0,838.2476324024351,9.754451362642344,,,1.57697117,0.657088123,0.003725881929892857,0.6604712434474547,1.0,0.0,6.731313560889543,2.277723730837107,0.8970850783536676,REF-H|20|0,25,REF-H,20
REF-H,0.002451874,0.522732637,1045.10055,0.071077093,0.001590276,0.0,0.0,842.2932807018634,9.851124323784571,,,1.577337366,0.594508301,0.0037263149923757576,0.6657335830189082,1.0,0.0,6.736128267967717,2.2875855932166616,0.8968526301304625,REF-H|20|0,26,REF-H,20
REF-H,0.002453176,0.525056919,1045.10055,0.071077093,0.001590276,0.0,0.0,846.4877247181985,9.944201090795676,,,1.61221433,0.625798212,0.0037253260078849537,0.6706896928322347,1.0,0.0,6.741095700249143,2.296989576328527,0.8973835115814484,REF-H|20|0,27,REF-H,20
REF-H,0.002456344,0.528196428,1045.10055,0.071077093,0.001590276,0.0,0.0,852.6488667645373,10.076472562028956,,,1.579562325,0.625798212,0.003722922916030026,0.6776421925696395,1.0,0.0,6.748347817683434,2.310203257155288,0.8986740656232691,REF-H|20|0,28,REF-H,20
REF-H,0.002455045,0.526753013,1045.10055,0.071077093,0.001590276,0.0,0.0,849.8691347181144,10.016175672055422,,,1.585496492,0.625798212,0.0037239077120984217,0.6744676283453928,1.0,0.0,6.745082378476275,2.3042013533468473,0.8981450910173927,REF-H|20|0,29,REF-H,20
REF-H,0.002500877,0.930029236,1045.4432,0.07118932,0.00162653,0.0,0.0,1494.952169450901,31.766629086084166,,,2.068439161,1.147468354,0.0037701468646188364,1.7065546992417375,1.0,0.0,7.309849491634651,3.458416338971961,0.9166414703582212,REF-H|20|1,30,REF-H,20
REF-H,0.002500015,0.931207311,1045.4432,0.07118932,0.00162653,0.0,0.0,1496.3299051067943,31.83618106184146,,,2.054266328,1.116455696,0.0037707967780211088,1.709661074198784,1.0,0.0,7.310770659026409,3.4606034122575426,0.9162967318561551,REF-H|20|1,31,REF-H,20
REF-H,0.002508465,0.928620534,1045.4432,0.07118932,0.00162653,0.0,0.0,1497.2168039436162,31.766561547109248,,,2.081963318,0.961392405,0.0037644402787997567,1.7055180957512601,1.0,0.0,7.31136319954705,3.4584142128714377,0.9196710122835412,REF-H|20|1,32,REF-H,20
REF-H,0.002502404,0.932228334,1045.4432,0.07118932,0.00162653,0.0,0.0,1499.4020093022991,31.936522169898875,,,2.067176743,1.116455696,0.0037689963923565866,1.7136431334636064,1.0,0.0,7.312821647138958,3.463750250505746,0.9172518698330506,REF-H|20|1,33,REF-H,20
REF-H,0.002508348,0.931448002,1045.4432,0.07118932,0.00162653,0.0,0.0,1501.7054905172101,31.958811295420823,,,2.077115055,1.209493671,0.0037645280725143344,1.7137864704442995,1.0,0.0,7.314356734880663,3.4644479266963915,0.9196243691258149,REF-H|20|1,34,REF-H,20
REF-H,0.002496965,1.19131532,1045.22655,0.071118393,0.001603365,0.0,0.0,1939.1759454052203,52.08280987435872,,,2.423679263,1.400889454,0.0037216025268761994,2.521433509900168,1.0,0.0,7.570018391407188,3.952834949485583,0.9150759943792154,REF-H|20|2,35,REF-H,20
REF-H,0.002494829,1.190290137,1045.22655,0.071118393,0.001603365,0.0,0.0,1935.8497748260286,51.94873202407446,,,2.445719156,1.556543837,0.0037231953499166476,2.5166701078634266,1.0,0.0,7.568301669178112,3.950257309626085,0.9142201897805612,REF-H|20|2,36,REF-H,20
REF-H,0.002494671,1.189106405,1045.22655,0.071118393,0.001603365,0.0,0.0,1933.8021136289422,51.84217495694607,,,2.395958524,1.494282084,0.003723313252347698,2.5125713372950567,1.0,0.0,7.567243351041373,3.948204006351928,0.9141568567812414,REF-H|20|2,37,REF-H,20
REF-H,0.002494908,1.187632746,1045.22655,0.071118393,0.001603365,0.0,0.0,1931.5890419630705,51.718671550826734,,,2.420686055,1.649936468,0.003723136402901152,2.507733998118397,1.0,0.0,7.5660982809469886,3.9458188681682653,0.9142518547761337,REF-H|20|2,38,REF-H,20
REF-H,0.00249186,1.189323406,1045.22655,0.071118393,0.001603365,0.0,0.0,1931.9756052296914,51.80266094179126,,,2.408655836,1.618805591,0.003725412745005218,2.5116054301375237,1.0,0.0,7.56629838800004,3.947441517478718,0.9130294195717831,REF-H|20|2,39,REF-H,20
REF-H,0.00249808,1.414735652,1045.4432,0.07118932,0.00162653,0.0,0.0,2271.5379909865965,73.42476007800667,,,2.653221127,1.789672544,0.0037722569152777484,3.3366798157990814,1.0,0.0,7.728212410125233,4.2962612095002735,0.9155224368110733,REF-H|20|3,40,REF-H,20
REF-H,0.002497459,1.415556989,1045.4432,0.07118932,0.00162653,0.0,0.0,2272.291740437522,73.49176565456499,,,2.624228809,1.85138539,0.003772725877118721,3.3392816087049453,1.0,0.0,7.728544178480296,4.297173368032067,0.9152738149894043,REF-H|20|3,41,REF-H,20
REF-H,0.002501494,1.409649141,1045.4432,0.07118932,0.00162653,0.0,0.0,2266.4641857361016,72.99735517742101,,,2.60025921,1.85138539,0.003769681877680473,3.320225500875678,1.0,0.0,7.725976268683634,4.290423210045765,0.9168881533823827,REF-H|20|3,42,REF-H,20
REF-H,0.00250006,1.413848339,1045.4432,0.07118932,0.00162653,0.0,0.0,2271.912608734559,73.3908100238027,,,2.596814697,1.727959698,0.0037707628415118684,3.334917021311463,1.0,0.0,7.728377314635843,4.295798723746405,0.9163147315861596,REF-H|20|3,43,REF-H,20
REF-H,0.002500215,1.411899634,1045.4432,0.07118932,0.00162653,0.0,0.0,2268.921896126621,73.19317814954587,,,2.626273161,1.94395466,0.003770645956104175,3.3276894261461396,1.0,0.0,7.727060062030762,4.293102221946037,0.9163767281763671,REF-H|20|3,44,REF-H,20
REF-H,0.002507928,1.592845318,1044.68,0.070939,0.001548471,0.0,0.0,2695.062689073606,93.70450893881839,,,2.744274635,2.181933842,0.003591793605181294,3.97679258554353,1.0,0.0,7.899176744324361,4.5401463090985335,0.9194569142246166,REF-H|20|4,45,REF-H,20
REF-H,0.002508165,1.592208347,1044.68,0.070939,0.001548471,0.0,0.0,2694.2395292150013,93.63842800549325,,,2.753957675,2.43129771,0.0035916239043852047,3.9744737475686907,1.0,0.0,7.898871265124396,4.539440854842894,0.9195514100803259,REF-H|20|4,46,REF-H,20
REF-H,0.002510097,1.591638459,1044.68,0.070939,0.001548471,0.0,0.0,2695.3497863710204,93.64348588887495,,,2.736935587,2.306615776,0.0035902414173492807,3.97403345319753,1.0,0.0,7.899283265782224,4.539494868423573,0.9203213978153043,REF-H|20|4,47,REF-H,20
REF-H,0.002508046,1.59224429,1044.68,0.070939,0.001548471,0.0,0.0,2694.172518605257,93.63821281848377,,,2.734202548,2.150763359,0.003591709109795107,3.974504155515121,1.0,0.0,7.898846393006543,4.539438556777225,0.9195039639102894,REF-H|20|4,48,REF-H,20
REF-H,0.002507731,1.591022935,1044.68,0.070939,0.001548471,0.0,0.0,2691.767795787262,93.48287217771097,,,2.77432198,2.400127226,0.0035919346828017307,3.9693282041669513,1.0,0.0,7.897953429907282,4.537778234249048,0.9193783602399453,REF-H|20|4,49,REF-H,20
REF-H,0.002367249,0.533978277,1152.266,0.067623358,0.009107103,0.0,0.0,159.93371684828946,11.501305396542572,,,1.611688445,0.561068702,0.02120476859509099,1.510675282463455,1.0,0.0,5.074759459702238,2.442460541669953,0.8617285214502923,REF-H|60|0,50,REF-H,60
REF-H,0.002345957,0.53440988,1152.266,0.067623358,0.009107103,0.0,0.0,158.62331619313406,11.416290706133141,,,1.573168356,0.561068702,0.021300778904725523,1.5044515606570006,1.0,0.0,5.066532310962509,2.4350413446482406,0.8526934209925456,REF-H|60|0,51,REF-H,60
REF-H,0.002358075,0.536474752,1152.266,0.067623358,0.009107103,0.0,0.0,160.05874250415567,11.564109723763616,,,1.591521012,0.561068702,0.02124597672224995,1.5184498168265925,1.0,0.0,5.075540888505162,2.4479063125009577,0.8578456082251356,REF-H|60|0,52,REF-H,60
REF-H,0.002327661,0.540482834,1152.266,0.067623358,0.009107103,0.0,0.0,159.17473446343996,11.586160881130134,,,1.590890144,0.498727735,0.021384329779082167,1.5247193118587399,1.0,0.0,5.070002557696514,2.4498113583997183,0.8448639007090789,REF-H|60|0,53,REF-H,60
REF-H,0.002345535,0.532853148,1152.266,0.067623358,0.009107103,0.0,0.0,158.13279698535914,11.347834779220586,,,1.562819897,0.529898219,0.021302694997305773,1.4972841351587423,1.0,0.0,5.063435167264455,2.429026957378206,0.8525135208664715,REF-H|60|0,54,REF-H,60
REF-H,0.002386061,0.940407848,1151.51,0.067458438,0.008696196,0.0,0.0,297.12293837189844,36.02014566927023,,,1.887938598,0.909731114,0.02019931077640456,3.692929291411452,1.0,0.0,5.694145987067808,3.584078383861516,0.8696438891494279,REF-H|60|1,55,REF-H,60
REF-H,0.00237992,0.940689581,1151.51,0.067458438,0.008696196,0.0,0.0,296.4470184821552,35.94897063789282,,,1.882265456,1.003841229,0.020225354519825135,3.6889912456573795,1.0,0.0,5.691868512697353,3.582100450596975,0.8670668736730608,REF-H|60|1,56,REF-H,60
REF-H,0.002372411,0.940481442,1151.51,0.067458438,0.008696196,0.0,0.0,295.44629869241555,35.819689966775684,,,1.888222961,0.941101152,0.02025733721652505,3.680699829930622,1.0,0.0,5.688487090017884,3.5784977412845467,0.8639067376265496,REF-H|60|1,57,REF-H,60
REF-H,0.002379962,0.941378386,1151.51,0.067458438,0.008696196,0.0,0.0,296.6693225260616,36.00227138206604,,,1.898049223,0.941101152,0.020225176057177927,3.6933532301854046,1.0,0.0,5.692618126353043,3.5835820304120496,0.8670845211693645,REF-H|60|1,58,REF-H,60
REF-H,0.002384212,0.939070792,1151.51,0.067458438,0.008696196,0.0,0.0,296.47057564267243,35.88995949313608,,,1.90519172,0.972471191,0.020207141725857854,3.6828186139288257,1.0,0.0,5.691947974534084,3.5804575765195947,0.8688686714239022,REF-H|60|1,59,REF-H,60
REF-H,0.002371486,1.210601548,1152.32,0.06763525,0.009137186,0.0,0.0,362.06156481699605,59.21381125197033,,,2.076783504,1.253196931,0.021253432664737466,5.609317792286178,1.0,0.0,5.891814265920991,4.081154812855347,0.8635167628814305,REF-H|60|2,60,REF-H,60
REF-H,0.002380576,1.210100696,1152.32,0.06763525,0.009137186,0.0,0.0,363.2989943225218,59.39160644744363,,,2.08991134,1.472506394,0.021212816763638568,5.618487178596116,1.0,0.0,5.895226171049699,4.084152910785431,0.867342475208763,REF-H|60|2,61,REF-H,60
REF-H,0.002371697,1.204117678,1152.32,0.06763525,0.009137186,0.0,0.0,360.1544379794478,58.58643463495816,,,2.092450826,1.315856777,0.021252487229035114,5.56162318483833,1.0,0.0,5.886532933845727,4.070503178913798,0.8636057326724501,REF-H|60|2,62,REF-H,60
REF-H,0.002370517,1.201461709,1152.32,0.06763525,0.009137186,0.0,0.0,359.1812375364344,58.29924663995901,,,2.077633199,1.253196931,0.021257776120629738,5.54035362933415,1.0,0.0,5.883827101033829,4.065589171145323,0.8631080748171306,REF-H|60|2,63,REF-H,60
REF-H,0.002370643,1.201704977,1152.32,0.06763525,0.009137186,0.0,0.0,359.27305877977045,58.32595754061944,,,2.072235994,1.253196931,0.021257211186267513,5.542325353463182,1.0,0.0,5.884082708785934,4.066047235100111,0.8631612263665528,REF-H|60|2,64,REF-H,60
REF-H,0.002389713,1.420102924,1152.86,0.067755,0.009443533,0.0,0.0,414.29303921760646,82.00127608453954,,,2.189602401,1.505761844,0.02185760980910058,7.360334573742669,1.0,0.0,6.026573547633032,4.4067348091497465,0.8711732750507883,REF-H|60|3,65,REF-H,60
REF-H,0.002392732,1.418171074,1152.86,0.067755,0.009443533,0.0,0.0,414.2521293923113,81.88163860704877,,,2.213061572,1.443021767,0.021843816172353897,7.349886377283764,1.0,0.0,6.026474796649071,4.405274772891927,0.8724358093406847,REF-H|60|3,66,REF-H,60
REF-H,0.002393151,1.418284884,1152.86,0.067755,0.009443533,0.0,0.0,414.35792066113544,81.90912223483998,,,2.217917509,1.411651729,0.02184190384847095,7.351602451411382,1.0,0.0,6.026730142983313,4.405610367255221,0.8726109076458756,REF-H|60|3,67,REF-H,60
REF-H,0.002396415,1.42015078,1152.86,0.067755,0.009443533,0.0,0.0,415.46893309714824,82.23679268489633,,,2.214895875,1.662612036,0.02182702406632964,7.373110491527786,1.0,0.0,6.0294078415774655,4.409602801492275,0.8739738705971264,REF-H|60|3,68,REF-H,60
REF-H,0.002397586,1.420681165,1152.86,0.067755,0.009443533,0.0,0.0,415.82719195186934,82.3384450034055,,,2.213814194,1.568501921,0.021821693169585387,7.379679600445506,1.0,0.0,6.030269769995283,4.410838131094275,0.8744623978307625,REF-H|60|3,69,REF-H,60
REF-H,0.002385993,1.60075318,1152.482,0.067671018,0.009228031,0.0,0.0,477.00029186058663,104.12364265345552,,,2.317880072,1.747770701,0.02139222864314915,8.833684723562733,1.0,0.0,6.167517102755212,4.645579064660917,0.8696153898910353,REF-H|60|4,70,REF-H,60
REF-H,0.002394503,1.603557675,1152.482,0.067671018,0.009228031,0.0,0.0,479.5402623931707,104.86148322654427,,,2.320070155,1.747770701,0.02135418110214867,8.877403615161938,1.0,0.0,6.172827858250292,4.652640271871207,0.8731756936709053,REF-H|60|4,71,REF-H,60
REF-H,0.002386035,1.601900908,1152.482,0.067671018,0.009228031,0.0,0.0,477.35070001454284,104.27484340970463,,,2.317839676,1.841401274,0.021392040364780044,8.843914204953876,1.0,0.0,6.168251440902678,4.647030138376819,0.8696329924700649,REF-H|60|4,72,REF-H,60
REF-H,0.002387074,1.601704112,1152.482,0.067671018,0.009228031,0.0,0.0,477.49989378197864,104.29461970344683,,,2.311600606,1.966242038,0.021387384298602652,8.844485883893496,1.0,0.0,6.168563937474643,4.647219775857841,0.8700683481329716,REF-H|60|4,73,REF-H,60
REF-H,0.002396242,1.600765582,1152.482,0.067671018,0.009228031,0.0,0.0,479.05295151399815,104.57252467732057,,,2.318385777,1.778980892,0.021346431120976426,8.856541972148797,1.0,0.0,6.171811137259404,4.649880846738009,0.8739016768223268,REF-H|60|4,74,REF-H,60
REF-H,0.002320257,0.543138347,1199.4826,0.06692756,0.037049434,0.0,0.0,40.799884386919906,12.267215206941803,,,1.544718146,0.501278772,0.085844813152798,2.7828026695300485,1.0,0.0,3.7086792477521775,2.5069302734641696,0.8416779554050949,REF-H|78|0,75,REF-H,78
REF-H,0.002328258,0.54293294,1199.4826,0.06692756,0.037049434,0.0,0.0,40.92509251588549,12.300207752020869,,,1.528644619,0.501278772,0.08569718444349118,2.786869155077453,1.0,0.0,3.7117433838749365,2.509616152643931,0.8451203484708514,REF-H|78|0,76,REF-H,78
REF-H,0.002338499,0.543801491,1199.4826,0.06692756,0.037049434,0.0,0.0,41.170861736838766,12.393870009423097,,,1.554104267,0.532608696,0.08550933150400113,2.8013730993424737,1.0,0.0,3.717730766746601,2.517201996298945,0.8495092705591668,REF-H|78|0,77,REF-H,78
REF-H,0.002332334,0.539938107,1199.4826,0.06692756,0.037049434,0.0,0.0,40.770599510944635,12.186182078092747,,,1.558212039,0.657928389,0.08562226925816553,2.7652144886716767,1.0,0.0,3.707961221431036,2.5003026932945853,0.8468694829323965,REF-H|78|0,78,REF-H,78
REF-H,0.002341789,0.538329592,1199.4826,0.06692756,0.037049434,0.0,0.0,40.81392762330812,12.162790585340273,,,1.53051523,0.563938619,0.08544924398557888,2.7587342916023525,1.0,0.0,3.7090233864752906,2.4983813391354746,0.8509151671800169,REF-H|78|0,79,REF-H,78
REF-H,0.002339432,0.93951263,1199.0776,0.06687776,0.036108771,0.0,0.0,72.98735607398716,37.02382147794837,,,1.784621465,0.875,0.08336677276660094,6.655523028267539,1.0,0.0,4.290286221680836,3.611561529206976,0.8499081648619563,REF-H|78|1,80,REF-H,78
REF-H,0.002352026,0.939684917,1199.0776,0.06687776,0.036108771,0.0,0.0,73.39372955202742,37.236787106814816,,,1.785694453,1.0,0.08314327813454733,6.678956561303313,1.0,0.0,4.2958385035247595,3.6172971733597294,0.8552770843970495,REF-H|78|1,81,REF-H,78
REF-H,0.002349403,0.937973855,1199.0776,0.06687776,0.036108771,0.0,0.0,73.17838742005135,37.05992675524886,,,1.782368028,0.90625,0.08318967800338518,6.655051531238943,1.0,0.0,4.292900123546839,3.6125362444723375,0.8541612533286004,REF-H|78|1,82,REF-H,78
REF-H,0.002351857,0.93638683,1199.0776,0.06687776,0.036108771,0.0,0.0,73.13087868678187,36.97320315033392,,,1.780507953,0.84375,0.08314626534031502,6.6412030760533565,1.0,0.0,4.2922506946186045,3.6101934110761698,0.8552052288682992,REF-H|78|1,83,REF-H,78
REF-H,0.002350715,0.929850499,1199.0776,0.06687776,0.036108771,0.0,0.0,72.5851351883787,36.441127613426325,,,1.776055593,0.875,0.0831664595164581,6.565272111667976,1.0,0.0,4.284760151395348,3.595698016299003,0.8547195371989532,REF-H|78|1,84,REF-H,78
REF-H,0.002351429,1.185530113,1199.41435,0.06691931,0.036890972,0.0,0.0,90.63451228974984,59.234514830211694,,,1.938208455,1.276365947,0.08491683828967107,9.764666043743844,1.0,0.0,4.506835070863827,4.081504392779977,0.8550232284536181,REF-H|78|2,85,REF-H,78
REF-H,0.002358304,1.183725162,1199.41435,0.06691931,0.036890972,0.0,0.0,90.7611122388138,59.226945097157675,,,1.911437437,1.182973316,0.08479297186599422,9.75796843086219,1.0,0.0,4.508230914561253,4.081376592007153,0.8579427166212928,REF-H|78|2,86,REF-H,78
REF-H,0.002356545,1.186771499,1199.41435,0.06691931,0.036890972,0.0,0.0,90.92681685460126,59.48777690880984,,,1.923432268,1.276365947,0.08482461204582636,9.79379353518436,1.0,0.0,4.510054972577198,4.085770861343894,0.8571965633164427,REF-H|78|2,87,REF-H,78
REF-H,0.002353653,1.186487401,1199.41435,0.06691931,0.036890972,0.0,0.0,90.79348960309937,59.38632942138578,,,1.920505128,1.214104193,0.08487670924720012,9.782832095154458,1.0,0.0,4.508587582630256,4.0840640554601935,0.8559685893062595,REF-H|78|2,88,REF-H,78
REF-H,0.002361525,1.185796558,1199.41435,0.06691931,0.036890972,0.0,0.0,91.04411429341222,59.51558468489232,,,1.919376439,1.182973316,0.08473512548372691,9.79332020098201,1.0,0.0,4.511344161507724,4.086238205731753,0.8593075967896351,REF-H|78|2,89,REF-H,78
REF-H,0.002359211,1.407507692,1198.74835,0.06683571,0.035343155,0.0,0.0,112.62641710740559,83.8277471599262,,,2.040158836,1.333544304,0.08129308948782189,12.668689365056258,1.0,0.0,4.724076298379026,4.4287640643762884,0.8583272411055503,REF-H|78|3,90,REF-H,78
REF-H,0.002367832,1.404710161,1198.74835,0.06683571,0.035343155,0.0,0.0,112.81330341752343,83.7999558452518,,,2.037969438,1.426582278,0.08114496521287573,12.656093167144318,1.0,0.0,4.725734270208419,4.428432480581596,0.8619747685590307,REF-H|78|3,91,REF-H,78
REF-H,0.002373246,1.404634576,1198.74835,0.06683571,0.035343155,0.0,0.0,113.06516458877684,83.98252411483008,,,2.033320463,1.457594937,0.08105235583348769,12.672356896253781,1.0,0.0,4.727964330274396,4.430608730946667,0.8642586383259118,REF-H|78|3,92,REF-H,78
REF-H,0.002365887,1.405849885,1198.74835,0.06683571,0.035343155,0.0,0.0,112.8120924618574,83.86704742813033,,,2.03964518,1.58164557,0.08117831307209482,12.66628022235255,1.0,0.0,4.725723535994203,4.429232776228915,0.8611530044832779,REF-H|78|3,93,REF-H,78
REF-H,0.002365224,1.385069611,1198.74835,0.06683571,0.035343155,0.0,0.0,111.11343787708303,81.38323237562534,,,2.281476134,2.046835443,0.08118968989103786,12.365973206042678,1.0,0.0,4.710551642320407,4.39916926131811,0.8608727320464907,REF-H|78|3,94,REF-H,78
REF-H,0.002332044,1.595032108,1199.2114,0.06689444,0.036419641,0.0,0.0,122.48030465446763,106.36073402073923,,,2.135519827,1.787421384,0.08420238734166567,15.543714926748716,1.0,0.0,4.807950238727684,4.666836467636632,0.8467451362347773,REF-H|78|4,95,REF-H,78
REF-H,0.002342474,1.593807103,1199.2114,0.06689444,0.036419641,0.0,0.0,122.9336071638084,106.67238889383559,,,2.147060755,1.910691824,0.08401472022650817,15.566241754870747,1.0,0.0,4.811644430483175,4.669762351566482,0.8512076358159082,REF-H|78|4,96,REF-H,78
REF-H,0.002330176,1.593247044,1199.2114,0.06689444,0.036419641,0.0,0.0,122.24523341691277,106.03779630703309,,,2.126650918,1.787421384,0.08423613126252101,15.50843306424837,1.0,0.0,4.806029137140133,4.663795599490746,0.8459438012055597,REF-H|78|4,97,REF-H,78
REF-H,0.002343713,1.59473041,1199.2114,0.06689444,0.036419641,0.0,0.0,123.06988441513056,106.85250466958236,,,2.140666462,1.725786164,0.08399251016936594,15.585616636739749,1.0,0.0,4.812752360003911,4.671449422478557,0.8517364239453064,REF-H|78|4,98,REF-H,78
REF-H,0.0023414,1.595390875,1199.2114,0.06689444,0.036419641,0.0,0.0,122.99934695192738,106.83549028899645,,,2.126986323,1.664150943,0.08403398679022321,15.586708923048374,1.0,0.0,4.812179046024399,4.671290177401405,0.8507490410634351,REF-H|78|4,99,REF-H,78
REF-H,0.002308701,0.527307266,1231.2015,0.06586251,0.159808968,0.0,0.0,9.379062625712015,12.000133039646702,,,1.451032592,0.4375,0.3693461655972802,4.901424153557923,1.0,0.0,2.238479824731507,2.4849177363637693,0.8366850287002413,REF-H|91|0,100,REF-H,91
REF-H,0.002304518,0.53046076,1231.2015,0.06586251,0.159808968,0.0,0.0,9.418057915723713,12.122089589998666,,,1.453666466,0.5,0.369681219296923,4.94302659025702,1.0,0.0,2.2426289012740743,2.4950293741962772,0.8348715439528687,REF-H|91|0,101,REF-H,91
REF-H,0.002303784,0.526412106,1231.2015,0.06586251,0.159808968,0.0,0.0,9.343199344867363,11.933953812995911,,,1.459555408,0.46875,0.3697401059818882,4.881868834983839,1.0,0.0,2.234648735863559,2.4793875988892764,0.834552988438839,REF-H|91|0,102,REF-H,91
REF-H,0.00232069,0.527046975,1231.2015,0.06586251,0.159808968,0.0,0.0,9.423113992388362,12.050543626502595,,,1.454308543,0.46875,0.3683908839719659,4.912797477562436,1.0,0.0,2.243165606401619,2.489109773151628,0.8418645552526072,REF-H|91|0,103,REF-H,91
REF-H,0.002310294,0.531131313,1231.2015,0.06586251,0.159808968,0.0,0.0,9.453598319459136,12.183215351254532,,,1.444621118,0.40625,0.3692188073692543,4.960472687816499,1.0,0.0,2.246395443575362,2.500059213589232,0.8373747891624884,REF-H|91|0,104,REF-H,91
REF-H,0.002326342,0.926716141,1230.554,0.06575516,0.151242279,0.0,0.0,17.540733588120975,37.388483813530414,,,1.61734636,0.75,0.34859501676106514,11.888272543684234,1.0,0.0,2.864525809793564,3.6213627375792456,0.8442970768220659,REF-H|91|1,105,REF-H,91
REF-H,0.002333557,0.928521284,1230.554,0.06575516,0.151242279,0.0,0.0,17.62940846810348,37.65069330011199,,,1.623058986,0.75,0.3480556984279337,11.94752317390746,1.0,0.0,2.86956844327192,3.6283513684219644,0.8473937129360584,REF-H|91|1,106,REF-H,91
REF-H,0.002333216,0.934439389,1230.554,0.06575516,0.151242279,0.0,0.0,17.73918023310471,38.12659815484011,,,1.623296224,0.8125,0.3480811317047818,12.068537342992146,1.0,0.0,2.8757757657294256,3.640912152864485,0.8472475734085488,REF-H|91|1,107,REF-H,91
REF-H,0.002335942,0.934074161,1230.554,0.06575516,0.151242279,0.0,0.0,17.752964202058713,38.141310410211865,,,1.621401232,0.75,0.3478779703774136,12.069443859306263,1.0,0.0,2.8765524992780107,3.6412979574795856,0.8484152358906185,REF-H|91|1,108,REF-H,91
REF-H,0.002337049,0.93349828,1230.554,0.06575516,0.151242279,0.0,0.0,17.750426958859823,38.112347528044445,,,1.62598191,0.78125,0.3477955701951515,12.06096836727362,1.0,0.0,2.8764095696524032,3.6405383117302987,0.8488890223886911,REF-H|91|1,109,REF-H,91
REF-H,0.002330389,1.174998137,1230.302,0.06571236,0.147945596,0.0,0.0,22.770642658483883,60.23756985299007,,,1.702401974,0.901649746,0.3408461819491023,17.255093929681447,1.0,0.0,3.1254721035896966,4.0982962415920925,0.8460352064322427,REF-H|91|2,110,REF-H,91
REF-H,0.002339245,1.174646306,1230.302,0.06571236,0.147945596,0.0,0.0,22.85033204947549,60.43028043318234,,,1.690640351,1.08819797,0.3402003761170449,17.286123181938187,1.0,0.0,3.12896564894034,4.101490310991234,0.8498282277343882,REF-H|91|2,111,REF-H,91
REF-H,0.002343451,1.173767815,1230.302,0.06571236,0.147945596,0.0,0.0,22.874297347337276,60.44841754768181,,,1.698220271,0.870558376,0.3398949450685805,17.284062625641923,1.0,0.0,3.1300138936335125,4.1017903988468865,0.8516246292650806,REF-H|91|2,112,REF-H,91
REF-H,0.002338993,1.174190528,1230.302,0.06571236,0.147945596,0.0,0.0,22.8390051802168,60.376889140358685,,,1.712091122,0.963832487,0.3402187019918516,17.27427620676429,1.0,0.0,3.1284698278066787,4.100606401592672,0.8497204948656272,REF-H|91|2,113,REF-H,91
REF-H,0.002340171,1.173630185,1230.302,0.06571236,0.147945596,0.0,0.0,22.839603077414726,60.34965613624528,,,1.695285852,1.057106599,0.34013306122463677,17.266303839256643,1.0,0.0,3.1284960062399,4.100155249702043,0.8502240036226987,REF-H|91|2,114,REF-H,91
REF-H,0.002341669,1.446522111,1230.302,0.06571236,0.147945596,0.0,0.0,28.16827625658909,91.73611096849507,,,1.807301547,1.310828025,0.3400242497661139,24.134383879124815,1.0,0.0,3.3381963892666398,4.518916096385737,0.8508639229924845,REF-H|91|3,115,REF-H,91
REF-H,0.002326152,1.447461862,1230.302,0.06571236,0.147945596,0.0,0.0,27.999798617450256,91.24666797715903,,,1.808623623,1.466878981,0.3411564600925173,24.063292565941513,1.0,0.0,3.33219731791542,4.513566476477095,0.8442154001986869,REF-H|91|3,116,REF-H,91
REF-H,0.002337555,1.406927729,1230.302,0.06571236,0.147945596,0.0,0.0,27.34911740345522,86.63035253639319,,,1.789119385,1.279617834,0.3403233325301006,23.061776318858286,1.0,0.0,3.308684257906894,4.461650245343073,0.8491055113156575,REF-H|91|3,117,REF-H,91
REF-H,0.002346833,1.410730404,1230.302,0.06571236,0.147945596,0.0,0.0,27.531882094930012,87.44498434544394,,,1.771407823,1.123566879,0.3396499469913128,23.216702905600478,1.0,0.0,3.3153446820531,4.471009845279399,0.8530667596717427,REF-H|91|3,118,REF-H,91
REF-H,0.002350297,1.409290444,1230.302,0.06571236,0.147945596,0.0,0.0,27.544376218587143,87.39537006951025,,,1.790043673,1.061146497,0.33939955709344194,23.199319661788326,1.0,0.0,3.315798384764723,4.470442307225253,0.8545417031491351,REF-H|91|3,119,REF-H,91
REF-H,0.002335857,1.585776988,1230.81,0.06579804,0.154612423,0.0,0.0,29.487298972549493,109.87744033085471,,,1.819460459,1.40625,0.3554833577702927,28.38275421847996,1.0,0.0,3.3839596273319876,4.699365565823363,0.8483788473387954,REF-H|91|4,120,REF-H,91
REF-H,0.00232788,1.586446976,1230.81,0.06579804,0.154612423,0.0,0.0,29.399015022970307,109.5947551256657,,,1.814955834,1.4375,0.3560919083864296,28.343707566469295,1.0,0.0,3.380961171163353,4.696789518676011,0.8449579821488779,REF-H|91|4,121,REF-H,91
REF-H,0.002337347,1.587514535,1230.81,0.06579804,0.154612423,0.0,0.0,29.53843842595729,110.18860168103633,,,1.812952664,1.28125,0.35537003385158145,28.44340982890536,1.0,0.0,3.385692412671313,4.702193458347802,0.8490165254930082,REF-H|91|4,122,REF-H,91
REF-H,0.002331595,1.587890445,1230.81,0.06579804,0.154612423,0.0,0.0,29.472724234500436,109.9694986779189,,,1.838870005,1.21875,0.35580810935475643,28.41215223455397,1.0,0.0,3.383465233417157,4.700203042595701,0.8465525827367953,REF-H|91|4,123,REF-H,91
REF-H,0.002296129,1.584170838,1230.81,0.06579804,0.154612423,0.0,0.0,28.95642404914381,107.78997510173086,,,1.812834022,1.25,0.3585454848544032,28.046611609421106,1.0,0.0,3.365792080927332,4.680184658804837,0.8312246615480102,REF-H|91|4,124,REF-H,91
