model,row_id,surface,beta,prediction,mu_log,sd_log
baseline,0,D50,1.560186908,1.5958032819329036,0.4673772344965859,0.03192592851200452
baseline,1,D50,1.561484361,1.5831075352516175,0.4593897098939971,0.031204738363393082
baseline,2,D50,1.560393514,1.586541216973797,0.46155631151694154,0.031103112733335794
baseline,3,D50,1.558472561,1.5805859833490872,0.45779565381894005,0.03161377093407511
baseline,4,D50,1.561608985,1.585487409066621,0.46089187366332673,0.031117246192882458
baseline,5,D100,1.561041612,1.5608080797106407,0.44520368696036766,0.01816481290004453
baseline,6,D100,1.556557304,1.5598607967940936,0.44459658445566147,0.018041478329501443
baseline,7,D100,1.560626044,1.5619248491551856,0.44591893832357704,0.018115835925753294
baseline,8,D100,1.555448691,1.5594958820347944,0.44436261649461317,0.018035310302262304
baseline,9,D100,1.570784601,1.56238823115364,0.44621556800820905,0.018287751231408706
baseline,10,D200,1.559258194,1.5750479611481556,0.4542857233365967,0.013722331871646459
baseline,11,D200,1.557328689,1.575598178635933,0.4546349961326896,0.013809403327644113
baseline,12,D200,1.560386696,1.576626754249282,0.4552875990856855,0.01385849215812425
baseline,13,D200,1.56406944,1.5753976425867708,0.45450771189569866,0.013748089654136833
baseline,14,D200,1.559799742,1.5748270396396729,0.4541454501455718,0.013713723462801333
baseline,15,D400,1.57747785,1.5606688044218786,0.4451144501702043,0.011272462512436902
baseline,16,D400,1.582462146,1.5618429338499213,0.4458664918480556,0.01100398389473362
baseline,17,D400,1.571871059,1.5616455327966496,0.44574009403635084,0.011042201328766698
baseline,18,D400,1.578362744,1.5602966780154566,0.4448759813948977,0.011260536495671512
baseline,19,D400,1.571060369,1.5586149505274811,0.4437975746612364,0.011525487838678938
baseline,20,D600,1.562491354,1.5728401694452991,0.4528830101693754,0.01043825039158005
baseline,21,D600,1.560566365,1.571610336715401,0.45210078587282676,0.010590559992562167
baseline,22,D600,1.566691898,1.5730491987951414,0.45301590063415786,0.010424052903556396
baseline,23,D600,1.559224889,1.5739043253365186,0.4535593637364038,0.010674241134750885
baseline,24,D600,1.58159802,1.5756993331622509,0.4546991947848156,0.010595552795103165
baseline,25,D800,1.644690279,1.577306126476944,0.4557184086582804,0.010334890813018584
baseline,26,D800,1.57983316,1.5780250147015653,0.45617407445365643,0.010340182369650027
baseline,27,D800,1.564816559,1.5763677076604174,0.45512328126491103,0.010404254139693418
baseline,28,D800,1.566544735,1.580854944995585,0.4579658051222495,0.010681319672131179
baseline,29,D800,1.592458478,1.5804840921064112,0.4577311875209592,0.010664716991389576
baseline,30,S50,1.575816199,1.5581584192813405,0.44350462346123726,0.024438077929968948
baseline,31,S50,1.602076658,1.5629251331600138,0.446559150842357,0.02340940444453206
baseline,32,S50,1.579807863,1.565006093061548,0.44788971731460014,0.023200557395687667
baseline,33,S50,1.580573721,1.5609620104288464,0.4453023045483935,0.023546454562242896
baseline,34,S50,1.592722949,1.5629761671135067,0.4465918031551432,0.023225969353083235
baseline,35,S100,1.567218001,1.574315350409653,0.4538204796163637,0.012173658195292925
baseline,36,S100,1.570607716,1.5758381929235297,0.4547873167000517,0.012208456790719663
baseline,37,S100,1.571419163,1.5757265069179656,0.45471644015697044,0.012512595685611229
baseline,38,S100,1.566838091,1.5749801807270802,0.45424268853307553,0.012354979708139514
baseline,39,S100,1.564440461,1.5682918898177283,0.44998705882415924,0.01221020638502281
baseline,40,S200,1.56406097,1.5784804342017151,0.4564626337548724,0.010296266156862664
baseline,41,S200,1.580191426,1.5710532285555876,0.45174624065722957,0.01048550941440316
baseline,42,S200,1.583074977,1.5798527377089246,0.45733163871342114,0.010345505177070695
baseline,43,S200,1.572904736,1.5797003580629274,0.4572351822580324,0.010416249078860872
baseline,44,S200,1.585051572,1.5768735682758541,0.4554441324624625,0.010385795259578574
baseline,45,S400,1.562576774,1.5733031165674312,0.45317730517337695,0.010022916140585102
baseline,46,S400,1.582775974,1.5730211376100276,0.4529980617544674,0.010034557082599172
baseline,47,S400,1.570456464,1.5757216028194756,0.4547133278744139,0.009992873624952034
baseline,48,S400,1.5750196,1.5765384699549747,0.4552316018333673,0.009981315777727663
baseline,49,S400,1.577183511,1.580791138045053,0.4579254420019856,0.010056798853265853
baseline,50,S600,1.555828114,1.584075261875558,0.4600008060738159,0.010027685532400252
baseline,51,S600,1.56117239,1.583757371015559,0.45980010679585176,0.010037098488767276
baseline,52,S600,1.561823954,1.583502478635571,0.45963915228460983,0.010074523771720783
baseline,53,S600,1.559846724,1.5849494000256847,0.4605524825456375,0.01000767312883901
baseline,54,S600,1.561648453,1.5825464774744167,0.4590352442569945,0.01005683398821907
baseline,55,S800,1.589227754,1.5709574811968459,0.4516852941057272,0.010668335877714707
baseline,56,S800,1.580440672,1.5724510171980994,0.45263555947174966,0.010766298319668712
baseline,57,S800,1.59815524,1.5746424316848224,0.454028219001252,0.010946156219444227
baseline,58,S800,1.615199232,1.571813731379566,0.45223019549751803,0.01072365554705538
baseline,59,S800,1.584848504,1.572090822116466,0.4524064672213587,0.01073806135699285
baseline,60,D50,2.044100443,2.1045315760756425,0.7440929131908356,0.02822135522867351
baseline,61,D50,2.04957737,2.097216924776584,0.740611191861335,0.028468224521226014
baseline,62,D50,1.999572687,2.0658160512215598,0.7255253305386975,0.03009806132112538
baseline,63,D50,2.017631508,2.0657455911351748,0.7254912223285382,0.030332377203155424
baseline,64,D50,2.006211894,2.0656101649095646,0.7254256621426548,0.03097643376243309
baseline,65,D100,2.016437285,1.9102756613628853,0.6472475569655237,0.018677521377149408
baseline,66,D100,1.994408192,1.9403457515822977,0.6628661796606019,0.018231420466911254
baseline,67,D100,1.97356662,1.9160248181214132,0.6502526325552862,0.01856749141799745
baseline,68,D100,1.983306755,1.9191906185373828,0.6519035443161977,0.018547115182961434
baseline,69,D100,1.971798525,1.9401359551419397,0.6627580505898224,0.018333562958975487
baseline,70,D200,1.964318123,1.9956662129088383,0.6909779359035269,0.014160312882861653
baseline,71,D200,1.961302475,1.991001972011617,0.6886380155444602,0.014037186695987693
baseline,72,D200,1.966048011,1.9581486572510467,0.6719994642350191,0.014028885032037745
baseline,73,D200,1.959125658,1.9818061539541805,0.6840086278725669,0.014444861212402802
baseline,74,D200,1.970214261,1.9683862743061815,0.6772140569647391,0.014034324604806173
baseline,75,D400,1.964858008,1.9649432663956092,0.6754633728411154,0.01146203196267754
baseline,76,D400,1.951867166,1.957362060076617,0.6715976790060677,0.011059037872899692
baseline,77,D400,1.959093971,1.9486932526038165,0.6671590210704452,0.011212903418637826
baseline,78,D400,1.953838928,1.9769937488068503,0.6815773822243762,0.010951646462390358
baseline,79,D400,1.947956474,1.9791567477397376,0.6826708690117483,0.010970413720301272
baseline,80,D600,1.954137272,1.943778759920201,0.664633892936371,0.010360464206800653
baseline,81,D600,1.941923138,1.949306430402152,0.6674736325908444,0.010194023960558822
baseline,82,D600,1.944425234,1.9447268129883508,0.6651215111584149,0.010123619047718569
baseline,83,D600,1.943606342,1.9424479808674353,0.6639490234248651,0.010185048960240485
baseline,84,D600,1.939217447,1.9476468328418,0.6666218914748621,0.010151914070744717
baseline,85,D800,1.937833439,1.930548407486103,0.6578041115106553,0.010192620411273749
baseline,86,D800,1.931115531,1.9349408294360964,0.6600767469114023,0.010131649428780334
baseline,87,D800,1.937390462,1.9308392913678158,0.6579547743836682,0.010180716695875777
baseline,88,D800,1.939430677,1.9306985114654527,0.657881860477544,0.010218372788734583
baseline,89,D800,1.930410702,1.941198327327884,0.6633054768794224,0.010172968019633076
baseline,90,S50,2.018231427,2.0330372058995017,0.7095308354622712,0.020682366859133945
baseline,91,S50,2.016383376,2.0302093704131456,0.7081389258698788,0.02061622138196326
baseline,92,S50,2.019922289,2.041064648164111,0.7134715580757603,0.021142851379681755
baseline,93,S50,2.023950784,2.03656994350516,0.7112669924736683,0.02069056157967093
baseline,94,S50,2.020788185,2.0285574668329005,0.7073249329810553,0.02060070474982128
baseline,95,S100,1.928651999,1.9255361035680172,0.6552044243271222,0.012780172474419616
baseline,96,S100,1.93017593,1.9205023729245712,0.6525868043795086,0.012766481097087251
baseline,97,S100,1.932332607,1.9298714741169474,0.657453406977545,0.012814252648543079
baseline,98,S100,1.936713222,1.9269903192541928,0.655959365680219,0.0128812108824604
baseline,99,S100,1.941062316,1.93340742045807,0.6592839490766239,0.01286381258745158
baseline,100,S200,1.935150704,1.9463744534896363,0.6659683873957176,0.01041198569049024
baseline,101,S200,1.934574776,1.9507376431940517,0.6682075796074108,0.010480510313972135
baseline,102,S200,1.931366726,1.9485121843495827,0.6670660989716268,0.010432064987300703
baseline,103,S200,1.93014659,1.9483352549807176,0.6669752925586269,0.01043437594352253
baseline,104,S200,1.934298104,1.9473644936528003,0.666476916702864,0.010417238122345024
baseline,105,S400,1.928885505,1.906399488031669,0.6452163782499406,0.010431555147235505
baseline,106,S400,1.934057083,1.9414545447965812,0.6634374575006665,0.012346266045155605
baseline,107,S400,1.924819553,1.9086246894879826,0.6463829248326697,0.010271059552386446
baseline,108,S400,1.919839737,1.9072953666224242,0.6456862001110897,0.010433339080653258
baseline,109,S400,1.9194336,1.9187933865170594,0.6516965439632944,0.010207647015196069
baseline,110,S600,1.925053088,1.9238076738968,0.654306385654922,0.010202891054972773
baseline,111,S600,1.926645985,1.928790604566305,0.6568931767439189,0.010215018648548367
baseline,112,S600,1.921919857,1.924512548352475,0.6546727140386581,0.010187351830106568
baseline,113,S600,1.927081693,1.9253033498209158,0.6550835396471961,0.010305922100878329
baseline,114,S600,1.924848505,1.9143475609497824,0.649376865338503,0.01031742558914487
baseline,115,S800,1.92363974,1.926945991363542,0.6559363617242218,0.012272953740365744
baseline,116,S800,1.912130921,1.9277200405051123,0.6563379784378748,0.012683556512234911
baseline,117,S800,1.917343839,1.9220936901735857,0.6534150555481738,0.012588174337216325
baseline,118,S800,1.910109237,1.924152467824207,0.6544855943346541,0.012081397208296122
baseline,119,S800,1.916211727,1.9295258843892207,0.6572743169815959,0.012865810870319407
baseline,120,D50,2.401662904,2.4016926979547653,0.8761737795677026,0.02734397335813586
baseline,121,D50,2.408329379,2.3895648049275118,0.8711112593745357,0.027227571826767088
baseline,122,D50,2.409795375,2.3829471247147924,0.868338009332791,0.02732175096941482
baseline,123,D50,2.433450011,2.3977391101918744,0.8745262559377347,0.02722804449497726
baseline,124,D50,2.434746684,2.3888008944519217,0.870791522238386,0.02721323467195442
baseline,125,D100,2.383093911,2.377573146455545,0.866080281086347,0.01733649345616833
baseline,126,D100,2.377584742,2.393154760899025,0.8726124791706436,0.01728945887754404
baseline,127,D100,2.412540012,2.3953239384632976,0.8735184778599304,0.017289800376757626
baseline,128,D100,2.430015758,2.3963347409163416,0.8739403787237743,0.017284257232530624
baseline,129,D100,2.430136719,2.3887865790729133,0.870785529515453,0.017292808580956484
baseline,130,D200,2.428161204,2.420389232589938,0.8839283671484406,0.013618148464810905
baseline,131,D200,2.404430077,2.4218685196052006,0.8845393577800778,0.013590833406148521
baseline,132,D200,2.384685146,2.4232357299278067,0.8851037255577275,0.013590835450919285
baseline,133,D200,2.384331984,2.4097410424985255,0.8795192904838399,0.013617854903586541
baseline,134,D200,2.388001759,2.4196879131431928,0.883638570341267,0.013591469683130054
baseline,135,D400,2.4082186,2.420801249496188,0.884098580201932,0.010732198368381627
baseline,136,D400,2.417180474,2.4198752378170556,0.8837159842185585,0.01072600265639995
baseline,137,D400,2.394055265,2.4189348470631007,0.8833272974342878,0.01072794825726647
baseline,138,D400,2.419993966,2.420329252193595,0.8839035855394565,0.01072577486235469
baseline,139,D400,2.429802299,2.411453030614594,0.8802294830884365,0.010731178415865513
baseline,140,D600,2.420626025,2.4090024643918597,0.8792127466259262,0.010401896109755282
baseline,141,D600,2.394758376,2.408470036471167,0.878991706268035,0.010385315655907614
baseline,142,D600,2.384010172,2.3911455964475956,0.8717725801595144,0.010386830114047648
baseline,143,D600,2.418643886,2.406567569678549,0.8782014873550252,0.010506588723033628
baseline,144,D600,2.39934375,2.3902327790655846,0.8713907582992008,0.010597515173743114
baseline,145,D800,2.360297782,2.3470513079171473,0.853159777693911,0.010208175870372226
baseline,146,D800,2.375450943,2.346584699069272,0.8529609515179066,0.010210700494984272
baseline,147,D800,2.371242957,2.364901898707654,0.8607365406216783,0.010140977029805268
baseline,148,D800,2.383375605,2.351267472483534,0.8549545327521308,0.010184713338161197
baseline,149,D800,2.365110163,2.3624014515742844,0.8596786658963731,0.010150325256159344
baseline,150,S50,2.38150949,2.3520132303000687,0.8552716551481399,0.018595245568544586
baseline,151,S50,2.394125437,2.357425010213577,0.857569925990322,0.018591918882604145
baseline,152,S50,2.396222224,2.359905991633065,0.8586217841903356,0.018632381129791955
baseline,153,S50,2.392269046,2.355541731249072,0.8567707355151697,0.018628554408801994
baseline,154,S50,2.369866879,2.356412274618859,0.8571402397075313,0.018673887896928573
baseline,155,S100,2.374401007,2.3895647921178256,0.8711112540138584,0.011527492426037738
baseline,156,S100,2.370325356,2.3904382137979012,0.8714767021898178,0.011509373249465028
baseline,157,S100,2.391706078,2.3981737463570223,0.8747075086749457,0.011505056486446022
baseline,158,S100,2.424080577,2.400839179446868,0.8758183343406133,0.011498032903580145
baseline,159,S100,2.379081599,2.383538006126655,0.8685859410471127,0.01155571192018237
baseline,160,S200,2.41122508,2.3608485370645926,0.8590211040186905,0.010375839252343701
baseline,161,S200,2.384056674,2.3639923496328055,0.8603518633426785,0.01044604128611895
baseline,162,S200,2.375336473,2.3714537683738786,0.8635031714686375,0.010588074111309994
baseline,163,S200,2.354090276,2.367485663736273,0.8618284906157379,0.010633610209238635
baseline,164,S200,2.349382093,2.3649347326843175,0.8607504243894373,0.010619576615699658
baseline,165,S400,2.333697666,2.357549849834064,0.8576228805125503,0.010085137950969717
baseline,166,S400,2.347239773,2.3468469823447764,0.8530727176172477,0.0101793105904442
baseline,167,S400,2.35748471,2.3575937150003012,0.8576414865912986,0.01006864232960166
baseline,168,S400,2.334848634,2.3486173138612236,0.8538267779140167,0.010125215942191627
baseline,169,S400,2.323961879,2.356098076362118,0.8570068932599672,0.010091722353334444
baseline,170,S600,2.352788986,2.357398273663487,0.8575585845047644,0.010192284622271517
baseline,171,S600,2.360231398,2.3604780461424903,0.8588641604494061,0.01016586676027308
baseline,172,S600,2.337840207,2.356519709798616,0.8571858313605112,0.010193240558512767
baseline,173,S600,2.352483628,2.3613291254616375,0.8592246492611822,0.010147695687021242
baseline,174,S600,2.358437625,2.35985416998755,0.8585998247501344,0.010153322199649338
baseline,175,S800,2.327082283,2.312629105103954,0.8383850180801917,0.012609723099832796
baseline,176,S800,2.375686483,2.3163950902300994,0.8400121367981352,0.012694967070630234
baseline,177,S800,2.357065093,2.3152988744184633,0.8395387826255705,0.012550337988906144
baseline,178,S800,2.344086808,2.3182814556874147,0.8408261593271252,0.012308630842166947
baseline,179,S800,2.371926086,2.32276761127242,0.842759410588862,0.011923363746411576
baseline,180,D50,2.712659774,2.6849622014742454,0.9876666501985134,0.027314413716563384
baseline,181,D50,2.725048716,2.687965529596738,0.98878459876794,0.02733273158329856
baseline,182,D50,2.731434141,2.6818864117491303,0.986520431892937,0.02730366349530419
baseline,183,D50,2.738759908,2.6687535289288045,0.9816115203091663,0.027312814138041912
baseline,184,D50,2.737732498,2.650362986151163,0.9746966065238871,0.027450208040388755
baseline,185,D100,2.675096745,2.7781098844088152,1.0217707987726206,0.017576388248231833
baseline,186,D100,2.867247482,2.770194602074267,1.0189175711880027,0.017666866391399347
baseline,187,D100,2.696871146,2.757190518810044,1.0142122333211565,0.017489028112964856
baseline,188,D100,2.647227765,2.7604622438073454,1.015398145346252,0.01750672776376788
baseline,189,D100,2.657785564,2.779406998305139,1.0222375949865596,0.01776651530328564
baseline,190,D200,2.748276141,2.751027437023071,1.011974455365284,0.013458373737679724
baseline,191,D200,2.682650303,2.760805675945055,1.01552254870546,0.013458626674838553
baseline,192,D200,2.701945369,2.75949562431895,1.0150479182172163,0.013624154849221007
baseline,193,D200,2.740214864,2.7464630954802423,1.010313936783352,0.01356753839865006
baseline,194,D200,2.744762506,2.7661391013886494,1.0174525217064425,0.013490494037696867
baseline,195,D400,2.766825409,2.7912334711301527,1.0264836024816666,0.011335737633225972
baseline,196,D400,2.901334736,2.7332646206165463,1.0054967264872883,0.011991852354843343
baseline,197,D400,2.782567861,2.668502879119025,0.9815175957191518,0.013403382556891425
baseline,198,D400,2.801594694,2.6796818316617834,0.9856980679458589,0.012832511241905837
baseline,199,D400,2.750904643,2.664485011584632,0.9800107975126189,0.013793221042090536
baseline,200,D600,2.782887365,2.707457415449265,0.9960099714033941,0.01019671247594374
baseline,201,D600,2.84132757,2.7048781894667093,0.9950568796640509,0.010208509019708236
baseline,202,D600,2.766425103,2.702699796891321,0.9942511981930776,0.010210897016611022
baseline,203,D600,2.732959456,2.68442265658559,0.9874656793593077,0.010166674138405987
baseline,204,D600,2.763235638,2.6963222761032055,0.9918887245198384,0.010194436193887815
baseline,205,D800,2.63522,2.7630983029110125,1.0163526236330376,0.010284703101575065
baseline,206,D800,2.651727808,2.7815966470360087,1.0230250963023932,0.010422681357326838
baseline,207,D800,2.695769239,2.7694562318585527,1.0186509947404172,0.010402837733661416
baseline,208,D800,2.623911376,2.7723881344627315,1.019709091173271,0.010358423912258535
baseline,209,D800,2.604061726,2.759988383057256,1.0152264706829746,0.010498764334788307
baseline,210,S50,2.731521141,2.6203238903997037,0.9632979324223631,0.01848828228462566
baseline,211,S50,2.632174683,2.6202691477890654,0.9632770406605944,0.01839090916593571
baseline,212,S50,2.697323437,2.6368666885885665,0.9695913518985396,0.018435450691915774
baseline,213,S50,2.665334753,2.6259309120100784,0.9654354663228121,0.018469591792458318
baseline,214,S50,2.709654543,2.620706550180199,0.963443957058363,0.01844393205197435
baseline,215,S100,2.644428335,2.6919397844779103,0.9902620432105795,0.011464661321088915
baseline,216,S100,2.67892849,2.697629813373257,0.9923735405782581,0.011463027589808203
baseline,217,S100,2.651410329,2.696644383156249,0.9920081790144711,0.011452340876765442
baseline,218,S100,2.645760415,2.679427745090447,0.9856032437711009,0.011477773033289255
baseline,219,S100,2.649109535,2.6864913230178664,0.9882360013352051,0.01148030147468175
baseline,220,S200,2.67459967,2.6790317187123542,0.9854554302506333,0.01031630905142871
baseline,221,S200,2.653136363,2.6906927014315563,0.9897986702896407,0.01032162788623924
baseline,222,S200,2.703511806,2.68577766129217,0.9879703177918164,0.010289313559282602
baseline,223,S200,2.650051828,2.687909600495673,0.9887637913273974,0.010288704049318835
baseline,224,S200,2.691075341,2.6907938578841986,0.9898362645311348,0.010300287991555438
baseline,225,S400,2.800140568,2.6672766145555458,0.9810579573152328,0.010252378372661516
baseline,226,S400,2.686679766,2.6590354132329965,0.9779634304245448,0.010252791079015689
baseline,227,S400,2.64679232,2.676270741038116,0.98442431092932,0.01012761604948874
baseline,228,S400,2.721755729,2.673290907113243,0.9833102629272401,0.01019944165730813
baseline,229,S400,2.689948259,2.668350468513304,0.981460479438889,0.010232659823573454
baseline,230,S600,2.647347587,2.680050589675296,0.9858356710891154,0.010097679484278045
baseline,231,S600,2.628741468,2.6773840021812365,0.9848401992196796,0.010152693282051128
baseline,232,S600,2.6300257,2.6833041564639246,0.9870489293357654,0.010132266598867998
baseline,233,S600,2.653703494,2.6710067489718265,0.982455460883084,0.010143502053285031
baseline,234,S600,2.628540977,2.6631509890880682,0.9795100040934455,0.010160325857601888
baseline,235,S800,2.664593931,2.643476834759446,0.9720950335603797,0.010668579017117208
baseline,236,S800,2.656532806,2.647449896631253,0.9735968735291749,0.010747797334809111
baseline,237,S800,2.702334908,2.647273412776966,0.9735302094774241,0.010699866552696292
baseline,238,S800,2.646022521,2.6328480526294467,0.9680661700109155,0.010776546719239968
baseline,239,S800,2.700193466,2.6415332156998668,0.9713595121030331,0.010760011403863932
baseline,240,D50,2.994801895,2.9300782742162728,1.0750291374217245,0.029120714209815664
baseline,241,D50,3.017042885,2.942368383427191,1.0792148296454234,0.03056362345932783
baseline,242,D50,3.041828615,2.8705110856436775,1.0544900925389047,0.028436025199583877
baseline,243,D50,2.99137326,2.904779067983866,1.0663573350826157,0.028718309503811452
baseline,244,D50,2.98648365,2.8761882419196216,1.056465890401019,0.02857772957234627
baseline,245,D100,2.991563797,2.990434137319487,1.095418573290536,0.017932461546495037
baseline,246,D100,3.009996481,2.9915842781837387,1.095803106001249,0.018175325643397102
baseline,247,D100,2.962123796,2.9946722292685326,1.0968347862691565,0.01805482350394184
baseline,248,D100,2.956168224,2.996592273882566,1.0974757343290378,0.018008263360921255
baseline,249,D100,2.915595762,3.0038154080444475,1.0998832832936145,0.018044980205541534
baseline,250,D200,3.125488432,3.144351431864613,1.145607646903092,0.014961404864804129
baseline,251,D200,2.986670763,3.149746505143828,1.1473219750417758,0.01521009978177947
baseline,252,D200,3.122846689,3.0751335784846554,1.1233483404725964,0.014435253472314842
baseline,253,D200,3.025946716,3.1366858452110558,1.143166779217943,0.015202695937027553
baseline,254,D200,3.063166499,3.1522719727102197,1.1481234540315493,0.01534353131110378
baseline,255,D400,3.154841788,3.0960012545007363,1.1301113609278948,0.011602962064068913
baseline,256,D400,3.024652821,3.111730009419806,1.135178844653941,0.011682000406345155
baseline,257,D400,3.205285799,3.108919160615291,1.1342751290065913,0.011517445567857224
baseline,258,D400,3.203743204,3.0858620493604545,1.1268310508551045,0.011666739365266519
baseline,259,D400,3.038918026,3.109676119547771,1.1345185791435164,0.011648504110150469
baseline,260,D600,3.342236258,3.1193533104040587,1.1376257080311263,0.010883699770362734
baseline,261,D600,3.081920399,3.0928629420490723,1.1290971804188414,0.010936166088512661
baseline,262,D600,3.123416728,3.119691494865264,1.1377341170815793,0.010865526162842547
baseline,263,D600,3.124444876,3.11202083698407,1.1352723019826976,0.010906324282368882
baseline,264,D600,3.296475183,3.11576317199815,1.1364741212683778,0.010849225209160462
baseline,265,D800,3.007268472,3.050207768795125,1.1152097092156303,0.010242529294865523
baseline,266,D800,3.095796473,3.043745357574875,1.1130887826155258,0.010264067543770475
baseline,267,D800,2.985437636,3.0336475337731086,1.1097657020529548,0.010254242919800503
baseline,268,D800,3.011094667,3.028234787547246,1.1079798713893179,0.010316122413528365
baseline,269,D800,3.168463788,3.031461832502288,1.1090449561493139,0.010256381786727718
baseline,270,S50,2.959020881,2.842105418298264,1.0445451219842588,0.0251076024648637
baseline,271,S50,2.959927376,2.861553237305251,1.0513645673786485,0.021750179578572674
baseline,272,S50,3.018549894,2.8456003823900047,1.0457740760314937,0.020104440863995335
baseline,273,S50,2.976615558,2.8645377225114648,1.0524069837487031,0.021563776559850947
baseline,274,S50,2.981243906,2.8497394971351304,1.0472275855889226,0.021034805014125194
baseline,275,S100,2.939393159,3.0966073457864907,1.1303071076081102,0.011810389326460774
baseline,276,S100,2.929744229,3.090199434843679,1.1282356308475157,0.011660965026483934
baseline,277,S100,3.000321687,3.08644521377273,1.1270200124181473,0.011665143028906203
baseline,278,S100,3.087471777,3.0961933278060365,1.1301733981597062,0.011816151797861534
baseline,279,S100,3.109757546,3.0938130014672605,1.1294043112381473,0.011786477851298747
baseline,280,S200,2.983634778,2.9406463478846434,1.078629403407218,0.010365670662022325
baseline,281,S200,3.076031721,2.907390636462606,1.0672559904169554,0.010566272939284341
baseline,282,S200,2.978891815,2.921663547204393,1.0721531620049378,0.010458949272148445
baseline,283,S200,3.074036077,2.9187045261380127,1.0711398624038138,0.010495801033849558
baseline,284,S200,3.157526941,2.940123730249431,1.0784516655838905,0.010381433549524394
baseline,285,S400,2.893415666,3.022316675412364,1.1060236483711676,0.010110512427808168
baseline,286,S400,2.835511238,3.0064575697112996,1.1007624985461777,0.010070693091087565
baseline,287,S400,2.874224375,2.990203940887582,1.0953415927312684,0.010055054697901647
baseline,288,S400,2.877137236,2.9909423267953383,1.0955884972136072,0.010055486541634072
baseline,289,S400,2.934912279,3.024938732829112,1.1068908376674869,0.010143238214696705
baseline,290,S600,2.909473986,2.9142611257213784,1.0696163145067954,0.010301230849068104
baseline,291,S600,3.056239128,2.9262222586302484,1.0737122596004294,0.010392761924579427
baseline,292,S600,3.048550845,2.8967322357549397,1.0635832864018855,0.010205194542537368
baseline,293,S600,3.107367274,2.911523396346593,1.0686764481022122,0.01032522567758781
baseline,294,S600,2.952127628,2.8959341313200553,1.0633077295548794,0.010207321830502363
baseline,295,S800,2.823288905,2.9158683717459914,1.070167673122767,0.014894835032782213
baseline,296,S800,2.863719184,2.917675874443657,1.07078736594731,0.014458118475975298
baseline,297,S800,2.851970661,2.9217190358117855,1.0721721539523608,0.013012509767091073
baseline,298,S800,2.838814561,2.9145874053858307,1.0697282678928035,0.013633901056916595
baseline,299,S800,2.819979547,2.9263814991847257,1.0737666765953622,0.012013372890674157
baseline,300,D50,1.552767498,1.6026276846832594,0.47164458506802165,0.02967166610357272
baseline,301,D50,1.548674901,1.6017242672303436,0.47108071599845014,0.029723966099165833
baseline,302,D50,1.557422765,1.5946146087670925,0.46663208244344767,0.029987881961359972
baseline,303,D50,1.562692913,1.6048760990982214,0.473046556778613,0.029726259152652326
baseline,304,D50,1.558102838,1.6021652630229195,0.47135600376427156,0.029667661144540218
baseline,305,D100,1.572517305,1.5532463961972476,0.4403471897898115,0.01817560858569107
baseline,306,D100,1.578127171,1.5532863406156319,0.4403729061892644,0.018193556660664092
baseline,307,D100,1.571879021,1.5508519389432383,0.43880441796339614,0.018329674997058513
baseline,308,D100,1.585865962,1.549838886543436,0.438150981363061,0.018367510315655564
baseline,309,D100,1.566831298,1.5502777936858916,0.4384341366056924,0.01840689113194038
baseline,310,D200,1.566116653,1.5734696225336091,0.4532831316693704,0.013725332416563776
baseline,311,D200,1.576968715,1.573414474631918,0.4532480824587901,0.013720790706200707
baseline,312,D200,1.576836284,1.5731380758428453,0.4530723988905993,0.013709661697757594
baseline,313,D200,1.583116266,1.5737252967038011,0.4534456091627037,0.013753761599866368
baseline,314,D200,1.576286602,1.5734152503926646,0.453248575501512,0.01382667292619087
baseline,315,D400,1.567755435,1.5713088937259334,0.4519089623048062,0.011039875024674848
baseline,316,D400,1.562605939,1.5708498385832863,0.45161677137174294,0.010994657844105863
baseline,317,D400,1.567598269,1.5709311229115839,0.45166851548077663,0.01099143644900873
baseline,318,D400,1.55788804,1.570642241832341,0.451484606944182,0.011603445407639214
baseline,319,D400,1.555636875,1.5689289243243216,0.45039317274032165,0.012893159575054814
baseline,320,D600,1.568956739,1.577088576396067,0.45558047406117763,0.011053986491318306
baseline,321,D600,1.571242561,1.5762190450751128,0.45502896976957413,0.011105290389497742
baseline,322,D600,1.573089533,1.575387552234338,0.4545013069192823,0.010396545359799517
baseline,323,D600,1.568257404,1.5747736179903478,0.45411152733748444,0.010277489228677618
baseline,324,D600,1.575665406,1.5753235257293619,0.4544606643447012,0.010678886718109293
baseline,325,D800,1.561065551,1.5698447928923118,0.4509767564430649,0.010129181265035493
baseline,326,D800,1.571763461,1.5694783795052916,0.4507433218021807,0.010261568594185802
baseline,327,D800,1.576918877,1.569615233318075,0.45083051500490073,0.010144301559646017
baseline,328,D800,1.581314446,1.5698969076005935,0.4510099532555787,0.010132391907163252
baseline,329,D800,1.566478551,1.5701116910857529,0.4511467576487795,0.010011772993354142
baseline,330,S50,1.553567545,1.597166509568978,0.4682311277733303,0.021318484219340503
baseline,331,S50,1.564751479,1.5808368308897112,0.4579543466328342,0.019996841950735193
baseline,332,S50,1.551504027,1.5818330132860114,0.4585843095934509,0.01986284736247194
baseline,333,S50,1.564022461,1.582372914689866,0.4589255651383702,0.019820023743133623
baseline,334,S50,1.570885043,1.58123551001707,0.45820650982613875,0.01981792473345081
baseline,335,S100,1.566786998,1.5566332725364849,0.4425253304505692,0.011573347390311333
baseline,336,S100,1.57161871,1.5567641808966433,0.44260942402499603,0.011584944833525438
baseline,337,S100,1.576159572,1.5571085206768138,0.4428305889951634,0.011627151488330038
baseline,338,S100,1.574140115,1.5579050103104966,0.4433419765978929,0.011596038878278554
baseline,339,S100,1.575161986,1.5576769423160448,0.4431955718501912,0.011671894755685372
baseline,340,S200,1.55049502,1.57035323350934,0.45130058355027053,0.010501554605560947
baseline,341,S200,1.55748727,1.5710380879981045,0.45173660340868527,0.010375369531245392
baseline,342,S200,1.552948023,1.570861478410587,0.45162418123606607,0.010359675223844369
baseline,343,S200,1.570748186,1.5710068526237049,0.4517167212141331,0.010209087948834222
baseline,344,S200,1.560910389,1.5710264320093856,0.4517291840901801,0.010237796690602237
baseline,345,S400,1.569008578,1.5663300169185246,0.44873531413931955,0.010013005910479328
baseline,346,S400,1.576788168,1.5638517556974736,0.44715185227103166,0.010288780625446988
baseline,347,S400,1.590173634,1.5655550238538831,0.4482404089493968,0.010043801359271532
baseline,348,S400,1.579849587,1.565564805554428,0.44824665700190064,0.010048170948359681
baseline,349,S400,1.569267854,1.5660806859855214,0.44857611985914514,0.010019327447548378
baseline,350,S600,1.587079653,1.5722781081126154,0.4525255919173002,0.010053279191809103
baseline,351,S600,1.567946889,1.57137080311403,0.451948361412623,0.010112821661081375
baseline,352,S600,1.571871059,1.5720255683144642,0.45236495870582794,0.010070392836891966
baseline,353,S600,1.569880939,1.5736207496640204,0.4533791741166179,0.01008961453695437
baseline,354,S600,1.566603451,1.572201453794014,0.45247683706479935,0.010060525813852443
baseline,355,S800,1.561161878,1.5753539603698345,0.4544799837708297,0.010899523251618493
baseline,356,S800,1.567127956,1.5746605462422216,0.45403972285307337,0.010808536612515402
baseline,357,S800,1.5717416,1.5721140380955538,0.45242123469365786,0.01059178466105135
baseline,358,S800,1.580639482,1.572907920964291,0.4529260851499875,0.01062416660381341
baseline,359,D50,2.106587464,2.0810216143095697,0.7328589338590332,0.032537285659131325
baseline,360,D50,2.117544335,2.0162474579243583,0.701238089662616,0.03814827588322476
baseline,361,D50,2.118184975,2.03195269480866,0.708997249331401,0.03680308338856446
baseline,362,D50,2.099811401,2.024169975242805,0.7051597277621537,0.03520858651219039
baseline,363,D50,2.091618493,2.0829931662611494,0.7338058815538899,0.030784811570163485
baseline,364,D100,2.060357876,2.0343913836600747,0.7101966997943868,0.01827521940224855
baseline,365,D100,2.051589607,2.0610860994645726,0.7232330766129291,0.018434322602686137
baseline,366,D100,2.058574592,2.036706368172839,0.7113339776999535,0.01831586898215594
baseline,367,D100,2.052924413,2.0305019498766512,0.7082830284375988,0.018339080164910416
baseline,368,D100,2.049683521,2.043822367407203,0.7148217641654447,0.018448991739091054
baseline,369,D200,2.057366791,2.064030408640589,0.7246605803792913,0.013962725872005753
baseline,370,D200,2.058764596,2.063458523222206,0.7243834698011726,0.013929272871148597
baseline,371,D200,2.057642712,2.075557978482849,0.7302300228270528,0.014115199663055045
baseline,372,D200,2.069375924,2.07200658383645,0.7285175019194325,0.01389942431962121
baseline,373,D200,2.056356092,2.075896879026623,0.7303932911540172,0.013894292409655215
baseline,374,D400,2.0430377,2.063916606994069,0.7246054432149245,0.011690574092386436
baseline,375,D400,2.067464556,2.0175159788849397,0.7018670412718367,0.012697897882793508
baseline,376,D400,2.05092407,2.0661204916994738,0.7256726902453642,0.01153920841656523
baseline,377,D400,2.046116935,2.0435570320583087,0.7146919326409713,0.011930826644537757
baseline,378,D400,2.040174013,2.0589824265443037,0.7222118930623155,0.011478716546142822
baseline,379,D600,2.030799499,2.0305159094631158,0.7082899033576057,0.010278036976566535
baseline,380,D600,2.029389278,2.0275446252498024,0.7068255167527868,0.010242871249918982
baseline,381,D600,2.035717652,2.030074578101705,0.7080725303600085,0.010331249723295055
baseline,382,D600,2.032341943,2.038759641137513,0.7123416038873439,0.010391991152256976
baseline,383,D600,2.038835416,2.0304642186836728,0.7082644460651222,0.010292198017122466
baseline,384,D800,2.00530262,2.0143122540913057,0.7002778240320192,0.010019978285147921
baseline,385,D800,2.009512232,2.0016979465287634,0.6939957936503629,0.010238646505495903
baseline,386,D800,2.00461922,1.994991556054722,0.6906398177788454,0.011243812134811572
baseline,387,D800,2.017234302,2.009840731514164,0.6980554808788294,0.010054613057865074
baseline,388,D800,2.007206069,1.9918654957013622,0.6890716346444056,0.010915520859650897
baseline,389,S50,2.034582604,2.0211457948320115,0.7036645757660899,0.019409271043396643
baseline,390,S50,2.023307961,2.021111959474777,0.70364783494485,0.019412243763105363
baseline,391,S50,2.025826924,2.021241615337787,0.7037119836446877,0.019434044738559933
baseline,392,S50,2.013036975,2.021585429433567,0.7038820696230398,0.019478866746778057
baseline,393,S50,2.03287125,2.0180375866917215,0.7021255474723916,0.01952771885969551
baseline,394,S100,2.019725426,2.0389212468488513,0.7124208674275091,0.011984250409133356
baseline,395,S100,2.039797618,2.049442301812922,0.7175677082424397,0.01265677322191102
baseline,396,S100,2.036185006,2.037790925600612,0.7118663415108439,0.012046423172764588
baseline,397,S100,2.03838733,2.036800833679108,0.7113803581292029,0.011906472537682507
baseline,398,S100,2.036193882,2.037492334039469,0.7117198036911861,0.012370920261747466
baseline,399,S200,2.012022796,2.0097305683828885,0.6980006675054201,0.010348837709006235
baseline,400,S200,2.023972604,2.0114809386448638,0.6988712361733279,0.010316341418378118
baseline,401,S200,2.013429352,2.0085778625264927,0.6974269405713959,0.010465223839146618
baseline,402,S200,2.013525821,2.005805414912415,0.6960456832956153,0.010462834797006474
baseline,403,S200,2.013365047,2.008986185712829,0.6976302096084737,0.010468109822303201
baseline,404,S400,2.000918649,2.0069856250565827,0.6966339073852539,0.010165404067175874
baseline,405,S400,2.006587247,2.0114510803631296,0.6988563921334119,0.009998230551890972
baseline,406,S400,2.007552339,2.0157901429287195,0.7010112490212972,0.010023441335855117
baseline,407,S400,2.016135748,2.0032021304431726,0.6947469654430313,0.010021347799993844
baseline,408,S400,2.007400124,2.018775055642859,0.7024909193757629,0.01022249880170051
baseline,409,S600,2.002293432,2.0049109703513777,0.6955996559578798,0.01003667157254226
baseline,410,S600,2.009319501,2.0106479925865877,0.6984570544877455,0.010010219053555591
baseline,411,S600,2.017374996,2.006111540526917,0.6961982914470284,0.010033507516628057
baseline,412,S600,2.016442329,2.0045789216193928,0.6954340245475554,0.010059345831777656
baseline,413,S600,2.004084507,2.00054868724143,0.6934214865553306,0.010032826926710939
baseline,414,S800,2.007171096,2.01582578022102,0.7010289279336642,0.010641691576077365
baseline,415,S800,2.008164277,2.011961065680209,0.6991099009966847,0.010614013303017892
baseline,416,S800,2.006201599,2.014702892750276,0.7004717367605433,0.010624663541175056
baseline,417,S800,2.010861938,2.0152852655425306,0.7007607563672684,0.010671763974866355
baseline,418,S800,2.001144559,2.0135302733394074,0.6998895363785682,0.010656630677409292
baseline,419,D50,2.484568666,2.3279100523953966,0.8449708918355514,0.03233278712820668
baseline,420,D50,2.497363881,2.331234207092392,0.8463978299494621,0.03185293926273826
baseline,421,D50,2.49842825,2.3284088226242523,0.8451851255442603,0.032023480913390044
baseline,422,D50,2.461581844,2.3372852976484104,0.8489901266887111,0.031226646641452662
baseline,423,D50,2.435941445,2.3950021681893365,0.8733841361607303,0.027339474685304337
baseline,424,D100,2.40022232,2.4362875916419093,0.8904754018455403,0.01815037148049261
baseline,425,D100,2.377815583,2.4033060244287765,0.8768452996358024,0.017675964227610134
baseline,426,D100,2.394952399,2.404942891055328,0.877526157352845,0.017704343967944132
baseline,427,D100,2.394366926,2.4041851053836227,0.8772110126203538,0.017800048372664832
baseline,428,D100,2.379854414,2.407361630829716,0.8785313888244048,0.017706097605650353
baseline,429,D200,2.376433228,2.3657045183900793,0.8610758711934315,0.013732812741816444
baseline,430,D200,2.409641323,2.3874524727778486,0.870226886484701,0.013788037417049993
baseline,431,D200,2.405379084,2.4079662928564214,0.8787825293653883,0.013622626425951868
baseline,432,D200,2.374945926,2.3782490855965746,0.8663645386185254,0.013722875125245084
baseline,433,D200,2.383753703,2.3721188888470706,0.8637836016530633,0.013668186740610502
baseline,434,D400,2.422115978,2.371348564871643,0.8634588080333263,0.01296258360517529
baseline,435,D400,2.412479091,2.4097842629219146,0.8795372260358502,0.011799750138576587
baseline,436,D400,2.389934264,2.385131667160203,0.869254329172969,0.012376933423171478
baseline,437,D400,2.384713733,2.3727314581033623,0.86404180548033,0.012826628601318873
baseline,438,D400,2.399226086,2.4188368355549823,0.8832867781561731,0.011633047681956917
baseline,439,D600,2.360350625,2.3420745691161553,0.8510371045986865,0.010292143654207489
baseline,440,D600,2.354270436,2.3446321501769996,0.8521285239973859,0.010308435377007567
baseline,441,D600,2.37100385,2.3438008398298185,0.8517739021620458,0.010289225352806127
baseline,442,D600,2.328001537,2.3327641994979857,0.8470539161343604,0.01027213959181286
baseline,443,D600,2.321628667,2.3267339109511407,0.8444655292434611,0.010295614361410115
baseline,444,D800,2.324864186,2.345800493006058,0.8526267052706722,0.01069098331888961
baseline,445,D800,2.332444837,2.3429490751509654,0.8514104243986993,0.010810065532443739
baseline,446,D800,2.333356188,2.360882987060155,0.859035696121349,0.0106023665958551
baseline,447,D800,2.344244002,2.3506638393662986,0.8546977731014612,0.010640156866119377
baseline,448,D800,2.392456042,2.363285693306449,0.8600528936924057,0.01055127737003023
baseline,449,S50,2.358059239,2.3012681883101576,0.8334603571993844,0.018707369135669304
baseline,450,S50,2.359048519,2.313274414011096,0.8386640160785985,0.018453544592170152
baseline,451,S50,2.346389412,2.3103391114251774,0.8373943152421797,0.01850243730862605
baseline,452,S50,2.368014463,2.3151717545785484,0.8394838768286735,0.018435181540462826
baseline,453,S50,2.377940402,2.3150105150237037,0.8394142296547518,0.01843380935778695
baseline,454,S100,2.355055985,2.3613733361823277,0.8592433718976602,0.011687007564203293
baseline,455,S100,2.34418626,2.3648657557790407,0.8607212574486962,0.011675360951622984
baseline,456,S100,2.350460873,2.3640561831360345,0.8603788653934361,0.01169531651480645
baseline,457,S100,2.354754656,2.3603334369272333,0.8588028958910475,0.011783360343694631
baseline,458,S100,2.348310931,2.3621804943663327,0.8595851307600832,0.011752227647801391
baseline,459,S200,2.31502858,2.3065354600103665,0.8357465978452587,0.010432655907318001
baseline,460,S200,2.327331882,2.3078177501869157,0.8363023811375837,0.010377269053725179
baseline,461,S200,2.321342581,2.3106300929054,0.8375202548309285,0.010397840875366125
baseline,462,S200,2.354421515,2.3252588110999626,0.843831349446221,0.010319282497567608
baseline,463,S200,2.346264224,2.3227023036969157,0.8427312939174793,0.010329392662833732
baseline,464,S400,2.302433632,2.299410064450632,0.832652596317848,0.010015428227866318
baseline,465,S400,2.301666197,2.302769085376295,0.8341123489318946,0.010007078822656109
baseline,466,S400,2.301228007,2.3058593611392166,0.8354534317559672,0.010003311952862502
baseline,467,S400,2.312349059,2.2956113580306,0.8309991949792449,0.010028017753536766
baseline,468,S400,2.29357413,2.308677230284261,0.8366747329373415,0.010002272000178551
baseline,469,S600,2.306805401,2.296755034279768,0.8314972720815976,0.010025249048011843
baseline,470,S600,2.300352377,2.2985229540724608,0.8322667227587489,0.010014380008891407
baseline,471,S600,2.312753062,2.3042582334339308,0.8347588170365735,0.01003327562072662
baseline,472,S600,2.305671252,2.3007395417560668,0.8332306111461728,0.01001501686212612
baseline,473,S600,2.308124581,2.3011677416042713,0.8334167078330785,0.010037396164108914
baseline,474,S800,2.283433535,2.2957220352719587,0.831047406351367,0.010774035805339588
baseline,475,S800,2.28344892,2.2964748703702136,0.8313752821460978,0.011041928423929521
baseline,476,S800,2.305620968,2.296081311086666,0.8312038920666034,0.010906346770333015
baseline,477,S800,2.285418849,2.304041551005334,0.8346647769615385,0.010563575059822396
baseline,478,S800,2.29616334,2.3105743540806998,0.8374961317585381,0.010557993066381872
baseline,479,D50,2.690730088,2.666728304125751,0.9808523667917572,0.027320056933636566
baseline,480,D50,2.738434207,2.738952525932071,1.007575557502789,0.028722212413439075
baseline,481,D50,2.817365633,2.713122234269004,0.9981000876817534,0.029941598438989105
baseline,482,D50,2.759699812,2.727748462287192,1.0034765298235353,0.028710722187272778
baseline,483,D50,2.814001244,2.6603532755850443,0.9784589243454087,0.03592365229967864
baseline,484,D100,2.632649339,2.6916482150100283,0.9901537253124807,0.01787738030063624
baseline,485,D100,2.670840698,2.701593992826048,0.9938419665251734,0.018035296541151068
baseline,486,D100,2.656750954,2.6950665303580856,0.9914228906455228,0.017864920195914118
baseline,487,D100,2.667506004,2.709602091382316,0.9968017943628439,0.01809077668403613
baseline,488,D100,2.657418213,2.701041987495472,0.9936376198564334,0.018081088694759752
baseline,489,D200,2.588700967,2.612555953717488,0.9603290347524784,0.013996786721739185
baseline,490,D200,2.613579889,2.6509178295924403,0.9749059308221419,0.013663909015303672
baseline,491,D200,2.697432993,2.709284943618826,0.9966847416316083,0.013653458793236864
baseline,492,D200,2.669193554,2.7089733123371524,0.9965697115731297,0.013604460133455353
baseline,493,D200,2.699238938,2.712952465439881,0.9980375124911879,0.013627210899072165
baseline,494,D400,2.610637885,2.656325101989138,0.9769436269809251,0.010712015037410394
baseline,495,D400,2.659162876,2.656826347559315,0.9771323080589721,0.010711987580758628
baseline,496,D400,2.621120179,2.6583073351772204,0.9776895800843373,0.010712426826266053
baseline,497,D400,2.716696143,2.687934434038235,0.9887730302645401,0.01094812832003074
baseline,498,D400,2.661629247,2.692906504879507,0.9906210953951862,0.010955735594189813
baseline,499,D600,2.72971974,2.6234848351756335,0.9645035237489001,0.009968913412635325
baseline,500,D600,2.633703639,2.629372391041864,0.9667451831270674,0.009975961135434109
baseline,501,D600,2.607496322,2.634281738705496,0.9686105599038,0.009979275115233256
baseline,502,D600,2.586980655,2.6363145083090056,0.9693819222351312,0.009980522064794757
baseline,503,D600,2.621748382,2.688516834584568,0.988989678949523,0.010461571138149522
baseline,504,D800,2.655372422,2.5914624666447255,0.9522223752877632,0.009944878854125294
baseline,505,D800,2.660303152,2.596088559180663,0.9540059119659409,0.009929529165174568
baseline,506,D800,2.611077525,2.578994702960098,0.9473996729847673,0.010054412473788538
baseline,507,D800,2.607165303,2.593337791820265,0.9529457687316117,0.009940357472093828
baseline,508,D800,2.65987949,2.566211203302695,0.9424305711861458,0.010236011276526803
baseline,509,S50,2.600572749,2.51411461544834,0.9219206999992849,0.018605016490867286
baseline,510,S50,2.600756865,2.5103214765711006,0.920410823257545,0.01846833341468789
baseline,511,S50,2.611409827,2.5138196121128376,0.9218033542574796,0.01863021531543162
baseline,512,S50,2.606183706,2.5069468084007642,0.9190656017196215,0.01836453844944167
baseline,513,S50,2.601032081,2.5123441216828124,0.9212162303392956,0.01839504332579629
baseline,514,S100,2.602353853,2.611509608706131,0.9599284482694621,0.011556154682357869
baseline,515,S100,2.591555322,2.615104337008822,0.961303996150685,0.011597696689018354
baseline,516,S100,2.593729911,2.610874382670033,0.9596851777476928,0.011621200607958905
baseline,517,S100,2.590178255,2.612995661737617,0.960497326275948,0.011643549494149558
baseline,518,S100,2.585105566,2.6041399474998417,0.9571024661817137,0.011635514057214438
baseline,519,S200,2.549463877,2.5799402544795864,0.9477662414869396,0.010550231501660151
baseline,520,S200,2.553809437,2.575882504324398,0.9461921955265518,0.010583958320501147
baseline,521,S200,2.557795714,2.579348788871734,0.9475369596593569,0.010622234586189858
baseline,522,S200,2.566834809,2.5746707833525027,0.945721674816806,0.010671335472351287
baseline,523,S400,2.593864362,2.5877374725758684,0.9507839312211661,0.010041524784184222
baseline,524,S400,2.570231272,2.5778274674212307,0.9469469773050501,0.010061270268018885
baseline,525,S400,2.541498191,2.5752679683409028,0.9459535940763818,0.010007607128941453
baseline,526,S400,2.548421595,2.5779977713977407,0.9470130400471654,0.010029339518972953
baseline,527,S400,2.588285054,2.5827902096534157,0.9488702911688353,0.010030445001833423
baseline,528,S600,2.580068962,2.6008818033945995,0.9558505426790975,0.01007340492932775
baseline,529,S600,2.584900044,2.5988020721346916,0.9550505973668069,0.010075307294946219
baseline,530,S600,2.561216983,2.607749395948328,0.9584875489368072,0.010194307696390535
baseline,531,S600,2.587510212,2.607524078155055,0.9584011420419312,0.010144981777454374
baseline,532,S600,2.581396513,2.608270253881705,0.9586872636503533,0.010181448943690476
baseline,533,S800,2.560087009,2.5739652625043368,0.9454476135523087,0.010632346101752427
baseline,534,S800,2.596600528,2.576445081080703,0.9464105732400087,0.01068001757478679
baseline,535,S800,2.622113085,2.5772415217500146,0.9467196493391313,0.010575976709962267
baseline,536,S800,2.569463249,2.5747224275460767,0.94574173317765,0.01061822125327366
baseline,537,S800,2.568817026,2.5792879296006097,0.9475133645607102,0.010603446154022499
baseline,538,D50,2.984611462,2.935630425985545,1.0769222261212108,0.030400142819313785
baseline,539,D50,3.075366021,2.9533290078085996,1.0829330113231797,0.038591865771755565
baseline,540,D50,3.115050296,2.9514747995673405,1.0823049774840574,0.03892637558730475
baseline,541,D50,3.094452059,2.949670852346472,1.0816935886509498,0.03816519429942398
baseline,542,D50,3.004673665,3.021133807102636,1.1056321937449554,0.03255222044452539
baseline,543,D100,2.895548145,2.9764523670376013,1.0907321104722054,0.0189629043229863
baseline,544,D100,3.084940581,2.9829944690909187,1.0929276513877209,0.01905203302241986
baseline,545,D100,2.95128913,2.963769427602525,1.0864619134506543,0.020280763239868854
baseline,546,D100,2.944572615,2.953149014390816,1.0828720635241147,0.01992540907984607
baseline,547,D100,2.924704326,2.95450060985005,1.0833296382175326,0.019977118996613436
baseline,548,D200,2.998124447,2.986089442888046,1.0939646527501141,0.01389614899075022
baseline,549,D200,2.966529382,2.999503617938884,1.0984468142909414,0.01397213290370821
baseline,550,D200,2.971769703,2.9884187373393494,1.094744397123728,0.014054718379262135
baseline,551,D200,2.937807548,2.9875760673925917,1.0944623788222143,0.013838625684707891
baseline,552,D200,2.99205482,2.996980689145867,1.0976053449189949,0.014096507925135981
baseline,553,D400,3.117623303,2.950632044825418,1.0820193998861356,0.013129169044489774
baseline,554,D400,3.108333693,2.924537818646942,1.0731364574798168,0.013523792881675208
baseline,555,D400,3.026542576,3.023881350602745,1.1065412216357473,0.01178661577135973
baseline,556,D400,3.01931705,2.9754711329532215,1.0904023904772253,0.012765177456308507
baseline,557,D400,2.919158592,3.021390089896535,1.105717020151411,0.011060500427986647
baseline,558,D600,2.893907337,2.983347739023317,1.0930460723298956,0.01062747984431853
baseline,559,D600,2.976918996,2.980830919133669,1.0922020935749668,0.010581027070221209
baseline,560,D600,3.111563662,2.981943231153586,1.0925751789895017,0.010567508488035079
baseline,561,D600,2.942187821,2.961557307512439,1.085715247387583,0.010616496822487317
baseline,562,D600,2.996728535,2.9709071452418416,1.0888673422868602,0.010543829317260204
baseline,563,D800,2.883213228,2.934979263477752,1.0767003880005017,0.010088795233208533
baseline,564,D800,2.97817025,2.9375662077388265,1.0775814180209893,0.010113826594885359
baseline,565,D800,3.035298035,2.930787683177069,1.075271220748461,0.010122628948396804
baseline,566,D800,2.975689921,2.924263975786807,1.0730428168094848,0.010087592212096406
baseline,567,D800,2.974881534,2.926373526054669,1.0737639520220554,0.010097144117770141
baseline,568,S50,2.764611869,2.683456726282089,0.9871057866549338,0.01993958815271326
baseline,569,S50,2.784814878,2.693049147067318,0.9906740635950981,0.019970853873059278
baseline,570,S50,2.791268732,2.7015828577163448,0.993837844835282,0.020523107172323786
baseline,571,S50,2.77002425,2.7019666330931,0.9939798904954738,0.02030700146757532
baseline,572,S50,2.879657362,2.7130626926814876,0.9980781416595221,0.019615451109391953
baseline,573,S100,2.81862213,2.9312203465827045,1.0754188368568744,0.012219520168347283
baseline,574,S100,2.834304486,2.9497645761898106,1.0817253624857452,0.012176164391552311
baseline,575,S100,2.875183276,2.93381827527749,1.0763047402693473,0.012275649012980882
baseline,576,S100,2.824508975,2.941330622384714,1.0788620716092923,0.012302797126098173
baseline,577,S100,2.820972955,2.939879266459639,1.0783685146773112,0.012176081396912234
baseline,578,S200,2.957256887,2.8791125637579644,1.0574821090796744,0.010362983418371139
baseline,579,S200,2.7989606,2.883444060189603,1.0589854339162228,0.010352196991177181
baseline,580,S200,2.964542875,2.8838135413882506,1.0591135645546226,0.010322675808794745
baseline,581,S200,3.094040534,2.8806471460035485,1.0580149723792647,0.010318154887987985
baseline,582,S200,2.961390736,2.889292697624892,1.061011730864034,0.010297959684032415
baseline,583,S400,2.87458441,2.8853075453516612,1.0596314957869006,0.010072078635628373
baseline,584,S400,2.947651822,2.8868776585599494,1.060175523115043,0.010271137947472872
baseline,585,S400,2.9562895,2.898333113234692,1.064135783198407,0.010042465405982894
baseline,586,S400,2.963229596,2.892226965627728,1.0620267817245974,0.01006271822536468
baseline,587,S400,3.031494443,2.898293672808372,1.0641221751371064,0.009990899532297816
baseline,588,S600,2.826666765,2.9095678250153885,1.0680045564137273,0.010140271147954013
baseline,589,S600,2.783083499,2.906127465382462,1.066821427015623,0.01007738666161004
baseline,590,S600,2.952572722,2.914787244505811,1.0697968306914092,0.010083719210903916
baseline,591,S600,2.799750857,2.9067677474081295,1.0670417241325736,0.01005702803847533
baseline,592,S600,2.923157083,2.8988071826998776,1.0642993360682849,0.010144364829465027
baseline,593,S800,2.859815802,2.894780875247234,1.062909417399382,0.011401240817275768
baseline,594,S800,2.921387841,2.887311615020868,1.0603258321683748,0.01100557471246318
baseline,595,S800,2.794301319,2.9019161248575496,1.0653712515141753,0.010948551732034998
baseline,596,S800,2.886741594,2.8880770234533557,1.0605908908457666,0.010797331806795705
baseline,597,S800,2.757657512,2.8876728286205133,1.060450928124439,0.010810722254490217
baseline,598,D50,1.562679674,1.6166120493592977,0.48033263180912794,0.03364736492428093
baseline,599,D50,1.567789136,1.6125966845553807,0.47784572730448627,0.03524161839107878
baseline,600,D50,1.575701472,1.5975150924731625,0.4684493547824602,0.03938415837725468
baseline,601,D50,1.570019941,1.598913453874675,0.4693243072304471,0.039141621210368426
baseline,602,D50,1.552722579,1.6076417534292338,0.47476835577941195,0.03585563041606463
baseline,603,D100,1.576622382,1.5366168661981394,0.42958315970128413,0.021015193103344224
baseline,604,D100,1.574302539,1.5350294772005801,0.4285495842427779,0.02136860982737412
baseline,605,D100,1.583288008,1.5456630031576069,0.4354529465578618,0.019869752997518506
baseline,606,D100,1.57697478,1.5535051469688332,0.44051376298923794,0.018976851103873697
baseline,607,D100,1.586395774,1.5411468480844284,0.43252684581753786,0.02019386902134927
baseline,608,D200,1.573185206,1.587025575777276,0.4618615572161001,0.014461123346417684
baseline,609,D200,1.581615633,1.5872270903522578,0.4619885254170898,0.014440776218288019
baseline,610,D200,1.577652296,1.587140953806493,0.4619342553736746,0.01445176177295042
baseline,611,D200,1.575414512,1.58569619216763,0.4610235488531388,0.014415266669123093
baseline,612,D200,1.573976112,1.5891106577500838,0.46317452499773004,0.014684164295096893
baseline,613,D400,1.570033462,1.5693675434341365,0.45067269962197676,0.011420110803044425
baseline,614,D400,1.574157889,1.570170379997038,0.4511841357632058,0.011297255065919201
baseline,615,D400,1.57801922,1.5697894893694102,0.450941527166063,0.011364809120533777
baseline,616,D400,1.577174853,1.5702553763151326,0.45123826620583424,0.011429436699638229
baseline,617,D400,1.55836031,1.5725123400292282,0.4526745569570436,0.01258679003500558
baseline,618,D600,1.568375759,1.5710407714726806,0.4517383114973083,0.01019292782759931
baseline,619,D600,1.564564806,1.5715359899593284,0.45205347865365253,0.01023413273984567
baseline,620,D600,1.561426419,1.575851857386622,0.4547959878973295,0.014316141797597947
baseline,621,D600,1.562924626,1.5709791394906802,0.45169908069435044,0.010231322319901983
baseline,622,D600,1.570899386,1.5703292385931396,0.45128530348524387,0.010154668712198332
baseline,623,D800,1.560605139,1.5642202828834941,0.4473874780387123,0.010167343534609682
baseline,624,D800,1.573095612,1.56371446571251,0.4470640587758135,0.010538284258349814
baseline,625,D800,1.568672064,1.5638628555250147,0.44715894999503836,0.010925189573077556
baseline,626,D800,1.584954696,1.5645235502623407,0.44758133691369184,0.011142453559495167
baseline,627,D800,1.571780184,1.564116582760208,0.4473211807518293,0.010491496100416354
baseline,628,S50,1.585030001,1.577285365814088,0.4557052464704618,0.022336533145894837
baseline,629,S50,1.575896097,1.5753654936303587,0.45448730480381444,0.021022373799212957
baseline,630,S50,1.558030671,1.5765693001390158,0.4552511572601335,0.021025182521079308
baseline,631,S50,1.559559837,1.5758039920791913,0.45476561319290704,0.020586471550172843
baseline,632,S50,1.558580143,1.5745764454446565,0.45398631258397826,0.020168534332561754
baseline,633,S100,1.560233628,1.5674575902151644,0.44945493747482146,0.013025106304003803
baseline,634,S100,1.565566604,1.566886551377438,0.4490905621425362,0.012798924968673594
baseline,635,S100,1.575050725,1.5668248099336302,0.4490511574643785,0.012841733235441903
baseline,636,S100,1.558494761,1.5657121975344457,0.44834079877216315,0.011691405378452351
baseline,637,S100,1.576208874,1.5652427278520056,0.44804090963472976,0.01183908138700724
baseline,638,S200,1.583216207,1.5638303878511879,0.4471381885767652,0.010364804141337202
baseline,639,S200,1.5638467,1.5635883553023955,0.446983407545408,0.010411961672760657
baseline,640,S200,1.565238263,1.5638884115370293,0.447175291455617,0.010448889057087145
baseline,641,S200,1.556928929,1.5633148606224248,0.4468084774872755,0.01041082234007556
baseline,642,S200,1.570737295,1.5630419263988686,0.44663387539107047,0.010480473669297071
baseline,643,S400,1.54696515,1.5650169838104468,0.447896676208277,0.010043787146143198
baseline,644,S400,1.570397211,1.564640340849524,0.4476559834271386,0.010105124445879427
baseline,645,S400,1.560877234,1.5649839862854988,0.4478755915343331,0.010125214329774306
baseline,646,S400,1.554539254,1.5651772489316824,0.4479990756822132,0.010274876714646223
baseline,647,S400,1.553679247,1.5653458916945315,0.44810681662865354,0.010062108726415003
baseline,648,S600,1.563733267,1.5599857374338464,0.44467667854903997,0.010130108240848206
baseline,649,S600,1.568274191,1.5601045356052137,0.4447528290197178,0.010092087028471248
baseline,650,S600,1.574524496,1.5587958399655324,0.4439136257372165,0.012237940092124313
baseline,651,S600,1.565081714,1.5591272945322876,0.444126238142145,0.01164294027794596
baseline,652,S600,1.579240583,1.5680303619419398,0.4498202852241263,0.02272115496723322
baseline,653,S800,1.566374266,1.564242455915502,0.4474016530721773,0.010888602814192481
baseline,654,S800,1.55938477,1.5646593995063878,0.4476681642077895,0.011045972909852833
baseline,655,S800,1.551797708,1.5647755822771112,0.44774241580365454,0.011203417376409775
baseline,656,S800,1.559272305,1.5642247502718316,0.4473903340187856,0.010960245578935091
baseline,657,S800,1.562510743,1.564563685496782,0.4476069899117832,0.011154746973208137
baseline,658,D50,1.976807007,1.9425687967480263,0.664011219233813,0.038876455933824564
baseline,659,D50,1.977099387,1.9472232551390318,0.6664043860408578,0.04246999164670596
baseline,660,D50,1.941417591,1.9580994039240458,0.6719743109116166,0.028845516735460413
baseline,661,D50,1.950789971,1.9505126957283807,0.6680922589043654,0.029581810943765753
baseline,662,D50,1.973459585,1.940760364008303,0.6630798364972017,0.037895613139264
baseline,663,D100,1.916011638,1.88731357337016,0.6351544281876444,0.01837894235153502
baseline,664,D100,1.936770574,1.9194218995318166,0.6520240467079472,0.018103465283650932
baseline,665,D100,1.935694889,1.9215646610080013,0.6531397817748102,0.018087058392477342
baseline,666,D100,1.935043626,1.91196347863552,0.6481307133147304,0.018220735343938015
baseline,667,D100,1.923452039,1.918547182229134,0.6515682236936428,0.018107619970898884
baseline,668,D200,1.935862752,1.9359765865868375,0.6606118950761098,0.013867931428969504
baseline,669,D200,1.931989992,1.933138349733744,0.6591447702122046,0.013924006846097023
baseline,670,D200,1.931671261,1.9346185703131624,0.6599101857656037,0.013921506520547309
baseline,671,D200,1.937569797,1.932510199054127,0.6588197791131857,0.013924220638726057
baseline,672,D200,1.924824304,1.9314107741130244,0.6582507069305983,0.013972161536286911
baseline,673,D400,1.941402004,1.9136868768088255,0.6490316834138056,0.014104328663006167
baseline,674,D400,1.936789975,1.9481568251165267,0.6668837076865688,0.011365654188992824
baseline,675,D400,1.941163574,1.9354223382370204,0.6603255653207081,0.012239608918153674
baseline,676,D400,1.937676406,1.928604064890494,0.6567964587816977,0.010972936440575681
baseline,677,D400,1.931018644,1.9226336783406324,0.6536959535775215,0.011213020225119668
baseline,678,D600,1.927224159,1.9201470925251276,0.6524017937954117,0.010472941836494656
baseline,679,D600,1.910781866,1.9185529032444026,0.6515712056410202,0.010340767785145857
baseline,680,D600,1.92201239,1.921361614602223,0.653034108966432,0.01037138529814566
baseline,681,D600,1.91966687,1.921130734982868,0.652913937161974,0.01034891694428597
baseline,682,D600,1.913762311,1.9218089420719184,0.653266899817173,0.010358068543440032
baseline,683,D800,1.88915259,1.9049159289993696,0.6444378758459685,0.010050383684169661
baseline,684,D800,1.900906673,1.903109635337513,0.6434891984976632,0.010152110357566215
baseline,685,D800,1.913404801,1.9004302334688499,0.6420802992068448,0.010321067886965933
baseline,686,D800,1.900392618,1.9025513643826462,0.6431958087506982,0.010421706377224749
baseline,687,D800,1.904667126,1.9047935898661668,0.6443736509318961,0.01048030932259979
baseline,688,S50,1.899997057,1.8988844343905846,0.641266573943898,0.01925580227950633
baseline,689,S50,1.916839241,1.9106556653966675,0.6474464634637241,0.01981649972066974
baseline,690,S50,1.899315305,1.9033133509922582,0.6435962363416817,0.01937797302913017
baseline,691,S50,1.899928153,1.8996942470456042,0.641692950615386,0.01924149116648022
baseline,692,S50,1.912556384,1.8999770855680873,0.6418418258723472,0.019312988873693794
baseline,693,S100,1.901407517,1.8998594704940697,0.6417799205391467,0.011647182134099657
baseline,694,S100,1.901510538,1.905961941311381,0.6449868372002167,0.011613454147384347
baseline,695,S100,1.915035485,1.9062729733646757,0.6451500129021062,0.01159884111467659
baseline,696,S100,1.913200167,1.904704447053005,0.6443268506383593,0.011631339202402053
baseline,697,S100,1.907698465,1.9053115614264504,0.6446455445111581,0.011626363170265023
baseline,698,S200,1.905498373,1.9031858127940986,0.643529225583124,0.010208975419786546
baseline,699,S200,1.91729971,1.9008527326874958,0.642302592166431,0.010336959288813329
baseline,700,S200,1.910400488,1.902064698164169,0.6429399794038568,0.010426791761687019
baseline,701,S200,1.897281321,1.9028519699152628,0.6433537975402346,0.010615242068123693
baseline,702,S200,1.895335741,1.902959080352599,0.6434100853779385,0.01038073655612297
baseline,703,S400,1.889473327,1.8975316457019051,0.6405539077253403,0.00999542251176781
baseline,704,S400,1.893931912,1.8969697868021567,0.640257763995341,0.009996591535151863
baseline,705,S400,1.893219697,1.9002633129306878,0.64199246232327,0.009984428165203665
baseline,706,S400,1.907870918,1.8947211243067739,0.6390716637505034,0.010256341857297634
baseline,707,S400,1.898590819,1.8998755424782832,0.6417883800681184,0.009984783467434293
baseline,708,S600,1.902126597,1.905291955909263,0.6446352545310546,0.010364688191044738
baseline,709,S600,1.88602699,1.9037039149475279,0.6438014174214389,0.010031419470187906
baseline,710,S600,1.896243659,1.9032892708472038,0.643583584563996,0.010022848743066545
baseline,711,S600,1.896482114,1.902327971161403,0.6430783841483393,0.010022181792725108
baseline,712,S600,1.901931071,1.9017637274301107,0.6427817331839899,0.010022667547190844
baseline,713,S800,1.902341294,1.893256448828642,0.6382983352273814,0.01065529828948521
baseline,714,S800,1.900172569,1.8911885247461777,0.637205480500879,0.010783904051940973
baseline,715,S800,1.905278369,1.8950395360627281,0.639239701674393,0.010731613751221756
baseline,716,S800,1.903246777,1.8924333762936831,0.6378635016377588,0.010651638696548919
baseline,717,S800,1.900872555,1.89472254224857,0.6390724121146016,0.010622245454845155
baseline,718,D50,2.174585394,2.1612012863013828,0.7706642181668408,0.027622357094950662
baseline,719,D50,2.186009433,2.144393881920421,0.7628569399175679,0.032150866086177954
baseline,720,D50,2.184639492,2.151264803184799,0.7660559497214702,0.03304394499797098
baseline,721,D50,2.192962284,2.1499921711065815,0.7654642007871656,0.03131614702497387
baseline,722,D50,2.16369584,2.163482872194365,0.7717193639398242,0.029040295167524773
baseline,723,D100,2.11272867,2.13171528785156,0.7569269551025252,0.017875444700140887
baseline,724,D100,2.124306279,2.125674942803914,0.7540893720887992,0.01784945309198456
baseline,725,D100,2.122002279,2.1264895326241016,0.7544725133500838,0.01786676804800203
baseline,726,D100,2.124775808,2.126402963234158,0.7544318025209058,0.0178490268096577
baseline,727,D100,2.117765849,2.1269536276010754,0.7546907341943895,0.017866319923979808
baseline,728,D200,2.109818744,2.1158272907687237,0.749445890045213,0.013655704023174826
baseline,729,D200,2.112322092,2.1120969821699545,0.7476812843777897,0.013698480033226688
baseline,730,D200,2.111399747,2.1125095810087506,0.7478766156276647,0.013712873915772071
baseline,731,D200,2.102545668,2.116808707469795,0.7499096278762328,0.013674337272076348
baseline,732,D200,2.107358134,2.1162977802253025,0.7496682319895671,0.013683055254541051
baseline,733,D400,2.146058733,2.136679693319961,0.7592530789634945,0.012332908668121124
baseline,734,D400,2.155542539,2.137966035548537,0.7598549263908578,0.011715385642104448
baseline,735,D400,2.156566308,2.118894962051785,0.7508947084736822,0.012855351056342364
baseline,736,D400,2.134518523,2.118820128354811,0.7508593905273903,0.010801160782331716
baseline,737,D400,2.110115309,2.116353181693231,0.7496944101310816,0.01074693669815754
baseline,738,D600,2.109465836,2.112442596141063,0.7478449064556388,0.010091230146638335
baseline,739,D600,2.102792121,2.1168968011355482,0.7499512432722903,0.01014457551460502
baseline,740,D600,2.123117965,2.1088145002635823,0.7461259413758092,0.010132140034993988
baseline,741,D600,2.104946989,2.105994078494073,0.7447876019766214,0.010071312527292955
baseline,742,D600,2.118912553,2.1091437556648374,0.7462820621252079,0.0101072660123713
baseline,743,D800,2.11901124,2.1118240594437907,0.747552057186346,0.0100565155922661
baseline,744,D800,2.086614536,2.111290843328618,0.7472995345198867,0.010043066106008086
baseline,745,D800,2.095935746,2.11495809385005,0.7490349985194634,0.010439598799696114
baseline,746,D800,2.099875733,2.116912130915009,0.7499584848742176,0.010131680505452918
baseline,747,D800,2.115936961,2.1062005081228725,0.7448856172153384,0.010427240166152178
baseline,748,S50,2.102431834,2.0856546517252212,0.7350827876116361,0.018629829787659678
baseline,749,S50,2.100273804,2.0858130350299042,0.7351587241004945,0.018561992093653435
baseline,750,S50,2.105827904,2.0798440944264436,0.7322929363013186,0.018592143433399568
baseline,751,S50,2.113033012,2.0825311702076124,0.7335840626335747,0.01851476013251098
baseline,752,S50,2.104644152,2.0837941892816825,0.7341903614718944,0.01854539979958102
baseline,753,S100,2.072598857,2.090729835431623,0.7375132085751491,0.011547364098992185
baseline,754,S100,2.084589502,2.0967560781440757,0.740391425718805,0.011618726435681922
baseline,755,S100,2.093344018,2.0958988914169825,0.7399825264674906,0.011690541243969623
baseline,756,S100,2.07970639,2.098755397081349,0.7413445009757407,0.011599721108492604
baseline,757,S100,2.09527821,2.090987505536649,0.7376364450755352,0.011877359035107143
baseline,758,S200,2.089254246,2.0898961297514367,0.7371143660581759,0.010519075000704066
baseline,759,S200,2.083163123,2.0873648942860163,0.7359024543482477,0.010182276016118024
baseline,760,S200,2.090858734,2.0856862958757123,0.7350979597833139,0.010215425426204936
baseline,761,S200,2.098389623,2.0876780700541273,0.7360524771247191,0.010178126016890396
baseline,762,S200,2.085890942,2.0864088586063674,0.7354443386223024,0.010179496208684182
baseline,763,S400,2.094851401,2.088846791050055,0.7366121390758869,0.01001479013984485
baseline,764,S400,2.109402368,2.0870854021533867,0.7357685482704652,0.009997277002742519
baseline,765,S400,2.105495945,2.0905244861464345,0.7374149848032566,0.010017882062103857
baseline,766,S400,2.094026671,2.0895905113506656,0.7369681191969897,0.01000486533563008
baseline,767,S400,2.100462011,2.0944558627827004,0.7392937882694279,0.01000620662847014
baseline,768,S600,2.067569824,2.0867370288464175,0.735601615769844,0.010401342112734724
baseline,769,S600,2.077971448,2.092144431405213,0.7381895836881832,0.010363434363340765
baseline,770,S600,2.093497015,2.090296432458219,0.7373058896313361,0.010400370272734216
baseline,771,S600,2.071425418,2.088284277893755,0.7363428091695872,0.01015285007255092
baseline,772,S600,2.078372912,2.0864381686725713,0.735458386616879,0.01010135410264178
baseline,773,S800,2.107105097,2.094128522854303,0.7391374872861239,0.010581331660827083
baseline,774,S800,2.096315821,2.082762789140628,0.7336952763608722,0.010689038520643922
baseline,775,S800,2.091819696,2.088332954146289,0.7363661181059018,0.010582319410484067
baseline,776,S800,2.080625873,2.09456819393341,0.7393474194490134,0.010624781409297715
baseline,777,S800,2.078743065,2.090566541542638,0.7374351017516446,0.010574475900720977
baseline,778,D50,2.463313831,2.4246823601625143,0.8857005303101027,0.04857461927030163
baseline,779,D50,2.456460946,2.426239538388634,0.8863425436478443,0.049931798171658416
baseline,780,D50,2.477797241,2.4271446146413416,0.886715510730054,0.047878441314752454
baseline,781,D50,2.489735943,2.421819306413662,0.8845190372337056,0.04638777247122032
baseline,782,D50,2.483038597,2.422606585390905,0.8848440619122773,0.04771078427172721
baseline,783,D100,2.30928496,2.3230795778300766,0.8428937096931705,0.01854880059115181
baseline,784,D100,2.322408306,2.3284308263438653,0.8451945756096574,0.018579755092804344
baseline,785,D100,2.340507982,2.3196137445900673,0.8414006824164868,0.018612186305197953
baseline,786,D100,2.330253185,2.328540326002957,0.8452416017369532,0.018593867228426864
baseline,787,D100,2.324213387,2.328989396044477,0.8454344378838858,0.018591540505375516
baseline,788,D200,2.298523459,2.324028859244772,0.8433022568320003,0.013567273089595416
baseline,789,D200,2.282325312,2.332903430596953,0.8471135993823101,0.013699601059956327
baseline,790,D200,2.301963817,2.3279188508359057,0.8449746713732844,0.013639204169079261
baseline,791,D200,2.316246545,2.328976915746523,0.8454290791942265,0.013782174828180007
baseline,792,D200,2.30111204,2.317634612258485,0.840547101887928,0.013772310680075213
baseline,793,D400,2.33591885,2.3572649829818526,0.8575020414710781,0.014502662003259774
baseline,794,D400,2.349718811,2.295428247016116,0.8309194261119148,0.013919160517200935
baseline,795,D400,2.335387295,2.3301471835668237,0.8459314344953374,0.012258333328328912
baseline,796,D400,2.335258747,2.314983281298027,0.8394024656106192,0.012195002846736006
baseline,797,D400,2.348098119,2.293646869736942,0.8301430703873616,0.013741617961398177
baseline,798,D600,2.257288781,2.2921787892729313,0.8295028016011818,0.010250499376706126
baseline,799,D600,2.292989259,2.2849570894828624,0.8263472449500824,0.010269762213029787
baseline,800,D600,2.25613049,2.286365063669646,0.8269632480162129,0.010263189223783794
baseline,801,D600,2.235203325,2.276155875140763,0.8224880003604552,0.010331384839133501
baseline,802,D600,2.28360844,2.3084988978153897,0.8365974855185676,0.010353568784773228
baseline,803,D800,2.360326338,2.280105004274183,0.8242214964120937,0.01048098437892675
baseline,804,D800,2.292278272,2.2669323574563207,0.8184275331694787,0.010341832736795797
baseline,805,D800,2.331007013,2.275723972582338,0.8222982314851026,0.010061942764095388
baseline,806,D800,2.313535068,2.2897743938559163,0.8284532947460859,0.010238941330783386
baseline,807,D800,2.264275175,2.2831486089933315,0.8255554591625444,0.010140697637344522
baseline,808,S50,2.309719445,2.2701586142182726,0.8198497031571956,0.018501872166118163
baseline,809,S50,2.330925835,2.2619019624776895,0.8162060356749641,0.018443767415744
baseline,810,S50,2.312834879,2.2699012382987336,0.8197363231894528,0.01845250381236528
baseline,811,S50,2.313376171,2.2642775486411844,0.8172557449831325,0.018446446451406008
baseline,812,S50,2.324054228,2.269217901220555,0.8194352352195903,0.018447809626089166
baseline,813,S100,2.312044444,2.316390821938014,0.8400102941521912,0.011575728245564314
baseline,814,S100,2.3095972,2.3161609007255266,0.8399110308405475,0.011631041125270932
baseline,815,S100,2.314251368,2.3086903990491354,0.8366804369513736,0.011617325038054295
baseline,816,S100,2.299677968,2.315220066208647,0.8395047440174428,0.011550800908939176
baseline,817,S100,2.298125383,2.31253277864758,0.83834336485429,0.011613024721802716
baseline,818,S200,2.276398727,2.2546133304603613,0.8129784861719614,0.01028117116107384
baseline,819,S200,2.272829187,2.2730523139641785,0.8211235599879491,0.010306665924321723
baseline,820,S200,2.286129747,2.2606510273848355,0.8156528370159059,0.010281596148860884
baseline,821,S200,2.261135889,2.2685180434796495,0.8191267740155961,0.010273464661135477
baseline,822,S200,2.262462882,2.270226928206186,0.8198797948695757,0.010269919906876781
baseline,823,S400,2.265209939,2.2677081226258657,0.8187696838561849,0.01053631531030136
baseline,824,S400,2.260113665,2.263467641725398,0.8168979921104011,0.010310843512359811
baseline,825,S400,2.26545348,2.2660306466095825,0.8180296870552161,0.010547854055164584
baseline,826,S400,2.262923493,2.2680569019752106,0.8189234746051062,0.010084143119596618
baseline,827,S400,2.264649093,2.2653801770725623,0.8177425934471554,0.010120698511610326
baseline,828,S600,2.256457642,2.284606575016166,0.8261938322861526,0.010137763306507567
baseline,829,S600,2.244555717,2.2744127439191675,0.8217218845394332,0.010186867724401064
baseline,830,S600,2.251435767,2.2840951761002355,0.8259699617225109,0.010140242425675605
baseline,831,S600,2.259728358,2.2881940872678403,0.8277628982711591,0.010118894268860151
baseline,832,S600,2.239327466,2.2729909687783554,0.8210965716017803,0.010270487089997747
baseline,833,S800,2.303463897,2.2637849652173565,0.8170381758023787,0.010737093360760253
baseline,834,S800,2.318188487,2.271416208776741,0.8204035174791547,0.011388406115466501
baseline,835,S800,2.293922562,2.268673602870918,0.8191953447983421,0.011702564646911492
baseline,836,S800,2.312004574,2.2629392701221276,0.8166645302869457,0.011507257409732076
baseline,837,S800,2.305107446,2.2732671301956544,0.8212180611484038,0.01161118368129477
baseline,838,D50,2.551150309,2.5187552130183914,0.9237648163954354,0.039889841592640043
baseline,839,D50,2.530407846,2.5176027656864925,0.923307165308326,0.039012002297728485
baseline,840,D50,2.50789591,2.5250156583516734,0.9262472640354904,0.035345570006445344
baseline,841,D50,2.579330174,2.5120455841594156,0.9210973950015824,0.03870301146427298
baseline,842,D50,2.550404569,2.516546663606862,0.9228875901209156,0.039675821387226376
baseline,843,D100,2.406558707,2.404663332635378,0.8774099073285135,0.01976833647826871
baseline,844,D100,2.424481226,2.4155863410764224,0.8819420489714821,0.019607213077746037
baseline,845,D100,2.437580559,2.4020623331258597,0.8763276738314327,0.019777800512260867
baseline,846,D100,2.421963301,2.4003988758990378,0.8756349218357597,0.01973635041045597
baseline,847,D100,2.433721572,2.415073908739312,0.8817298906690836,0.019293594938636634
baseline,848,D200,2.432216992,2.472090529262608,0.9050641607948671,0.014551698285238071
baseline,849,D200,2.439415531,2.4717984522101397,0.904946003994056,0.014189937740959687
baseline,850,D200,2.431978139,2.4703573351036847,0.9043628102586421,0.0142829548234673
baseline,851,D200,2.417912189,2.4801252497760355,0.9083090628435595,0.014025526808722625
baseline,852,D200,2.430729546,2.4717328526107396,0.9049194644233083,0.01434868488252854
baseline,853,D400,2.495810042,2.4876982837866826,0.9113578989488205,0.01243814841172316
baseline,854,D400,2.500932047,2.477683187064394,0.9073239247769105,0.011595521365555327
baseline,855,D400,2.493851185,2.4816968960841606,0.9089425584887014,0.011511664563799703
baseline,856,D400,2.539970885,2.484548940479156,0.9100911301874831,0.0139846829193089
baseline,857,D400,2.516497463,2.511685018342083,0.9209538499564829,0.01308923455527101
baseline,858,D600,2.547285901,2.4717495549225035,0.9049262217293476,0.010145289589370103
baseline,859,D600,2.436899708,2.4571567691837934,0.899004896625191,0.010114312693485776
baseline,860,D600,2.544729567,2.4630787734484065,0.9014121013506374,0.01010929467831159
baseline,861,D600,2.494341893,2.459582132919813,0.8999914708488924,0.010129924500413485
baseline,862,D600,2.495167323,2.4521610298056227,0.8969696887583907,0.010127153824900986
baseline,863,D800,2.523521034,2.463088651669178,0.9014161118601955,0.009933270960131886
baseline,864,D800,2.505860679,2.4628865806675737,0.9013340688160523,0.009956295943161608
baseline,865,D800,2.435591109,2.4624302864926872,0.9011487836096388,0.009954342369473282
baseline,866,D800,2.450759489,2.4655341065508978,0.9024084601093376,0.009975184647670221
baseline,867,D800,2.457880084,2.460967204836569,0.9005544453699322,0.01003183864398015
baseline,868,S50,2.458894978,2.373764531917995,0.8644771050499988,0.019087238047848187
baseline,869,S50,2.443524954,2.3760063365550597,0.86542106839712,0.01955349651906975
baseline,870,S50,2.4462853,2.3740838840847855,0.8646116300555553,0.01914231536006153
baseline,871,S50,2.436664803,2.367217692777899,0.8617152962132665,0.019895877209984786
baseline,872,S50,2.430834245,2.372532326243279,0.863957876801441,0.01910483025339641
baseline,873,S100,2.423006829,2.4697273861074494,0.9041077745516855,0.012229416338533205
baseline,874,S100,2.428058594,2.4585068036068445,0.8995541752472946,0.012137736125579873
baseline,875,S100,2.427931445,2.4583622955848434,0.8994953947432269,0.011845700222894709
baseline,876,S100,2.436739376,2.4479666725088203,0.8952577503861725,0.011856354220901123
baseline,877,S100,2.434408586,2.442314873659883,0.8929463082690137,0.01163599110386498
baseline,878,S200,2.38490477,2.425415415328189,0.8860028150083457,0.010447853365993234
baseline,879,S200,2.389709097,2.428591322848811,0.8873113867286256,0.01046945323988845
baseline,880,S200,2.417374609,2.426661384803509,0.8865163969461555,0.010295411868451836
baseline,881,S200,2.404362305,2.426877539085759,0.8866054677399752,0.010501124447833597
baseline,882,S200,2.419070098,2.4229552543909074,0.8849879746357684,0.010371244734492979
baseline,883,S400,2.401888874,2.4390178765696495,0.8915954486737738,0.00999927683564583
baseline,884,S400,2.395168219,2.426440725754574,0.8864254616869913,0.01014059284892685
baseline,885,S400,2.432666343,2.4290026436937935,0.887480738407172,0.010106133527809142
baseline,886,S400,2.383491014,2.435060048220579,0.8899714166906857,0.009972001984274096
baseline,887,S400,2.407730185,2.437204921166343,0.8908518585787174,0.01012631679640413
baseline,888,S600,2.458733728,2.434941790595387,0.8899228509491812,0.010539370569587182
baseline,889,S600,2.431071561,2.4253206534081175,0.8859637438576005,0.010008950156389114
baseline,890,S600,2.448813984,2.429166627075835,0.8875482467103885,0.010094173552166501
baseline,891,S600,2.419401756,2.4279640757594274,0.8870530772720708,0.010150165267287585
baseline,892,S600,2.467632558,2.4257428127583354,0.8861377920242459,0.010010918486521404
baseline,893,S800,2.474028012,2.4295154614701104,0.8876918388979478,0.010593604437512463
baseline,894,S800,2.376310192,2.4270527910415622,0.886677678070145,0.010749054943446744
baseline,895,S800,2.433759695,2.4275976211172177,0.886902135047141,0.01074650391490545
baseline,896,S800,2.403238898,2.4244920238867262,0.885622027760674,0.01070448258480842
baseline,897,S800,2.433044644,2.426726502035076,0.8865432306685322,0.010772815159516468
baseline,898,D50,1.589431846,1.568856190208027,0.4503468125762869,0.03486781544569389
baseline,899,D50,1.562397952,1.5746258953799144,0.45401771732074026,0.03158493629708093
baseline,900,D50,1.555646262,1.573046645118632,0.4530142772401889,0.029985227463467445
baseline,901,D50,1.539581805,1.5733009399520206,0.4531759217038514,0.03140796115900566
baseline,902,D50,1.555216413,1.5744234791085783,0.4538891602563419,0.031146773500629065
baseline,903,D100,1.549823783,1.5514051815666476,0.43916108899857037,0.018476518512776836
baseline,904,D100,1.550599187,1.5560507429335881,0.4421510363643063,0.018380986522523568
baseline,905,D100,1.55695821,1.5487349661798215,0.43743844684699656,0.018556697600818312
baseline,906,D100,1.546230414,1.5496960077838615,0.43805878768591455,0.018521752511075656
baseline,907,D100,1.556457307,1.5552574305705233,0.4416410821353986,0.0183864084258758
baseline,908,D200,1.549875433,1.5505842861852195,0.4386318187291997,0.013868483434570214
baseline,909,D200,1.558093969,1.5497362068071456,0.43808472729065717,0.013803758069141974
baseline,910,D200,1.554728738,1.5504952566169279,0.43857440029340194,0.013842121414632966
baseline,911,D200,1.561541857,1.5493539475181772,0.43783803598974524,0.013779118360578588
baseline,912,D200,1.556081921,1.548730509468792,0.43743556919682436,0.013848155283421827
baseline,913,D400,1.542456238,1.5456501573212058,0.43544463563254676,0.011038277885894942
baseline,914,D400,1.545031608,1.5465385331275316,0.43601922917757324,0.011068772022087711
baseline,915,D400,1.537369758,1.5487093227686064,0.43742188906010926,0.011445236922828476
baseline,916,D400,1.544806451,1.5492204087249393,0.4377518422903417,0.011695576816402386
baseline,917,D400,1.539156414,1.5489254114579944,0.4375614075690872,0.011505134566455102
baseline,918,D600,1.542447237,1.5452179405277886,0.4351649622317083,0.010095635474356667
baseline,919,D600,1.546575518,1.5521960949038067,0.43967076358871593,0.014659208411828502
baseline,920,D600,1.541695288,1.5467937345691598,0.4361842301668767,0.010637587555722541
baseline,921,D600,1.550522448,1.5471064749849064,0.436386395974194,0.010830375841937023
baseline,922,D600,1.543662144,1.546514852801592,0.4360039172362742,0.0108528033380271
baseline,923,D800,1.54433342,1.545169765465032,0.4351337848731736,0.009999886082481908
baseline,924,D800,1.539910547,1.5452351062986456,0.4351760711342524,0.010050733641495738
baseline,925,D800,1.545442519,1.5451209460147213,0.4351021894959921,0.010007819383927195
baseline,926,D800,1.539417335,1.5449419029502471,0.4349863063742397,0.009992850908758026
baseline,927,D800,1.54238931,1.5452634831144076,0.43519443504217326,0.009984765527934356
baseline,928,S50,1.548807985,1.5491475591436028,0.4377048178038344,0.019752568100738246
baseline,929,S50,1.540683399,1.5474840168559048,0.43663039715875585,0.01978208195560771
baseline,930,S50,1.556520847,1.5480382752578,0.4369885004805962,0.01981244573948127
baseline,931,S50,1.543026865,1.5487952028107406,0.43747734017661105,0.01970240080198618
baseline,932,S50,1.533543839,1.5533343002671582,0.44040378195883795,0.019894921553213204
baseline,933,S100,1.544624216,1.5421365889492276,0.43316885030334445,0.011571910578988992
baseline,934,S100,1.556176022,1.541880520821466,0.4330027888845938,0.011647310936665708
baseline,935,S100,1.552243065,1.541619030717963,0.43283318282514127,0.011883590217355043
baseline,936,S100,1.550063034,1.542604053936083,0.43347193250347166,0.01153230177243779
baseline,937,S100,1.562998247,1.5424721293454826,0.43338640813853335,0.011595523274230132
baseline,938,S200,1.538695512,1.5489694081675534,0.43758981183206147,0.010382588174496148
baseline,939,S200,1.535105888,1.5479883147037863,0.4369562264980793,0.010269608059853963
baseline,940,S200,1.544362492,1.5483905450285134,0.43721603341784643,0.010286638355856614
baseline,941,S200,1.539243373,1.5485281332042051,0.4373048883023801,0.010326540271743883
baseline,942,S200,1.542617125,1.5479063900890915,0.4369033018203846,0.010352961758474739
baseline,943,S400,1.545529317,1.5440005226775468,0.43437679012425434,0.010067169195436595
baseline,944,S400,1.546372452,1.5433906134305955,0.4339816932751689,0.010267386970186337
baseline,945,S400,1.553085785,1.5568771532983017,0.4426819901233886,0.023287608009020147
baseline,946,S400,1.547268342,1.5438280983746238,0.43426511015475944,0.010172687787685751
baseline,947,S400,1.552784765,1.5437793074956496,0.4342335058265113,0.010046538024960042
baseline,948,S600,1.540318569,1.5457934287497532,0.43553732464637557,0.010635806182244663
baseline,949,S600,1.54364548,1.5453734705563942,0.4352656096535441,0.015120091809871016
baseline,950,S600,1.548861287,1.5453575403092241,0.435255301252642,0.012067425645134973
baseline,951,S600,1.544459836,1.5456764344056453,0.4354616361555653,0.010181554001224287
baseline,952,S600,1.556102788,1.5455437288267422,0.4353757764807592,0.011649774448613438
baseline,953,S800,1.559235426,1.5435109015860105,0.4340596278350444,0.011196752391301723
baseline,954,S800,1.544798773,1.544005722832127,0.43438015809320685,0.010942663372345394
baseline,955,S800,1.559736863,1.5442421237940358,0.4345332552370317,0.010874211325302878
baseline,956,S800,1.545674012,1.5450171811681217,0.43503503078504263,0.01081672162080546
baseline,957,S800,1.527674983,1.5443152179532955,0.43458058747094247,0.010941538077926583
baseline,958,D50,1.861633919,1.8621690062101175,0.6217419406919197,0.03179252840726078
baseline,959,D50,1.858298087,1.865000290212066,0.6232612087054535,0.029618251595082003
baseline,960,D50,1.866432645,1.852378834180513,0.6164706693988012,0.03171823870673045
baseline,961,D50,1.858334491,1.8634152664734878,0.6224109688059759,0.029639581809652756
baseline,962,D50,1.842270226,1.866868302598652,0.6242623224886128,0.029734790931535356
baseline,963,D100,1.841506621,1.8208319594876397,0.5992935172385168,0.018181080570690913
baseline,964,D100,1.843976596,1.8238442267114097,0.6009464859829259,0.018250298661172473
baseline,965,D100,1.851759894,1.8240740242866345,0.6010724743191315,0.018123807952758367
baseline,966,D100,1.838969233,1.8343845934693959,0.606709053850643,0.01848029714574664
baseline,967,D100,1.836763694,1.8245872381025878,0.6013537905512675,0.01816906496842035
baseline,968,D200,1.828959327,1.8321245607184653,0.6054762555991614,0.014040591066146866
baseline,969,D200,1.829062221,1.831594627126229,0.6051869683646538,0.014044025542570003
baseline,970,D200,1.82885645,1.8314898585811774,0.6051297660011872,0.014053065493942467
baseline,971,D200,1.842479042,1.8313619219617663,0.6050599097104452,0.014171710546171624
baseline,972,D200,1.838641851,1.8317775543459647,0.6052868365794166,0.01409205360935941
baseline,973,D400,1.836794382,1.826447769710529,0.6023729710110597,0.011100736604804706
baseline,974,D400,1.844766925,1.8266579067376616,0.6024880166987435,0.010952828844455061
baseline,975,D400,1.850348254,1.8256119963283102,0.6019152712742804,0.010948870916717705
baseline,976,D400,1.834540582,1.82382446786105,0.6009356522959799,0.010958709443963842
baseline,977,D400,1.843996508,1.8260112830029207,0.602133961235242,0.010811534318242812
baseline,978,D600,1.809627456,1.8109322878494902,0.5938417888314814,0.01062092910671783
baseline,979,D600,1.819273655,1.8236647404111166,0.6008480701588356,0.010584741172709161
baseline,980,D600,1.815949651,1.8204554104324515,0.5990866952998579,0.0103698002405285
baseline,981,D600,1.821722597,1.8225067558261443,0.6002128917942964,0.010120421739241738
baseline,982,D600,1.816334794,1.8243742569777088,0.6012370553511794,0.010126014639353908
baseline,983,D800,1.784705458,1.8162238624555198,0.5967595448589673,0.010124064807138672
baseline,984,D800,1.793779733,1.8175182281696305,0.5974719596295118,0.010058801717057489
baseline,985,D800,1.822903868,1.8161467497269919,0.596717086235235,0.010153526067433078
baseline,986,D800,1.802357094,1.8096712864300881,0.593145219077561,0.010202285459473048
baseline,987,D800,1.813384683,1.8218203913333924,0.5998362162253084,0.010026647274725773
baseline,988,S50,1.831227016,1.8109308109666822,0.5938409732938601,0.01916305820426129
baseline,989,S50,1.846071835,1.8095065380592978,0.5930541772007074,0.01908672475376421
baseline,990,S50,1.828786354,1.8111644472834612,0.5939699794631876,0.019412687630051842
baseline,991,S50,1.827511566,1.812356572797674,0.5946279723660121,0.019279427719334094
baseline,992,S50,1.819777763,1.8123573840082419,0.5946284199657826,0.019103024770992762
baseline,993,S100,1.811594519,1.8204127201636027,0.5990632447010888,0.011628702325160374
baseline,994,S100,1.818458589,1.8225688606180552,0.6002469677907649,0.011623631605459334
baseline,995,S100,1.80407353,1.8235506169258016,0.600785488998048,0.01164481086915299
baseline,996,S100,1.818628157,1.8206333613632286,0.5991844412995145,0.011636864037333846
baseline,997,S100,1.809708774,1.8203482126827792,0.5990278084381647,0.01163689911132241
baseline,998,S200,1.810675917,1.8102287001520234,0.5934531909709322,0.01022365337765822
baseline,999,S200,1.801129455,1.8080336850843186,0.5922398929271346,0.010298481598424575
baseline,1000,S200,1.819134646,1.8086947639368685,0.5926054602453505,0.010248876838100178
baseline,1001,S200,1.808303844,1.8089550329968538,0.5927493487227012,0.010249743988839122
baseline,1002,S200,1.815022468,1.8105177968175508,0.5936128799557223,0.010387528894628004
baseline,1003,S400,1.799772023,1.8083888897595024,0.59243633273414,0.01003155414192986
baseline,1004,S400,1.807563313,1.807165094685084,0.5917593714018405,0.010175052923501588
baseline,1005,S400,1.803653703,1.806939526812543,0.5916345449806617,0.010100092481369045
baseline,1006,S400,1.808822638,1.8091458373426248,0.592854820821344,0.01009274883942695
baseline,1007,S400,1.80385226,1.8131322598311235,0.5950558799288788,0.010075202544664584
baseline,1008,S600,1.819705197,1.7981440049392288,0.5867550245770893,0.010063379912415191
baseline,1009,S600,1.818966939,1.8002891835150028,0.5879473095064185,0.010027360652638331
baseline,1010,S600,1.824045849,1.802873829561142,0.5893819637144442,0.0100088625307491
baseline,1011,S600,1.815561419,1.8017869386268819,0.5887789161395983,0.010064455195094855
baseline,1012,S600,1.81652825,1.8059127367376007,0.5910661352989557,0.010208268089881399
baseline,1013,S800,1.817894711,1.8118687510521154,0.5943587718031803,0.01060222397333889
baseline,1014,S800,1.809453289,1.8104249305643096,0.5935615859915515,0.010613869351567613
baseline,1015,S800,1.801825915,1.8080638122680441,0.5922565557431944,0.010601276601130602
baseline,1016,S800,1.802967307,1.8075244633884289,0.5919582093373011,0.010851429023283293
baseline,1017,S800,1.796182709,1.8130529287114356,0.5950121253407507,0.0106073083710218
baseline,1018,D50,2.048716118,1.9974106150482112,0.691851649245644,0.038757180215306906
baseline,1019,D50,2.027640154,2.0215833778324885,0.703881054774946,0.030283528477293844
baseline,1020,D50,2.075518832,1.9893554128572,0.6878106731281244,0.03837918449997381
baseline,1021,D50,2.072316368,1.9897101959948222,0.687988997977945,0.03914676739735984
baseline,1022,D50,2.058495049,1.9958819625868323,0.6910860391600671,0.042045492658665515
baseline,1023,D100,1.970485404,1.9593457284567561,0.672610605502935,0.017834089981258565
baseline,1024,D100,1.977013669,1.9570311791052728,0.6714286203796527,0.017879451596686535
baseline,1025,D100,1.978128464,1.9565642355645896,0.6711899940049647,0.017863086481362176
baseline,1026,D100,1.972137944,1.9544975596232812,0.670133157656223,0.017870948566593218
baseline,1027,D100,1.962600245,1.953747259329914,0.6697491999783692,0.017853678808321387
baseline,1028,D200,1.975250671,1.9722137552632286,0.6791566454700214,0.01366930579931973
baseline,1029,D200,1.981161733,1.9667140485836094,0.6763641544534849,0.013845180066946017
baseline,1030,D200,1.964957492,1.9730536879850782,0.6795824380159625,0.013655010372370279
baseline,1031,D200,1.960153436,1.9920512409015427,0.6891648821757149,0.01375814905553302
baseline,1032,D200,1.942723807,2.002153039204637,0.694223121130559,0.014732639275182537
baseline,1033,D400,1.959613803,1.9575341587729198,0.6716855989338477,0.010802963668757517
baseline,1034,D400,1.961783202,1.9592782492945862,0.6725761652695471,0.010940776171992371
baseline,1035,D400,1.984038462,1.9653983239061261,0.6756949341454422,0.010938050639216823
baseline,1036,D400,2.012992775,1.9812751504803674,0.6837406528116483,0.011529227473285055
baseline,1037,D400,1.998116771,1.9861287676620627,0.686187401216004,0.01297300232395557
baseline,1038,D600,1.951705064,1.966292040806933,0.6761495563731847,0.010219181892324729
baseline,1039,D600,1.947197559,1.969786984973776,0.6779254074485501,0.010066501593935292
baseline,1040,D600,1.954218438,1.964928313114222,0.6754557627800307,0.010150026900406072
baseline,1041,D600,1.954750676,1.967771408443974,0.6769016376376866,0.010158550852983355
baseline,1042,D600,1.969541654,1.982893664815494,0.6845572247087963,0.010180479597208778
baseline,1043,D800,1.958691803,1.931842583426914,0.6584742539132703,0.010615511561526505
baseline,1044,D800,1.939747135,1.9299772539993367,0.657508217354773,0.01044923008501702
baseline,1045,D800,1.935442189,1.9447202610091066,0.6651181420526682,0.0101012585498864
baseline,1046,D800,1.972016693,1.9568509776479064,0.6713365371485912,0.010155838873437392
baseline,1047,D800,1.984965003,1.9641103846801307,0.6750394123651743,0.01004755616467373
baseline,1048,S50,1.973547647,1.9474052101847859,0.6664978250158494,0.019739917129859633
baseline,1049,S50,1.977099328,1.942338540185425,0.6638926802093776,0.01820717126573119
baseline,1050,S50,1.971799243,1.9405347152966979,0.6629635615388443,0.018216072101648377
baseline,1051,S50,1.965956881,1.9415839936372767,0.6635041314929343,0.018208317388633176
baseline,1052,S50,1.966607202,1.939744224267829,0.6625561212222504,0.018221283680112478
baseline,1053,S100,1.953922335,1.9739093877496137,0.6800160370953168,0.0114751681598953
baseline,1054,S100,1.967330539,1.97400032010714,0.6800621031729485,0.011459522379318583
baseline,1055,S100,1.959074643,1.9712245200168914,0.678654933411644,0.011480108933809975
baseline,1056,S100,1.966565981,1.970919799387783,0.6785003370270238,0.011533521478987003
baseline,1057,S100,1.955034403,1.968582350310213,0.6773136645678923,0.011476420147361657
baseline,1058,S200,1.969323837,1.9707982508345399,0.6784386641464509,0.01044349602793668
baseline,1059,S200,1.981766088,1.9714923111648726,0.6787907743354836,0.010525474235796813
baseline,1060,S200,1.971328348,1.9617088991110125,0.6738159806710178,0.010298449491849939
baseline,1061,S200,1.955312941,1.961514473280296,0.6737168653199808,0.01021063692543395
baseline,1062,S200,1.967573296,1.9598848434547163,0.6728857181769503,0.010218955480686725
baseline,1063,S400,1.960705784,1.955339936714353,0.6705640589941404,0.010154082689015211
baseline,1064,S400,1.957890055,1.9568112704271774,0.6713162455555954,0.010219054807855914
baseline,1065,S400,1.949374428,1.951872748811919,0.6687892957081016,0.010072122893464505
baseline,1066,S400,1.961315049,1.9508662799226437,0.6682735200417417,0.010179520759717888
baseline,1067,S400,1.956350003,1.9533656987747374,0.6695538841221443,0.010086531046363654
baseline,1068,S600,1.952490208,1.9525920234468983,0.6691577327078289,0.010447225704763051
baseline,1069,S600,1.945341136,1.950124232321426,0.6678930794291134,0.01020258776277478
baseline,1070,S600,1.945316352,1.9485150106950648,0.6670675494852315,0.010116862062954849
baseline,1071,S600,1.946777397,1.9492971123812217,0.6674688524069514,0.010094595940355344
baseline,1072,S600,1.941493302,1.9489441958337237,0.6672877879111654,0.010093495317685493
baseline,1073,S800,1.938492808,1.9437839746139673,0.6646365756937295,0.010872108372372614
baseline,1074,S800,1.920010403,1.9413573993785744,0.6633874188073567,0.011040283075303544
baseline,1075,S800,1.936963931,1.942228027640682,0.6638357819465506,0.011366300700943818
baseline,1076,S800,1.934103721,1.9412223766923824,0.6633178657297465,0.011650379898921679
baseline,1077,S800,1.956494024,1.94179299149247,0.6636117686634667,0.011520871847394892
baseline,1078,D50,2.173824888,2.17807828200638,0.7784429660165548,0.03273757381163327
baseline,1079,D50,2.183314693,2.175879074744366,0.7774327551812863,0.032396073523510434
baseline,1080,D50,2.208895721,2.180578980763954,0.7795904290452802,0.03545529490367407
baseline,1081,D50,2.207947518,2.166561622087483,0.7731414049447167,0.03165139619749755
baseline,1082,D50,2.204059039,2.178966320482531,0.7788505994329952,0.03324100656168074
baseline,1083,D100,2.110443847,2.0696247197783,0.7273672960482984,0.018591838790911214
baseline,1084,D100,2.110474752,2.0904379778563396,0.7373736028052825,0.01795901479774668
baseline,1085,D100,2.116896351,2.0987107177740576,0.7413232122715222,0.017929598411890485
baseline,1086,D100,2.13463104,2.0982353804483482,0.7410966964590161,0.0179480442991163
baseline,1087,D100,2.11252368,2.0980753294410914,0.741020414687527,0.01794267638093866
baseline,1088,D200,2.117708297,2.1090572768696645,0.7462410594349529,0.01353162519403803
baseline,1089,D200,2.109405472,2.1040377714949017,0.7438582469457411,0.013615564658941948
baseline,1090,D200,2.100518085,2.1026688186863205,0.7432074039037758,0.01357664369220317
baseline,1091,D200,2.117438459,2.1069766666464047,0.7452540605539953,0.013543563228517545
baseline,1092,D200,2.134237176,2.131378120989597,0.756768775663169,0.013386805054909025
baseline,1093,D400,2.109788548,2.134545302699511,0.7582536510241555,0.010725839278565791
baseline,1094,D400,2.13076654,2.1309641479891446,0.7565745289435818,0.010724337784263592
baseline,1095,D400,2.158121598,2.1462131846556702,0.763704979747854,0.011156564676288424
baseline,1096,D400,2.149065463,2.1528162284394288,0.7667768586961953,0.011022070432621172
baseline,1097,D400,2.143923119,2.1535253578477676,0.7671062006216044,0.011222250041862324
baseline,1098,D600,2.124680917,2.114660858424122,0.7488944490138125,0.010120721528618691
baseline,1099,D600,2.099230499,2.112625130146288,0.7479313117003182,0.010196480546882693
baseline,1100,D600,2.120016659,2.1170689515990126,0.7500325620517103,0.010123625501118833
baseline,1101,D600,2.116318793,2.1254570726339197,0.753986872251394,0.010724680298151374
baseline,1102,D600,2.121924309,2.129443322918318,0.7558605948207032,0.01046436811109298
baseline,1103,D800,2.078791987,2.0733579552483477,0.7291694935341759,0.010562773596518284
baseline,1104,D800,2.120605244,2.09596528097056,0.7400142018991612,0.010083930787794997
baseline,1105,D800,2.132835138,2.109382601235761,0.74639529862107,0.010380215015104511
baseline,1106,D800,2.088280708,2.105395699893144,0.7445034304150022,0.01003972595950888
baseline,1107,D800,2.082623381,2.0980500962861544,0.7410083878044493,0.010069662316494896
baseline,1108,S50,2.13105359,2.0831758527890543,0.7338935815618285,0.021283108990237373
baseline,1109,S50,2.125737217,2.082839605765307,0.7337321577611622,0.02129485355711158
baseline,1110,S50,2.127780473,2.080059412059248,0.732396456795321,0.020239219563604322
baseline,1111,S50,2.115058345,2.0926189707695837,0.7384163775691265,0.020156615899757414
baseline,1112,S50,2.120433061,2.0907500412916002,0.7375228730291572,0.019592549274862963
baseline,1113,S100,2.10025556,2.108234482008094,0.7458508588422251,0.011797112281478818
baseline,1114,S100,2.092586996,2.111137678072122,0.7472269861009913,0.011767700205992871
baseline,1115,S100,2.097468661,2.1109445679170635,0.7471355098369387,0.011771123994736838
baseline,1116,S100,2.083759863,2.1068733038773746,0.7452050019639771,0.01186959008885895
baseline,1117,S100,2.090691433,2.1100360176592314,0.7467050173229631,0.01178383075824583
baseline,1118,S200,2.095038662,2.103077923882356,0.7434019497109139,0.010348203170280582
baseline,1119,S200,2.095806206,2.0911593521701337,0.7377186261368073,0.010239626305377596
baseline,1120,S200,2.102775437,2.0802664429333397,0.7324959830735399,0.01057425038499014
baseline,1121,S200,2.069632317,2.0788980654920226,0.7318379771264717,0.010625285139665201
baseline,1122,S200,2.102405588,2.0800778722070405,0.7324053315734983,0.01058550390412225
baseline,1123,S400,2.104027112,2.0961240272256156,0.7400899380027893,0.010114174413996408
baseline,1124,S400,2.117542431,2.0938695136485306,0.7390137961077398,0.010077749333136196
baseline,1125,S400,2.103087168,2.0955000061610756,0.739792191323135,0.010098210638985566
baseline,1126,S400,2.089959666,2.093818178587301,0.7389892789684473,0.010157088717013261
baseline,1127,S400,2.102186006,2.094304755762434,0.739221639472162,0.010085081564394475
baseline,1128,S600,2.087092666,2.091942490050204,0.7380930554090356,0.010158547372246382
baseline,1129,S600,2.08206794,2.092000701191449,0.7381208813801772,0.010160502130110126
baseline,1130,S600,2.097250237,2.0953568749321905,0.7397238848965487,0.01015242604105453
baseline,1131,S600,2.113023395,2.0927273191778326,0.7384681526915499,0.010153941077776871
baseline,1132,S600,2.105152683,2.0896489322073246,0.7369960768469169,0.010186918215012306
baseline,1133,S800,2.055897074,2.0874748758369126,0.7359551421432184,0.010930599275821538
baseline,1134,S800,2.081431625,2.082970979635476,0.7337952301776913,0.012511506719927885
baseline,1135,S800,2.075425638,2.082812784632976,0.7337192804829749,0.011960703019650226
baseline,1136,S800,2.073550491,2.083807935198889,0.7341969580311609,0.01218296589517839
baseline,1137,S800,2.050699731,2.0823243500013167,0.7334847457638958,0.01319592090308029
baseline,1138,D50,2.296855612,2.2364505667258356,0.8048900406846475,0.04679312640746605
baseline,1139,D50,2.28927411,2.253071674620739,0.8122944739137877,0.0423642382669943
baseline,1140,D50,2.265432391,2.259959720038741,0.8153469901336555,0.0388919617500338
baseline,1141,D50,2.309014532,2.2384116973853816,0.8057665506951706,0.04716526423712106
baseline,1142,D50,2.323146548,2.2374798795710467,0.8053501787559599,0.048029225936605566
baseline,1143,D100,2.172610234,2.159325092265274,0.7697957155865303,0.019359109351743956
baseline,1144,D100,2.167009878,2.165003457660752,0.7724219585251187,0.019017827403467753
baseline,1145,D100,2.155731334,2.155897487371929,0.7682071043151816,0.01936777352480242
baseline,1146,D100,2.160182521,2.163402256249407,0.7716821011317884,0.019107827431133362
baseline,1147,D100,2.171657899,2.1590405343049905,0.7696639259303026,0.01896048013460115
baseline,1148,D200,2.194175268,2.231314942618184,0.8025910720575632,0.01372708616417176
baseline,1149,D200,2.227146471,2.2244299526696065,0.7995006817457407,0.014100703379541961
baseline,1150,D200,2.219782185,2.2246977106390977,0.7996210460014228,0.01402152717868061
baseline,1151,D200,2.209961444,2.233365470943137,0.803509627599815,0.013816252899472994
baseline,1152,D200,2.223157782,2.2221576704237633,0.7984786474865548,0.013925439352350105
baseline,1153,D400,2.208759938,2.2196737307946193,0.7973602169727853,0.010897824465144602
baseline,1154,D400,2.215521349,2.220263233269495,0.7976257623997186,0.010880376972170694
baseline,1155,D400,2.21109678,2.2185353611937284,0.796847230945196,0.010947109200577808
baseline,1156,D400,2.238669537,2.2382583432841447,0.8056980381177843,0.011121204760653177
baseline,1157,D400,2.277323367,2.2460961089752347,0.8091936465740366,0.011792893734692035
baseline,1158,D600,2.215719494,2.202434008672858,0.7895631163692746,0.010009060732671141
baseline,1159,D600,2.228725024,2.1960465613936777,0.7866587262429436,0.010065324483797813
baseline,1160,D600,2.259070385,2.2150165340105,0.7952598680337991,0.010095836037660016
baseline,1161,D600,2.23342589,2.196648425752158,0.7869327559053755,0.010233179043685125
baseline,1162,D600,2.171001568,2.2434280109946334,0.8080050581074574,0.022672296012323213
baseline,1163,D800,2.175697215,2.2009571755320536,0.7888923455318003,0.009973257658941274
baseline,1164,D800,2.183416165,2.2219347108987226,0.7983783077518704,0.010444253568523678
baseline,1165,D800,2.236248929,2.2093376544743144,0.7926927667517085,0.010821964864985847
baseline,1166,D800,2.214218214,2.204937432979,0.7906991334300164,0.00995337462285952
baseline,1167,D800,2.177187795,2.203185725321178,0.789904369904987,0.009947463842284825
baseline,1168,S50,2.222032953,2.1502363016879906,0.765577743862012,0.021078103570048485
baseline,1169,S50,2.214924375,2.1521281514378456,0.7664571904511611,0.020373249943299695
baseline,1170,S50,2.215731321,2.150425652129714,0.7656658002793166,0.02101117229753143
baseline,1171,S50,2.19161935,2.152888611723767,0.7668104807334839,0.02056926134918653
baseline,1172,S50,2.203313428,2.1529394841696035,0.7668341103093546,0.02139644620837116
baseline,1173,S100,2.14918061,2.1675458960084137,0.7735956040774066,0.01247829807416445
baseline,1174,S100,2.155837945,2.174074473041036,0.776603044340914,0.012437544003145054
baseline,1175,S100,2.162778819,2.172493196914521,0.775875446697741,0.012710800048819035
baseline,1176,S100,2.148500592,2.175039461823532,0.7770468077431997,0.01222489214984016
baseline,1177,S100,2.142818588,2.1735206900296276,0.7763482906236832,0.012240536516104916
baseline,1178,S200,2.206816048,2.192905484796918,0.7852273699191636,0.010352132015096664
baseline,1179,S200,2.196338291,2.193323337282109,0.7854178991885677,0.010476010128797179
baseline,1180,S200,2.191421843,2.191330978552059,0.7845091119849891,0.01027288439806244
baseline,1181,S200,2.189803313,2.194376002115354,0.7858977246150685,0.010340562396650026
baseline,1182,S200,2.18060903,2.1954023993251965,0.7863653551579723,0.010647253219212756
baseline,1183,S400,2.226271571,2.166402324659281,0.7730678767869792,0.010130019303111427
baseline,1184,S400,2.213920664,2.169157020282496,0.7743386221624831,0.010080936467325686
baseline,1185,S400,2.188920086,2.1715148972668348,0.7754250333269485,0.010068301639142387
baseline,1186,S400,2.195478145,2.17220255369284,0.7757416544882066,0.010054906712519395
baseline,1187,S400,2.199391193,2.1712270936362437,0.7752924886666324,0.01006859725580289
baseline,1188,S600,2.189764122,2.1926404582051107,0.7851065062476508,0.010515915819533863
baseline,1189,S600,2.174324856,2.192672193763008,0.7851209798144936,0.010535242132130631
baseline,1190,S600,2.171721222,2.1905985581506084,0.7841748207089032,0.010415719215392772
baseline,1191,S600,2.179246712,2.1913363661184024,0.7845115705637129,0.01074335800008084
baseline,1192,S600,2.180835264,2.1919855554107404,0.7848077793791758,0.010375028969282994
baseline,1193,S800,2.170123198,2.186603838060867,0.7823495812809834,0.011001934137706048
baseline,1194,S800,2.144811587,2.1845241200361456,0.781398010793188,0.011285318896719654
baseline,1195,S800,2.141743393,2.185630148770412,0.7819041845755536,0.011132442526129594
baseline,1196,S800,2.131005724,2.1828448539152037,0.7806290049163256,0.011556577060323382
baseline,1197,S800,2.147763194,2.1824117426573975,0.7804305692690066,0.01144929104627436
baseline,1198,D50,1.474887956,1.5344102266447153,0.42814609003926535,0.03593743093353626
baseline,1199,D50,1.486720847,1.5396262490547254,0.43153969155122923,0.03838870217188033
baseline,1200,D50,1.47655687,1.5262686901226645,0.42282599214841404,0.033186064883409756
baseline,1201,D50,1.470630924,1.5278669100327533,0.423872586186932,0.03329019079843053
baseline,1202,D50,1.469018895,1.5259257576351497,0.42260128006350095,0.0329151322380109
baseline,1203,D100,1.51890701,1.4857934604535286,0.3959489463619903,0.01903517334508889
baseline,1204,D100,1.499253844,1.481546866735308,0.39308672218201757,0.01942743935388947
baseline,1205,D100,1.505115183,1.482879155898868,0.39398557359074765,0.01924084661428952
baseline,1206,D100,1.498529419,1.479791929083508,0.391901489435451,0.019686460279744817
baseline,1207,D100,1.487426062,1.4745253295964467,0.3883361275566037,0.02031185859688994
baseline,1208,D200,1.496959188,1.4945211836800312,0.4018058770676496,0.014198355089797849
baseline,1209,D200,1.512561412,1.4945995766122084,0.4018583292356828,0.014122208560982305
baseline,1210,D200,1.49550738,1.4933495034102238,0.401021585876649,0.014098185829905255
baseline,1211,D200,1.499524673,1.4975470980659085,0.4038285016420452,0.014371779368894135
baseline,1212,D200,1.507948275,1.4938527154368826,0.40135849780597455,0.014256918006280705
baseline,1213,D400,1.480943664,1.4714221352394679,0.3862293720616109,0.010898003998645918
baseline,1214,D400,1.488196875,1.4724130564326212,0.386902589932898,0.010913153495464815
baseline,1215,D400,1.495449395,1.4809563753720292,0.39268807865467503,0.011102425690871711
baseline,1216,D400,1.489649011,1.4916190799453417,0.3998621608372185,0.012501670663162318
baseline,1217,D400,1.488574134,1.4873504020809485,0.39699628335052883,0.011701911256899325
baseline,1218,D600,1.454631794,1.4699991124198792,0.38526179699446206,0.010875647203692936
baseline,1219,D600,1.449676887,1.471203799252236,0.3860809767218747,0.010524926441328354
baseline,1220,D600,1.464974381,1.4695817058522709,0.384977806455526,0.010836072260601655
baseline,1221,D600,1.454164751,1.4693173296890265,0.38479789135074677,0.011063761575314293
baseline,1222,D600,1.463072572,1.4822434029388734,0.3935567528879796,0.010339386960042718
baseline,1223,D800,1.471779432,1.4828573668080367,0.39397087970903216,0.01102069307196926
baseline,1224,D800,1.476235518,1.4819938011882559,0.39338834413117707,0.01080021444112367
baseline,1225,D800,1.473976524,1.4839487547948749,0.39470661233956855,0.013134917592311007
baseline,1226,D800,1.46374932,1.481112824805854,0.3927937138869383,0.010482402267764411
baseline,1227,D800,1.457317453,1.456454057843209,0.37600475407277323,0.010910609542622168
baseline,1228,S50,1.464285745,1.4887843322763525,0.39795990256427477,0.023820093062740712
baseline,1229,S50,1.46329805,1.4857066794306648,0.3958905374649328,0.02367046868649421
baseline,1230,S50,1.456338684,1.4842651962497846,0.3949198324519511,0.02334350731702913
baseline,1231,S50,1.474668071,1.479251388257535,0.3915361410616589,0.022673854617449248
baseline,1232,S50,1.471097952,1.474147797344679,0.3880800583094693,0.022113320962885794
baseline,1233,S100,1.442874313,1.4649909124555773,0.3818490393477964,0.014105288184459974
baseline,1234,S100,1.45146606,1.4676851233417962,0.3836864135488953,0.013443500118839161
baseline,1235,S100,1.454374894,1.4689325530245227,0.38453598260774496,0.012968604328047034
baseline,1236,S100,1.456256666,1.4659043630811883,0.3824723646933389,0.013663746408032069
baseline,1237,S100,1.452714446,1.4672404136816477,0.383383366907376,0.013297631144116058
baseline,1238,S200,1.470202477,1.4676933665230116,0.3836920299838755,0.010370331930573249
baseline,1239,S200,1.483981407,1.4774762972894728,0.3903354277257617,0.011138679068881725
baseline,1240,S200,1.481539669,1.4730004399665972,0.38730143616788726,0.010544412325070482
baseline,1241,S200,1.480093475,1.4723855472402334,0.38688390669095807,0.01048659099478396
baseline,1242,S200,1.481454481,1.4727271580444776,0.3871158915689311,0.010548354924886778
baseline,1243,S400,1.485518466,1.46964846689352,0.3850232340248804,0.010240903401306602
baseline,1244,S400,1.497415762,1.4662040254522473,0.38267676530368067,0.010104592144859342
baseline,1245,S400,1.487051311,1.4667367982057218,0.3830400680713582,0.010140962195637667
baseline,1246,S400,1.496107801,1.4653034605046649,0.3820623612946676,0.010103049221704385
baseline,1247,S400,1.476622947,1.4672214089624152,0.38337041412735606,0.010183023086386328
baseline,1248,S600,1.466414868,1.4687596220321044,0.3844182500596678,0.010097879150357206
baseline,1249,S600,1.459969508,1.468621982644084,0.38432453435864883,0.010070166546267013
baseline,1250,S600,1.450253824,1.465015578576348,0.3818658762530022,0.010322110905524906
baseline,1251,S600,1.462794051,1.46656846348099,0.3829252932968979,0.010192254542457773
baseline,1252,S600,1.466989729,1.4655011394640562,0.3821972586943053,0.010286790453639609
baseline,1253,S800,1.470174519,1.4738343607274957,0.3878674134550858,0.01068998776071893
baseline,1254,S800,1.467155176,1.4658702754476092,0.3824491107684754,0.010840738990934422
baseline,1255,S800,1.4584823,1.4677153610986773,0.3837070156827726,0.010711652767822122
baseline,1256,S800,1.454521861,1.4693103464605606,0.3847931386367349,0.01067115704826132
baseline,1257,S800,1.463400253,1.464642102454289,0.38161091395723634,0.011104937726659218
baseline,1258,D50,1.729470914,1.6890952981732041,0.5241930590718493,0.04035738438950281
baseline,1259,D50,1.689766162,1.6953200462563325,0.5278715408589105,0.03070678652907291
baseline,1260,D50,1.714578735,1.6863240171684288,0.5225510221167013,0.036877764086649355
baseline,1261,D50,1.702565187,1.694169802910703,0.527192829052137,0.029969551870626894
baseline,1262,D50,1.698018472,1.7030644508625814,0.5324292464503839,0.034287614601870346
baseline,1263,D100,1.668958873,1.6602356506606122,0.5069595505226203,0.018905476340525817
baseline,1264,D100,1.671957444,1.6652512484836557,0.5099760120383324,0.018712224715706972
baseline,1265,D100,1.674909848,1.6654237857711374,0.5100796170348341,0.01866803463951809
baseline,1266,D100,1.670677177,1.6634056428306847,0.5088670927941078,0.018807751218355765
baseline,1267,D100,1.665343864,1.6638710597854263,0.5091468512869384,0.018785220346500077
baseline,1268,D200,1.682406209,1.6849654775445422,0.5217450754903117,0.013961096934205003
baseline,1269,D200,1.685021577,1.6842973910691927,0.5213484982506258,0.013929588958111838
baseline,1270,D200,1.682213246,1.685872781446277,0.5222834008882901,0.013952861959443242
baseline,1271,D200,1.687370265,1.6860446165657017,0.5223853221985064,0.01394700338303704
baseline,1272,D200,1.677856605,1.6861971716885618,0.5224757991764595,0.013975670596741787
baseline,1273,D400,1.664712711,1.6732262074128568,0.5147536235118058,0.013242300938010161
baseline,1274,D400,1.68152969,1.6747155357637171,0.5156433214595894,0.011534404089953853
baseline,1275,D400,1.66376522,1.6730009899614757,0.5146190137328297,0.011381275213151866
baseline,1276,D400,1.676002275,1.6676758442677284,0.5114309470814973,0.011546024608574429
baseline,1277,D400,1.661059428,1.664408747616721,0.5094699538306467,0.011094126727826698
baseline,1278,D600,1.657446277,1.6629386571569498,0.5085863126735385,0.010384657921888895
baseline,1279,D600,1.662346504,1.662023181752088,0.508035644441932,0.01034252722048718
baseline,1280,D600,1.663387642,1.6624179437173694,0.5082731351672828,0.010307119705227349
baseline,1281,D600,1.662600791,1.6592952509498864,0.5063929646020454,0.01019028551770037
baseline,1282,D600,1.643923459,1.6445342907639433,0.49745723821671395,0.010717110940980087
baseline,1283,D800,1.6463813,1.6470078294878465,0.4989602049716033,0.010430253301530332
baseline,1284,D800,1.645158439,1.6496502271278632,0.5005632818819281,0.01050043718900857
baseline,1285,D800,1.645998258,1.6474793658192866,0.49924646277544704,0.010756573745083622
baseline,1286,D800,1.660498838,1.6482117012252746,0.4996908827184232,0.010259648129076147
baseline,1287,D800,1.666612787,1.6506986643962984,0.5011986312575024,0.010233187191817055
baseline,1288,S50,1.678825145,1.6672809491074505,0.5111941253254205,0.01975433589700934
baseline,1289,S50,1.665647429,1.661991229419301,0.5080164192949648,0.019662391278668145
baseline,1290,S50,1.668386105,1.659466078289536,0.5064959110467298,0.019810842029823278
baseline,1291,S50,1.666702835,1.6619338676791695,0.5079819048348241,0.019667815272499063
baseline,1292,S50,1.672894046,1.6628188403393092,0.5085142588224788,0.019642422863830958
baseline,1293,S100,1.684319088,1.663333332653501,0.5088236206866007,0.01161618642326441
baseline,1294,S100,1.667581631,1.6616681808989153,0.5078220260184455,0.0115943189857295
baseline,1295,S100,1.661599677,1.6612427021821548,0.5075659380678162,0.011610505667419828
baseline,1296,S100,1.670694196,1.6655617070757502,0.5101624281458329,0.01168852258708536
baseline,1297,S100,1.656714185,1.6652155579131886,0.5099545792647646,0.011583898425048025
baseline,1298,S200,1.656880386,1.6513213545219414,0.5015757883488929,0.010258511525149394
baseline,1299,S200,1.66193843,1.6506406341844868,0.501163475699973,0.010251918358378053
baseline,1300,S200,1.648533727,1.651926394647276,0.5019421188079105,0.010295116645409982
baseline,1301,S200,1.648155468,1.6492195420033156,0.5003021711639332,0.010256860135216827
baseline,1302,S200,1.641284712,1.648817153035527,0.5000581538851743,0.010287229629610128
baseline,1303,S400,1.649160877,1.6376239176301557,0.49324636055271465,0.010091824641211517
baseline,1304,S400,1.649526937,1.634573681198503,0.49138202490487237,0.010201024477894354
baseline,1305,S400,1.63614477,1.6385564511945043,0.4938156415351705,0.010029247826877887
baseline,1306,S400,1.648707247,1.6370639564163159,0.49290436690884076,0.010055199325531788
baseline,1307,S400,1.638026635,1.6367634974280947,0.49272081478625596,0.01005526414721668
baseline,1308,S600,1.643608489,1.637880353677434,0.4934029386100529,0.01005940515516858
baseline,1309,S600,1.63892971,1.637864816856757,0.49339345263366086,0.010048695732772658
baseline,1310,S600,1.633105927,1.6364745891822128,0.49254428729941413,0.010044781960749647
baseline,1311,S600,1.63598518,1.6351410890591145,0.49172909362870626,0.010111671369928422
baseline,1312,S600,1.633706334,1.6365196792503163,0.492571840093222,0.010039632212742872
baseline,1313,S800,1.61739273,1.6419832262165452,0.4959047955191943,0.01069330450357374
baseline,1314,S800,1.624811061,1.6386826073150933,0.4938926308047348,0.010805649919804608
baseline,1315,S800,1.626210849,1.6383310563034765,0.4936780750847705,0.01071875711879734
baseline,1316,S800,1.640387878,1.63728689913801,0.4930405421276085,0.010856623905790007
baseline,1317,S800,1.630202716,1.6353163872623466,0.4918362946577178,0.011472615460113997
baseline,1318,D50,1.790464747,1.806465721779078,0.5913722964900641,0.036221926211321545
baseline,1319,D50,1.825534745,1.794003235627293,0.5844495672176385,0.0391831347291555
baseline,1320,D50,1.828657725,1.7942534554398868,0.5845890331670073,0.03825483540634869
baseline,1321,D50,1.818651128,1.7930556956158958,0.5839212569491992,0.03875991794302702
baseline,1322,D50,1.818651128,1.7930556956158958,0.5839212569491992,0.03875991794302702
baseline,1323,D100,1.73642222,1.7499068570242275,0.5595625619613614,0.018713234123295765
baseline,1324,D100,1.748199464,1.7521552879477624,0.5608466232597595,0.018727007387127768
baseline,1325,D100,1.739144831,1.7477697738979012,0.5583405602626492,0.018757335422311193
baseline,1326,D100,1.750080305,1.7463317749423357,0.5575174593786871,0.01873696026300426
baseline,1327,D100,1.750310728,1.7502090584552874,0.5597352427748592,0.018778430653796814
baseline,1328,D200,1.734852865,1.7458440513891473,0.5572381357818155,0.013702419587885322
baseline,1329,D200,1.74061346,1.7471292433891985,0.5579740086039569,0.013687260454677762
baseline,1330,D200,1.743749892,1.745987686877061,0.5573204052030024,0.01374294579374698
baseline,1331,D200,1.742424891,1.7452896521736896,0.5569205316639598,0.013788776881847096
baseline,1332,D200,1.73414359,1.7404127697364342,0.5541223090797334,0.013763389253830373
baseline,1333,D400,1.740645841,1.7445367678957469,0.5564890578890505,0.010780907038997353
baseline,1334,D400,1.746214007,1.7432101166316027,0.5557283081144543,0.010781882769469267
baseline,1335,D400,1.738835295,1.7428967970913014,0.5555485548545003,0.01076797733916378
baseline,1336,D400,1.749276228,1.7451763647060838,0.5568556191467787,0.010839741252985605
baseline,1337,D400,1.769148943,1.7561367193482273,0.5631163505808798,0.011342554508954852
baseline,1338,D600,1.730542783,1.7426332437625862,0.5553973277377471,0.01028390086771935
baseline,1339,D600,1.74540229,1.7428242376988246,0.5555069224967968,0.010240226981277068
baseline,1340,D600,1.757779863,1.7358428320128734,0.5514930775848619,0.010737115042621854
baseline,1341,D600,1.748370119,1.744500867480551,0.5564684789105763,0.010211182002513874
baseline,1342,D600,1.746275065,1.7370841751681976,0.552207946170134,0.01064335595305735
baseline,1343,D800,1.725438872,1.7302709251135382,0.5482780003604155,0.010254699492409645
baseline,1344,D800,1.725118598,1.7285743314236106,0.5472969828819451,0.010118637264610056
baseline,1345,D800,1.72499252,1.7330012703095612,0.5498547437450649,0.010068513309901205
baseline,1346,D800,1.729433568,1.7316010838555413,0.5490464625126936,0.010096033352012706
baseline,1347,D800,1.738769491,1.7439464745959992,0.5561506338437854,0.01033102504953089
baseline,1348,S50,1.748629463,1.739401431627667,0.5535410492315235,0.018753742615490444
baseline,1349,S50,1.756372992,1.7398999500540255,0.5538276116043003,0.018807341930091044
baseline,1350,S50,1.740802984,1.7331411772092316,0.549935471471559,0.01891700430381627
baseline,1351,S50,1.745758805,1.734211349459087,0.5505527564321194,0.01893292849807025
baseline,1352,S50,1.741539263,1.7340762269472156,0.5504748375693015,0.018878142030107164
baseline,1353,S100,1.731218987,1.741435409405703,0.5547097210782233,0.011718798052559444
baseline,1354,S100,1.730916374,1.7376685290188627,0.5525442888718577,0.011563569193933752
baseline,1355,S100,1.738408547,1.738104166329684,0.5527949596442504,0.0115273671325496
baseline,1356,S100,1.716852321,1.735947983230737,0.5515536522124771,0.01154018561544541
baseline,1357,S100,1.718301381,1.734029762110161,0.5504480420577433,0.011570607305158003
baseline,1358,S200,1.720659702,1.727987892254305,0.546957663560039,0.010309879332907527
baseline,1359,S200,1.729430345,1.729881332733504,0.5480528123613632,0.010424114838978406
baseline,1360,S200,1.724092597,1.731730402592378,0.5491211413226215,0.01043314602201866
baseline,1361,S200,1.726380004,1.727752404983114,0.5468213759624185,0.010292313348743205
baseline,1362,S200,1.731441458,1.7287889095948836,0.5474211111013944,0.010306186414531524
baseline,1363,S400,1.722319891,1.7283425095688894,0.547162862296619,0.009978025206537853
baseline,1364,S400,1.723230333,1.7285845418612003,0.5473028897193014,0.009981860220629947
baseline,1365,S400,1.725528541,1.7285853812180636,0.5473033752938505,0.010026020230780938
baseline,1366,S400,1.709170995,1.7309101119153465,0.5486473464317342,0.010007931633067577
baseline,1367,S400,1.723136082,1.7283085850538338,0.5471432337520375,0.009982502058013725
baseline,1368,S600,1.737644411,1.7267085089924525,0.5462170003168793,0.010127186708723363
baseline,1369,S600,1.729149565,1.7268827706288206,0.5463179165066695,0.010019713331970496
baseline,1370,S600,1.723136082,1.726551649750612,0.5461261532710514,0.01000565045987942
baseline,1371,S600,1.744636921,1.7260158729193038,0.5458157889800761,0.010004533112496982
baseline,1372,S600,1.740173895,1.7255597263471076,0.5455514768931853,0.010021537951457233
baseline,1373,S800,1.726003366,1.7277429326869869,0.5468158935089918,0.010629816548060996
baseline,1374,S800,1.725344844,1.725534386246039,0.5455367916367175,0.010668563101010492
baseline,1375,S800,1.72037826,1.7242803366808808,0.544809767305781,0.010665855856389697
baseline,1376,S800,1.718505501,1.7271940728218331,0.5464981685438792,0.010733970361706384
baseline,1377,S800,1.741021878,1.722919004856118,0.5440199482320027,0.010713541421789563
baseline,1378,D50,1.890935262,1.9061869002826743,0.6451048593346622,0.04162621495335046
baseline,1379,D50,1.90281035,1.899031354828635,0.6413439429253487,0.06070505987915396
baseline,1380,D50,1.900928922,1.895417217912609,0.6394389820649342,0.048195138477560066
baseline,1381,D50,1.912294445,1.8933909847025916,0.6383693932682304,0.04813844381441352
baseline,1382,D50,1.90491284,1.8922367308977601,0.6377595848415624,0.04739683201253513
baseline,1383,D100,1.840321892,1.8365381323256633,0.6078823496480107,0.020820838532331024
baseline,1384,D100,1.871227712,1.835102093763507,0.6071001168871988,0.020648551331616968
baseline,1385,D100,1.871235522,1.8237472515797701,0.6008933138378325,0.019717932372820206
baseline,1386,D100,1.850146182,1.8213323905399674,0.5995683159611351,0.01949135205001381
baseline,1387,D100,1.86020318,1.818193564030016,0.5978434609512622,0.01951186666739018
baseline,1388,D200,1.815573851,1.8273255369978714,0.6028534426936444,0.013651550076232373
baseline,1389,D200,1.818119597,1.8215685058856368,0.5996979463588392,0.013694309940701139
baseline,1390,D200,1.831804801,1.814732831177804,0.5959382564287635,0.014331015407077442
baseline,1391,D200,1.845330448,1.8115130277751355,0.5941624230329782,0.014172766337490495
baseline,1392,D200,1.809977806,1.8247489273711546,0.6014424035270751,0.013763014377225161
baseline,1393,D400,1.832611478,1.8268069306955914,0.6025695962210017,0.010774087404005164
baseline,1394,D400,1.826254441,1.8267634199578622,0.6025457780193221,0.010757677601626887
baseline,1395,D400,1.824627321,1.8220691012835188,0.5999727241797985,0.011013872050180616
baseline,1396,D400,1.81936414,1.820597045691247,0.5991644943761271,0.010756003001183583
baseline,1397,D400,1.830170268,1.8206564526935811,0.5991971243494951,0.010851509438009476
baseline,1398,D600,1.806505961,1.81798336420886,0.5977278451132332,0.010049668985854868
baseline,1399,D600,1.814622772,1.820261735148318,0.5989803012700161,0.010040251936387518
baseline,1400,D600,1.828929893,1.8237302695456123,0.6008840021784408,0.010131018516770493
baseline,1401,D600,1.835355942,1.8213282125005894,0.599566022011831,0.010145460758070678
baseline,1402,D600,1.83108934,1.8138584483181923,0.595456315747554,0.010554796821432968
baseline,1403,D800,1.797889951,1.8173596819791082,0.5973847235822267,0.010040060162227322
baseline,1404,D800,1.807596419,1.8222464400788723,0.6000700476928043,0.010037573494838926
baseline,1405,D800,1.824456516,1.8189470706506152,0.5982578010645888,0.010027591263857206
baseline,1406,D800,1.815756719,1.8228485816671762,0.6004004322727337,0.010055571492880026
baseline,1407,D800,1.801076604,1.8235638070110514,0.6007927221603329,0.01005720042643155
baseline,1408,S50,1.802804034,1.8263101320698718,0.6022976100676721,0.018732172989816186
baseline,1409,S50,1.809305451,1.8252613161928342,0.6017231637391589,0.018888361266051
baseline,1410,S50,1.812438275,1.8229658108641167,0.6004647411948889,0.018769433119399083
baseline,1411,S50,1.830297402,1.8213270653301024,0.5995653921578372,0.018910781249928964
baseline,1412,S50,1.808132345,1.8266973957890742,0.6025096346625844,0.01873206244537039
baseline,1413,S100,1.838194388,1.818552161428213,0.5980406687993934,0.011500442958092223
baseline,1414,S100,1.797916352,1.7958912243734109,0.5855014025521977,0.022101687470736646
baseline,1415,S100,1.840538585,1.817209041262164,0.5973018302716299,0.011575306628899764
baseline,1416,S100,1.826153596,1.8181774558069852,0.597834601446584,0.011475896307945849
baseline,1417,S100,1.827035596,1.8191106201299336,0.5983477113922029,0.011428363918983185
baseline,1418,S200,1.809660246,1.819137743439238,0.59836262148442,0.010555596134434459
baseline,1419,S200,1.810580824,1.8168160302193828,0.597085535096675,0.010818380549972969
baseline,1420,S200,1.827443553,1.819185801050656,0.5983890389323645,0.01047538432529237
baseline,1421,S200,1.819873108,1.8189070688927713,0.5982358091120195,0.010388975724469311
baseline,1422,S200,1.82116145,1.8179646572682582,0.5977175551198165,0.01036077953391518
baseline,1423,S400,1.827366889,1.8128163791126437,0.5948816465070998,0.010108249531140997
baseline,1424,S400,1.801485664,1.8083515258822762,0.5924156711035369,0.01094703774983471
baseline,1425,S400,1.835738463,1.810353336018597,0.5935220394960465,0.010159217310165938
baseline,1426,S400,1.811037344,1.8131779502211949,0.5950810793119581,0.01016136719722126
baseline,1427,S400,1.809516659,1.8129250627621913,0.5949415976378258,0.010141170574083558
baseline,1428,S600,1.842325226,1.8095037073899014,0.5930526128672547,0.010115000995717079
baseline,1429,S600,1.813712362,1.8089329524445747,0.5927371424010195,0.01018701491602139
baseline,1430,S600,1.81941482,1.8077969234531426,0.5921089345625722,0.010055741992280117
baseline,1431,S600,1.824800504,1.8085899452416598,0.5925475058935838,0.010056064901611216
baseline,1432,S600,1.810243275,1.8073311129765521,0.591851233881172,0.010057359822449052
baseline,1433,S800,1.782843619,1.808031456446248,0.5922386602955402,0.011107184357231997
baseline,1434,S800,1.812439986,1.8104741867892762,0.5935887926180677,0.011220128169540903
baseline,1435,S800,1.788621446,1.806805895438765,0.5915605877101711,0.011620492631371469
baseline,1436,S800,1.805524812,1.809555400834693,0.5930811802065821,0.010955220437854053
baseline,1437,S800,1.798149608,1.8100977161527454,0.5933808306452194,0.011093793725203452
baseline,1438,D50,1.98171331,1.963649064953915,0.6748045101343975,0.04667726207592808
baseline,1439,D50,1.977918113,1.9664784587583115,0.676244358727677,0.05251533173402352
baseline,1440,D50,1.975119796,1.9631603106906308,0.6745555781292741,0.04630640965801945
baseline,1441,D50,1.985368784,1.9624590290328257,0.6741982935305517,0.045798740168772466
baseline,1442,D50,1.982776136,1.9702312644064701,0.6781509289595975,0.03770831146028114
baseline,1443,D100,1.901575873,1.9029014883125124,0.6433798204541179,0.020334430897284973
baseline,1444,D100,1.936489464,1.903832301443731,0.6438688555173389,0.020337382189174972
baseline,1445,D100,1.927870888,1.9076404451944327,0.6458671093530648,0.020788819505360788
baseline,1446,D100,1.909319154,1.9083228091561986,0.6462247459043398,0.020165040454910195
baseline,1447,D100,1.915467843,1.9017701350940446,0.642785102505345,0.020165300049869477
baseline,1448,D200,1.88462312,1.8765107120107654,0.6294140480822488,0.014069996324035943
baseline,1449,D200,1.896441345,1.8735421734190947,0.6278308494968302,0.014285090741481717
baseline,1450,D200,1.898457048,1.900442061961872,0.6420865233007385,0.014559590086696278
baseline,1451,D200,1.880764078,1.8949281915041427,0.6391809441510465,0.014060750926785555
baseline,1452,D200,1.876312808,1.8855303508375925,0.6342091345570686,0.013928290974799553
baseline,1453,D400,1.879603373,1.8706249653167086,0.6262725810838083,0.011044519193268258
baseline,1454,D400,1.86098472,1.8690082535531083,0.6254079444899503,0.011152525054019476
baseline,1455,D400,1.86673485,1.872433807868335,0.6272390861814001,0.010776137530197492
baseline,1456,D400,1.888753096,1.8858468684296241,0.6343769870811586,0.011132210747418273
baseline,1457,D400,1.885233324,1.884231191380075,0.6335198816722903,0.011022006212640878
baseline,1458,D600,1.822471144,1.8608653222739149,0.6210416065695544,0.010100178764352222
baseline,1459,D600,1.842546204,1.8614524146278,0.6213570510857134,0.01023574103788999
baseline,1460,D600,1.867332114,1.8694741534221992,0.6256571899434711,0.010170590072508161
baseline,1461,D600,1.877333081,1.8679352343828548,0.6248336681043389,0.010111529810250385
baseline,1462,D600,1.866049127,1.8699265444267454,0.6258991490397581,0.010230428433944547
baseline,1463,D800,1.857228637,1.8491213576041667,0.6147105844340507,0.010129204152782166
baseline,1464,D800,1.855300706,1.8453510027260709,0.6126695047781173,0.010238055000445534
baseline,1465,D800,1.878267981,1.8598215602631374,0.6204805477806213,0.010193741190720572
baseline,1466,D800,1.876924281,1.8635125174040026,0.622463157061921,0.011026473099920912
baseline,1467,D800,1.82775045,1.8484724374826786,0.6143595885355762,0.010284023428063576
baseline,1468,S50,1.877396422,1.882268931225395,0.6324779274610407,0.01974738591612354
baseline,1469,S50,1.888569121,1.8832034416630716,0.6329742850833096,0.019795275094540883
baseline,1470,S50,1.895854585,1.882481065697647,0.63259062257899,0.01965903932228524
baseline,1471,S50,1.882504687,1.8779915035943286,0.6302028565981632,0.020504791322307224
baseline,1472,S50,1.867779812,1.8784731592038353,0.6304592975102348,0.02035115054967922
baseline,1473,S100,1.883443029,1.8828547438165084,0.632789105869189,0.011805525216226544
baseline,1474,S100,1.893646428,1.8827826861088837,0.6327508346819202,0.011462402396309015
baseline,1475,S100,1.88819627,1.8840980736789212,0.6334492308921456,0.01151386750876341
baseline,1476,S100,1.881334885,1.882462266024584,0.632580635882561,0.011516181139092621
baseline,1477,S100,1.877746376,1.8826981734204684,0.6327059465565613,0.0115664477353949
baseline,1478,S200,1.893085265,1.8685645796530919,0.6251705316437531,0.01052128337173042
baseline,1479,S200,1.879307862,1.8665671387302276,0.624100989114132,0.010476959400200794
baseline,1480,S200,1.887049371,1.8657723111243838,0.6236750752182831,0.010467650681390932
baseline,1481,S200,1.878233348,1.8657172082159854,0.6236455412168519,0.010465409261388092
baseline,1482,S200,1.860544951,1.8676513747668344,0.6246816921785919,0.010500318543163575
baseline,1483,S400,1.824360742,1.821842809151854,0.5998485213244509,0.020752304789465735
baseline,1484,S400,1.861976236,1.8411465085139334,0.6103884800263889,0.01066526701528115
baseline,1485,S400,1.847779778,1.8515035835897846,0.6159980568758872,0.010124738106692033
baseline,1486,S400,1.845557556,1.8457956054640836,0.612910407016558,0.010331935141486392
baseline,1487,S400,1.849355485,1.839072637627311,0.6092614432800483,0.010879984145000458
baseline,1488,S600,1.852619799,1.8480205734071085,0.6141151059535777,0.010093286983435331
baseline,1489,S600,1.836251919,1.8540710498716944,0.6173837888860181,0.010084060372269051
baseline,1490,S600,1.81680461,1.8586676159931261,0.6198598955466861,0.011763469174573516
baseline,1491,S600,1.826380347,1.8456756964227208,0.6128454415696677,0.010308976127187763
baseline,1492,S600,1.827097635,1.8463421552269714,0.6132064684326292,0.01027084473068977
baseline,1493,S800,1.860479626,1.8478961577548172,0.6140477799495639,0.01083179119747754
baseline,1494,S800,1.853817398,1.8450076561675774,0.6124834271682045,0.010721709079677195
baseline,1495,S800,1.864159369,1.8483616113717027,0.614299631226406,0.010882993890335493
baseline,1496,S800,1.842760175,1.8484637236112056,0.6143548744311971,0.010886056025188039
baseline,1497,S800,1.851627686,1.846987613994177,0.6135559951817193,0.010817216279706951
image_phi,0,D50,1.560186908,1.5690545589509077,0.45047324621892526,0.012622724026952055
image_phi,1,D50,1.561484361,1.558890399185175,0.4439742856063747,0.011310385484963232
image_phi,2,D50,1.560393514,1.5608248718346114,0.4452144455115692,0.010854067864216905
image_phi,3,D50,1.558472561,1.5578601445770885,0.44331317742261445,0.011888441288441833
image_phi,4,D50,1.561608985,1.5601259212407488,0.44476653674793293,0.010859426032490837
image_phi,5,D100,1.561041612,1.5596958502918152,0.444490834491104,0.011585946655720524
image_phi,6,D100,1.556557304,1.5593220577861882,0.44425114846272407,0.011535884963544388
image_phi,7,D100,1.560626044,1.5605519768021616,0.44503958996135623,0.011538587031469535
image_phi,8,D100,1.555448691,1.5592007800592542,0.4441733695056336,0.011608122294179327
image_phi,9,D100,1.570784601,1.5614101269161282,0.44558934047534066,0.012063082102999011
image_phi,10,D200,1.559258194,1.5510959403467905,0.4389617393714601,0.0186039791447345
image_phi,11,D200,1.557328689,1.553882162337853,0.44075642045890095,0.01874540316067362
image_phi,12,D200,1.560386696,1.55351653337251,0.4405210924544611,0.018692568551262168
image_phi,13,D200,1.56406944,1.5504798996387859,0.4385644956812278,0.01857382245240807
image_phi,14,D200,1.559799742,1.5508977694779535,0.43883396937084485,0.0186041996118345
image_phi,15,D400,1.57747785,1.5596531534640135,0.44446345901772605,0.011014992219143547
image_phi,16,D400,1.582462146,1.5605704583985995,0.4450514328780132,0.010587805883402805
image_phi,17,D400,1.571871059,1.5605257863631123,0.44502280701582453,0.010634984103630191
image_phi,18,D400,1.578362744,1.5591105358953066,0.44411548935523865,0.011009720722859913
image_phi,19,D400,1.571060369,1.5570547841558398,0.44279607794630743,0.011473053599228497
image_phi,20,D600,1.562491354,1.577629332919343,0.4559232980753156,0.009925289435421284
image_phi,21,D600,1.560566365,1.5759846884160884,0.4548802759164668,0.00992240260791039
image_phi,22,D600,1.566691898,1.578283110633689,0.45633761737941025,0.010036258817173484
image_phi,23,D600,1.559224889,1.5803259921429433,0.45763114989808046,0.0109006775509982
image_phi,24,D600,1.58159802,1.5820724548421483,0.4587356678176495,0.010916167688063198
image_phi,25,D800,1.644690279,1.575304589414166,0.4544486436843731,0.010202137687368251
image_phi,26,D800,1.57983316,1.5762236259892388,0.4550318760328144,0.010341881727268399
image_phi,27,D800,1.564816559,1.5750330482871684,0.45427625509692743,0.010870371545437393
image_phi,28,D800,1.566544735,1.5787608893765295,0.45664029212609514,0.010710227053787068
image_phi,29,D800,1.592458478,1.5784769370992877,0.45646041826570605,0.010786407596473358
image_phi,30,S50,1.575816199,1.5685720287112017,0.4501656696287679,0.017120363590522717
image_phi,31,S50,1.602076658,1.572179973630522,0.4524631744961903,0.014188810458330313
image_phi,32,S50,1.579807863,1.573139090927853,0.4530730441516198,0.01370870358748137
image_phi,33,S50,1.580573721,1.570980211154041,0.45169976285681096,0.014751159258303802
image_phi,34,S50,1.592722949,1.5717290331944325,0.452176308408016,0.014005160058018383
image_phi,35,S100,1.567218001,1.5729344224914237,0.4529429337547425,0.01197112539626367
image_phi,36,S100,1.570607716,1.5742708611056937,0.45379221975560485,0.011993950903266423
image_phi,37,S100,1.571419163,1.5728884763885638,0.4529137228904694,0.01245882289897708
image_phi,38,S100,1.566838091,1.5727788460796697,0.45284402047269917,0.012236235789815109
image_phi,39,S100,1.564440461,1.5676307132190865,0.44956537966167054,0.01215831013790738
image_phi,40,S200,1.56406097,1.5821174331364625,0.4587640973973584,0.01020131188247331
image_phi,41,S200,1.580191426,1.5771197974988516,0.4556002705356554,0.010252388966264975
image_phi,42,S200,1.583074977,1.5834741501714809,0.459621262374193,0.010266818039751983
image_phi,43,S200,1.572904736,1.584324106970091,0.4601578854480207,0.010293131220156746
image_phi,44,S200,1.585051572,1.582082684463654,0.4587421337594604,0.010212389717083
image_phi,45,S400,1.562576774,1.5750007020257317,0.4542557180081203,0.010028659453511078
image_phi,46,S400,1.582775974,1.574833874115788,0.4541497899626519,0.010045182832535334
image_phi,47,S400,1.570456464,1.5775830293849835,0.45589394757268953,0.009992571857604292
image_phi,48,S400,1.5750196,1.5782679743658246,0.45632802699581954,0.009972699312098252
image_phi,49,S400,1.577183511,1.5823121411824166,0.45888715783629497,0.010045590358740707
image_phi,50,S600,1.555828114,1.5887786174116179,0.462965555892186,0.010160801554172734
image_phi,51,S600,1.56117239,1.58852036869236,0.46280299724035245,0.010174820714452448
image_phi,52,S600,1.561823954,1.5883846700258077,0.462717569023279,0.01022696225661436
image_phi,53,S600,1.559846724,1.589463318100174,0.46339642346806087,0.010128894842141734
image_phi,54,S600,1.561648453,1.5873601255675154,0.46207233802407577,0.010211890573403376
image_phi,55,S800,1.589227754,1.5726937628292605,0.4527899216067997,0.010177939656508836
image_phi,56,S800,1.580440672,1.5738368045675104,0.45351646264242435,0.01035173644255556
image_phi,57,S800,1.59815524,1.5758073085392679,0.4547677178052848,0.010541119214061803
image_phi,58,S800,1.615199232,1.5735112996818181,0.45330961873697057,0.010218502538221182
image_phi,59,S800,1.584848504,1.573743424170734,0.4534571279217705,0.01023390254230976
image_phi,60,D50,2.044100443,2.093427251159756,0.7388025560092896,0.014985404550163688
image_phi,61,D50,2.04957737,2.0883622047664976,0.7363801246920165,0.015681824160452437
image_phi,62,D50,1.999572687,2.0348832324595487,0.7104384376215271,0.012250939753650528
image_phi,63,D50,2.017631508,2.0336677287684135,0.7098409257609744,0.012351739874609297
image_phi,64,D50,2.006211894,2.0308331166465896,0.7084461111506712,0.012755032274094552
image_phi,65,D100,2.016437285,1.91819935876734,0.6513869120229184,0.014703170356582522
image_phi,66,D100,1.994408192,1.949810764391865,0.6677323239649836,0.013212839557205942
image_phi,67,D100,1.97356662,1.9247103113815895,0.6547754688213739,0.014399474937964021
image_phi,68,D100,1.983306755,1.9271964258840446,0.6560663177526935,0.014257783494876532
image_phi,69,D100,1.971798525,1.9503535003536474,0.6680106383786568,0.013610706506378996
image_phi,70,D200,1.964318123,1.9627812784168641,0.6743624869859948,0.018950906196642726
image_phi,71,D200,1.961302475,1.9574283183171624,0.6716315292172654,0.01891418681312689
image_phi,72,D200,1.966048011,1.9231330784997114,0.6539556678001783,0.019231675520685956
image_phi,73,D200,1.959125658,1.9497471185538842,0.6676996813732351,0.019217584719224905
image_phi,74,D200,1.970214261,1.9341230732082428,0.6596540316187075,0.019116356257550517
image_phi,75,D400,1.964858008,1.9679782856353505,0.6770067648473149,0.01096355380133829
image_phi,76,D400,1.951867166,1.9610044428974813,0.673456812840139,0.010405087136344726
image_phi,77,D400,1.959093971,1.952983852529285,0.6693583838262013,0.010536628701820549
image_phi,78,D400,1.953838928,1.979240469838885,0.682713170021252,0.010596705025729077
image_phi,79,D400,1.947956474,1.9812978962043406,0.6837521330916105,0.010665272277860238
image_phi,80,D600,1.954137272,1.9463022014344886,0.665931265352681,0.01030860259337111
image_phi,81,D600,1.941923138,1.942042690880211,0.6637403525730375,0.010128136104808921
image_phi,82,D600,1.944425234,1.9413585443186543,0.6633880085698305,0.010095260971954702
image_phi,83,D600,1.943606342,1.9428039313030623,0.6641322550117322,0.010145117117870271
image_phi,84,D600,1.939217447,1.9425241364603059,0.663988228644661,0.0100811631064423
image_phi,85,D800,1.937833439,1.9330274090362733,0.6590873796581398,0.010522086753574867
image_phi,86,D800,1.931115531,1.935714140015059,0.6604763230014206,0.010428910219162297
image_phi,87,D800,1.937390462,1.9331399991470941,0.6591456234427283,0.010496702620641864
image_phi,88,D800,1.939430677,1.9334632080734369,0.6593128032177267,0.01059502355604358
image_phi,89,D800,1.930410702,1.939987458159899,0.662681508188308,0.010535185469454424
image_phi,90,S50,2.018231427,2.003848365900622,0.6950695146415709,0.015122887100517833
image_phi,91,S50,2.016383376,2.0009558375248164,0.6936249851555553,0.01499863190779429
image_phi,92,S50,2.019922289,2.014597865762895,0.7004196051408409,0.015729576195870485
image_phi,93,S50,2.023950784,2.0068985783916244,0.696590534601905,0.0151800895559623
image_phi,94,S50,2.020788185,1.999460638258184,0.6928774633186122,0.014954378245342743
image_phi,95,S100,1.928651999,1.93624811117206,0.6607521372401686,0.013116776430893115
image_phi,96,S100,1.93017593,1.9316611533821908,0.6583803339601833,0.013111605217233846
image_phi,97,S100,1.932332607,1.9401643509590343,0.6627726864761482,0.01316614659437104
image_phi,98,S100,1.936713222,1.9374488071997678,0.661372059805853,0.013261600324569066
image_phi,99,S100,1.941062316,1.9433287254079465,0.6644023405463412,0.013245429826684446
image_phi,100,S200,1.935150704,1.939058024825052,0.6622023009417263,0.01031103324309297
image_phi,101,S200,1.934574776,1.9409880572986364,0.6631971513078909,0.010485901072646638
image_phi,102,S200,1.931366726,1.9396723371308275,0.6625190604241268,0.010387411182122221
image_phi,103,S200,1.93014659,1.940305707343402,0.662845541765485,0.010338713648387416
image_phi,104,S200,1.934298104,1.9394875535371046,0.6624237905208122,0.010326357850476434
image_phi,105,S400,1.928885505,1.9117148742378884,0.648000679156499,0.010771191264426922
image_phi,106,S400,1.934057083,1.949237739858,0.6674383935163802,0.012393096059496476
image_phi,107,S400,1.924819553,1.9120346033509672,0.6481679124523505,0.01051752995712147
image_phi,108,S400,1.919839737,1.912488962350221,0.6484055153817538,0.010756179955081139
image_phi,109,S400,1.9194336,1.91963450628019,0.6521348066062749,0.010317343125785295
image_phi,110,S600,1.925053088,1.9236231873277059,0.6542104844804033,0.010347616631192946
image_phi,111,S600,1.926645985,1.9269354391672087,0.6559308855846344,0.010387215164967233
image_phi,112,S600,1.921919857,1.923939159670827,0.6543747299508259,0.010321114005590803
image_phi,113,S600,1.927081693,1.9253315835464146,0.6550982040991569,0.010451829059064787
image_phi,114,S600,1.924848505,1.9178921452241398,0.6512267419417108,0.010521893360379094
image_phi,115,S800,1.92363974,1.9238917092136227,0.6543500664669963,0.011877854287317283
image_phi,116,S800,1.912130921,1.9245273003672971,0.6546803793346291,0.012303432841611183
image_phi,117,S800,1.917343839,1.9202088083161326,0.6524339344576857,0.012188906013743488
image_phi,118,S800,1.910109237,1.921770446033608,0.653246868469086,0.01167252080718259
image_phi,119,S800,1.916211727,1.9259623901972578,0.6554257857695174,0.012504074771845682
image_phi,120,D50,2.401662904,2.4345460746678595,0.8897603221825643,0.012676556341125363
image_phi,121,D50,2.408329379,2.414689587262256,0.8815707435480349,0.010921465415022905
image_phi,122,D50,2.409795375,2.4060252683847447,0.8779761197353875,0.010830633504752989
image_phi,123,D50,2.433450011,2.4233248772480676,0.8851405134275168,0.010890355364458261
image_phi,124,D50,2.434746684,2.4141909948999705,0.8813642392224159,0.010963513844015433
image_phi,125,D100,2.383093911,2.384891668759088,0.8691537014047523,0.012005048704200952
image_phi,126,D100,2.377584742,2.3973755740699256,0.874374628230544,0.011576642967048353
image_phi,127,D100,2.412540012,2.399745078186869,0.8753625142902923,0.01163962429821234
image_phi,128,D100,2.430015758,2.399598811519744,0.8753015615140245,0.011481008665353032
image_phi,129,D100,2.430136719,2.392523934529194,0.8723488482778771,0.011473059190709213
image_phi,130,D200,2.428161204,2.4058668779006673,0.8779102868034268,0.017792673521214275
image_phi,131,D200,2.404430077,2.4066487359740325,0.8782352137825684,0.017800552844537774
image_phi,132,D200,2.384685146,2.408209897875248,0.8788836905394762,0.0177961769433747
image_phi,133,D200,2.384331984,2.394089179631899,0.8730028577501971,0.01781272071433133
image_phi,134,D200,2.388001759,2.404096837623176,0.8771742977348698,0.017810061086827332
image_phi,135,D400,2.4082186,2.4143634282446573,0.8814356615694163,0.009997016463232736
image_phi,136,D400,2.417180474,2.4125309236402708,0.8806763722380844,0.010008795109950043
image_phi,137,D400,2.394055265,2.412170645235853,0.8805270248017946,0.00999190836838443
image_phi,138,D400,2.419993966,2.4134859154877395,0.8810721403805373,0.009992633459144813
image_phi,139,D400,2.429802299,2.4042969423545935,0.8772575291592035,0.009995196883953424
image_phi,140,D600,2.420626025,2.417153158225096,0.8825904667907323,0.009831064394228855
image_phi,141,D600,2.394758376,2.4164351751835866,0.8822933860311535,0.009823768160212625
image_phi,142,D600,2.384010172,2.3992026321371154,0.8751364455415551,0.009879104882251435
image_phi,143,D600,2.418643886,2.4157126024705846,0.8819943170657012,0.009832036384469611
image_phi,144,D600,2.39934375,2.400020334364156,0.8754772099697389,0.01004607906239909
image_phi,145,D800,2.360297782,2.3406899397965653,0.8504457319779588,0.010383030864334461
image_phi,146,D800,2.375450943,2.340183120183971,0.8502291827966073,0.010394239133876822
image_phi,147,D800,2.371242957,2.3590090617896777,0.8582416417872476,0.0102042798799155
image_phi,148,D800,2.383375605,2.344535461540647,0.8520872848503251,0.010386967853948199
image_phi,149,D800,2.365110163,2.356602827347003,0.857221102053238,0.010202295725382326
image_phi,150,S50,2.38150949,2.3645918284761547,0.8606054186666321,0.011520497714845633
image_phi,151,S50,2.394125437,2.372397457370364,0.8639010292276721,0.01138137507426194
image_phi,152,S50,2.396222224,2.3769128834442728,0.8658025379143766,0.011309674174545956
image_phi,153,S50,2.392269046,2.371153949199901,0.8633767350470606,0.01135273897998579
image_phi,154,S50,2.369866879,2.3734128480216374,0.8643289395744524,0.011318631475661058
image_phi,155,S100,2.374401007,2.391551023498691,0.871942119264452,0.010809584299530328
image_phi,156,S100,2.370325356,2.391334057154318,0.8718513931270417,0.010816931960007704
image_phi,157,S100,2.391706078,2.395728484766177,0.873687353617532,0.010949203052994431
image_phi,158,S100,2.424080577,2.3993535921067797,0.8751993644541027,0.010890554141411126
image_phi,159,S100,2.379081599,2.386602947195542,0.8698709938456173,0.01082547779028773
image_phi,160,S200,2.41122508,2.36478801233999,0.8606883825521945,0.010528903685751522
image_phi,161,S200,2.384056674,2.368000578150554,0.8620459611731459,0.010635182403560607
image_phi,162,S200,2.375336473,2.3757548995885696,0.8653152394405587,0.010840184251470888
image_phi,163,S200,2.354090276,2.3718384844576956,0.8636653862612982,0.010886725710723178
image_phi,164,S200,2.349382093,2.369221218971836,0.8625613015564217,0.010863919872580657
image_phi,165,S400,2.333697666,2.3610942202816165,0.8591251642455382,0.010138052806862339
image_phi,166,S400,2.347239773,2.3503450449390506,0.8545621450115841,0.010245303268568765
image_phi,167,S400,2.35748471,2.361060147743521,0.8591107333161612,0.01012291610161079
image_phi,168,S400,2.334848634,2.3520188526262022,0.8552740455766208,0.010190601442473565
image_phi,169,S400,2.323961879,2.3596284732627364,0.8585041800610671,0.010145273688644573
image_phi,170,S600,2.352788986,2.35596332777709,0.856949700208558,0.010336764169839432
image_phi,171,S600,2.360231398,2.359237409915162,0.8583384354274408,0.010310172921134595
image_phi,172,S600,2.337840207,2.3550687295135653,0.8565699115493435,0.010335609156814123
image_phi,173,S600,2.352483628,2.360274414754,0.8587778897159569,0.010284888807589036
image_phi,174,S600,2.358437625,2.3587110733408516,0.8581153144763063,0.010289366424556782
image_phi,175,S800,2.327082283,2.324187136158961,0.8433703590520378,0.012876159288000665
image_phi,176,S800,2.375686483,2.3284724219781903,0.8452124396846051,0.012980767968518998
image_phi,177,S800,2.357065093,2.326863599297467,0.8445212660561416,0.012796007801250332
image_phi,178,S800,2.344086808,2.3292928243204316,0.8455647126341177,0.01248090891064605
image_phi,179,S800,2.371926086,2.33278634396995,0.847063408892721,0.011977345018583378
image_phi,180,D50,2.712659774,2.7326394458631342,1.005267972104286,0.010876154410020204
image_phi,181,D50,2.725048716,2.7370544944027175,1.0068823401280436,0.010923135836218083
image_phi,182,D50,2.731434141,2.7285699047268652,1.0037776275200498,0.010856942759957609
image_phi,183,D50,2.738759908,2.7178097698173374,0.9998263242499283,0.011047744110054603
image_phi,184,D50,2.737732498,2.7029426483200956,0.994341049281602,0.011706703172286117
image_phi,185,D100,2.675096745,2.7313252158119896,1.0047869184526377,0.011202822841204394
image_phi,186,D100,2.867247482,2.7232248171902467,1.0018167726009297,0.011094422766632635
image_phi,187,D100,2.696871146,2.712462213996299,0.9978567884456049,0.011377296463531694
image_phi,188,D100,2.647227765,2.715320015495918,0.9989098158674378,0.011329538949932898
image_phi,189,D100,2.657785564,2.7314761544477224,1.0048421789776103,0.011076399619380145
image_phi,190,D200,2.748276141,2.7400840571102267,1.0079885977068805,0.0177264311446605
image_phi,191,D200,2.682650303,2.749506412149552,1.01142140907778,0.017738153796433134
image_phi,192,D200,2.701945369,2.7441769585357507,1.0094811970465956,0.017937599099279236
image_phi,193,D200,2.740214864,2.7328160160475967,1.0053325852680945,0.017852262317441983
image_phi,194,D200,2.744762506,2.7537221471576836,1.0129535045694857,0.017784100718059057
image_phi,195,D400,2.766825409,2.7736164430025854,1.020152043768344,0.011473203658310826
image_phi,196,D400,2.901334736,2.709277613565226,0.9966820360972446,0.01263691531262473
image_phi,197,D400,2.782567861,2.637268221971186,0.969743617015077,0.014928285044002062
image_phi,198,D400,2.801594694,2.6516494182866737,0.975181868368872,0.014037767995520015
image_phi,199,D400,2.750904643,2.631132151485394,0.967414229411486,0.015518337444345524
image_phi,200,D600,2.782887365,2.7568452721668124,1.0140870086556775,0.010384912458977004
image_phi,201,D600,2.84132757,2.754753389974166,1.0133279249773022,0.0103998153733145
image_phi,202,D600,2.766425103,2.753663516640597,1.0129322129728306,0.010401443662073254
image_phi,203,D600,2.732959456,2.7506067723504666,1.011821531831143,0.010351278420902693
image_phi,204,D600,2.763235638,2.752567215073615,1.0125340089618167,0.010375843380604514
image_phi,205,D800,2.63522,2.7518001583652434,1.0122553005612698,0.011023352715452744
image_phi,206,D800,2.651727808,2.7683600437822267,1.01825510291733,0.011159139975240824
image_phi,207,D800,2.695769239,2.757753266473592,1.0144163143371783,0.01115526364931904
image_phi,208,D800,2.623911376,2.760159819952243,1.0152885838323817,0.011101146186709742
image_phi,209,D800,2.604061726,2.7496297562734817,1.011466268532128,0.01127720242592789
image_phi,210,S50,2.731521141,2.6575321404923278,0.977397925419468,0.011530755569631995
image_phi,211,S50,2.632174683,2.6588638987197615,0.9778989258135196,0.011343698849521236
image_phi,212,S50,2.697323437,2.6788488425627386,0.9853871658884119,0.01141776038876284
image_phi,213,S50,2.665334753,2.664592746923694,0.9800512305270948,0.011479424953724929
image_phi,214,S50,2.709654543,2.6585250929587265,0.9777714926834538,0.011445035376053432
image_phi,215,S100,2.644428335,2.6743012068098793,0.9836881151220723,0.010780363630728212
image_phi,216,S100,2.67892849,2.6792626052995803,0.9855416093865326,0.010782592608054215
image_phi,217,S100,2.651410329,2.6758255128847805,0.9842579356874561,0.010834540772935306
image_phi,218,S100,2.645760415,2.6641072346240433,0.9798690051052563,0.010779380607936958
image_phi,219,S100,2.649109535,2.6604021828406847,0.9784773079212087,0.011084805316997083
image_phi,220,S200,2.67459967,2.677991670363477,0.9850671368696241,0.010138707112132371
image_phi,221,S200,2.653136363,2.687114319810062,0.9884678742475087,0.010337094791245059
image_phi,222,S200,2.703511806,2.6825702406247443,0.9867753799421548,0.010235689726085555
image_phi,223,S200,2.650051828,2.684691983423571,0.9875660038471479,0.010224957578901572
image_phi,224,S200,2.691075341,2.6872747037350266,0.9885275587713902,0.01027739048175974
image_phi,225,S400,2.800140568,2.6632669403401525,0.9795535422662434,0.010342547060702133
image_phi,226,S400,2.686679766,2.65520048715578,0.9765201648959595,0.010348026598677234
image_phi,227,S400,2.64679232,2.6742060144296413,0.9836525192534269,0.010181176855371177
image_phi,228,S400,2.721755729,2.669808673216456,0.9820068118732383,0.010278812908505576
image_phi,229,S400,2.689948259,2.664511502852747,0.9800207398227868,0.010319724960849177
image_phi,230,S600,2.647347587,2.669598412821328,0.9819280539168402,0.010214325699843664
image_phi,231,S600,2.628741468,2.6685035293700463,0.9815178393954647,0.010259690513869244
image_phi,232,S600,2.6300257,2.6734748207261125,0.9833790572684564,0.010245231446346809
image_phi,233,S600,2.653703494,2.66246099312102,0.9792508804572458,0.01025131518247981
image_phi,234,S600,2.628540977,2.6554302679092974,0.9766067010398787,0.010277865615786188
image_phi,235,S800,2.664593931,2.646495284163924,0.9732362304000627,0.01038134006442624
image_phi,236,S800,2.656532806,2.6515218866838572,0.9751337720146314,0.010481457410934378
image_phi,237,S800,2.702334908,2.6506707661084055,0.9748127272550398,0.010418697554886995
image_phi,238,S800,2.646022521,2.637819724406227,0.9699527139790164,0.010532844707859377
image_phi,239,S800,2.700193466,2.6460038888011765,0.9730505353822269,0.01050061346540603
image_phi,240,D50,2.994801895,3.0194357513149916,1.1050699766175964,0.01266042935849856
image_phi,241,D50,3.017042885,3.0392190411137547,1.1116005880446438,0.011433754571579942
image_phi,242,D50,3.041828615,2.9528812438315164,1.0827813865218727,0.012746372480419953
image_phi,243,D50,2.99137326,2.9892958758991663,1.0950378666594498,0.012663420329998471
image_phi,244,D50,2.98648365,2.9622672275563158,1.0859549303974605,0.01298186490093537
image_phi,245,D100,2.991563797,2.9251706253727945,1.073352812443274,0.013474777866865389
image_phi,246,D100,3.009996481,2.9232180824754486,1.072685092472038,0.01569307606155724
image_phi,247,D100,2.962123796,2.9273424350055293,1.074094992669109,0.014592589903119235
image_phi,248,D100,2.956168224,2.929737640771873,1.074912876621138,0.01405550532172594
image_phi,249,D100,2.915595762,2.9359491329413974,1.077030785309745,0.014114518108471861
image_phi,250,D200,3.125488432,3.107972111940931,1.133970459473165,0.019898137832153096
image_phi,251,D200,2.986670763,3.113786825545271,1.1358396142751073,0.020120919053815186
image_phi,252,D200,3.122846689,3.0393822689191197,1.1116542937565597,0.01936375795131005
image_phi,253,D200,3.025946716,3.100689592316041,1.1316245358871673,0.02010120150696209
image_phi,254,D200,3.063166499,3.1166370046167344,1.1367545373519243,0.020240313307475145
image_phi,255,D400,3.154841788,3.0864110273850383,1.1270089360585638,0.011795772130297524
image_phi,256,D400,3.024652821,3.101981541335845,1.132041114167927,0.011896041233918533
image_phi,257,D400,3.205285799,3.102132367761892,1.1320897355918038,0.011642369833162835
image_phi,258,D400,3.203743204,3.0740422171478543,1.1229933786420905,0.011910583395187377
image_phi,259,D400,3.038918026,3.100399662320529,1.1315310265104053,0.011847042512423252
image_phi,260,D600,3.342236258,3.1135869727710457,1.1357754290243847,0.010766064142174655
image_phi,261,D600,3.081920399,3.0979123097571204,1.130728436157376,0.010432320182850648
image_phi,262,D600,3.123416728,3.112600090734986,1.1354584189396382,0.010817936371438124
image_phi,263,D600,3.124444876,3.1111312252502548,1.1349863980770953,0.010567597380661842
image_phi,264,D600,3.296475183,3.1101867303524173,1.1346827663026597,0.010733070027984497
image_phi,265,D800,3.007268472,3.0315681246963555,1.1090800185504,0.010331210577925123
image_phi,266,D800,3.095796473,3.026545941703716,1.107422016047284,0.010323043147393587
image_phi,267,D800,2.985437636,3.017456683459603,1.1044143187778488,0.01029975945373217
image_phi,268,D800,3.011094667,3.0129128094281596,1.1029073216040453,0.010353280213710873
image_phi,269,D800,3.168463788,3.0159826227953466,1.1039256884564808,0.010271713431727133
image_phi,270,S50,2.959020881,2.9580847260720358,1.0845420069047857,0.01463324904556232
image_phi,271,S50,2.959927376,2.980952179496887,1.092242772801711,0.011967222540168666
image_phi,272,S50,3.018549894,2.966779582338362,1.0874770488080345,0.011475969510436161
image_phi,273,S50,2.976615558,2.98397609513999,1.0932566712973584,0.011852480195758705
image_phi,274,S50,2.981243906,2.9700679039349938,1.0885848158310232,0.011640806415872696
image_phi,275,S100,2.939393159,3.041612530853034,1.1123878125663431,0.01123161317484631
image_phi,276,S100,2.929744229,3.0428500805770753,1.1127946027202613,0.010911639911705828
image_phi,277,S100,3.000321687,3.037998332162237,1.1111988551814083,0.010921349469206395
image_phi,278,S100,3.087471777,3.040988416843749,1.1121825996921657,0.011247291490894502
image_phi,279,S100,3.109757546,3.0395791116019106,1.1117190557020757,0.011178983531640074
image_phi,280,S200,2.983634778,2.930859561970689,1.0752957458659296,0.010264994726972168
image_phi,281,S200,3.076031721,2.897411731748154,1.063817832177807,0.010475933307547779
image_phi,282,S200,2.978891815,2.912102524868184,1.068875337430385,0.010367986666981657
image_phi,283,S200,3.074036077,2.9085322367052178,1.067648567926035,0.01040189055643592
image_phi,284,S200,3.157526941,2.9298174185552304,1.0749401066010782,0.01028179176885027
image_phi,285,S400,2.893415666,3.0321158286493115,1.1092606691115636,0.010152801160329985
image_phi,286,S400,2.835511238,3.0165206430388976,1.1041040622496703,0.010123466377268124
image_phi,287,S400,2.874224375,2.9989849763042327,1.0982738901858788,0.010103249509524933
image_phi,288,S400,2.877137236,2.9971772471279787,1.097670928103246,0.010088434044145719
image_phi,289,S400,2.934912279,3.0355244788752618,1.1103842197545717,0.010192722611340235
image_phi,290,S600,2.909473986,2.8943891491219746,1.0627740867304922,0.010433039582875446
image_phi,291,S600,3.056239128,2.9055869089527637,1.0666354039606551,0.01052215023244463
image_phi,292,S600,3.048550845,2.877096301457855,1.0567815568829833,0.01033813167039812
image_phi,293,S600,3.107367274,2.8924189466103445,1.0620931577778943,0.010457498883854574
image_phi,294,S600,2.952127628,2.876633529003439,1.056620696895097,0.010338324613401503
image_phi,295,S800,2.823288905,2.924211593085644,1.0730249035257418,0.014665669062839604
image_phi,296,S800,2.863719184,2.9254322259262184,1.0734422393144007,0.014213244835299394
image_phi,297,S800,2.851970661,2.9277916842204754,1.074248447468497,0.012704497632402886
image_phi,298,S800,2.838814561,2.921846942493661,1.0722159308797954,0.013354347647115858
image_phi,299,S800,2.819979547,2.931371581432347,1.0754704300264257,0.0116540327110241
image_phi,300,D50,1.552767498,1.5857174841070334,0.46103697626537643,0.013848218951754072
image_phi,301,D50,1.548674901,1.5851294644256702,0.46066608501919004,0.01386577331054799
image_phi,302,D50,1.557422765,1.5804575107997394,0.45771436892067374,0.013599198246784681
image_phi,303,D50,1.562692913,1.5873446281640653,0.46206257497229464,0.014212371702871962
image_phi,304,D50,1.558102838,1.5853922727199272,0.46083186738351184,0.013786915466134227
image_phi,305,D100,1.572517305,1.5444194122336092,0.434648054762781,0.013246484975840146
image_phi,306,D100,1.578127171,1.5444693923919235,0.4346804160172514,0.013227156885376281
image_phi,307,D100,1.571879021,1.5431952653408016,0.43385511452587955,0.014133606758765354
image_phi,308,D100,1.585865962,1.5426566576578713,0.4335060325207543,0.014556459687389302
image_phi,309,D100,1.566831298,1.5429632149898114,0.4337047331680156,0.014411538514745826
image_phi,310,D200,1.566116653,1.5442020370598666,0.43450729606012334,0.018663930955505503
image_phi,311,D200,1.576968715,1.5439156435722712,0.4343218151179866,0.018653082686887666
image_phi,312,D200,1.576836284,1.5445425507055277,0.43472778282253777,0.018691337558614567
image_phi,313,D200,1.583116266,1.542971167696966,0.4337098873327958,0.01861873902670779
image_phi,314,D200,1.576286602,1.5418540927075888,0.4329856485549675,0.01865759351477321
image_phi,315,D400,1.567755435,1.570622712413027,0.4514721728327024,0.011170511553429241
image_phi,316,D400,1.562605939,1.5702735109391508,0.45124981497654737,0.011052411744717796
image_phi,317,D400,1.567598269,1.5703701872109495,0.45131137959903933,0.01104369078977953
image_phi,318,D400,1.55788804,1.5686717150412788,0.45022921989024123,0.01233581000772222
image_phi,319,D400,1.555636875,1.5653114312551475,0.44808480180184207,0.014261108916717584
image_phi,320,D600,1.568956739,1.5866083232893204,0.4615986078630052,0.01221302394882229
image_phi,321,D600,1.571242561,1.5857037068548312,0.46102828788791245,0.012297550109644739
image_phi,322,D600,1.573089533,1.583193859613836,0.45944423683346014,0.010987218218505367
image_phi,323,D600,1.568257404,1.5812965546433753,0.4582451147319956,0.0107085822566757
image_phi,324,D600,1.575665406,1.5847973844058196,0.46045656597543805,0.011642573983557423
image_phi,325,D800,1.561065551,1.569192681387564,0.45056127142928476,0.010319118075326247
image_phi,326,D800,1.571763461,1.568355730673104,0.4500277652490489,0.010527779085299858
image_phi,327,D800,1.576918877,1.5689796768451612,0.4504255207321179,0.010344912621518064
image_phi,328,D800,1.581314446,1.5692098868940811,0.4505722359286712,0.010322720939487749
image_phi,329,D800,1.566478551,1.5700907071263202,0.45113339293098614,0.01016157712649512
image_phi,330,S50,1.553567545,1.5852754001165204,0.4607581462524952,0.0160440360341941
image_phi,331,S50,1.564751479,1.5697871831802688,0.4509400580577201,0.011708158751884858
image_phi,332,S50,1.551504027,1.571051275906261,0.4517449977645607,0.011670582263934129
image_phi,333,S50,1.564022461,1.5723565576673846,0.45257548614230453,0.011775170261956316
image_phi,334,S50,1.570885043,1.571587990438211,0.45208656705818995,0.011576343947756789
image_phi,335,S100,1.566786998,1.5606684380562785,0.44511421542107493,0.010843935263820485
image_phi,336,S100,1.57161871,1.5610983198108759,0.4453896246945135,0.010877147066599875
image_phi,337,S100,1.576159572,1.5620303630235166,0.4459864897839563,0.01097616509303678
image_phi,338,S100,1.574140115,1.5624646635567438,0.4462644870490053,0.010936768971668759
image_phi,339,S100,1.575161986,1.5630073334381012,0.4466117433273097,0.011079084628236929
image_phi,340,S200,1.55049502,1.5671620223329035,0.44926635453993924,0.01016364692140832
image_phi,341,S200,1.55748727,1.5671885670963654,0.4492832925069631,0.010154015579059135
image_phi,342,S200,1.552948023,1.5675283480803537,0.44950007826115607,0.010123556727138864
image_phi,343,S200,1.570748186,1.5697886076080876,0.4509409654591741,0.010081440191398191
image_phi,344,S200,1.560910389,1.5690918703739767,0.4504970254936729,0.010089521074544491
image_phi,345,S400,1.569008578,1.5664463437255598,0.44880957849380715,0.010003076114991995
image_phi,346,S400,1.576788168,1.5667268993662122,0.4489886657128245,0.010322883605519499
image_phi,347,S400,1.590173634,1.5663935232683552,0.44877585799773834,0.010036815832746139
image_phi,348,S400,1.579849587,1.56658973188013,0.4489011115315445,0.010046156983798163
image_phi,349,S400,1.569267854,1.5664029677115772,0.44878188739878583,0.010009315082504746
image_phi,350,S600,1.587079653,1.574637958042577,0.45402537794444414,0.010164890478027152
image_phi,351,S600,1.567946889,1.5744948531053853,0.4539344926462544,0.010298036225829608
image_phi,352,S600,1.571871059,1.5747260761095023,0.4540813372212968,0.010212761043093776
image_phi,353,S600,1.569880939,1.5751820707510658,0.4543708660732433,0.010165315331503394
image_phi,354,S600,1.566603451,1.5747317578007969,0.45408494526534376,0.010186506341511109
image_phi,355,S800,1.561161878,1.5749919694955938,0.4542501735316415,0.01054006345787156
image_phi,356,S800,1.567127956,1.5746494160123274,0.4540326544920498,0.010430887848369284
image_phi,357,S800,1.5717416,1.572390696935127,0.452597198073331,0.010164905714150798
image_phi,358,S800,1.580639482,1.5729306410937107,0.45294052971157056,0.010213392226042783
image_phi,359,D50,2.106587464,2.0785157103913248,0.7316540382056003,0.020896351600764803
image_phi,360,D50,2.117544335,2.0065403323503572,0.6964120113702394,0.028749546680415003
image_phi,361,D50,2.118184975,2.0238285762983397,0.7049910523335794,0.02697632261937147
image_phi,362,D50,2.099811401,2.015907150271048,0.7010692927353224,0.02470660167046999
image_phi,363,D50,2.091618493,2.081402236367276,0.7330418186744301,0.01791100556071361
image_phi,364,D100,2.060357876,2.0055372947620382,0.6959120022964179,0.01759790866563035
image_phi,365,D100,2.051589607,2.027108115086512,0.706610203534649,0.016429806501400832
image_phi,366,D100,2.058574592,2.006184278752759,0.6962345491055489,0.017368572106823306
image_phi,367,D100,2.052924413,2.0002997862218286,0.6932970624380098,0.017468241368974687
image_phi,368,D100,2.049683521,2.0106393574626304,0.6984527597814957,0.01678324886016353
image_phi,369,D200,2.057366791,2.0220776154703852,0.7041255053563258,0.019216201778257235
image_phi,370,D200,2.058764596,2.0218195328924327,0.7039978648309443,0.01896776854119131
image_phi,371,D200,2.057642712,2.035070653625945,0.7105305375183686,0.01940107108115276
image_phi,372,D200,2.069375924,2.0310730073968317,0.7085642284794302,0.019071238468331725
image_phi,373,D200,2.056356092,2.035547940505083,0.710765040884522,0.01898510790903858
image_phi,374,D400,2.0430377,2.061858584109163,0.7236078013365992,0.012543820879758348
image_phi,375,D400,2.067464556,2.019098242478048,0.7026509971256168,0.014256421006318777
image_phi,376,D400,2.05092407,2.063837465753779,0.7245670973062753,0.012204261897403899
image_phi,377,D400,2.046116935,2.0430619301717003,0.7144496287248946,0.012958296586085202
image_phi,378,D400,2.040174013,2.057167127479886,0.7213298555375449,0.012034365427769441
image_phi,379,D600,2.030799499,2.0253820294215963,0.705758339269594,0.010291279804793585
image_phi,380,D600,2.029389278,2.023373879805232,0.7047663556449643,0.01032628593788948
image_phi,381,D600,2.035717652,2.021576226685333,0.7038775173696221,0.010525049483607224
image_phi,382,D600,2.032341943,2.0327583340813,0.7093936560021156,0.010117599656854347
image_phi,383,D600,2.038835416,2.023879852246876,0.7050163881251487,0.010372413983749027
image_phi,384,D800,2.00530262,2.012739019002045,0.6994964904643003,0.010047228687461692
image_phi,385,D800,2.009512232,2.003553604213066,0.6949224060209305,0.010343220077952353
image_phi,386,D800,2.00461922,2.0047061123864793,0.6954974726516691,0.012194150939231397
image_phi,387,D800,2.017234302,2.0102577875483503,0.6982629663589512,0.010131172390241971
image_phi,388,D800,2.007206069,1.9994579473419811,0.6928761174966629,0.011653791529868762
image_phi,389,S50,2.034582604,2.025368248993806,0.7057515353805149,0.01149116212366198
image_phi,390,S50,2.023307961,2.0253325859754203,0.7057339270604542,0.01151043297001379
image_phi,391,S50,2.025826924,2.0254279470685157,0.705781010116752,0.011587852802670289
image_phi,392,S50,2.013036975,2.0257051774600554,0.7059178757212387,0.011715802697867714
image_phi,393,S50,2.03287125,2.0228719803467548,0.7045182741005411,0.01176508314200672
image_phi,394,S100,2.019725426,2.039818518185312,0.712860842224934,0.011148658674740918
image_phi,395,S100,2.039797618,2.0517363902898005,0.7186864542851652,0.01215907551247458
image_phi,396,S100,2.036185006,2.0386806722504556,0.7123028693475356,0.011230308116385158
image_phi,397,S100,2.03838733,2.03752562986075,0.7117361451265256,0.011044450072543488
image_phi,398,S100,2.036193882,2.0386854855202348,0.7123052303176289,0.011710498440526473
image_phi,399,S200,2.012022796,2.0107863273384985,0.6985258532003242,0.010393456166808585
image_phi,400,S200,2.023972604,2.012413336956281,0.6993346670013982,0.010323663831623253
image_phi,401,S200,2.013429352,2.0092039296505213,0.6977385887202897,0.010567737302559041
image_phi,402,S200,2.013525821,2.0072426648817636,0.696761971763743,0.010579049810983352
image_phi,403,S200,2.013365047,2.0094834306064673,0.6978776893426276,0.010569870990913893
image_phi,404,S400,2.000918649,2.0096324316382295,0.6979518355165314,0.010167312899009351
image_phi,405,S400,2.006587247,2.0114490179280167,0.6988553667859947,0.009983703359066079
image_phi,406,S400,2.007552339,2.0149100024050477,0.7005745305823533,0.010009640945994524
image_phi,407,S400,2.016135748,2.0053503710358194,0.6958187941380604,0.010042576521254286
image_phi,408,S400,2.007400124,2.0185086825609595,0.7023589627932887,0.010202500031333127
image_phi,409,S600,2.002293432,2.003296743966342,0.6947941954691228,0.010118620085699475
image_phi,410,S600,2.009319501,2.0081209290571604,0.6971994236501565,0.010120836888921396
image_phi,411,S600,2.017374996,2.0041988207141186,0.695244390234633,0.010119523686416599
image_phi,412,S600,2.016442329,2.0027895820098056,0.6945409997474243,0.010142433908594551
image_phi,413,S600,2.004084507,2.000673260662924,0.6934837542441297,0.010111906618069022
image_phi,414,S800,2.007171096,2.012572937597735,0.6994139719384346,0.010262919343721933
image_phi,415,S800,2.008164277,2.009933420615252,0.6981015974503564,0.010197466605000498
image_phi,416,S800,2.006201599,2.012806805166432,0.6995301684634359,0.010193964818721748
image_phi,417,S800,2.010861938,2.011821118530904,0.6990403409942021,0.010304532456000695
image_phi,418,S800,2.001144559,2.0105670880444766,0.6984168156343145,0.010272373469495864
image_phi,419,D50,2.484568666,2.3579926127660613,0.8578106692714513,0.02169436326665761
image_phi,420,D50,2.497363881,2.3627156986964026,0.8598116772535893,0.0209804595283667
image_phi,421,D50,2.49842825,2.3591439615563314,0.8582988250816523,0.021237968542277327
image_phi,422,D50,2.461581844,2.370896387560363,0.8632681062382119,0.020014527694670037
image_phi,423,D50,2.435941445,2.4429536942480237,0.8932078376334289,0.012603690590518966
image_phi,424,D100,2.40022232,2.3867899920525724,0.8699493636171852,0.013296482344394378
image_phi,425,D100,2.377815583,2.3599840996336456,0.8586548815714516,0.014589828660887504
image_phi,426,D100,2.394952399,2.360737862130083,0.858974223616566,0.01446132907694861
image_phi,427,D100,2.394366926,2.3585311405500975,0.8580390271954405,0.014157710637657129
image_phi,428,D100,2.379854414,2.3629107844346606,0.8598942422802858,0.014398466510598784
image_phi,429,D200,2.376433228,2.3451912278189053,0.8523669456177726,0.01806948974965315
image_phi,430,D200,2.409641323,2.3657469897730796,0.8610938239856891,0.01862754534726365
image_phi,431,D200,2.405379084,2.3867269283028736,0.8699229412746001,0.0182593315336776
image_phi,432,D200,2.374945926,2.3581325351989584,0.8578700071509808,0.018040522392326477
image_phi,433,D200,2.383753703,2.351185926131019,0.854919850280829,0.01815882567062553
image_phi,434,D400,2.422115978,2.3480438112960935,0.853582560776481,0.01523405887128026
image_phi,435,D400,2.412479091,2.388926953179733,0.8708442915596453,0.013204142735070151
image_phi,436,D400,2.389934264,2.362898396387627,0.8598889995603368,0.014273502195097465
image_phi,437,D400,2.384713733,2.3497528411061515,0.8543101486275126,0.015019501840308522
image_phi,438,D400,2.399226086,2.3986510533691567,0.8749065182421649,0.012857810803057408
image_phi,439,D600,2.360350625,2.348446493626601,0.8537540430133641,0.010542025612381472
image_phi,440,D600,2.354270436,2.350545154936005,0.8546472820765088,0.010607080366517207
image_phi,441,D600,2.37100385,2.3502247897048707,0.8545109787749633,0.010546437315170172
image_phi,442,D600,2.328001537,2.3408540635478485,0.8505158472011558,0.010448830890127127
image_phi,443,D600,2.321628667,2.334960389192389,0.847994927033669,0.010506098743462512
image_phi,444,D800,2.324864186,2.3367069769427515,0.8487426634176424,0.011210241462600181
image_phi,445,D800,2.332444837,2.3338875807408326,0.8475353667835404,0.011362922411841255
image_phi,446,D800,2.333356188,2.351888618928098,0.855218673017137,0.011107722299421823
image_phi,447,D800,2.344244002,2.341600014271076,0.8508344624901222,0.011141653797810682
image_phi,448,D800,2.392456042,2.3543351716769663,0.8562583825924213,0.011068143718969891
image_phi,449,S50,2.358059239,2.3254362579277474,0.8439076592559319,0.01195895950828343
image_phi,450,S50,2.359048519,2.3417607390816855,0.850903099018093,0.011311983894872759
image_phi,451,S50,2.346389412,2.337711598911075,0.8491725016820123,0.011418409354638287
image_phi,452,S50,2.368014463,2.3442007382005827,0.8519445072120135,0.011281433568671605
image_phi,453,S50,2.377940402,2.3440877931838138,0.8518963254433213,0.01127906040963891
image_phi,454,S100,2.355055985,2.366504631525563,0.861414027482708,0.01085119178615295
image_phi,455,S100,2.34418626,2.369530138986805,0.8626916819001332,0.010857848947070581
image_phi,456,S100,2.350460873,2.369325301735161,0.8626052318050275,0.010857322083930199
image_phi,457,S100,2.354754656,2.3677068269306987,0.8619219031623333,0.010909031113493476
image_phi,458,S100,2.348310931,2.3690325499398837,0.8624816650315528,0.010883087172170576
image_phi,459,S200,2.31502858,2.3093004176591503,0.8369446291673285,0.010490942233257632
image_phi,460,S200,2.327331882,2.3109309867089096,0.8376504678904343,0.010424538440904279
image_phi,461,S200,2.321342581,2.3137366596911653,0.838863819223326,0.010452634258438617
image_phi,462,S200,2.354421515,2.3321372451426154,0.8467851197335852,0.010281840293666964
image_phi,463,S200,2.346264224,2.3300354435795896,0.8458834792986442,0.01025937483250017
image_phi,464,S400,2.302433632,2.299010026971439,0.8324786072206151,0.010028125657727744
image_phi,465,S400,2.301666197,2.3025733170484384,0.8340273310066817,0.010004322810696699
image_phi,466,S400,2.301228007,2.305855182972681,0.8354516197762814,0.009993207334312266
image_phi,467,S400,2.312349059,2.2949544518670755,0.8307129966345477,0.010058048508367511
image_phi,468,S400,2.29357413,2.3089433587317534,0.8367899994226046,0.010001510639465895
image_phi,469,S600,2.306805401,2.293424222924699,0.8300459945810704,0.010167873411690977
image_phi,470,S600,2.300352377,2.2954189284166557,0.8309153664692807,0.010153061055758725
image_phi,471,S600,2.312753062,2.3014466098089246,0.8335378860086555,0.010176945021853859
image_phi,472,S600,2.305671252,2.2977723558582,0.8319401126650452,0.010154392628147388
image_phi,473,S600,2.308124581,2.298108126861822,0.8320862309139778,0.010178294390987908
image_phi,474,S800,2.283433535,2.3000723367143654,0.832940573185916,0.010468294243093588
image_phi,475,S800,2.28344892,2.302424347542934,0.8339626319486552,0.01077833733664424
image_phi,476,S800,2.305620968,2.3012544415987226,0.8334543836442103,0.010620952297699215
image_phi,477,S800,2.285418849,2.3074271389437286,0.8361331111406484,0.010218107857495504
image_phi,478,S800,2.29616334,2.3143677973969816,0.8391365605650914,0.010223087653649226
image_phi,479,D50,2.690730088,2.7474133334422577,1.0106598630100463,0.011150062461732653
image_phi,480,D50,2.738434207,2.8405861919607007,1.0440104364943705,0.012455017450268044
image_phi,481,D50,2.817365633,2.8083399299652836,1.0325935365166194,0.015221383308964906
image_phi,482,D50,2.759699812,2.827384510318586,1.0393520830169536,0.012639494607695353
image_phi,483,D50,2.814001244,2.727979480993783,1.003561218323083,0.02525842934113579
image_phi,484,D100,2.632649339,2.6239912112905057,0.964696521720481,0.014177666819401849
image_phi,485,D100,2.670840698,2.6272812721451544,0.9659495746883151,0.013467239636924692
image_phi,486,D100,2.656750954,2.6282618361335093,0.9663227288912322,0.014320701841306127
image_phi,487,D100,2.667506004,2.633320293443037,0.968245518935531,0.013318129492187974
image_phi,488,D100,2.657418213,2.625359443414214,0.9652178174938799,0.013298326555889868
image_phi,489,D200,2.588700967,2.59487110787597,0.9535368459723281,0.01853683282466673
image_phi,490,D200,2.613579889,2.630449266127913,0.9671546552237602,0.01819425848375683
image_phi,491,D200,2.697432993,2.674797081995835,0.9838735202728484,0.018262390258253013
image_phi,492,D200,2.669193554,2.67891621542789,0.9854123155037555,0.01819703182199821
image_phi,493,D200,2.699238938,2.6799725130835714,0.9858065381580687,0.018234209617585775
image_phi,494,D400,2.610637885,2.640524030847554,0.9709773939935589,0.009973246231615872
image_phi,495,D400,2.659162876,2.64215146239638,0.971593533145923,0.009957570676862634
image_phi,496,D400,2.621120179,2.642017045409647,0.971542657786228,0.00998002219805892
image_phi,497,D400,2.716696143,2.6586326210058155,0.9778119383699984,0.010655961363703477
image_phi,498,D400,2.661629247,2.663310907704463,0.9795700509386278,0.01067974667853416
image_phi,499,D600,2.72971974,2.6287564593177946,0.9665109052139865,0.00987813493703094
image_phi,500,D600,2.633703639,2.6319405919594447,0.9677214417643519,0.009854362070511968
image_phi,501,D600,2.607496322,2.635509478310718,0.9690765137060952,0.009800445878222345
image_phi,502,D600,2.586980655,2.6368121111864213,0.9695706538605213,0.009801080933678352
image_phi,503,D600,2.621748382,2.6739488104236595,0.983556335049864,0.009995853155229292
image_phi,504,D800,2.655372422,2.5827655061516457,0.9488607264663601,0.010169574846761276
image_phi,505,D800,2.660303152,2.5870887018092654,0.9505331901341656,0.010124161677613062
image_phi,506,D800,2.611077525,2.5710392326749343,0.9443101878619703,0.010521689263552542
image_phi,507,D800,2.607165303,2.5844294391215774,0.9495047637225772,0.010186218410816511
image_phi,508,D800,2.65987949,2.5592349113256123,0.9397083510596627,0.010946455249838718
image_phi,509,S50,2.600572749,2.5582995514261477,0.9393428000636944,0.011983868841617229
image_phi,510,S50,2.600756865,2.5555975318280746,0.9382860639559755,0.011663425799917745
image_phi,511,S50,2.611409827,2.557691123098141,0.9391049464906203,0.012047634730955855
image_phi,512,S50,2.606183706,2.5554884629834627,0.9382433846331314,0.011250815001873665
image_phi,513,S50,2.601032081,2.5598732215985964,0.9399577344521279,0.011391992788628841
image_phi,514,S100,2.602353853,2.5956560776495827,0.9538393084203763,0.011014824928603856
image_phi,515,S100,2.591555322,2.6020389040656435,0.9562953315794785,0.010973357342442942
image_phi,516,S100,2.593729911,2.5994894607864314,0.9553150645100568,0.010945409805920408
image_phi,517,S100,2.590178255,2.6024992170408496,0.9564722206580846,0.010944711009101146
image_phi,518,S100,2.585105566,2.5939424841534096,0.9531789130013304,0.010923773651737637
image_phi,519,S200,2.549463877,2.5702211703155418,0.9439919536928467,0.01069809466366692
image_phi,520,S200,2.553809437,2.5662466930444707,0.9424444007167501,0.010747894387681086
image_phi,521,S200,2.557795714,2.5689417534382377,0.9434940450167772,0.010795495482232801
image_phi,522,S200,2.566834809,2.564324806323008,0.9416952105684036,0.010866818686710309
image_phi,523,S400,2.593864362,2.590101813390216,0.9516971851280936,0.009995506931164166
image_phi,524,S400,2.570231272,2.580935995937571,0.9481521222645536,0.010012315482620717
image_phi,525,S400,2.541498191,2.5772733501578102,0.9467319990591678,0.009980694425847259
image_phi,526,S400,2.548421595,2.580479508764453,0.9479752377746721,0.009988768870904451
image_phi,527,S400,2.588285054,2.585134395728143,0.9497774972194277,0.009986455309822206
image_phi,528,S600,2.580068962,2.601922198868878,0.9562504791317078,0.010239619785167511
image_phi,529,S600,2.584900044,2.5998934199052606,0.9554704518430968,0.010236833007732803
image_phi,530,S600,2.561216983,2.6076050626409617,0.9584321995608256,0.010436100392606524
image_phi,531,S600,2.587510212,2.607729374893492,0.9584798713847682,0.01036389005920666
image_phi,532,S600,2.581396513,2.6081890020193463,0.9586561115380183,0.010419077875765079
image_phi,533,S800,2.560087009,2.579989066958906,0.9477851613117202,0.010205750390085618
image_phi,534,S800,2.596600528,2.5826758231739917,0.9488260022397375,0.010246086903144885
image_phi,535,S800,2.622113085,2.582467770877405,0.9487454421186445,0.010166506276427076
image_phi,536,S800,2.569463249,2.580561293669023,0.9480069309573876,0.010195265863906473
image_phi,537,S800,2.568817026,2.5846504344154733,0.9495902703502314,0.010188156999826309
image_phi,538,D50,2.984611462,3.069346146043266,1.1214645571704085,0.012636808343204927
image_phi,539,D50,3.075366021,3.0531296766195766,1.1161671879963169,0.026638380106182614
image_phi,540,D50,3.115050296,3.0495276891534657,1.1149867226126324,0.02714511677709584
image_phi,541,D50,3.094452059,3.0508266851199326,1.1154125981950669,0.02603461905097875
image_phi,542,D50,3.004673665,3.162464371269428,1.1513515879884149,0.015673799522074955
image_phi,543,D100,2.895548145,2.8846638841443455,1.0594083885435284,0.015477839865562323
image_phi,544,D100,3.084940581,2.887662111233868,1.060447216690641,0.015204657377105295
image_phi,545,D100,2.95128913,2.8451889266160415,1.0456294719169015,0.011677996755557649
image_phi,546,D100,2.944572615,2.8368858855136154,1.0427069313707762,0.011856382361240004
image_phi,547,D100,2.924704326,2.83781312954659,1.0430337307441935,0.011820270062223321
image_phi,548,D200,2.998124447,2.919775877804786,1.0715068591579948,0.019234968562537643
image_phi,549,D200,2.966529382,2.9531634853771167,1.0828769637004265,0.019070127681803817
image_phi,550,D200,2.971769703,2.9494456749873947,1.0816172459111029,0.019006532727005393
image_phi,551,D200,2.937807548,2.932663295959324,1.0759109848917623,0.019062052505102522
image_phi,552,D200,2.99205482,2.9574549497769733,1.0843290842191302,0.019059758958730796
image_phi,553,D400,3.117623303,2.8936770742890645,1.0625280374252433,0.01522878737379865
image_phi,554,D400,3.108333693,2.8633250751107693,1.051983563194944,0.015885732684597958
image_phi,555,D400,3.026542576,2.9897947247898147,1.0952047311293571,0.012598511566872687
image_phi,556,D400,3.01931705,2.923506418153337,1.0727837239974642,0.014580157097971764
image_phi,557,D400,2.919158592,3.0039934401422936,1.0999425501918787,0.010831002454925263
image_phi,558,D600,2.893907337,3.01961889995143,1.1051306313548264,0.010137728855543074
image_phi,559,D600,2.976918996,3.01853316461328,1.1047710063111897,0.010164973679647641
image_phi,560,D600,3.111563662,3.0170211311059565,1.104269964164977,0.010184637918632748
image_phi,561,D600,2.942187821,3.027745744007618,1.1078183637562788,0.010214887067672587
image_phi,562,D600,2.996728535,3.021793742085388,1.1058506093986278,0.010178687014503762
image_phi,563,D800,2.883213228,2.911808866886129,1.068774491808757,0.010186531708632714
image_phi,564,D800,2.97817025,2.913285491765054,1.069281479273556,0.010164289780639097
image_phi,565,D800,3.035298035,2.9076505993590938,1.0673454009253658,0.010121674464233585
image_phi,566,D800,2.975689921,2.9036371825792657,1.0659641520289045,0.0102188809143128
image_phi,567,D800,2.974881534,2.904599995011307,1.066295685474052,0.010136578911739543
image_phi,568,S50,2.764611869,2.8024118985365942,1.0304804387301918,0.012638469780611616
image_phi,569,S50,2.784814878,2.812533634669988,1.0340857264528038,0.012596210679924792
image_phi,570,S50,2.791268732,2.8284428329775664,1.0397263245229595,0.013098193868573114
image_phi,571,S50,2.77002425,2.8262505234564084,1.038950929822377,0.012882601003820304
image_phi,572,S50,2.879657362,2.8226347422046816,1.0376707545044193,0.01204133986517157
image_phi,573,S100,2.81862213,2.8997609629217034,1.0646283070164482,0.01238587159086594
image_phi,574,S100,2.834304486,2.914937286156827,1.0698483053881156,0.012260357318649944
image_phi,575,S100,2.875183276,2.9028538780257587,1.0656943489584845,0.012488015414258476
image_phi,576,S100,2.824508975,2.9097022800590406,1.0680507666913903,0.012525750504673068
image_phi,577,S100,2.820972955,2.9065172801773684,1.0669555534976478,0.012284004144065597
image_phi,578,S200,2.957256887,2.8547580099941166,1.0489870794435223,0.010140995703401729
image_phi,579,S200,2.7989606,2.858805449248861,1.050403862493415,0.01013897974088093
image_phi,580,S200,2.964542875,2.860048561750759,1.0508386043207414,0.01012394904947964
image_phi,581,S200,3.094040534,2.8574680881821863,1.0499359488842017,0.010119689679912957
image_phi,582,S200,2.961390736,2.8657294544759697,1.0528229266514957,0.010121346357952126
image_phi,583,S400,2.87458441,2.8937648805006093,1.062558381128813,0.010096523136061663
image_phi,584,S400,2.947651822,2.8951254388325958,1.0630284395621175,0.01029227813850107
image_phi,585,S400,2.9562895,2.9046670335254463,1.066318765326919,0.010056722464829266
image_phi,586,S400,2.963229596,2.8997112802151603,1.0646111734896508,0.010079214801726683
image_phi,587,S400,3.031494443,2.901915405116859,1.0653710034915762,0.009989069251485195
image_phi,588,S600,2.826666765,2.8931811780438013,1.0623566503876303,0.010281974623702792
image_phi,589,S600,2.783083499,2.888522392875693,1.0607450886327763,0.01018966117285742
image_phi,590,S600,2.952572722,2.894524142732692,1.0628207254013224,0.010223936489297328
image_phi,591,S600,2.799750857,2.8877997011257555,1.0604948630594973,0.010161980618136468
image_phi,592,S600,2.923157083,2.8844646184836438,1.0593393085565979,0.01027984321719437
image_phi,593,S800,2.859815802,2.904285167321936,1.0661872902550449,0.011116249966460786
image_phi,594,S800,2.921387841,2.8949994976919604,1.0629849375161216,0.010699872747231122
image_phi,595,S800,2.794301319,2.908425608062945,1.0676119066177945,0.010606268949272774
image_phi,596,S800,2.886741594,2.8944313437449036,1.0627886646995213,0.01046360665355739
image_phi,597,S800,2.757657512,2.894136622685594,1.0626868360395578,0.010480125383344089
image_phi,598,D50,1.562679674,1.5972584910115843,0.46828871650533377,0.018301972336982913
image_phi,599,D50,1.567789136,1.5933415742282766,0.46583342993167665,0.0201457388614266
image_phi,600,D50,1.575701472,1.5816299716136486,0.45845594288038316,0.02469407266663928
image_phi,601,D50,1.570019941,1.5825824248250837,0.4590579588773327,0.024444668721370272
image_phi,602,D50,1.552722579,1.5892018128700391,0.46323188570145124,0.0207266231032589
image_phi,603,D100,1.576622382,1.5135568815192795,0.4144624315413633,0.02533989982667218
image_phi,604,D100,1.574302539,1.5122718056258686,0.41361302722701176,0.026150434254882105
image_phi,605,D100,1.583288008,1.5202859841747114,0.41889846464402986,0.023168705267427446
image_phi,606,D100,1.57697478,1.5273974239384527,0.4235652569043061,0.01948272327366756
image_phi,607,D100,1.586395774,1.5171481218209866,0.41683233687928595,0.023367513191244967
image_phi,608,D200,1.573185206,1.5485383547576133,0.437311489099262,0.020355709630051802
image_phi,609,D200,1.581615633,1.5486422052593671,0.4373785504150492,0.020417829675752477
image_phi,610,D200,1.577652296,1.5486015671600137,0.4373523089550017,0.020381138530404557
image_phi,611,D200,1.575414512,1.547667060310048,0.43674867471600143,0.02023156594238699
image_phi,612,D200,1.573976112,1.5501093526789584,0.43832547855806997,0.020496656743497006
image_phi,613,D400,1.570033462,1.5676766304042717,0.44959467005023923,0.01162199540687816
image_phi,614,D400,1.574157889,1.5675261965870497,0.44949870572152506,0.01128319526023399
image_phi,615,D400,1.57801922,1.5677337265979119,0.4496310902869198,0.011522562315523337
image_phi,616,D400,1.577174853,1.5681526627672764,0.44989827864761917,0.011722771829957733
image_phi,617,D400,1.55836031,1.5724193776814899,0.45261543812324384,0.014314274231721985
image_phi,618,D600,1.568375759,1.5704563514775076,0.4513662468548514,0.011078230918624313
image_phi,619,D600,1.564564806,1.571012621924444,0.4517203935661257,0.01117481229454165
image_phi,620,D600,1.561426419,1.5811789856666199,0.45817076223483877,0.014398126110270425
image_phi,621,D600,1.562924626,1.5708855631149274,0.4516395132815953,0.010878957551414464
image_phi,622,D600,1.570899386,1.5701721491579632,0.45118526249438806,0.010717167617975568
image_phi,623,D800,1.560605139,1.562984078601696,0.44659686495220224,0.010484930969732327
image_phi,624,D800,1.573095612,1.5616691145094186,0.44575519447638473,0.011061234604439805
image_phi,625,D800,1.568672064,1.5616189941366172,0.4457230998561882,0.011764278691239553
image_phi,626,D800,1.584954696,1.5626847590090636,0.44640534140374066,0.01222131603999633
image_phi,627,D800,1.571780184,1.5625239244938498,0.44630241418726085,0.011082969458966575
image_phi,628,S50,1.585030001,1.5630285313492658,0.4466253054949123,0.01459048447017286
image_phi,629,S50,1.575896097,1.5650783297118516,0.44793587367370075,0.013044682376615995
image_phi,630,S50,1.558030671,1.5661267712286242,0.44860554654542667,0.013085164258250037
image_phi,631,S50,1.559559837,1.5671407280880814,0.4492527666727049,0.012467324494180693
image_phi,632,S50,1.558580143,1.568808569544201,0.450316458368635,0.011772296154262006
image_phi,633,S100,1.560233628,1.569484908205166,0.45074748158315037,0.013395835433113509
image_phi,634,S100,1.565566604,1.5684960317414594,0.4501172186750157,0.013094881568058367
image_phi,635,S100,1.575050725,1.5684139179581005,0.4500648653816829,0.013199736701944726
image_phi,636,S100,1.558494761,1.566087264081541,0.4485803202060771,0.011067008167017375
image_phi,637,S100,1.576208874,1.5656139710887347,0.4482780608518995,0.011452170368913855
image_phi,638,S200,1.583216207,1.562872041639225,0.44652518093463434,0.010227995646378685
image_phi,639,S200,1.5638467,1.562337046889449,0.4461828071990877,0.010320041525978122
image_phi,640,S200,1.565238263,1.5627115659390136,0.44642249566333764,0.010322196465629048
image_phi,641,S200,1.556928929,1.5619830286291823,0.4459561862042953,0.010356092833414024
image_phi,642,S200,1.570737295,1.5615814878244982,0.4456990819858419,0.010474020102411415
image_phi,643,S400,1.54696515,1.5647216582009038,0.44770795398945945,0.010016239537743363
image_phi,644,S400,1.570397211,1.5637944986350516,0.4471152387554532,0.010061499169311025
image_phi,645,S400,1.560877234,1.564952692407105,0.4478555950413639,0.010133871930959564
image_phi,646,S400,1.554539254,1.565420654084372,0.44815457642725975,0.010325097020159324
image_phi,647,S400,1.553679247,1.5657206901022902,0.448346222849989,0.010072081842427125
image_phi,648,S600,1.563733267,1.561666255364382,0.44575336364831286,0.010265504238954792
image_phi,649,S600,1.568274191,1.5614993706979394,0.4456464947296691,0.010231830074017087
image_phi,650,S600,1.574524496,1.564048158416135,0.44727743347523413,0.012608268541390279
image_phi,651,S600,1.565081714,1.5633097294519447,0.44680519524450396,0.0119295016799891
image_phi,652,S600,1.579240583,1.5663038569772947,0.4487186125761727,0.02513050326979052
image_phi,653,S800,1.566374266,1.5646655054126801,0.4476720665870424,0.010578910275745021
image_phi,654,S800,1.55938477,1.5649064329668938,0.4478260349631868,0.010817890222324813
image_phi,655,S800,1.551797708,1.5648144872203376,0.447767278448515,0.010976292186881249
image_phi,656,S800,1.559272305,1.5645095299488438,0.4475723754785535,0.010639659726311647
image_phi,657,S800,1.562510743,1.5646321936977652,0.44765077636916023,0.010881959525199022
image_phi,658,D50,1.976807007,1.9342019286199927,0.6596948014153112,0.029234655092564794
image_phi,659,D50,1.977099387,1.9337859092022556,0.6594796924559327,0.03333484431467753
image_phi,660,D50,1.941417591,1.9647015739416698,0.6753403630200937,0.01549725196432112
image_phi,661,D50,1.950789971,1.9561434288732469,0.6709748965690945,0.016704487551617495
image_phi,662,D50,1.973459585,1.9338330647781334,0.6595040772653968,0.028081714385703376
image_phi,663,D100,1.916011638,1.8558087022900176,0.6183205591650991,0.018572624767898508
image_phi,664,D100,1.936770574,1.8886546704142522,0.635864761015623,0.01684103279999217
image_phi,665,D100,1.935694889,1.8907456246008683,0.6369712616436254,0.017070163452686013
image_phi,666,D100,1.935043626,1.8807726029822893,0.6316826514544551,0.0187203068599643
image_phi,667,D100,1.923452039,1.8875805002658868,0.6352958503790833,0.017474766353477812
image_phi,668,D200,1.935862752,1.8908061454094183,0.6370032700953066,0.01945409531305284
image_phi,669,D200,1.931989992,1.8882173934946318,0.6356332059540932,0.01946126269298526
image_phi,670,D200,1.931671261,1.889770326290753,0.636455301206256,0.019455304715420813
image_phi,671,D200,1.937569797,1.8875513134467974,0.6352803877035901,0.01946389919878134
image_phi,672,D200,1.924824304,1.8866157652270719,0.6347846236214043,0.019480659864424724
image_phi,673,D400,1.941402004,1.9130489046976853,0.6486982545316058,0.0152370386191387
image_phi,674,D400,1.936789975,1.9455999002537914,0.6655703615221269,0.01129899613950405
image_phi,675,D400,1.941163574,1.9336411603537054,0.6594048370825724,0.012544977225782603
image_phi,676,D400,1.937676406,1.9262035054189346,0.6555509700053604,0.010399045949845382
image_phi,677,D400,1.931018644,1.9206158710662784,0.6526459007855709,0.010784154555334062
image_phi,678,D600,1.927224159,1.9249878932856077,0.6549196785176887,0.010018554882668387
image_phi,679,D600,1.910781866,1.9225104932311756,0.6536318805004131,0.010060165478485664
image_phi,680,D600,1.92201239,1.9243365080008337,0.65458123715859,0.010050403878302793
image_phi,681,D600,1.91966687,1.9236025203596312,0.6541997406511376,0.010121497305894494
image_phi,682,D600,1.913762311,1.9239076098883403,0.6543583312819719,0.010156539495541886
image_phi,683,D800,1.88915259,1.9046131570640161,0.6442789207997405,0.0101027332229221
image_phi,684,D800,1.900906673,1.9025016925980784,0.643169700423783,0.010116571284604995
image_phi,685,D800,1.913404801,1.9001558421613076,0.6419359049989208,0.010247208151744024
image_phi,686,D800,1.900392618,1.9011251711479216,0.6424459062349411,0.010329314643119333
image_phi,687,D800,1.904667126,1.9024528782148518,0.6431440420973452,0.010415330869692785
image_phi,688,S50,1.899997057,1.9066341092366084,0.6453394410026021,0.011532499804295797
image_phi,689,S50,1.916839241,1.9144730090112876,0.6494423936437647,0.012689258290243735
image_phi,690,S50,1.899315305,1.9093785761908737,0.6467778363401928,0.011863453755153287
image_phi,691,S50,1.899928153,1.9073276738286435,0.6457031387212107,0.011515313716131377
image_phi,692,S50,1.912556384,1.909814551828605,0.6470061440612276,0.011599969178107768
image_phi,693,S100,1.901407517,1.9008032045412255,0.6422765360755639,0.010846829922296566
image_phi,694,S100,1.901510538,1.906937680446959,0.6454986467172097,0.010811556618051993
image_phi,695,S100,1.915035485,1.9070410540013218,0.6455528544417859,0.010849080142334397
image_phi,696,S100,1.913200167,1.9057644946782768,0.6448832376179294,0.010811777006565243
image_phi,697,S100,1.907698465,1.9063596522217137,0.645195482196195,0.010810283477941291
image_phi,698,S200,1.905498373,1.9040236020238082,0.6439693323132512,0.010155795940369717
image_phi,699,S200,1.91729971,1.9019527623332815,0.642881128027867,0.010370576624023764
image_phi,700,S200,1.910400488,1.9028164483402343,0.6433351298208615,0.010506015144957725
image_phi,701,S200,1.897281321,1.9033116465511395,0.6435953408286644,0.010770598406444091
image_phi,702,S200,1.895335741,1.9035536686100736,0.6437224911422289,0.010442977823594341
image_phi,703,S400,1.889473327,1.8987501806958875,0.6411958700935487,0.009988178199854359
image_phi,704,S400,1.893931912,1.898252692844551,0.6409338277034046,0.00999507804666853
image_phi,705,S400,1.893219697,1.900793259712976,0.642271304153479,0.009974504302897997
image_phi,706,S400,1.907870918,1.8972612451515785,0.6404113963638185,0.010274508086335144
image_phi,707,S400,1.898590819,1.9004928078172099,0.6421132250765276,0.009974514306682515
image_phi,708,S600,1.902126597,1.9036403629054859,0.6437680334995186,0.010522089117653273
image_phi,709,S600,1.88602699,1.9035334120776275,0.6437118496559602,0.010187492127921046
image_phi,710,S600,1.896243659,1.9031443100682903,0.6435074183701549,0.01016902367517885
image_phi,711,S600,1.896482114,1.902387118595919,0.6431094757981082,0.010159840006833464
image_phi,712,S600,1.901931071,1.9019423872433008,0.6428756730457643,0.010156418704824971
image_phi,713,S800,1.902341294,1.89457211037011,0.638993013760908,0.01021599367664512
image_phi,714,S800,1.900172569,1.8932892982786933,0.6383156858430856,0.010374757319932329
image_phi,715,S800,1.905278369,1.8955273745322545,0.6394970977229135,0.010278609626934037
image_phi,716,S800,1.903246777,1.8935975927526552,0.6384785079624222,0.010208556618167173
image_phi,717,S800,1.900872555,1.8956059085122585,0.6395385280679591,0.010172702785283443
image_phi,718,D50,2.174585394,2.170576344467802,0.774992728816795,0.01383204211888256
image_phi,719,D50,2.186009433,2.1447341486707354,0.763015604685139,0.021288768837876823
image_phi,720,D50,2.184639492,2.1503517301617103,0.7656314241833506,0.022410340670007016
image_phi,721,D50,2.192962284,2.1519600360519267,0.7663790715192614,0.020128937939933235
image_phi,722,D50,2.16369584,2.170135137749733,0.7747894410740387,0.0165425698671359
image_phi,723,D100,2.11272867,2.107418378181142,0.7454636809297105,0.015957495634668226
image_phi,724,D100,2.124306279,2.1014917247064315,0.7426474376520128,0.017013876668178236
image_phi,725,D100,2.122002279,2.102509803912408,0.7431317758326476,0.01757607740833046
image_phi,726,D100,2.124775808,2.1021978833158883,0.742983408516632,0.016904162221928254
image_phi,727,D100,2.117765849,2.10259817699045,0.7431738071328929,0.016025420594690518
image_phi,728,D200,2.109818744,2.075747734438201,0.730321442716893,0.01904263950335766
image_phi,729,D200,2.112322092,2.072049975911417,0.7285384437547298,0.01902799502041352
image_phi,730,D200,2.111399747,2.072527391477735,0.7287688245757932,0.019024137913383716
image_phi,731,D200,2.102545668,2.076863803331679,0.7308589689989444,0.01902629159197414
image_phi,732,D200,2.107358134,2.076365579679161,0.7306190479115391,0.019023948905675287
image_phi,733,D400,2.146058733,2.136027175587526,0.7589476436703524,0.013170766784071142
image_phi,734,D400,2.155542539,2.137015368486844,0.7594101679287664,0.012223463359529858
image_phi,735,D400,2.156566308,2.119103526695629,0.7509931344851903,0.013902392289700772
image_phi,736,D400,2.134518523,2.1187170527788988,0.7508107417148717,0.010374971652544742
image_phi,737,D400,2.110115309,2.116419515110625,0.7497257529043185,0.010168379769457144
image_phi,738,D600,2.109465836,2.1192870952227736,0.7510797562922082,0.01010504610473851
image_phi,739,D600,2.102792121,2.1233899402127094,0.7530138400014422,0.010193942169426378
image_phi,740,D600,2.123117965,2.115354480844786,0.7492224016906935,0.010210880105515775
image_phi,741,D600,2.104946989,2.113593173825953,0.7483894251374236,0.010196067306028027
image_phi,742,D600,2.118912553,2.115941454144304,0.7494998454395125,0.010171183701092408
image_phi,743,D800,2.11901124,2.1107039245893615,0.747021505400809,0.010386198579994834
image_phi,744,D800,2.086614536,2.110096685679184,0.7467337690349216,0.010364985259052516
image_phi,745,D800,2.095935746,2.1151311966154474,0.7491168420710329,0.010876744617461949
image_phi,746,D800,2.099875733,2.116162665180363,0.749604384945169,0.010510838153005457
image_phi,747,D800,2.115936961,2.106147248977623,0.7448603300603722,0.010902013827618616
image_phi,748,S50,2.102431834,2.0932374987107245,0.7387119098933486,0.011860361387688222
image_phi,749,S50,2.100273804,2.0942077028121315,0.7391752970289772,0.011694647014898654
image_phi,750,S50,2.105827904,2.0925205197598062,0.7383693296702365,0.01140328302769669
image_phi,751,S50,2.113033012,2.0919704235021426,0.7381064081974499,0.011503137908091779
image_phi,752,S50,2.104644152,2.0924074516870514,0.738315293818937,0.011628907638778697
image_phi,753,S100,2.072598857,2.0908824447883108,0.7375861992526814,0.010817327056796939
image_phi,754,S100,2.084589502,2.0961748937180107,0.7401142046370903,0.010978622399575652
image_phi,755,S100,2.093344018,2.094793728993157,0.7394550898122401,0.01113097223517697
image_phi,756,S100,2.07970639,2.0983550325520604,0.7411537199433065,0.010940994194648989
image_phi,757,S100,2.09527821,2.0887850018301375,0.7365825580965257,0.011515213944821141
image_phi,758,S200,2.089254246,2.095138995203688,0.7396198973325703,0.010365485411628367
image_phi,759,S200,2.083163123,2.0899856688991063,0.7371572089671369,0.010043489293960647
image_phi,760,S200,2.090858734,2.088727935818759,0.7365552375293681,0.010075617627033216
image_phi,761,S200,2.098389623,2.0901537295394177,0.7372376180752468,0.01004161381170683
image_phi,762,S200,2.085890942,2.0882136450631643,0.7363089852185638,0.010051008967467103
image_phi,763,S400,2.094851401,2.090146895262109,0.7372343483212641,0.00998931176025724
image_phi,764,S400,2.109402368,2.0879731278463436,0.7361938001321846,0.009972215204034157
image_phi,765,S400,2.105495945,2.091932591520269,0.7380883236568958,0.009995940252543793
image_phi,766,S400,2.094026671,2.090752043492679,0.7375238306759732,0.00998212084624355
image_phi,767,S400,2.100462011,2.094939469243328,0.7395246599940793,0.010021068951413758
image_phi,768,S600,2.067569824,2.0829533134160156,0.7337867488812406,0.010721880617050605
image_phi,769,S600,2.077971448,2.088760980767885,0.7365710580137723,0.010631951216491181
image_phi,770,S600,2.093497015,2.08664181608355,0.7355559871478463,0.010692104849566647
image_phi,771,S600,2.071425418,2.0860147148961277,0.735255410674567,0.010368625429129964
image_phi,772,S600,2.078372912,2.084559301638621,0.7345574667892326,0.010308436274629258
image_phi,773,S800,2.107105097,2.094050636730028,0.7391002939754673,0.010207060289973754
image_phi,774,S800,2.096315821,2.082555696973726,0.7335958399466996,0.010271352134347652
image_phi,775,S800,2.091819696,2.087962763638933,0.7361888363551153,0.010182282490317877
image_phi,776,S800,2.080625873,2.0940448979026645,0.7390975534327475,0.010301597590411073
image_phi,777,S800,2.078743065,2.0900992722120675,0.7372115635147548,0.010199112738624989
image_phi,778,D50,2.463313831,2.4069815183550367,0.878373480481069,0.03874612186207904
image_phi,779,D50,2.456460946,2.405331373225746,0.8776876791912764,0.04022484626165453
image_phi,780,D50,2.477797241,2.4112980055965068,0.880165194048021,0.03796636836794232
image_phi,781,D50,2.489735943,2.409312330288199,0.8793413666559452,0.03635178457832363
image_phi,782,D50,2.483038597,2.406893733727754,0.8783370089803775,0.03780811456637085
image_phi,783,D100,2.30928496,2.291554823565989,0.8292305494314446,0.019659450250711773
image_phi,784,D100,2.322408306,2.2966368521923366,0.8314458146443144,0.01929585280702145
image_phi,785,D100,2.340507982,2.2896915714911485,0.8284171235569544,0.017806431859262114
image_phi,786,D100,2.330253185,2.2970424901902016,0.8316224216596002,0.018839858333064993
image_phi,787,D100,2.324213387,2.297362604610085,0.831761771331123,0.018966816863543522
image_phi,788,D200,2.298523459,2.2858520302546363,0.8267388346051154,0.019235755098899715
image_phi,789,D200,2.282325312,2.293940488928964,0.8302710763170443,0.019130821071494695
image_phi,790,D200,2.301963817,2.289315244352573,0.8282527529173996,0.019143255694052036
image_phi,791,D200,2.316246545,2.289942738746917,0.8285268123395102,0.019128170935062645
image_phi,792,D200,2.30111204,2.2790279596947682,0.8237490185931914,0.019112269132506
image_phi,793,D400,2.33591885,2.3560525130360332,0.8569875546054729,0.016420166992370297
image_phi,794,D400,2.349718811,2.29153520434899,0.829221987864083,0.015658793741230435
image_phi,795,D400,2.335387295,2.3271644358602566,0.844650546138228,0.013169791431146986
image_phi,796,D400,2.335258747,2.3109631627729885,0.837664391214093,0.013074019865247552
image_phi,797,D400,2.348098119,2.2896395748461873,0.8283944142820399,0.015418609259899494
image_phi,798,D600,2.257288781,2.306356948212904,0.8356692009403435,0.010626888220359237
image_phi,799,D600,2.292989259,2.3039624957965446,0.8346304648350759,0.01081526950869706
image_phi,800,D600,2.25613049,2.30439106161228,0.8348164600334183,0.010774614648433654
image_phi,801,D600,2.235203325,2.301244393274912,0.8334500171797433,0.011150126915979249
image_phi,802,D600,2.28360844,2.3144708655877797,0.8391810936319444,0.010479834477117669
image_phi,803,D800,2.360326338,2.2825230177938836,0.8252814179022432,0.010384170315238831
image_phi,804,D800,2.292278272,2.2678332570758104,0.8188248633549484,0.010436599395140038
image_phi,805,D800,2.331007013,2.2747974916394225,0.8218910337768832,0.010099709252369278
image_phi,806,D800,2.313535068,2.2905542190294295,0.8287938053281669,0.010190485524610776
image_phi,807,D800,2.264275175,2.2831373085368365,0.8255505096448403,0.010112190500111024
image_phi,808,S50,2.309719445,2.2951482858247734,0.8307974539850211,0.011313423904185455
image_phi,809,S50,2.330925835,2.283668151214976,0.8257829884246828,0.011385621437371415
image_phi,810,S50,2.312834879,2.2933270984322585,0.8300036445665828,0.011274697969969424
image_phi,811,S50,2.313376171,2.2869962179414043,0.8272392613188587,0.011325899090595276
image_phi,812,S50,2.324054228,2.2923050138080914,0.829557867576159,0.01128166193986826
image_phi,813,S100,2.312044444,2.3260438018990275,0.8441688853460886,0.010769118728343968
image_phi,814,S100,2.3095972,2.3268783274879232,0.8445275956681777,0.010845825098408908
image_phi,815,S100,2.314251368,2.3194521577997596,0.8413310189136295,0.010821838511619511
image_phi,816,S100,2.299677968,2.324201618498503,0.8433765901743927,0.010747525729732347
image_phi,817,S100,2.298125383,2.3231012339235964,0.8429030317985287,0.010815587230303533
image_phi,818,S200,2.276398727,2.2594209588204524,0.8151085675447548,0.010230182731957521
image_phi,819,S200,2.272829187,2.274748768138297,0.8218696147173353,0.010376107064941919
image_phi,820,S200,2.286129747,2.2633319057889203,0.8168380221757514,0.010299767905695829
image_phi,821,S200,2.261135889,2.2714814495574713,0.8204322395792949,0.010271076113063
image_phi,822,S200,2.262462882,2.2736131594312328,0.8213702662711275,0.010250837063566174
image_phi,823,S400,2.265209939,2.264635581586043,0.8174138548586409,0.0105863922211428
image_phi,824,S400,2.260113665,2.2605683154756018,0.8156162486962645,0.010371463457181146
image_phi,825,S400,2.26545348,2.2630038134022032,0.8166930517592176,0.010599802905591971
image_phi,826,S400,2.262923493,2.2661842344169885,0.8180974631035705,0.010130254676029772
image_phi,827,S400,2.264649093,2.263213282851927,0.8167856100459363,0.010170290069787691
image_phi,828,S600,2.256457642,2.2946821353114824,0.8305943307878122,0.010289987155070625
image_phi,829,S600,2.244555717,2.284736325206358,0.8262506239050177,0.010413313785672102
image_phi,830,S600,2.251435767,2.294187409065287,0.8303787106908241,0.010296179335714164
image_phi,831,S600,2.259728358,2.298124724318736,0.8320934531141803,0.010241729894497759
image_phi,832,S600,2.239327466,2.283536913476299,0.8257255188182805,0.01059733655374831
image_phi,833,S800,2.303463897,2.2661359355445225,0.8180761500141785,0.010296180576434753
image_phi,834,S800,2.318188487,2.2769382346775937,0.8228316609682356,0.010929734491726498
image_phi,835,S800,2.293922562,2.2751597190320965,0.8220502561065306,0.011248577728875319
image_phi,836,S800,2.312004574,2.268883470565232,0.8192878473018113,0.011040954130424835
image_phi,837,S800,2.305107446,2.2794562795730022,0.8239369406554441,0.01116612425062765
image_phi,838,D50,2.551150309,2.531692974443325,0.9288882388108197,0.028103899045674844
image_phi,839,D50,2.530407846,2.5328152681415945,0.9293314382935269,0.027048678235986334
image_phi,840,D50,2.50789591,2.5505136041479526,0.9362947522807348,0.022193719306521354
image_phi,841,D50,2.579330174,2.5275319850553495,0.9272433266515472,0.026713553743677218
image_phi,842,D50,2.550404569,2.529849371931473,0.928159764181065,0.027862752778055503
image_phi,843,D100,2.406558707,2.3624427997826065,0.8596961683604221,0.02411069822267869
image_phi,844,D100,2.424481226,2.371895750664039,0.8636895301966484,0.022931392793185665
image_phi,845,D100,2.437580559,2.360210810606272,0.8587509415762233,0.024230538688952367
image_phi,846,D100,2.421963301,2.358766981152124,0.8581390168912955,0.024130752828934073
image_phi,847,D100,2.433721572,2.3726273621268974,0.8639979327278471,0.02002347226894648
image_phi,848,D200,2.432216992,2.4246001086409237,0.8856666071381167,0.019849824105281497
image_phi,849,D200,2.439415531,2.42427629394325,0.885533044361395,0.019604075316719396
image_phi,850,D200,2.431978139,2.4229030542559977,0.8849664304090961,0.019659063525403492
image_phi,851,D200,2.417912189,2.4321746363872627,0.888785769250895,0.019535242286059528
image_phi,852,D200,2.430729546,2.4242084289924826,0.8855050500684767,0.019706058203454925
image_phi,853,D400,2.495810042,2.497636455022555,0.9153448666937121,0.013320286172085482
image_phi,854,D400,2.500932047,2.4874894114120507,0.9112739333227773,0.011907443727360018
image_phi,855,D400,2.493851185,2.491911288336343,0.9130500017106403,0.01174695844159588
image_phi,856,D400,2.539970885,2.4921211886828765,0.9131342308354005,0.015616850579620221
image_phi,857,D400,2.516497463,2.5225300338626147,0.9252623795623043,0.014311189483875787
image_phi,858,D600,2.547285901,2.466807277257891,0.902924714211071,0.010113268769108119
image_phi,859,D600,2.436899708,2.4565888191728944,0.8987737287703577,0.010307554050326606
image_phi,860,D600,2.544729567,2.45760351766479,0.899186695311659,0.010297053892252587
image_phi,861,D600,2.494341893,2.453874570288542,0.8976682326305816,0.01039417001077343
image_phi,862,D600,2.495167323,2.451376016078472,0.8966495061120635,0.010433009731466034
image_phi,863,D800,2.523521034,2.456792299098226,0.898856555614256,0.010041188779676859
image_phi,864,D800,2.505860679,2.456668947313514,0.898806345882846,0.010096318307743551
image_phi,865,D800,2.435591109,2.456110011360746,0.8985788021810506,0.010043339924409277
image_phi,866,D800,2.450759489,2.4588463464550476,0.8996922750901902,0.01008374027800078
image_phi,867,D800,2.457880084,2.4546827452305395,0.8979975248838247,0.01012976774201826
image_phi,868,S50,2.458894978,2.40348558795984,0.8769200120617308,0.011276022008837698
image_phi,869,S50,2.443524954,2.410158613046919,0.8796925598791717,0.0114947439955122
image_phi,870,S50,2.4462853,2.4047944047797176,0.8774644133254588,0.011265602023836736
image_phi,871,S50,2.436664803,2.4038496827154567,0.8770714867294263,0.011809229793603755
image_phi,872,S50,2.430834245,2.4030173279864306,0.8767251677089531,0.011262993865913057
image_phi,873,S100,2.423006829,2.468779210642835,0.9037237817564184,0.011767064826885746
image_phi,874,S100,2.428058594,2.4588700552795664,0.8997019172991271,0.01164114409045718
image_phi,875,S100,2.427931445,2.455925759774222,0.8985037817230591,0.011090539681177798
image_phi,876,S100,2.436739376,2.4477637508067875,0.8951748529696062,0.011136085457337635
image_phi,877,S100,2.434408586,2.438491310442362,0.8913795326768401,0.01087712165825884
image_phi,878,S200,2.38490477,2.41461215994224,0.8815386779103607,0.010560661438266197
image_phi,879,S200,2.389709097,2.4168419810728063,0.8824617214594885,0.010589547557218101
image_phi,880,S200,2.417374609,2.4241191703112928,0.8854682296682987,0.010272907349005878
image_phi,881,S200,2.404362305,2.414712695091609,0.881580313191648,0.010631963112084867
image_phi,882,S200,2.419070098,2.4147411230625586,0.8815920859394661,0.010458209869860978
image_phi,883,S400,2.401888874,2.4399867946256824,0.8919926272518105,0.009992140268779875
image_phi,884,S400,2.395168219,2.4234182014313297,0.8851790234874719,0.010124463928155691
image_phi,885,S400,2.432666343,2.426159652609867,0.8863096173465942,0.010087312611416658
image_phi,886,S400,2.383491014,2.435330459515578,0.8900824596531945,0.00995697392828728
image_phi,887,S400,2.407730185,2.440078653666415,0.892030273894757,0.010137768362125871
image_phi,888,S600,2.458733728,2.438539232404384,0.8913991847834255,0.010702552321605835
image_phi,889,S600,2.431071561,2.4273656918928888,0.886806591905184,0.01010301847113906
image_phi,890,S600,2.448813984,2.432202572404109,0.8887972552091783,0.01018750134794237
image_phi,891,S600,2.419401756,2.4315658340393065,0.8885354259791529,0.010250006374568176
image_phi,892,S600,2.467632558,2.4277250996910666,0.8869546459022204,0.010107227016363523
image_phi,893,S800,2.474028012,2.4309845030939194,0.8882963206093977,0.010148939832580075
image_phi,894,S800,2.376310192,2.4276198937566074,0.8869113097707539,0.010315952265446135
image_phi,895,S800,2.433759695,2.428142076666615,0.8871263874105564,0.010312261813077294
image_phi,896,S800,2.403238898,2.4252956516121644,0.8859534351486111,0.01027551921750266
image_phi,897,S800,2.433044644,2.4272626319005584,0.8867641334570919,0.010342004108585491
image_phi,898,D50,1.589431846,1.5658614695366757,0.4484361323125571,0.02050843973434643
image_phi,899,D50,1.562397952,1.5706655058853949,0.4514994186435905,0.017022861895322056
image_phi,900,D50,1.555646262,1.5697960884468503,0.4509457309549239,0.014954288394206112
image_phi,901,D50,1.539581805,1.5695464126461722,0.4507866684753649,0.016672901006701477
image_phi,902,D50,1.555216413,1.5705887628827768,0.4514505572678042,0.016475154495102413
image_phi,903,D100,1.549823783,1.5185918179642137,0.41778346990167936,0.018044132534618642
image_phi,904,D100,1.550599187,1.5217625622514135,0.41986924349264404,0.016699264762538666
image_phi,905,D100,1.55695821,1.5146136483918846,0.4151603888757119,0.019081063299302897
image_phi,906,D100,1.546230414,1.515304213077886,0.4156162195150439,0.01879947413628939
image_phi,907,D100,1.556457307,1.52153389184037,0.4197189653880142,0.0168524156989774
image_phi,908,D200,1.549875433,1.5218142252960172,0.41990319239435736,0.019685101848475637
image_phi,909,D200,1.558093969,1.521592250770504,0.4197573199795798,0.019703489417395227
image_phi,910,D200,1.554728738,1.5217217154947704,0.4198424013913431,0.019680395838968853
image_phi,911,D200,1.561541857,1.5214470404724052,0.41966188230407764,0.019724359625388814
image_phi,912,D200,1.556081921,1.5217008498698847,0.4198286894440615,0.01977572591747153
image_phi,913,D400,1.542456238,1.543520631261326,0.4340659314151745,0.010759226402719405
image_phi,914,D400,1.545031608,1.5443238826461108,0.4345861981574184,0.01084691562790738
image_phi,915,D400,1.537369758,1.54548266281057,0.43533626467565434,0.011712197330672757
image_phi,916,D400,1.544806451,1.5461856536121834,0.4357910293798722,0.011898057013812167
image_phi,917,D400,1.539156414,1.5457880655661036,0.4355338551058445,0.011755311683863044
image_phi,918,D600,1.542447237,1.5478577162295721,0.4368718563627518,0.01042810230148195
image_phi,919,D600,1.546575518,1.55535280964422,0.44170240712719183,0.012841965056535933
image_phi,920,D600,1.541695288,1.5488793797950997,0.43753168867716197,0.011310952242636663
image_phi,921,D600,1.550522448,1.5488838361145445,0.43753456579793226,0.011567427502928072
image_phi,922,D600,1.543662144,1.5503506306949029,0.43848111870032325,0.011175448330188777
image_phi,923,D800,1.54433342,1.5463645472846503,0.43590672268219255,0.010225842758458751
image_phi,924,D800,1.539910547,1.5464285345541586,0.4359481009883541,0.010340435137050763
image_phi,925,D800,1.545442519,1.5459811499934255,0.4356587573311473,0.010106268394500708
image_phi,926,D800,1.539417335,1.5461007366125858,0.43573610755899084,0.010172113507479156
image_phi,927,D800,1.54238931,1.5463792374409335,0.4359162224385938,0.010179014588361977
image_phi,928,S50,1.548807985,1.5510629900862363,0.43894049593339374,0.011622134607965103
image_phi,929,S50,1.540683399,1.5516213452258756,0.4393004134018335,0.011654702658049264
image_phi,930,S50,1.556520847,1.5509942581740601,0.43889618217211424,0.011737595447932483
image_phi,931,S50,1.543026865,1.551926580009931,0.4394971139473979,0.011468658393483138
image_phi,932,S50,1.533543839,1.55189422658381,0.4394762664641583,0.011664086326268329
image_phi,933,S100,1.544624216,1.542918851083974,0.43367598034798516,0.010739333078658698
image_phi,934,S100,1.556176022,1.5430381701204545,0.43375331067742284,0.010864065103756457
image_phi,935,S100,1.552243065,1.5417352732341425,0.43290858286339556,0.011419426035595991
image_phi,936,S100,1.550063034,1.5426535666407954,0.43350402882138467,0.0107125516121397
image_phi,937,S100,1.562998247,1.5435957460342173,0.43411459480438686,0.010775935346543447
image_phi,938,S200,1.538695512,1.5478152450964207,0.43684441733176577,0.010259824784031897
image_phi,939,S200,1.535105888,1.5471830740180652,0.43643590590657844,0.01007270801405331
image_phi,940,S200,1.544362492,1.5472127803259523,0.43645510597617926,0.010094882777719904
image_phi,941,S200,1.539243373,1.547045470395971,0.43634696378726845,0.010138169621784638
image_phi,942,S200,1.542617125,1.5467570126819494,0.43616048923600964,0.010151026100781004
image_phi,943,S400,1.545529317,1.5448708880206594,0.43494033923357167,0.010082708771658844
image_phi,944,S400,1.546372452,1.544690655162714,0.43482366710671433,0.010313302250933335
image_phi,945,S400,1.553085785,1.5610018078895493,0.44532779969377057,0.02463887885309175
image_phi,946,S400,1.547268342,1.5451500281403512,0.43512101122772623,0.010235325275558675
image_phi,947,S400,1.552784765,1.5444849920769432,0.43469051631856914,0.010031112181887614
image_phi,948,S600,1.540318569,1.5443601978446038,0.43460971315445157,0.010851582333834884
image_phi,949,S600,1.54364548,1.5408146903348048,0.4323112962418738,0.015857573027589507
image_phi,950,S600,1.548861287,1.5430469809241758,0.4337590206972635,0.012493764823634991
image_phi,951,S600,1.544459836,1.544988750976497,0.43501662940184166,0.010296197248908132
image_phi,952,S600,1.556102788,1.5434120752772944,0.43399559882655236,0.012026897642621654
image_phi,953,S800,1.559235426,1.5435377970706936,0.43407705255833784,0.01069493063759482
image_phi,954,S800,1.544798773,1.5442035252290724,0.4345082597737134,0.010443581065173653
image_phi,955,S800,1.559736863,1.5444496421485372,0.4346676282146798,0.010382297550293613
image_phi,956,S800,1.545674012,1.5449925879782167,0.43501911291309864,0.010365881643181743
image_phi,957,S800,1.527674983,1.5443044947407942,0.4345736437786146,0.010458945727278438
image_phi,958,D50,1.861633919,1.8548978175320103,0.6178296096537661,0.018124703035332892
image_phi,959,D50,1.858298087,1.8624044397172483,0.6218683624209377,0.01501032910405463
image_phi,960,D50,1.866432645,1.8467818158470084,0.6134445652988907,0.01794662933774585
image_phi,961,D50,1.858334491,1.8610124613599255,0.6211206736935391,0.015006481013779664
image_phi,962,D50,1.842270226,1.863662334536743,0.6225435488539739,0.015218620459161397
image_phi,963,D100,1.841506621,1.7898104446995209,0.5821097174292899,0.016364844100716227
image_phi,964,D100,1.843976596,1.793567190324014,0.5842064805301845,0.015725415276662356
image_phi,965,D100,1.851759894,1.793157355394718,0.5839779517285686,0.01645495926878692
image_phi,966,D100,1.838969233,1.8068347935825133,0.5915765816322213,0.014169103808552401
image_phi,967,D100,1.836763694,1.793973020325962,0.5844327246862636,0.016103094005732094
image_phi,968,D200,1.828959327,1.7865835497732745,0.5803051646831953,0.019657980785197902
image_phi,969,D200,1.829062221,1.7860576395051708,0.5800107548927688,0.019660886423014536
image_phi,970,D200,1.82885645,1.7859750132514909,0.579964492015731,0.01966800966700709
image_phi,971,D200,1.842479042,1.7861437507104128,0.5800589667351886,0.019760421462210846
image_phi,972,D200,1.838641851,1.7863637473755551,0.5801821276609744,0.019698284325945076
image_phi,973,D400,1.836794382,1.8240691207187374,0.601069786065024,0.01059696379143129
image_phi,974,D400,1.844766925,1.823993500088314,0.6010283280977168,0.010373096420434233
image_phi,975,D400,1.850348254,1.822931447143683,0.6004458905701988,0.010348576679847472
image_phi,976,D400,1.834540582,1.8211420291266784,0.5994637928312351,0.010334540275727964
image_phi,977,D400,1.843996508,1.8227979293703582,0.6003726444459832,0.010182347880399976
image_phi,978,D600,1.809627456,1.821259697598655,0.5995284032069408,0.011512808899982569
image_phi,979,D600,1.819273655,1.8331726248014129,0.6060481405287941,0.010152717042348911
image_phi,980,D600,1.815949651,1.8294132215262546,0.6039952714613347,0.010270253573417678
image_phi,981,D600,1.821722597,1.829902724121996,0.6042628092229992,0.009944315244840378
image_phi,982,D600,1.816334794,1.831609618612565,0.6051951532679954,0.009857641467117503
image_phi,983,D800,1.784705458,1.8197953028124016,0.5987240237811718,0.010576539780062465
image_phi,984,D800,1.793779733,1.8175139696716127,0.5974696165977114,0.010086241254611968
image_phi,985,D800,1.822903868,1.8154944727838638,0.5963578674081664,0.01012149443660856
image_phi,986,D800,1.802357094,1.8096416081680609,0.5931288191348689,0.010219723687716488
image_phi,987,D800,1.813384683,1.8242131221988271,0.6011487281372522,0.010340932215100436
image_phi,988,S50,1.831227016,1.8205512311318262,0.5991393294798141,0.01192060604389087
image_phi,989,S50,1.846071835,1.8196778787559276,0.5986594957296344,0.011751478874807037
image_phi,990,S50,1.828786354,1.8196324429377508,0.5986345262633549,0.01231456322251847
image_phi,991,S50,1.827511566,1.82132687314265,0.5995652866372714,0.012149570031847785
image_phi,992,S50,1.819777763,1.8222191214026067,0.6000550558231843,0.011892758392391997
image_phi,993,S100,1.811594519,1.8205685352376502,0.5991488343063149,0.01098946964185498
image_phi,994,S100,1.818458589,1.8228814753573848,0.6004184773225288,0.01090988910126049
image_phi,995,S100,1.80407353,1.8240550987237847,0.6010620988295522,0.010863313813069807
image_phi,996,S100,1.818628157,1.8209532760821965,0.5993601420319927,0.010931629495258062
image_phi,997,S100,1.809708774,1.8203143488257119,0.599009205309478,0.011087656843741658
image_phi,998,S200,1.810675917,1.8122152264819857,0.5945499789788825,0.010190802840387361
image_phi,999,S200,1.801129455,1.8093624651525215,0.5929745540329583,0.010368174323372208
image_phi,1000,S200,1.819134646,1.8102644088128297,0.5934729168257993,0.010274812201390735
image_phi,1001,S200,1.808303844,1.8105240844865425,0.5936163528064641,0.01027617002172696
image_phi,1002,S200,1.815022468,1.8117059320696818,0.5942689053057122,0.01050447001932293
image_phi,1003,S400,1.799772023,1.8075061554257246,0.5919480805363946,0.010035059758025253
image_phi,1004,S400,1.807563313,1.8060628585293983,0.591149259776364,0.010211712902874271
image_phi,1005,S400,1.803653703,1.80589519116202,0.591056419624185,0.010125129785149381
image_phi,1006,S400,1.808822638,1.8081869452497112,0.5923246555459852,0.010105229151172705
image_phi,1007,S400,1.80385226,1.8123821265506401,0.5946420720046818,0.01010033344228032
image_phi,1008,S600,1.819705197,1.7960835246718185,0.5856084747406326,0.010202654813473128
image_phi,1009,S600,1.818966939,1.798310734525506,0.5868477434341165,0.0101329140357557
image_phi,1010,S600,1.824045849,1.8010518401215179,0.5883708498559218,0.010092558318829365
image_phi,1011,S600,1.815561419,1.8001314732404752,0.5878597029239306,0.010150126965316858
image_phi,1012,S600,1.81652825,1.80364521849909,0.5898097384964053,0.010383963600274345
image_phi,1013,S800,1.817894711,1.8130837387222296,0.5950291186389192,0.010182692739471186
image_phi,1014,S800,1.809453289,1.81132441923848,0.5940583010349121,0.010205597699036284
image_phi,1015,S800,1.801825915,1.8092000495975098,0.5928847860356065,0.010162168071158906
image_phi,1016,S800,1.802967307,1.8095307854938836,0.5930675771368884,0.010369764800792132
image_phi,1017,S800,1.796182709,1.8142711304859347,0.5956838060620857,0.010204241422875916
image_phi,1018,D50,2.048716118,1.9658590131727367,0.6759293066269251,0.026876186717442452
image_phi,1019,D50,2.027640154,2.012488179848932,0.6993718569263428,0.016622366500306577
image_phi,1020,D50,2.075518832,1.9586057810558692,0.6722328839268064,0.026498457315577303
image_phi,1021,D50,2.072316368,1.9577380849739603,0.6717897685488984,0.02737444432291767
image_phi,1022,D50,2.058495049,1.9594173796674121,0.6726471737815919,0.030617038979001237
image_phi,1023,D100,1.970485404,1.9401525105262998,0.6627665836586943,0.01822108601243139
image_phi,1024,D100,1.977013669,1.937006562230062,0.6611437722508506,0.019112547955177805
image_phi,1025,D100,1.978128464,1.936659630661168,0.6609646491397998,0.01888007022783831
image_phi,1026,D100,1.972137944,1.9344029868772916,0.6597987449618204,0.018988194901345984
image_phi,1027,D100,1.962600245,1.9337944915300438,0.6594841305422291,0.018708338171135222
image_phi,1028,D200,1.975250671,1.9306413577205206,0.6578522574139067,0.019040580816597815
image_phi,1029,D200,1.981161733,1.9260376852201597,0.6554648797578025,0.01915873885709312
image_phi,1030,D200,1.964957492,1.9314147477556034,0.6582527643067633,0.01903123703528508
image_phi,1031,D200,1.960153436,1.949652154363468,0.667650974285918,0.019122322376395468
image_phi,1032,D200,1.942723807,1.9635017309985832,0.6747294766238163,0.01966059770643756
image_phi,1033,D400,1.959613803,1.954318580168802,0.6700415803355186,0.010154623466108457
image_phi,1034,D400,1.961783202,1.9581639315078299,0.6720072645606759,0.010571917051027292
image_phi,1035,D400,1.984038462,1.9644598923100172,0.6752173435748338,0.010580344305613146
image_phi,1036,D400,2.012992775,1.9840609342791702,0.685145721233375,0.011951013714924753
image_phi,1037,D400,1.998116771,1.9932613032225586,0.6897721431344499,0.014721901070418935
image_phi,1038,D600,1.951705064,1.9678756538723943,0.6769546126259385,0.01048315027043418
image_phi,1039,D600,1.947197559,1.9700697239008655,0.6780689349666642,0.009954196660451747
image_phi,1040,D600,1.954218438,1.9659545697423477,0.6759779134937638,0.010278099812338237
image_phi,1041,D600,1.954750676,1.969106761118243,0.6775800191714634,0.010314500743361791
image_phi,1042,D600,1.969541654,1.98420409660126,0.6852178748425911,0.010068282025321524
image_phi,1043,D800,1.958691803,1.9273842202002898,0.6561637573102674,0.010690265587920925
image_phi,1044,D800,1.939747135,1.9262433366554625,0.6555716484147777,0.010864034189328528
image_phi,1045,D800,1.935442189,1.9417382057499422,0.6635835542679854,0.010103988572601042
image_phi,1046,D800,1.972016693,1.9574555126009165,0.6716454219839114,0.010439581811474195
image_phi,1047,D800,1.984965003,1.964300138937601,0.6751360184894462,0.010319739469659032
image_phi,1048,S50,1.973547647,1.9538598765472324,0.6698068399679759,0.013450894098137486
image_phi,1049,S50,1.977099328,1.9605552046592383,0.6732277008129954,0.01128604169613628
image_phi,1050,S50,1.971799243,1.958571579979392,0.6722154218242126,0.011291765540882166
image_phi,1051,S50,1.965956881,1.959926520687066,0.6729069830943045,0.011282661491232969
image_phi,1052,S50,1.966607202,1.9576317709618714,0.6717354625619665,0.01129952350809169
image_phi,1053,S100,1.953922335,1.971192534423758,0.6786387070242819,0.010744317965708957
image_phi,1054,S100,1.967330539,1.9711474714464108,0.6786158459938877,0.0107063855890152
image_phi,1055,S100,1.959074643,1.9685492775010318,0.6772968641089245,0.010753602244370065
image_phi,1056,S100,1.966565981,1.968415531864436,0.6772289205823129,0.010878633144735866
image_phi,1057,S100,1.955034403,1.965868318320371,0.6759340399905842,0.010742687346343432
image_phi,1058,S200,1.969323837,1.9737960772221743,0.6799586313296253,0.010203763771408395
image_phi,1059,S200,1.981766088,1.9749063469618222,0.6805209779689196,0.010252934707213703
image_phi,1060,S200,1.971328348,1.9636371758269902,0.67479845550726,0.01008474837687277
image_phi,1061,S200,1.955312941,1.9623970616088815,0.6741667166153639,0.010088650210031053
image_phi,1062,S200,1.967573296,1.9610098946027266,0.6734595928938442,0.01006393247285856
image_phi,1063,S400,1.960705784,1.9568287061517844,0.67132515578991,0.010167314829873883
image_phi,1064,S400,1.957890055,1.9591767930313808,0.6725243814608102,0.010216809079832023
image_phi,1065,S400,1.949374428,1.9515481015585467,0.6686229558402957,0.010105294896972225
image_phi,1066,S400,1.961315049,1.9524565368159053,0.6690883422103964,0.010201631048994032
image_phi,1067,S400,1.956350003,1.953509374602051,0.6696274343763399,0.010118155217531519
image_phi,1068,S600,1.952490208,1.958271968078397,0.6720624354218184,0.010678725593967639
image_phi,1069,S600,1.945341136,1.9540126208030875,0.6698850125572998,0.010365389607553135
image_phi,1070,S600,1.945316352,1.9510878350491705,0.6683870811550898,0.01022343311507762
image_phi,1071,S600,1.946777397,1.9509620897279343,0.6683226302517422,0.010182184908374834
image_phi,1072,S600,1.941493302,1.9506131053548823,0.6681437361607492,0.010177300627662969
image_phi,1073,S800,1.938492808,1.9430012910629282,0.6642338348639079,0.010456108429684884
image_phi,1074,S800,1.920010403,1.9402855338666456,0.6628351446504567,0.010628542578751884
image_phi,1075,S800,1.936963931,1.94069740498202,0.6630473955793632,0.010983436707825762
image_phi,1076,S800,1.934103721,1.9394669331169208,0.6624131585733352,0.011299525543196697
image_phi,1077,S800,1.956494024,1.940127805270197,0.6627538499105665,0.011155137722295833
image_phi,1078,D50,2.173824888,2.186076465390369,0.7821083687356076,0.01820118072145816
image_phi,1079,D50,2.183314693,2.1852168236555585,0.7817150564186114,0.017784896105439207
image_phi,1080,D50,2.208895721,2.1760513114521176,0.7775119093462463,0.021513570818104625
image_phi,1081,D50,2.207947518,2.1780022151416856,0.7784080415633671,0.016900132812865804
image_phi,1082,D50,2.204059039,2.1845671746602475,0.7814177195249125,0.018827744450820125
image_phi,1083,D100,2.110443847,2.0491523986723172,0.717426243588199,0.02283967281299168
image_phi,1084,D100,2.110474752,2.07089881979669,0.7279827254964958,0.019513467717055435
image_phi,1085,D100,2.116896351,2.0827640355672483,0.7336958748093626,0.01694795833018894
image_phi,1086,D100,2.13463104,2.082943202704681,0.7337818948425981,0.016643205016633595
image_phi,1087,D100,2.11252368,2.0786759755820747,0.7317311408282049,0.019129537205750603
image_phi,1088,D200,2.117708297,2.072704121383304,0.7288540935915901,0.01909717026797054
image_phi,1089,D200,2.109405472,2.0681498138405487,0.7266543978523078,0.01913814574793275
image_phi,1090,D200,2.100518085,2.066338861756887,0.7257783755232768,0.019106309871483422
image_phi,1091,D200,2.117438459,2.070608124626335,0.727842344145102,0.019098178670858508
image_phi,1092,D200,2.134237176,2.0940335330800264,0.7390921262074339,0.019048684578623444
image_phi,1093,D400,2.109788548,2.133935924207393,0.7579681262841537,0.010106268682817908
image_phi,1094,D400,2.13076654,2.130096793977487,0.7561674218707424,0.01008966248842568
image_phi,1095,D400,2.158121598,2.145074332159231,0.7631742054668422,0.010896184594439131
image_phi,1096,D400,2.149065463,2.1522814060532314,0.7665283986451787,0.010711773159620215
image_phi,1097,D400,2.143923119,2.152765655929341,0.7667533670932257,0.011061562665698042
image_phi,1098,D600,2.124680917,2.1199776246740223,0.751405534229177,0.010134017320178197
image_phi,1099,D600,2.099230499,2.120390463695994,0.7516002527133615,0.010411664918108675
image_phi,1100,D600,2.120016659,2.121409836233833,0.7520808847494712,0.010076875225004405
image_phi,1101,D600,2.116318793,2.1329100957137874,0.7574872893809323,0.010811654687431407
image_phi,1102,D600,2.121924309,2.134033191981458,0.758013706639322,0.010198140455129694
image_phi,1103,D800,2.078791987,2.069071807178041,0.7271001043854416,0.010695972943291172
image_phi,1104,D800,2.120605244,2.09147143778229,0.7378678554751869,0.010222102230670292
image_phi,1105,D800,2.132835138,2.1063850035217,0.7449732096919471,0.011076002201845991
image_phi,1106,D800,2.088280708,2.100151431492085,0.7420094523638856,0.01008176678824519
image_phi,1107,D800,2.082623381,2.0933435041941313,0.7387625504916582,0.01015012129215813
image_phi,1108,S50,2.13105359,2.0959085923714067,0.7399871549980047,0.015344513866467758
image_phi,1109,S50,2.125737217,2.0954807797710515,0.7397830161963539,0.015361655712069525
image_phi,1110,S50,2.127780473,2.0963746785989956,0.7402095093568988,0.0142114758253174
image_phi,1111,S50,2.115058345,2.1111772626999583,0.7472457363024295,0.013899215173042434
image_phi,1112,S50,2.120433061,2.1114422532679447,0.7473712463406095,0.013211809742353196
image_phi,1113,S100,2.10025556,2.101957369245778,0.7428689912052229,0.011803513027033771
image_phi,1114,S100,2.092586996,2.1048107393901567,0.7442255530637668,0.011704522422495868
image_phi,1115,S100,2.097468661,2.104608644993373,0.7441295329819052,0.011718845971234702
image_phi,1116,S100,2.083759863,2.1007319667281448,0.742285839582822,0.01199181607459758
image_phi,1117,S100,2.090691433,2.103697692944758,0.743696602491731,0.01176511381097728
image_phi,1118,S200,2.095038662,2.1014262933930192,0.742616301516054,0.010208519142194864
image_phi,1119,S200,2.095806206,2.089168424001105,0.7367661035471155,0.010321816976922344
image_phi,1120,S200,2.102775437,2.0785803929072717,0.7316851572917821,0.010811940380230848
image_phi,1121,S200,2.069632317,2.0772393187618645,0.7310397615407622,0.010870961308486872
image_phi,1122,S200,2.102405588,2.078391527132486,0.7315942902960223,0.01082538784954513
image_phi,1123,S400,2.104027112,2.096848027442927,0.7404352778786899,0.010161567235116726
image_phi,1124,S400,2.117542431,2.0944448380448994,0.7392885244837295,0.010121505593991368
image_phi,1125,S400,2.103087168,2.096148188535645,0.7401014645968588,0.010144396271029256
image_phi,1126,S400,2.089959666,2.094898216941101,0.7395049683948728,0.010208718914904661
image_phi,1127,S400,2.102186006,2.0949163423058743,0.7395136205032262,0.010129543334117487
image_phi,1128,S600,2.087092666,2.0912752981883025,0.7377740704068995,0.010285232765103689
image_phi,1129,S600,2.08206794,2.091375994241148,0.7378222197962817,0.010288821468660192
image_phi,1130,S600,2.097250237,2.094320387832222,0.7392291035298191,0.010294809861909353
image_phi,1131,S600,2.113023395,2.0919060600736588,0.7380756408319495,0.010281337298149474
image_phi,1132,S600,2.105152683,2.0895877990562117,0.7369668211932902,0.010328308493262208
image_phi,1133,S800,2.055897074,2.087419350366734,0.7359285424416819,0.01054775818927726
image_phi,1134,S800,2.081431625,2.084877442094292,0.7347100727529837,0.012206194880076265
image_phi,1135,S800,2.075425638,2.083920168326621,0.7342508162123912,0.011622016529846714
image_phi,1136,S800,2.073550491,2.085227049376505,0.7348777459054178,0.011860101616276111
image_phi,1137,S800,2.050699731,2.085270688409184,0.7348986733991724,0.012930517811952995
image_phi,1138,D50,2.296855612,2.200784326304607,0.7888138087856225,0.033567037153403256
image_phi,1139,D50,2.28927411,2.2350558913208203,0.8042662350552353,0.02863390110569407
image_phi,1140,D50,2.265432391,2.2579485093945766,0.8144566618335293,0.024742958289483776
image_phi,1141,D50,2.309014532,2.201909459381244,0.789324920007933,0.03395673273266234
image_phi,1142,D50,2.323146548,2.198371168130112,0.7877167080263544,0.03490369713536541
image_phi,1143,D100,2.172610234,2.1323995383390186,0.7572478894681425,0.023918178831154782
image_phi,1144,D100,2.167009878,2.1380811721867192,0.7599087782931482,0.02277243515224914
image_phi,1145,D100,2.155731334,2.129248917870837,0.7557692968181127,0.024015207589435303
image_phi,1146,D100,2.160182521,2.1364454853021724,0.7591434598869484,0.02310341034213922
image_phi,1147,D100,2.171657899,2.132630246247934,0.7573560753054249,0.022758949165157933
image_phi,1148,D200,2.194175268,2.1966889323216683,0.7869511959049521,0.019612998541435604
image_phi,1149,D200,2.227146471,2.1892858096016026,0.7835753763043976,0.01958732782722252
image_phi,1150,D200,2.219782185,2.1894606758355053,0.7836552467579976,0.019568261341551096
image_phi,1151,D200,2.209961444,2.198366207793827,0.7877144516549314,0.01961310110384221
image_phi,1152,D200,2.223157782,2.1868214278820868,0.7824490867295358,0.019528624224549603
image_phi,1153,D400,2.208759938,2.229610501943995,0.8018269074113198,0.01014436173838329
image_phi,1154,D400,2.215521349,2.2301233723460845,0.8020569078637266,0.0101538373589074
image_phi,1155,D400,2.21109678,2.228606827993096,0.8013766494298995,0.010148131519321613
image_phi,1156,D400,2.238669537,2.246845524398148,0.8095272433536149,0.01100536724525158
image_phi,1157,D400,2.277323367,2.25032735541759,0.8110756969302031,0.012367958597696245
image_phi,1158,D600,2.215719494,2.2188983329609053,0.7970108262991794,0.009957221923490744
image_phi,1159,D600,2.228725024,2.210547964136767,0.7932404323689398,0.010021452382137827
image_phi,1160,D600,2.259070385,2.23319623183862,0.8034338471154693,0.009910660034512731
image_phi,1161,D600,2.23342589,2.208645349089408,0.7923793633773566,0.010106211657050125
image_phi,1162,D600,2.171001568,2.2769114267077626,0.82281988720677,0.0175104031110213
image_phi,1163,D800,2.175697215,2.188219267600245,0.78308809324994,0.010104401426802113
image_phi,1164,D800,2.183416165,2.212378732459203,0.7940682862098835,0.010660321364444336
image_phi,1165,D800,2.236248929,2.2007297745315744,0.7887890210549526,0.011222064441729265
image_phi,1166,D800,2.214218214,2.1914779291999054,0.7845761697331111,0.010051303601976352
image_phi,1167,D800,2.177187795,2.18970525114707,0.7837669462532425,0.010039782962872156
image_phi,1168,S50,2.222032953,2.1754766909640932,0.7772478087861463,0.013739462681659225
image_phi,1169,S50,2.214924375,2.180108369487186,0.7793745863393965,0.013068701765908668
image_phi,1170,S50,2.215731321,2.1759040781799133,0.7774442463032789,0.013671960988143553
image_phi,1171,S50,2.19161935,2.180140645856986,0.7793893911680598,0.0132342620812909
image_phi,1172,S50,2.203313428,2.1774397143366926,0.7781497436375868,0.013998937397741487
image_phi,1173,S100,2.14918061,2.1570297578072783,0.7687321632354904,0.01330692435180642
image_phi,1174,S100,2.155837945,2.16302886793525,0.7715094931302433,0.013245961889478582
image_phi,1175,S100,2.162778819,2.1618516634944944,0.7709651060835846,0.01373985987421193
image_phi,1176,S100,2.148500592,2.16377842021779,0.7718559621269514,0.012841717695229056
image_phi,1177,S100,2.142818588,2.1623704823073457,0.7712050654556277,0.012870280713750525
image_phi,1178,S200,2.206816048,2.193961639774996,0.7857088775502328,0.010265841612906423
image_phi,1179,S200,2.196338291,2.1959388236588993,0.7866096651804152,0.010306632361047029
image_phi,1180,S200,2.191421843,2.191178112619394,0.7844393501524194,0.010231852300797855
image_phi,1181,S200,2.189803313,2.1950559337136917,0.7862075285321658,0.010272578501452218
image_phi,1182,S200,2.18060903,2.199706782757405,0.7883240709168104,0.0103411407028394
image_phi,1183,S400,2.226271571,2.1641273381490707,0.7720172031296522,0.010079131841273917
image_phi,1184,S400,2.213920664,2.1676567699230507,0.7736467545878694,0.010058279504001417
image_phi,1185,S400,2.188920086,2.170340587097025,0.774884107815875,0.010050738065391102
image_phi,1186,S400,2.195478145,2.1713260394071066,0.7753380589879841,0.010048005638894771
image_phi,1187,S400,2.199391193,2.1700326637707676,0.7747422198680066,0.01005129509798228
image_phi,1188,S600,2.189764122,2.186816066992288,0.7824466352736001,0.010599090272581218
image_phi,1189,S600,2.174324856,2.1870036793482437,0.7825324240655264,0.010616052570930363
image_phi,1190,S600,2.171721222,2.1843051481848894,0.7812977679876234,0.01050151532441934
image_phi,1191,S600,2.179246712,2.1874939045180413,0.7827565527397118,0.01080808736414956
image_phi,1192,S600,2.180835264,2.184999119124802,0.7816154254009284,0.010479448028332769
image_phi,1193,S800,2.170123198,2.1843269953818254,0.7813077698354415,0.01071683237687382
image_phi,1194,S800,2.144811587,2.1822283417678516,0.7803465298586055,0.011071161859809067
image_phi,1195,S800,2.141743393,2.18331801581681,0.7808457452980182,0.010880505403184037
image_phi,1196,S800,2.131005724,2.1806545768602583,0.7796250963453975,0.011405922380372484
image_phi,1197,S800,2.147763194,2.1802258304993964,0.7794284634079199,0.011279153525976245
image_phi,1198,D50,1.474887956,1.5407333506171499,0.43225850477693945,0.021066295880448626
image_phi,1199,D50,1.486720847,1.5461434301825683,0.43576372088296034,0.02380789084569196
image_phi,1200,D50,1.47655687,1.5315715741077682,0.42629438084297827,0.018225693376231488
image_phi,1201,D50,1.470630924,1.5328808760430095,0.42714889044050613,0.018821639866573044
image_phi,1202,D50,1.469018895,1.5307417986576504,0.42575245363343456,0.01836791441549369
image_phi,1203,D100,1.51890701,1.4453602504533059,0.36835859876443644,0.020864548235402205
image_phi,1204,D100,1.499253844,1.4423774317021318,0.36629274643274295,0.022407354097626512
image_phi,1205,D100,1.505115183,1.4430067177649448,0.36672893519665956,0.021707810828162644
image_phi,1206,D100,1.498529419,1.4414521559998958,0.3656510471187942,0.023264738339557684
image_phi,1207,D100,1.487426062,1.4371265384875394,0.36264566062266457,0.024748507910816453
image_phi,1208,D200,1.496959188,1.447153330020093,0.3695984061130163,0.020635267324515517
image_phi,1209,D200,1.512561412,1.4454812565864605,0.3684423156565114,0.020391575783380946
image_phi,1210,D200,1.49550738,1.4457441629804528,0.36862418068366404,0.020502240888876064
image_phi,1211,D200,1.499524673,1.4486366555695787,0.37062287659368043,0.020666774250637353
image_phi,1212,D200,1.507948275,1.4478023430794162,0.37004678124789464,0.02079368599043027
image_phi,1213,D400,1.480943664,1.4691613186760168,0.3846917064626973,0.010333998921539155
image_phi,1214,D400,1.488196875,1.4705077888997509,0.3856077757675216,0.01049461961689844
image_phi,1215,D400,1.495449395,1.47664988450345,0.3897759304282701,0.011076238531575857
image_phi,1216,D400,1.489649011,1.4824366458880582,0.3936871163311006,0.013075516603130315
image_phi,1217,D400,1.488574134,1.4804446472175343,0.3923424799629175,0.011986046559948645
image_phi,1218,D600,1.454631794,1.479028920471142,0.39138573760857426,0.011351559698837893
image_phi,1219,D600,1.449676887,1.4811754804284263,0.39283601606425905,0.010671406869919233
image_phi,1220,D600,1.464974381,1.479009380407704,0.39137252610726786,0.011243516229728218
image_phi,1221,D600,1.454164751,1.4781225298473701,0.39077272155756443,0.011731652338369019
image_phi,1222,D600,1.463072572,1.4888452039922966,0.3980007885880135,0.010230539039244759
image_phi,1223,D800,1.471779432,1.4863982344951667,0.3963559013043733,0.011648275844068775
image_phi,1224,D800,1.476235518,1.4852634582391033,0.3955921694744708,0.011365729910033906
image_phi,1225,D800,1.473976524,1.4878934409713491,0.3973613215961831,0.014575511314351123
image_phi,1226,D800,1.46374932,1.4835815173440523,0.3944591085778411,0.010933819047127388
image_phi,1227,D800,1.457317453,1.4559477930660711,0.3756570927209723,0.010817305767851622
image_phi,1228,S50,1.464285745,1.4890632614247865,0.398147238645436,0.013797829427524404
image_phi,1229,S50,1.46329805,1.4893128645363427,0.39831484884749546,0.013486457745698661
image_phi,1230,S50,1.456338684,1.4864502466412837,0.39639089275883344,0.013346573545795106
image_phi,1231,S50,1.474668071,1.4807220060049417,0.3925298107150835,0.012949294245933407
image_phi,1232,S50,1.471097952,1.4751110644860788,0.3887332849136979,0.012571361230455106
image_phi,1233,S100,1.442874313,1.4653544737760003,0.3820971748228817,0.015744998309987785
image_phi,1234,S100,1.45146606,1.4658632914147578,0.38244434632948926,0.014512782950824761
image_phi,1235,S100,1.454374894,1.4671456197329156,0.3833187578561567,0.013600516970951214
image_phi,1236,S100,1.456256666,1.4665886609126386,0.38293906510031134,0.014941495992142796
image_phi,1237,S100,1.452714446,1.4670664107287466,0.3832647678899471,0.014254784346549757
image_phi,1238,S200,1.470202477,1.4665348680975727,0.38290238555746914,0.010254199244390753
image_phi,1239,S200,1.483981407,1.4764349788433295,0.3896303838758042,0.010827444655932508
image_phi,1240,S200,1.481539669,1.4714429247068517,0.38624350078784236,0.010306377718846798
image_phi,1241,S200,1.480093475,1.4705492868318548,0.38563599550691335,0.010247481841564966
image_phi,1242,S200,1.481454481,1.4713382788037712,0.38617238037766727,0.01032857358472097
image_phi,1243,S400,1.485518466,1.47062300933012,0.38568612687689585,0.010216602016616574
image_phi,1244,S400,1.497415762,1.4664096082080877,0.382816969764178,0.01010065622913182
image_phi,1245,S400,1.487051311,1.4668419177262322,0.3831117344766156,0.010144498789032973
image_phi,1246,S400,1.496107801,1.4650957980032973,0.38192063145965455,0.010108590664366474
image_phi,1247,S400,1.476622947,1.4672208321166285,0.38337002097203776,0.01019568490946721
image_phi,1248,S600,1.466414868,1.46705352262329,0.38325598290109225,0.01025578891584353
image_phi,1249,S600,1.459969508,1.466632323179036,0.382968835967653,0.010192394875861635
image_phi,1250,S600,1.450253824,1.4628146126003192,0.38036239671565786,0.010443145920295228
image_phi,1251,S600,1.462794051,1.4643970499123935,0.3814435877251719,0.010310999204776652
image_phi,1252,S600,1.466989729,1.4632853068341676,0.3806841179492918,0.010407509333997247
image_phi,1253,S800,1.470174519,1.4729763904870956,0.387285109169485,0.010243719568830885
image_phi,1254,S800,1.467155176,1.465010676518113,0.3818625301681497,0.010403623097355265
image_phi,1255,S800,1.4584823,1.4669313072521901,0.38317267274220795,0.010266766122107472
image_phi,1256,S800,1.454521861,1.4684817100871088,0.3842290167523559,0.010233632621222892
image_phi,1257,S800,1.463400253,1.464321840025129,0.3813922274614474,0.010775979945579005
image_phi,1258,D50,1.729470914,1.6837408697816614,0.5210180261778676,0.028692302016319227
image_phi,1259,D50,1.689766162,1.6955212498590582,0.5279902155979449,0.01615900965162767
image_phi,1260,D50,1.714578735,1.684507085212038,0.5214729899773453,0.024303320831671
image_phi,1261,D50,1.702565187,1.6950779302413097,0.5277287163190703,0.01507530231925182
image_phi,1262,D50,1.698018472,1.6986787437063244,0.5298507392937026,0.021182924164406067
image_phi,1263,D100,1.668958873,1.6349524397629607,0.491613715096135,0.01898857918326198
image_phi,1264,D100,1.671957444,1.6408035832459875,0.49518611161445103,0.01784493747795948
image_phi,1265,D100,1.674909848,1.6411999597741005,0.4954276570758403,0.018385693585533516
image_phi,1266,D100,1.670677177,1.639368955198614,0.4943113843724937,0.019668616061564895
image_phi,1267,D100,1.665343864,1.6399118642660968,0.49464249909083113,0.01959741800307575
image_phi,1268,D200,1.682406209,1.6607612482712142,0.5072760805471799,0.019947991583429595
image_phi,1269,D200,1.685021577,1.6601085144060046,0.5068829703560176,0.019875227891846817
image_phi,1270,D200,1.682213246,1.661798009141057,0.5079001542344609,0.019928427158341887
image_phi,1271,D200,1.687370265,1.6619999995403585,0.5080216961566972,0.01991607098677854
image_phi,1272,D200,1.677856605,1.6621556662527226,0.508115354052493,0.01996280518653544
image_phi,1273,D400,1.664712711,1.6690442421243994,0.512251152491574,0.014133698667933138
image_phi,1274,D400,1.68152969,1.6702019107605304,0.5129445237673101,0.011534946058511518
image_phi,1275,D400,1.66376522,1.6681759415590798,0.51173077892488,0.011235304706484683
image_phi,1276,D400,1.676002275,1.6621536065077558,0.5081141148507233,0.011429050456028796
image_phi,1277,D400,1.661059428,1.6588240066782578,0.5061089216016538,0.010368104282355324
image_phi,1278,D600,1.657446277,1.6678611521029874,0.5115420583272434,0.009960859678018713
image_phi,1279,D600,1.662346504,1.6672490545665186,0.5111749954685005,0.009998842915220518
image_phi,1280,D600,1.663387642,1.6656666797527728,0.5102254515503357,0.010038142173667284
image_phi,1281,D600,1.662600791,1.6640165490979852,0.5092342877209474,0.010161440744594241
image_phi,1282,D600,1.643923459,1.6516038836884923,0.5017468664974211,0.011828603461663319
image_phi,1283,D800,1.6463813,1.6444587367725327,0.49741129467667533,0.01118378183378577
image_phi,1284,D800,1.645158439,1.6477247469215444,0.49939539503840613,0.011383641229183223
image_phi,1285,D800,1.645998258,1.646070120610091,0.4983907019611617,0.011880531194078827
image_phi,1286,D800,1.660498838,1.6450418820056765,0.4977658440790518,0.010787929829121143
image_phi,1287,D800,1.666612787,1.6474044562701917,0.49920099255364103,0.010744898174040141
image_phi,1288,S50,1.678825145,1.673267178971377,0.5147781097747631,0.011770109533287986
image_phi,1289,S50,1.665647429,1.6701176698383102,0.5128940849274295,0.011498814541266607
image_phi,1290,S50,1.668386105,1.668341504025104,0.5118300216046262,0.011618229257689032
image_phi,1291,S50,1.666702835,1.6699116949125556,0.5127707477327393,0.011450884797769774
image_phi,1292,S50,1.672894046,1.6705448262115201,0.5131498164633407,0.01145669611775956
image_phi,1293,S100,1.684319088,1.6636854543693966,0.5090352947045438,0.010829255176086919
image_phi,1294,S100,1.667581631,1.6613947468543313,0.5076574585388967,0.01085095200160461
image_phi,1295,S100,1.661599677,1.6609077792893365,0.5073643078913261,0.01089469089641359
image_phi,1296,S100,1.670694196,1.6664466772311786,0.5106936213927679,0.010946819430904727
image_phi,1297,S100,1.656714185,1.6656734538896614,0.5102295184643204,0.010749318029724243
image_phi,1298,S200,1.656880386,1.6551152817167625,0.5038706630295586,0.010086912025873156
image_phi,1299,S200,1.66193843,1.6543655934815005,0.5034176081388635,0.010091751706763597
image_phi,1300,S200,1.648533727,1.6562612964922925,0.5045628312527839,0.01009823311801676
image_phi,1301,S200,1.648155468,1.6523836306092872,0.5022188700579049,0.010142330155102014
image_phi,1302,S200,1.641284712,1.6517466853121086,0.501833325152488,0.010198023737913993
image_phi,1303,S400,1.649160877,1.637076393644579,0.4929119641569323,0.010123929625543841
image_phi,1304,S400,1.649526937,1.6339323128051457,0.49098957134794696,0.0103596214696199
image_phi,1305,S400,1.63614477,1.6377452722609864,0.49332046189754075,0.010028279348646009
image_phi,1306,S400,1.648707247,1.6358268705499415,0.492148407733487,0.010037734717233076
image_phi,1307,S400,1.638026635,1.635512171967215,0.4919560103209247,0.010037921022114347
image_phi,1308,S600,1.643608489,1.6355289632233607,0.4919662769335731,0.01024055294666164
image_phi,1309,S600,1.63892971,1.6355914726299472,0.49200449589115647,0.010217965129224554
image_phi,1310,S600,1.633105927,1.6341071158678746,0.49109654867592045,0.010201962336409333
image_phi,1311,S600,1.63598518,1.6324958049581002,0.490110012461074,0.010286075683286544
image_phi,1312,S600,1.633706334,1.6342251890302966,0.4911688015262786,0.010191609739985404
image_phi,1313,S800,1.61739273,1.6441459376124596,0.49722106253144194,0.010242172821509316
image_phi,1314,S800,1.624811061,1.6400074573443213,0.49470078898694025,0.010424846554971827
image_phi,1315,S800,1.626210849,1.6397414673630168,0.49453858755750535,0.01032272488675073
image_phi,1316,S800,1.640387878,1.638584357412973,0.4938326723678988,0.010470776734858116
image_phi,1317,S800,1.630202716,1.636480852963316,0.4925481148987896,0.011125391305440779
image_phi,1318,D50,1.790464747,1.7808922645440044,0.5771145109247793,0.02154461128196532
image_phi,1319,D50,1.825534745,1.7669020744616841,0.5692277727083073,0.025509239514238117
image_phi,1320,D50,1.828657725,1.7679350790077013,0.5698122435229869,0.024441759690683823
image_phi,1321,D50,1.818651128,1.766451107110269,0.568972509602306,0.025067343974271062
image_phi,1322,D50,1.818651128,1.766451107110269,0.568972509602306,0.025067343974271062
image_phi,1323,D100,1.73642222,1.738098423582759,0.5527916556095883,0.02140339656966955
image_phi,1324,D100,1.748199464,1.7405186136057658,0.554183122613646,0.02130257299903195
image_phi,1325,D100,1.739144831,1.7358761302342889,0.5515122601406958,0.02201504766389332
image_phi,1326,D100,1.750080305,1.7343258469772846,0.5506187770694977,0.02191476476720984
image_phi,1327,D100,1.750310728,1.7384812667627123,0.5530118968901572,0.022071770201997937
image_phi,1328,D200,1.734852865,1.7248086031069298,0.5451160896067724,0.019596465449552576
image_phi,1329,D200,1.74061346,1.7259860223973105,0.5457984943650097,0.01959120474418396
image_phi,1330,D200,1.743749892,1.725267341871489,0.5453820192701064,0.01961899010927177
image_phi,1331,D200,1.742424891,1.724830194242254,0.5451286075175408,0.019644959272471358
image_phi,1332,D200,1.73414359,1.7196809371800643,0.5421387719783071,0.01961929446085494
image_phi,1333,D400,1.740645841,1.7444588090805508,0.5564443694889141,0.010049419845295447
image_phi,1334,D400,1.746214007,1.7432217943098613,0.5557350070425027,0.010041458137554606
image_phi,1335,D400,1.738835295,1.742622299816134,0.5553910475977026,0.010046313354260053
image_phi,1336,D400,1.749276228,1.7455515808114852,0.5570705978633689,0.010114676268579542
image_phi,1337,D400,1.769148943,1.7566533130354267,0.5634104721686555,0.011047143942249135
image_phi,1338,D600,1.730542783,1.7441093918026163,0.5562440481771422,0.00981405098532727
image_phi,1339,D600,1.74540229,1.7443471286968468,0.5563803473645919,0.009813656112667109
image_phi,1340,D600,1.757779863,1.735982401213959,0.5515734786372104,0.010997972584952623
image_phi,1341,D600,1.748370119,1.7466722709473348,0.5577124182173281,0.009982490683068734
image_phi,1342,D600,1.746275065,1.7373617551094516,0.5523677298866833,0.010676492704947188
image_phi,1343,D800,1.725438872,1.7300646913433122,0.5481588016506203,0.01020847250397368
image_phi,1344,D800,1.725118598,1.7292574505608451,0.5476920970397134,0.010177715234162988
image_phi,1345,D800,1.72499252,1.7333764290221167,0.5500711995075703,0.010072658185306116
image_phi,1346,D800,1.729433568,1.7319217124028587,0.5492316084274713,0.010080684969505165
image_phi,1347,D800,1.738769491,1.7474577864946845,0.5581620383217143,0.011039855988101954
image_phi,1348,S50,1.748629463,1.7358352998148472,0.5514887383588505,0.011665957718035656
image_phi,1349,S50,1.756372992,1.7356511009783129,0.5513826173401047,0.011893486227006953
image_phi,1350,S50,1.740802984,1.7317143029078583,0.5491118444024228,0.01134346950649297
image_phi,1351,S50,1.745758805,1.7330661230790834,0.5498921652733673,0.01136163487766949
image_phi,1352,S50,1.741539263,1.7324649302037727,0.5495452095704183,0.011340902823566212
image_phi,1353,S100,1.731218987,1.7420739125542029,0.5550763072398421,0.011019362313790792
image_phi,1354,S100,1.730916374,1.7386900635649674,0.5531319926707043,0.010796979085167205
image_phi,1355,S100,1.738408547,1.7392475491058685,0.5534525766533754,0.010801004627742548
image_phi,1356,S100,1.716852321,1.7371927762496504,0.5522704633977511,0.010824087068841734
image_phi,1357,S100,1.718301381,1.7352885587951183,0.5511737158782242,0.010850518393643056
image_phi,1358,S200,1.720659702,1.7280430544160108,0.5469895858214779,0.010322416070152288
image_phi,1359,S200,1.729430345,1.729795004903729,0.5480029072133851,0.01051973631191733
image_phi,1360,S200,1.724092597,1.7317003398201933,0.5491037812109741,0.010561538982208693
image_phi,1361,S200,1.726380004,1.7278418907856212,0.5468731678076804,0.010292994675300605
image_phi,1362,S200,1.731441458,1.7288694232780004,0.5474676823212086,0.010320563763759191
image_phi,1363,S400,1.722319891,1.7270032812501026,0.5463876991338441,0.009969584628678191
image_phi,1364,S400,1.723230333,1.727349440959564,0.5465881185689495,0.009978130039009311
image_phi,1365,S400,1.725528541,1.727661239172069,0.5467686090172972,0.010044479874574422
image_phi,1366,S400,1.709170995,1.7298949959772778,0.5480607107007214,0.010011930389657914
image_phi,1367,S400,1.723136082,1.7270687848932365,0.5464256274931182,0.009979610349837138
image_phi,1368,S600,1.737644411,1.7268741862405326,0.5463129454630232,0.010277590504278636
image_phi,1369,S600,1.729149565,1.7267820862157035,0.5462596106679045,0.010144642137656546
image_phi,1370,S600,1.723136082,1.7264210867162302,0.5460505297174305,0.010123635510451975
image_phi,1371,S600,1.744636921,1.725937631796694,0.5457704574757459,0.01011655916004376
image_phi,1372,S600,1.740173895,1.7255939732667123,0.5455713235430807,0.010134876769917783
image_phi,1373,S800,1.726003366,1.7275239090987458,0.5466891168526216,0.01022575476664183
image_phi,1374,S800,1.725344844,1.7251932488001018,0.545339072498537,0.010274204487384968
image_phi,1375,S800,1.72037826,1.7239304695434057,0.5446068405368931,0.01027970272222688
image_phi,1376,S800,1.718505501,1.7268165153876656,0.5462795488112355,0.010354335969344966
image_phi,1377,S800,1.741021878,1.7224829273641797,0.5437668123118137,0.010351847984627871
image_phi,1378,D50,1.890935262,1.8693526256416588,0.6255921814326388,0.02419000336108051
image_phi,1379,D50,1.90281035,1.8421168920327204,0.61091539512081,0.04758017919200069
image_phi,1380,D50,1.900928922,1.84975535527659,0.6150533899546695,0.03254433774957417
image_phi,1381,D50,1.912294445,1.847887822771051,0.6140432694133366,0.03251166968236678
image_phi,1382,D50,1.90491284,1.8476163707355895,0.6138963600760794,0.0316225718550226
image_phi,1383,D100,1.840321892,1.8435045637922183,0.6116684143018095,0.01724838943280395
image_phi,1384,D100,1.871227712,1.8405167669340958,0.6100463837840853,0.01769417402107287
image_phi,1385,D100,1.871235522,1.820764495313338,0.5992564652613707,0.02065368906683715
image_phi,1386,D100,1.850146182,1.813398840373911,0.595202896753443,0.02471966931878729
image_phi,1387,D100,1.86020318,1.813108806886914,0.5950429448019645,0.021613862873547135
image_phi,1388,D200,1.815573851,1.802576530182629,0.5892170470746223,0.019779124036031288
image_phi,1389,D200,1.818119597,1.7986782339505163,0.587052080689254,0.01978512039750219
image_phi,1390,D200,1.831804801,1.7958537177489367,0.5854805176480189,0.02035058792942392
image_phi,1391,D200,1.845330448,1.791627169066017,0.5831242399301628,0.02017355061692054
image_phi,1392,D200,1.809977806,1.8026972240667303,0.5892840011493324,0.0198549036468054
image_phi,1393,D400,1.832611478,1.8224921760521822,0.6002048919159783,0.01017920467755791
image_phi,1394,D400,1.826254441,1.822514457438282,0.6002171176199842,0.010149843962037313
image_phi,1395,D400,1.824627321,1.817523529894026,0.5974748766383103,0.010564002449746621
image_phi,1396,D400,1.81936414,1.8169521127793815,0.5971604339645757,0.010140719242575551
image_phi,1397,D400,1.830170268,1.8166455497116136,0.5969916959275279,0.010310609637163647
image_phi,1398,D600,1.806505961,1.8265293109131326,0.6024176147089628,0.009890944668596477
image_phi,1399,D600,1.814622772,1.828539211295758,0.6035174028924125,0.01000247322628392
image_phi,1400,D600,1.828929893,1.8314895100522142,0.6051295757031111,0.010570020006032825
image_phi,1401,D600,1.835355942,1.8284884941006772,0.6034896660530065,0.010034096181740008
image_phi,1402,D600,1.83108934,1.822459224755196,0.6001868114022135,0.009952958571725217
image_phi,1403,D800,1.797889951,1.8172050047442534,0.5972996089958702,0.010306490933824571
image_phi,1404,D800,1.807596419,1.8214270734893907,0.5996203001508021,0.010337651347063657
image_phi,1405,D800,1.824456516,1.8186577759071723,0.5980987432470105,0.010285822086956276
image_phi,1406,D800,1.815756719,1.8213739361758783,0.5995911262742301,0.010259174519862113
image_phi,1407,D800,1.801076604,1.8220561835151783,0.599965634539717,0.010305996098680334
image_phi,1408,S50,1.802804034,1.8300398646378069,0.6043377505711484,0.011467530124778942
image_phi,1409,S50,1.809305451,1.8338026915950127,0.6063917844017065,0.011503817666220642
image_phi,1410,S50,1.812438275,1.8301095086542114,0.6043758058575917,0.011398310113590965
image_phi,1411,S50,1.830297402,1.8302359918143907,0.6044449158146782,0.011540887268818436
image_phi,1412,S50,1.808132345,1.8304755584596926,0.6045758011042477,0.011461592005136691
image_phi,1413,S100,1.838194388,1.8129000362104606,0.5949277930272624,0.010750587785748854
image_phi,1414,S100,1.797916352,1.8162141366737516,0.5967541898980455,0.02501748462646894
image_phi,1415,S100,1.840538585,1.811450737344077,0.5941280365830421,0.010863829312850886
image_phi,1416,S100,1.826153596,1.812593535148855,0.5947587120145379,0.010718880891824118
image_phi,1417,S100,1.827035596,1.8140328182297933,0.595552443166445,0.010689927398186456
image_phi,1418,S200,1.809660246,1.8194552115273634,0.5985371219536181,0.010253855994822439
image_phi,1419,S200,1.810580824,1.8170724373470777,0.597226655073476,0.010510008584942304
image_phi,1420,S200,1.827443553,1.819678856505546,0.5986600330496552,0.010212078250243692
image_phi,1421,S200,1.819873108,1.8198038401897194,0.5987287151644712,0.010264875003281007
image_phi,1422,S200,1.82116145,1.8191923212186618,0.5983926230392312,0.010320818613865908
image_phi,1423,S400,1.827366889,1.8124064319828364,0.5946554826805345,0.010176462932312764
image_phi,1424,S400,1.801485664,1.8124184094740245,0.5946620912708593,0.01112194984424345
image_phi,1425,S400,1.835738463,1.809132921653988,0.5928476816872433,0.010189017887262111
image_phi,1426,S400,1.811037344,1.8135441332962303,0.5952830154227751,0.010235286138332553
image_phi,1427,S400,1.809516659,1.8130604654108875,0.5950162822429943,0.010216745720919162
image_phi,1428,S600,1.842325226,1.8063126470761435,0.5912875557795096,0.010207850251811831
image_phi,1429,S600,1.813712362,1.806026961718867,0.59112938385283,0.01030600586505908
image_phi,1430,S600,1.81941482,1.8042261494460003,0.5901317737868494,0.01011608068660969
image_phi,1431,S600,1.824800504,1.8050278323684539,0.5905760112606748,0.010122341407198568
image_phi,1432,S600,1.810243275,1.8038082695021573,0.5899001352284605,0.010120185359274237
image_phi,1433,S800,1.782843619,1.814252846153019,0.5956737279515186,0.010911856084518947
image_phi,1434,S800,1.812439986,1.8169372395019059,0.5971522480920662,0.011020658422618478
image_phi,1435,S800,1.788621446,1.8145358268477114,0.5958296922254217,0.01152982127345358
image_phi,1436,S800,1.805524812,1.8151852639939845,0.5961875363335224,0.010706853333861318
image_phi,1437,S800,1.798149608,1.8161977115901577,0.5967451462739852,0.010868203991727571
image_phi,1438,D50,1.98171331,1.9204316733987448,0.6525499906644165,0.030181909989231193
image_phi,1439,D50,1.977918113,1.9146993525632843,0.6495606142569351,0.03724288387175535
image_phi,1440,D50,1.975119796,1.9205386522643164,0.6526056947477751,0.02972974273852998
image_phi,1441,D50,1.985368784,1.920665701897096,0.6526718456843627,0.02910979085407908
image_phi,1442,D50,1.982776136,1.9500089680978958,0.667833971589642,0.01896328865094446
image_phi,1443,D100,1.901575873,1.8974154199981863,0.6404926548531695,0.025269529875942092
image_phi,1444,D100,1.936489464,1.908770270048058,0.6464591970348856,0.019235430153519285
image_phi,1445,D100,1.927870888,1.9178009516098649,0.6511791919360196,0.017430104653311806
image_phi,1446,D100,1.909319154,1.907909561636063,0.6460081723408883,0.0219561352406833
image_phi,1447,D100,1.915467843,1.8971235537343454,0.6403388199517825,0.024441599696141257
image_phi,1448,D200,1.88462312,1.8610731864966228,0.6211533033224342,0.020382430257297583
image_phi,1449,D200,1.896441345,1.8595248510116884,0.6203209986452254,0.02065268588335306
image_phi,1450,D200,1.898457048,1.8805464263257505,0.6315623869115918,0.020664712749664412
image_phi,1451,D200,1.880764078,1.878030114108775,0.6302234158591993,0.020294882280733464
image_phi,1452,D200,1.876312808,1.8684739980106644,0.6251220538768997,0.020183844640412094
image_phi,1453,D400,1.879603373,1.8633178084775797,0.6223586666990258,0.01031151899918483
image_phi,1454,D400,1.86098472,1.862058096206202,0.6216823793381686,0.010416399722277089
image_phi,1455,D400,1.86673485,1.8642971785174305,0.6228841340908046,0.010079757143778054
image_phi,1456,D400,1.888753096,1.8787402572639802,0.6306014763172326,0.010915380009383482
image_phi,1457,D400,1.885233324,1.8766031466663278,0.6294633056635861,0.010799101531106192
image_phi,1458,D600,1.822471144,1.8673581405541528,0.6245246729195613,0.010220876159168758
image_phi,1459,D600,1.842546204,1.8635879452279034,0.6225036323990724,0.011156058154613038
image_phi,1460,D600,1.867332114,1.873780568940614,0.627958084612795,0.010253196655138876
image_phi,1461,D600,1.877333081,1.87404184873311,0.6280975148012091,0.009860908005614028
image_phi,1462,D600,1.866049127,1.8746991257002952,0.6284481802531051,0.010357907770566254
image_phi,1463,D800,1.857228637,1.8455773386423477,0.6127921492163871,0.010195739446387839
image_phi,1464,D800,1.855300706,1.8409965845981937,0.6103070470608406,0.01032984139219913
image_phi,1465,D800,1.878267981,1.8532559719303343,0.6169440769589616,0.010580475353083646
image_phi,1466,D800,1.876924281,1.85818602143235,0.6196007545578551,0.011714383798960639
image_phi,1467,D800,1.82775045,1.8456812147333823,0.6128484314245066,0.01039330894425269
image_phi,1468,S50,1.877396422,1.887453486962413,0.635228559168487,0.011396102243534503
image_phi,1469,S50,1.888569121,1.8882126291842203,0.6356306827719435,0.011435081803928509
image_phi,1470,S50,1.895854585,1.8867465243504546,0.6348539300454369,0.011424748905772348
image_phi,1471,S50,1.882504687,1.8875675528391924,0.6352889910842889,0.011863194225030257
image_phi,1472,S50,1.867779812,1.8875416425991032,0.6352752642018343,0.011729230418813949
image_phi,1473,S100,1.883443029,1.8825708649801145,0.6326383240631331,0.01117027708078589
image_phi,1474,S100,1.893646428,1.8806399388696773,0.6316121119370846,0.010677962526417948
image_phi,1475,S100,1.88819627,1.881766837958068,0.6322111429238609,0.010856064161887984
image_phi,1476,S100,1.881334885,1.8807494696374611,0.6316703514629188,0.010730923494442246
image_phi,1477,S100,1.877746376,1.8812811890257977,0.6319530282617656,0.010798322490387195
image_phi,1478,S200,1.893085265,1.8739194421193917,0.6280321957627971,0.01021261134646485
image_phi,1479,S200,1.879307862,1.871097449784845,0.6265251302674361,0.01021604231449301
image_phi,1480,S200,1.887049371,1.8700445606390266,0.6259622598013147,0.01024140693394382
image_phi,1481,S200,1.878233348,1.8699250850206233,0.6258983685777147,0.010228291270230042
image_phi,1482,S200,1.860544951,1.8726228330210917,0.6273400326668837,0.010254946761718271
image_phi,1483,S400,1.824360742,1.827591710776847,0.6029990951182557,0.02143607322689441
image_phi,1484,S400,1.861976236,1.8393515067908959,0.6094130675371597,0.010896404923078782
image_phi,1485,S400,1.847779778,1.8500961772316458,0.6152376254317017,0.010127618754357293
image_phi,1486,S400,1.845557556,1.8441818806541306,0.612035754030787,0.010440354610139261
image_phi,1487,S400,1.849355485,1.8372186722554082,0.6082528368488405,0.011175191903545541
image_phi,1488,S600,1.852619799,1.8457558321693468,0.6128888587350778,0.010198264429154615
image_phi,1489,S600,1.836251919,1.8523825902315194,0.6164726970872682,0.010172197822651583
image_phi,1490,S600,1.81680461,1.858795812592766,0.6199288654785514,0.012201927975584174
image_phi,1491,S600,1.826380347,1.8433239328675144,0.611570427142921,0.010464841004977058
image_phi,1492,S600,1.827097635,1.8440270525738907,0.6119517956200062,0.010419334862979551
image_phi,1493,S800,1.860479626,1.847457599762176,0.6138104235157946,0.010430052855861563
image_phi,1494,S800,1.853817398,1.8449629166712394,0.6124591779253137,0.010275141497546178
image_phi,1495,S800,1.864159369,1.8475995583158935,0.6138872605159893,0.010516574340529444
image_phi,1496,S800,1.842760175,1.8477311605633817,0.6139584867512334,0.010517382213252734
image_phi,1497,S800,1.851627686,1.8461167523105995,0.6130843801861267,0.01045406096144952
image_only,0,D50,1.560186908,1.5670227720057879,0.4491774954991713,0.012146089989234424
image_only,1,D50,1.561484361,1.5611612266362265,0.4454299203998662,0.011584249328793152
image_only,2,D50,1.560393514,1.561630877457831,0.44573070944344656,0.01117519610370405
image_only,3,D50,1.558472561,1.5622014301368656,0.4460959996570038,0.012069892417728274
image_only,4,D50,1.561608985,1.5614487287469034,0.44561406258579234,0.01119517943346511
image_only,5,D100,1.561041612,1.5591164018918544,0.4441192517475629,0.01180112042527885
image_only,6,D100,1.556557304,1.55960690095656,0.4444338029411887,0.011753971744835457
image_only,7,D100,1.560626044,1.5592571831563575,0.44420954321570116,0.01180373042609374
image_only,8,D100,1.555448691,1.5598948072967522,0.4446183877678281,0.01182192950655466
image_only,9,D100,1.570784601,1.5605967482228855,0.4450682790272556,0.012342889125535586
image_only,10,D200,1.559258194,1.5630303519077147,0.4466264702576483,0.01215936950391452
image_only,11,D200,1.557328689,1.5668604244668085,0.4490738875923371,0.011956858004202988
image_only,12,D200,1.560386696,1.565312426077508,0.44808543734440864,0.011790656805407557
image_only,13,D200,1.56406944,1.561743286582647,0.44580268873184486,0.012168619232958394
image_only,14,D200,1.559799742,1.562932198646263,0.4465636715133277,0.012210111466974623
image_only,15,D400,1.57747785,1.5625221734961119,0.44630129356523934,0.011841139583659364
image_only,16,D400,1.582462146,1.5614126571748779,0.4455909609699538,0.011397372155470934
image_only,17,D400,1.571871059,1.5618930833083124,0.4458986004885553,0.011444465466939549
image_only,18,D400,1.578362744,1.5619561871054428,0.4459390017958376,0.01183022785923769
image_only,19,D400,1.571060369,1.5611964647096717,0.44545249185190994,0.012295829959272713
image_only,20,D600,1.562491354,1.5705403188652038,0.4514197122968934,0.010455162325275949
image_only,21,D600,1.560566365,1.5708320685295283,0.45160545892555415,0.010451819890260486
image_only,22,D600,1.566691898,1.5699212721688565,0.45102547298753026,0.01048528288198565
image_only,23,D600,1.559224889,1.567452013520566,0.4494513796723307,0.01078625128460094
image_only,24,D600,1.58159802,1.568249266105374,0.44995988002417664,0.010686899837622797
image_only,25,D800,1.644690279,1.57536914421928,0.45448962209761473,0.010117809259043441
image_only,26,D800,1.57983316,1.576195672133714,0.45501414117403977,0.010244529056815192
image_only,27,D800,1.564816559,1.5745468081974683,0.45396749004525755,0.010851065063552906
image_only,28,D800,1.566544735,1.5792853209156676,0.4569724161730769,0.010527849575866681
image_only,29,D800,1.592458478,1.5788460449210129,0.4566942288866077,0.010605127356888799
image_only,30,S50,1.575816199,1.5712671754273015,0.45188241192211615,0.01540474792888598
image_only,31,S50,1.602076658,1.5723507754418244,0.45257180870911434,0.013717542818884763
image_only,32,S50,1.579807863,1.5731420689921232,0.4530749372210047,0.013316198746669634
image_only,33,S50,1.580573721,1.5714388218922983,0.4519916467441541,0.01413530893723127
image_only,34,S50,1.592722949,1.571867132793362,0.4522641693110878,0.013533214817988873
image_only,35,S100,1.567218001,1.5693889586489578,0.4506863452901305,0.011816948511692453
image_only,36,S100,1.570607716,1.5705394711921175,0.45141917256333486,0.011951510925492874
image_only,37,S100,1.571419163,1.5688483431658509,0.45034181080375374,0.01233688111000537
image_only,38,S100,1.566838091,1.5689428672195562,0.45040205958858115,0.012087610488996973
image_only,39,S100,1.564440461,1.5651433598778293,0.44797742355255016,0.011410971015251953
image_only,40,S200,1.56406097,1.5816412830318611,0.45846309460232026,0.010773144111338742
image_only,41,S200,1.580191426,1.577021301560542,0.4555378155374495,0.010749435051888152
image_only,42,S200,1.583074977,1.5830162508220254,0.45933204668447947,0.010850891741394005
image_only,43,S200,1.572904736,1.5839660317823936,0.4599318485804736,0.010887907980634961
image_only,44,S200,1.585051572,1.581767237818299,0.45854272692655174,0.010788723895091988
image_only,45,S400,1.562576774,1.5773297338566021,0.455733375444118,0.010302816913852658
image_only,46,S400,1.582775974,1.5772586677469826,0.4556883197344125,0.010313341357739963
image_only,47,S400,1.570456464,1.579500021384491,0.4571083547987751,0.010320590631741339
image_only,48,S400,1.5750196,1.5799823723177242,0.4574136902157043,0.010312406976392
image_only,49,S400,1.577183511,1.5832224139707487,0.4594622725902566,0.010426946938150843
image_only,50,S600,1.555828114,1.587621913998481,0.46223724505554653,0.010499952649179809
image_only,51,S600,1.56117239,1.5872915517650539,0.4620291371885562,0.010508342089334986
image_only,52,S600,1.561823954,1.5870170699125208,0.4618561975749706,0.010566820240383317
image_only,53,S600,1.559846724,1.5885224250396364,0.4628042917443361,0.01047911151285606
image_only,54,S600,1.561648453,1.586022038429964,0.46122901872138683,0.010492974150861084
image_only,55,S800,1.589227754,1.5757072505594378,0.45470421945997347,0.010738435923167117
image_only,56,S800,1.580440672,1.5761106556230804,0.45496020192968034,0.010940490690172958
image_only,57,S800,1.59815524,1.5779401002705842,0.45612026243235193,0.011156066777543808
image_only,58,S800,1.615199232,1.5766132819419971,0.45527905402908947,0.010784415039817032
image_only,59,S800,1.584848504,1.5767766863556716,0.45538269133082726,0.010804027457924102
image_only,60,D50,2.044100443,2.0748418344689328,0.7298849264251165,0.014146098546922285
image_only,61,D50,2.04957737,2.071108099055136,0.728083777601296,0.014966409104853355
image_only,62,D50,1.999572687,2.021581925098217,0.7038803361625902,0.012714449594716718
image_only,63,D50,2.017631508,2.020322589074673,0.7032571962245346,0.012830924768186376
image_only,64,D50,2.006211894,2.017374450710981,0.7017968890947276,0.013183163863205746
image_only,65,D100,2.016437285,1.9168418026874863,0.6506789372818897,0.016336637781884697
image_only,66,D100,1.994408192,1.9483180075259912,0.6669664401134312,0.014153461866492112
image_only,67,D100,1.97356662,1.9230324012133553,0.6539033157696117,0.015841665295247952
image_only,68,D100,1.983306755,1.9259727681109797,0.6554311741851035,0.015711137655147894
image_only,69,D100,1.971798525,1.9482852197546205,0.6669496112142803,0.01435103636690794
image_only,70,D200,1.964318123,1.975402905107463,0.6807723801334444,0.011641981513326976
image_only,71,D200,1.961302475,1.9734637687949788,0.6797902570948681,0.011573893581610399
image_only,72,D200,1.966048011,1.9526430619805197,0.6691838712283061,0.011720888039526154
image_only,73,D200,1.959125658,1.962249950846535,0.674091748975243,0.011424019005293204
image_only,74,D200,1.970214261,1.9581050695592805,0.6719772043433938,0.011531157677269449
image_only,75,D400,1.964858008,1.9671814254225988,0.6766017697354753,0.011726005783934833
image_only,76,D400,1.951867166,1.9587726754313082,0.6723180911016523,0.011141284407725814
image_only,77,D400,1.959093971,1.9536017714138574,0.669674731117267,0.011204887962188506
image_only,78,D400,1.953838928,1.9700090417309737,0.6780381324505186,0.011491352882646274
image_only,79,D400,1.947956474,1.9713435439900655,0.6787153123176148,0.011572577003143404
image_only,80,D600,1.954137272,1.9442070425861036,0.6648542037550775,0.010575754605877853
image_only,81,D600,1.941923138,1.9422330777544061,0.6638383821083681,0.010340472530241111
image_only,82,D600,1.944425234,1.9403467650593391,0.6628667019782228,0.010309432876179466
image_only,83,D600,1.943606342,1.9408410713330353,0.6631214210473355,0.010411441822765809
image_only,84,D600,1.939217447,1.942080185388303,0.6637596591239823,0.010317747822959392
image_only,85,D800,1.937833439,1.9314325006709698,0.6582619559284997,0.01072589970910528
image_only,86,D800,1.931115531,1.9348172391023,0.660012871944725,0.010640432357146063
image_only,87,D800,1.937390462,1.9316224647705627,0.6583603050855504,0.010699612302131723
image_only,88,D800,1.939430677,1.931729515984909,0.6584157239109161,0.010808048642560245
image_only,89,D800,1.930410702,1.9398539624090332,0.6626126931330273,0.010753103776578352
image_only,90,S50,2.018231427,2.0095033428684963,0.697887598438204,0.013038441277644157
image_only,91,S50,2.016383376,2.006589711811508,0.6964366203216613,0.012911347901942925
image_only,92,S50,2.019922289,2.0210949982729676,0.7036394428946722,0.013714492261782901
image_only,93,S50,2.023950784,2.0122690488320445,0.699262965381013,0.013103575664744202
image_only,94,S50,2.020788185,2.0051809143817447,0.6957342882997483,0.012865365965606803
image_only,95,S100,1.928651999,1.9385816228466664,0.6619565834310398,0.011548337712587725
image_only,96,S100,1.93017593,1.9371190759383499,0.6612018569485749,0.011602345464028455
image_only,97,S100,1.932332607,1.940146503348474,0.6627634874138923,0.011563445518436454
image_only,98,S100,1.936713222,1.9384439634814632,0.661885570556765,0.011624808586636578
image_only,99,S100,1.941062316,1.941583854492529,0.6635040598273493,0.011622856751120887
image_only,100,S200,1.935150704,1.9372923805302533,0.6612913180674913,0.01060191560656968
image_only,101,S200,1.934574776,1.9380049339163286,0.6616590593457923,0.010876319008680998
image_only,102,S200,1.931366726,1.937075884369132,0.6611795598934902,0.01075099320138249
image_only,103,S200,1.93014659,1.9382224085316184,0.6617712687681533,0.010618348757023104
image_only,104,S200,1.934298104,1.9374249285285048,0.6613597349287644,0.010629938688628958
image_only,105,S400,1.928885505,1.9161762013331693,0.6503316384378411,0.011169736412240786
image_only,106,S400,1.934057083,1.9556836482650373,0.6707398245164397,0.011713514931629634
image_only,107,S400,1.924819553,1.9152817615539188,0.649864745780183,0.010934997802700817
image_only,108,S400,1.919839737,1.9169266212275098,0.6507231854109673,0.011133767764335306
image_only,109,S400,1.9194336,1.9218030709241434,0.6532638448013415,0.010600404748888539
image_only,110,S600,1.925053088,1.923354667290823,0.6540708839693182,0.010869644912487141
image_only,111,S600,1.926645985,1.9261963622805616,0.6555472615957361,0.010948369123947095
image_only,112,S600,1.921919857,1.9233861296241075,0.6540872418862906,0.010884514065351594
image_only,113,S600,1.927081693,1.9256814572933691,0.6552799088839534,0.010771011947365986
image_only,114,S600,1.924848505,1.9187725613726385,0.6516856906543459,0.010939158672680336
image_only,115,S800,1.92363974,1.9216168857744191,0.6531669596563573,0.012710810243703527
image_only,116,S800,1.912130921,1.9219230661694664,0.653326281739397,0.013193183527902629
image_only,117,S800,1.917343839,1.9184681810757964,0.6515270452536999,0.01305525587686705
image_only,118,S800,1.910109237,1.9200153732417822,0.6523331929043967,0.012476868928603722
image_only,119,S800,1.916211727,1.9230155867756986,0.6538945720213749,0.013423689791860276
image_only,120,D50,2.401662904,2.4250944224091806,0.8858704607073691,0.013235947388621308
image_only,121,D50,2.408329379,2.4149543227701087,0.8816803729588361,0.01131989919597171
image_only,122,D50,2.409795375,2.407304055863694,0.8785074723285269,0.011193689983057425
image_only,123,D50,2.433450011,2.424376665030466,0.8855744459993673,0.011309042364022241
image_only,124,D50,2.434746684,2.4140284873218465,0.8812969234846852,0.011365516765912307
image_only,125,D100,2.383093911,2.389163759200783,0.8709434131693,0.01234885020050317
image_only,126,D100,2.377584742,2.40023468126084,0.8755665164320534,0.011897426265699373
image_only,127,D100,2.412540012,2.4028587321573447,0.8766591669102813,0.011962026611740189
image_only,128,D100,2.430015758,2.4020419361772993,0.8763191823635472,0.011796927065757856
image_only,129,D100,2.430136719,2.3948677573169195,0.8733280131868114,0.011794601300109266
image_only,130,D200,2.428161204,2.4183081731146823,0.8830681936640987,0.012181893623909035
image_only,131,D200,2.404430077,2.418574724476058,0.8831784098373198,0.011946885800059374
image_only,132,D200,2.384685146,2.4201627194514006,0.8838347773508526,0.01198320937846055
image_only,133,D200,2.384331984,2.4065946339618876,0.8782127333019489,0.012015395717382063
image_only,134,D200,2.388001759,2.4159277394233563,0.8820833704462058,0.011873007941441128
image_only,135,D400,2.4082186,2.4053240219820666,0.8776846229575304,0.010761696416352254
image_only,136,D400,2.417180474,2.406822680809312,0.8783074879565662,0.010826260668586612
image_only,137,D400,2.394055265,2.404235692138327,0.8772320535220703,0.010768336735366427
image_only,138,D400,2.419993966,2.405896288138422,0.87792251111154,0.010781351223926173
image_only,139,D400,2.429802299,2.397531802742631,0.8744397926479074,0.010765194180145599
image_only,140,D600,2.420626025,2.411347513835659,0.8801857256168268,0.010414090545988552
image_only,141,D600,2.394758376,2.410588345423732,0.8798708444403209,0.010401201669577675
image_only,142,D600,2.384010172,2.3937604124469445,0.8728655237846461,0.010416871023247882
image_only,143,D600,2.418643886,2.4103223054648515,0.8797604752680146,0.010499203230633143
image_only,144,D600,2.39934375,2.3948994841742026,0.8733412609525937,0.01062247271253955
image_only,145,D800,2.360297782,2.335898371858118,0.8483965588218785,0.010435166608745357
image_only,146,D800,2.375450943,2.3354472656688046,0.848203421244093,0.01044595324243708
image_only,147,D800,2.371242957,2.353643131564179,0.8559643964806776,0.010312853830641702
image_only,148,D800,2.383375605,2.3403326329865446,0.8502930701160862,0.010484063133833531
image_only,149,D800,2.365110163,2.351069951772138,0.8548705231655395,0.010293991055606612
image_only,150,S50,2.38150949,2.3717551368202914,0.8636302451239802,0.011294838854897288
image_only,151,S50,2.394125437,2.37880886422396,0.8665998851860359,0.011279463834379196
image_only,152,S50,2.396222224,2.3824513291140534,0.8681299278439788,0.011312166562004084
image_only,153,S50,2.392269046,2.377074942256209,0.8658707159652849,0.011309943883734212
image_only,154,S50,2.369866879,2.3786894015109388,0.866549664374015,0.011340905031379895
image_only,155,S100,2.374401007,2.391921894491184,0.872097182750582,0.011079698991616118
image_only,156,S100,2.370325356,2.3924499887134165,0.8723179407674204,0.011120210380747526
image_only,157,S100,2.391706078,2.3989269867444065,0.8750215485233805,0.0113039436310803
image_only,158,S100,2.424080577,2.4021509170760913,0.8763645514409926,0.011263519388635176
image_only,159,S100,2.379081599,2.3859203840930356,0.8695849551781119,0.011053494811254356
image_only,160,S200,2.41122508,2.359597382234887,0.8584910037356265,0.011195858412314784
image_only,161,S200,2.384056674,2.3616269333736954,0.8593507600734543,0.011322860930279708
image_only,162,S200,2.375336473,2.3674591053356053,0.8618172725754172,0.011567973070722957
image_only,163,S200,2.354090276,2.3632844961158965,0.8600523871134257,0.011636980600511437
image_only,164,S200,2.349382093,2.360907841048093,0.8590462234779571,0.01161254965342124
image_only,165,S400,2.333697666,2.3702715578807836,0.8630045299673912,0.01043100939650361
image_only,166,S400,2.347239773,2.3619610231989863,0.8594922160297822,0.010483936599633698
image_only,167,S400,2.35748471,2.369580651883753,0.8627129993578502,0.010432490180521723
image_only,168,S400,2.334848634,2.3622799307186355,0.8596272250283683,0.010469969841618217
image_only,169,S400,2.323961879,2.3690287825547904,0.8624800747671687,0.01043408029941426
image_only,170,S600,2.352788986,2.36970629779375,0.8627660224861649,0.010634095486217895
image_only,171,S600,2.360231398,2.371048651044783,0.8633323260818553,0.010685466676001799
image_only,172,S600,2.337840207,2.3688776377044025,0.8624162723882138,0.010630176464099531
image_only,173,S600,2.352483628,2.3702494833158436,0.8629952168287095,0.010733558320945455
image_only,174,S600,2.358437625,2.3693719732553165,0.8626249298433061,0.01071168280884504
image_only,175,S800,2.327082283,2.308838068014984,0.8367443971270183,0.01376810438225477
image_only,176,S800,2.375686483,2.312273291600067,0.8382311495337582,0.01388027154232227
image_only,177,S800,2.357065093,2.3116324093445613,0.8379539456714569,0.013673787336592797
image_only,178,S800,2.344086808,2.3153125359964766,0.8395446831759741,0.01331614239137886
image_only,179,S800,2.371926086,2.3210498682747076,0.8420196127464095,0.012750279447305972
image_only,180,D50,2.712659774,2.735763869456658,1.00641069101266,0.011260480986457986
image_only,181,D50,2.725048716,2.739822162507342,1.0078930140992097,0.011318746033319128
image_only,182,D50,2.731434141,2.731904105183936,1.004998840500972,0.01123135190654246
image_only,183,D50,2.738759908,2.72017205244188,1.0006951328816402,0.011469767378524443
image_only,184,D50,2.737732498,2.701968605619425,0.9939806205287691,0.012281954689534236
image_only,185,D100,2.675096745,2.7280612867135585,1.0035912055329537,0.011580801487844596
image_only,186,D100,2.867247482,2.7189287486129734,1.0002379603099092,0.01143203137905465
image_only,187,D100,2.696871146,2.70968660301536,0.9968329835604735,0.011800426580752964
image_only,188,D100,2.647227765,2.712402816227257,0.9978348901057519,0.011740612168313224
image_only,189,D100,2.657785564,2.726543359379111,1.0030346382023705,0.011395219529992593
image_only,190,D200,2.748276141,2.722945779353665,1.0017143013940957,0.01145781398524526
image_only,191,D200,2.682650303,2.7315482512250573,1.00486857343313,0.01144235526745524
image_only,192,D200,2.701945369,2.7142941559152907,0.9985319401803454,0.011012153614069861
image_only,193,D200,2.740214864,2.707147910709864,0.9958956492243638,0.01108676264138976
image_only,194,D200,2.744762506,2.732394905114521,1.0051784792546272,0.011314490022980257
image_only,195,D400,2.766825409,2.796428028947095,1.028342898830713,0.012276166280443701
image_only,196,D400,2.901334736,2.748422076508233,1.0110269566371506,0.013367764186072143
image_only,197,D400,2.782567861,2.698610180463487,0.9927368925055765,0.015906636939298197
image_only,198,D400,2.801594694,2.70377213619837,0.9946478854724652,0.014920484666715049
image_only,199,D400,2.750904643,2.69842454314486,0.9926681001674844,0.016550751076516608
image_only,200,D600,2.782887365,2.691647258787398,0.9901533700569927,0.01042803638555985
image_only,201,D600,2.84132757,2.6886442505018358,0.9890370704690536,0.010421217836781174
image_only,202,D600,2.766425103,2.6863772687160115,0.9881935456897989,0.010417927706714597
image_only,203,D600,2.732959456,2.6707530125532415,0.9823604598234694,0.01044771114748175
image_only,204,D600,2.763235638,2.680566148096414,0.9860280215024828,0.010420574483905562
image_only,205,D800,2.63522,2.7538388211557088,1.012995873232752,0.0112945754241522
image_only,206,D800,2.651727808,2.7730660270343144,1.0199535770369055,0.011427561360951053
image_only,207,D800,2.695769239,2.761370426131376,1.0157270877052493,0.011424355232126494
image_only,208,D800,2.623911376,2.7636513131330642,1.0165527449565337,0.011372177827083916
image_only,209,D800,2.604061726,2.7531913271112978,1.0127607214249856,0.011537387955894561
image_only,210,S50,2.731521141,2.6837380446979284,0.9872106155005789,0.011064191044523733
image_only,211,S50,2.632174683,2.6813280208865353,0.9863122019697721,0.011074241390633732
image_only,212,S50,2.697323437,2.704078810453158,0.994761303633632,0.011097225454304478
image_only,213,S50,2.665334753,2.6905339976966838,0.9897396860677181,0.011050678657371119
image_only,214,S50,2.709654543,2.6832636694929173,0.9870338407456939,0.011060796436666904
image_only,215,S100,2.644428335,2.6844824817280113,0.9874879651478932,0.011049544179577975
image_only,216,S100,2.67892849,2.689504412176924,0.9893569432492137,0.011043755364571464
image_only,217,S100,2.651410329,2.6854159408265903,0.9878356287476591,0.01110896703023047
image_only,218,S100,2.645760415,2.6743760601935276,0.9837161046155177,0.01107516178532254
image_only,219,S100,2.649109535,2.6675647809134744,0.9811659891523006,0.011364087421258742
image_only,220,S200,2.67459967,2.7048447431739966,0.9950445144123995,0.010539157636430142
image_only,221,S200,2.653136363,2.691385652479772,0.990056173434886,0.010920755519067868
image_only,222,S200,2.703511806,2.694066425085205,0.9910517343602241,0.010748480873128465
image_only,223,S200,2.650051828,2.6977400175339707,0.9924143919616417,0.010726719145113002
image_only,224,S200,2.691075341,2.6958468651485568,0.9917123906759152,0.010819167208687698
image_only,225,S400,2.800140568,2.6918649236676995,0.9902342335799283,0.010578065327926826
image_only,226,S400,2.686679766,2.683221391501084,0.987018084439153,0.010586096544476073
image_only,227,S400,2.64679232,2.6886330289787113,0.989032896786894,0.010533053231575946
image_only,228,S400,2.721755729,2.6926473086725853,0.9905248392937358,0.010570707798774854
image_only,229,S400,2.689948259,2.690915095961348,0.9898813201364118,0.010576950451996355
image_only,230,S600,2.647347587,2.679028528554074,0.9854542394621266,0.010777413575163337
image_only,231,S600,2.628741468,2.673649366165178,0.9834443429932784,0.010833678095078136
image_only,232,S600,2.6300257,2.680904692224044,0.9861543092836393,0.010813263644552689
image_only,233,S600,2.653703494,2.667019770903497,0.980961658334566,0.010823879434285706
image_only,234,S600,2.628540977,2.6581724872442285,0.9776388518064072,0.010855462069174352
image_only,235,S800,2.664593931,2.6410384822742135,0.971172204308502,0.011035019963639271
image_only,236,S800,2.656532806,2.6433774292019288,0.9720574287570067,0.011150427000859347
image_only,237,S800,2.702334908,2.644205035881484,0.9723704665930228,0.011077744206499634
image_only,238,S800,2.646022521,2.6275494586735997,0.9660516470641598,0.0112094575942701
image_only,239,S800,2.700193466,2.636898058056022,0.9696032483212901,0.011172043014995865
image_only,240,D50,2.994801895,3.0218700883679808,1.1058758742991048,0.013296329502394039
image_only,241,D50,3.017042885,3.0426613164133993,1.1127325654808504,0.011986499611365619
image_only,242,D50,3.041828615,2.9535784731209986,1.0830174769469778,0.013850424811353894
image_only,243,D50,2.99137326,2.9919234780785144,1.095916484276654,0.013500160761262963
image_only,244,D50,2.98648365,2.9617205680683574,1.0857703724583256,0.014118042338510365
image_only,245,D100,2.991563797,2.9284993659467315,1.0744901300364016,0.01365077585852246
image_only,246,D100,3.009996481,2.9308652551196457,1.0752976883484358,0.015375781316069691
image_only,247,D100,2.962123796,2.9328117932403783,1.0759616192491939,0.014526619217635848
image_only,248,D100,2.956168224,2.9341170928703493,1.0764065878782147,0.014102090975584958
image_only,249,D100,2.915595762,2.9402880028701475,1.0785075367127213,0.014140951691737845
image_only,250,D200,3.125488432,3.0858599508262565,1.1268303708069112,0.01202766468080451
image_only,251,D200,2.986670763,3.0867016668410057,1.1271030990750446,0.011869978609982797
image_only,252,D200,3.122846689,3.0206456187047084,1.1054705895669197,0.01231830538822569
image_only,253,D200,3.025946716,3.0727049870145224,1.1225582769175482,0.01174222198850416
image_only,254,D200,3.063166499,3.086793737607518,1.1271329268340327,0.011797823565187543
image_only,255,D400,3.154841788,3.1265516649561813,1.1399306927427297,0.013591679380869921
image_only,256,D400,3.024652821,3.146454053408322,1.1462761214337158,0.013724120219527928
image_only,257,D400,3.205285799,3.1369647977157893,1.1432557075057277,0.013360642615886436
image_only,258,D400,3.203743204,3.1181804768225603,1.1372496511999082,0.013754618657854342
image_only,259,D400,3.038918026,3.1430088445225506,1.1451805718498265,0.013655800843616785
image_only,260,D600,3.342236258,3.1162784120158817,1.1366394731877962,0.011337147136645784
image_only,261,D600,3.081920399,3.097708149640595,1.13066253150168,0.011475766388685235
image_only,262,D600,3.123416728,3.115470413925453,1.136380156544098,0.011311843721454143
image_only,263,D600,3.124444876,3.1122491231973815,1.1353456555534374,0.011382038498262819
image_only,264,D600,3.296475183,3.1119752247113155,1.1352576450734377,0.01129211638919325
image_only,265,D800,3.007268472,3.023347874734962,1.1063647851722735,0.01048414051355063
image_only,266,D800,3.095796473,3.0161973108551448,1.1039968693768942,0.010435972093797636
image_only,267,D800,2.985437636,3.0061496125217086,1.1006600613902064,0.010413681562925292
image_only,268,D800,3.011094667,2.9989314338806867,1.0982560365114074,0.010399807332082574
image_only,269,D800,3.168463788,3.0036176391833775,1.0998174419069235,0.010368300849513193
image_only,270,S50,2.959020881,2.9626783497435056,1.0860937070942203,0.014191929733080293
image_only,271,S50,2.959927376,2.995952284506542,1.097262139128461,0.011970219216377413
image_only,272,S50,3.018549894,2.990955698548691,1.0955929679529264,0.01145578586742595
image_only,273,S50,2.976615558,3.0003656825351475,1.0987341754180004,0.011863555544506979
image_only,274,S50,2.981243906,2.9858033761906926,1.0938688483858234,0.0117062603464439
image_only,275,S100,2.939393159,3.0511941532192766,1.1155330396388192,0.011100152689832768
image_only,276,S100,2.929744229,3.0399694878691084,1.1118474784825987,0.011112051071968792
image_only,277,S100,3.000321687,3.0367503688507593,1.1107879860605752,0.01109078792256913
image_only,278,S100,3.087471777,3.051139778710119,1.1155152187493806,0.01110294383164547
image_only,279,S100,3.109757546,3.0477036092977157,1.1143883920521265,0.011100484299801504
image_only,280,S200,2.983634778,2.9271650330735737,1.0740343891314152,0.010852244208251238
image_only,281,S200,3.076031721,2.8897058617164366,1.0611547189918233,0.011098235516572075
image_only,282,S200,2.978891815,2.9055624750178706,1.0666269946311822,0.01096895824032168
image_only,283,S200,3.074036077,2.902013684891142,1.0654048701266672,0.011012674634971796
image_only,284,S200,3.157526941,2.926181001045262,1.07369816023538,0.010873571848284549
image_only,285,S400,2.893415666,3.050558638209954,1.1153247339164,0.010461374603913689
image_only,286,S400,2.835511238,3.0294707716951996,1.1083879414590885,0.010474017581434035
image_only,287,S400,2.874224375,3.0072240850397365,1.1010174223604379,0.01047783202399655
image_only,288,S400,2.877137236,3.0053497209834803,1.1003939409105814,0.01045983669878081
image_only,289,S400,2.934912279,3.0561444932706525,1.1171541520159256,0.010487246343203754
image_only,290,S600,2.909473986,2.9557087644403777,1.0837384747005214,0.010656031148567124
image_only,291,S600,3.056239128,2.9800116615699177,1.0919272137881522,0.010620253128218666
image_only,292,S600,3.048550845,2.922287054382272,1.072366547511679,0.01072084560891804
image_only,293,S600,3.107367274,2.9565701461003138,1.0840298620586162,0.010651575916738322
image_only,294,S600,2.952127628,2.922198988620647,1.0723364111537568,0.01071413912489833
image_only,295,S800,2.823288905,2.9046362190127923,1.0663081566493153,0.01573193107728073
image_only,296,S800,2.863719184,2.9073760485909945,1.0672509728909216,0.01521994484880257
image_only,297,S800,2.851970661,2.915000989745388,1.069870159337694,0.01352405045174493
image_only,298,S800,2.838814561,2.905617881736599,1.0666460636379342,0.014243843944859953
image_only,299,S800,2.819979547,2.923594545758914,1.07281386803162,0.012365802361286237
image_only,300,D50,1.552767498,1.5757284529607642,0.45471767516925743,0.014487901853194245
image_only,301,D50,1.548674901,1.5758327609348775,0.4547838696468969,0.014469723117062624
image_only,302,D50,1.557422765,1.5758093411417233,0.4547690076845319,0.013842089154924636
image_only,303,D50,1.562692913,1.576270554937964,0.4550616486167023,0.014934193208789123
image_only,304,D50,1.558102838,1.5756564557953927,0.454671982772125,0.0144095106946469
image_only,305,D100,1.572517305,1.549025894755785,0.43762627837426993,0.013816888854625039
image_only,306,D100,1.578127171,1.5491369488187423,0.4376979686427368,0.013813212983813857
image_only,307,D100,1.571879021,1.5493713511127694,0.43784926873412555,0.014846287565297147
image_only,308,D100,1.585865962,1.5493335470760918,0.43782486883938143,0.015268880808520414
image_only,309,D100,1.566831298,1.549647082029173,0.43802721599263983,0.015175796499786329
image_only,310,D200,1.566116653,1.5625078926117477,0.44629215388718046,0.011107985824320057
image_only,311,D200,1.576968715,1.5620496322629385,0.4459988257289072,0.011163147384885897
image_only,312,D200,1.576836284,1.5636165694946125,0.4470014518967673,0.011165372091472104
image_only,313,D200,1.583116266,1.5598776053516452,0.44460736007552754,0.011298061171512844
image_only,314,D200,1.576286602,1.5582207944486732,0.44354465399864185,0.011744206928021785
image_only,315,D400,1.567755435,1.5679150981209191,0.44974677385567896,0.011334320140196563
image_only,316,D400,1.562605939,1.568215690022296,0.44993846988024144,0.011255507485567048
image_only,317,D400,1.567598269,1.568188758435919,0.44992129633848676,0.011241171769047228
image_only,318,D400,1.55788804,1.567837284766525,0.44969714407315226,0.01259615995625381
image_only,319,D400,1.555636875,1.569057944297089,0.450475403787322,0.014916215136245093
image_only,320,D600,1.568956739,1.5791905321035107,0.4569123943039246,0.011132959163434708
image_only,321,D600,1.571242561,1.5799212870735606,0.4573750274900293,0.011319526741075276
image_only,322,D600,1.573089533,1.5735620673307509,0.4533418821404674,0.010253047085714605
image_only,323,D600,1.568257404,1.5720788139380826,0.45239882884317073,0.010142082460129912
image_only,324,D600,1.575665406,1.5771900925101092,0.4556448413062648,0.010732266311210974
image_only,325,D800,1.561065551,1.5694502260419352,0.4507253835392286,0.010423928348892376
image_only,326,D800,1.571763461,1.5687138958168323,0.45025610901436425,0.010614605584046552
image_only,327,D800,1.576918877,1.5692839815789008,0.4506194526434004,0.01046010839777851
image_only,328,D800,1.581314446,1.5694571201990781,0.450729776250693,0.010422978167574901
image_only,329,D800,1.566478551,1.5703172811928847,0.4512776888745709,0.0103006227876308
image_only,330,S50,1.553567545,1.579590568764738,0.45716567976473477,0.015951888239114188
image_only,331,S50,1.564751479,1.570797408794412,0.45158339411150283,0.011023810133488283
image_only,332,S50,1.551504027,1.5708063105552557,0.45158906112850367,0.011228747419318763
image_only,333,S50,1.564022461,1.5710860985635473,0.4517671627135351,0.011525345398608156
image_only,334,S50,1.570885043,1.5712246830310168,0.4518553681630859,0.011244791221038332
image_only,335,S100,1.566786998,1.5666594826017706,0.44894563446405156,0.010949344468778112
image_only,336,S100,1.57161871,1.5673016506107333,0.44935544683290624,0.010993698053239158
image_only,337,S100,1.576159572,1.568615781328502,0.4501935625188033,0.011115143401150003
image_only,338,S100,1.574140115,1.568138763632246,0.44988941522701115,0.0111369955302572
image_only,339,S100,1.575161986,1.569657144758111,0.45085721637706017,0.011250355453434585
image_only,340,S200,1.55049502,1.568081374328609,0.4498528174748645,0.010490670198307019
image_only,341,S200,1.55748727,1.5674468060907307,0.44944805744081057,0.010598165404719778
image_only,342,S200,1.552948023,1.5679117440750918,0.4497446346777231,0.010549639686460457
image_only,343,S200,1.570748186,1.5697638199385089,0.4509251748838286,0.010564493402748157
image_only,344,S200,1.560910389,1.5691031951461534,0.45050424287305196,0.010570927369578547
image_only,345,S400,1.569008578,1.5684258718005482,0.4500724869647084,0.010212759417447273
image_only,346,S400,1.576788168,1.5703918309348353,0.4513251620656898,0.01035100187287746
image_only,347,S400,1.590173634,1.5688441868649516,0.45033916153148795,0.010199947971066266
image_only,348,S400,1.579849587,1.5691000259143895,0.45050222309833343,0.010204582111362737
image_only,349,S400,1.569267854,1.5685249201516511,0.4501356364099531,0.0102051075713206
image_only,350,S600,1.587079653,1.5737024691583361,0.45343110363808903,0.010543149833055461
image_only,351,S600,1.567946889,1.5740975778145299,0.45368214160261827,0.0105932450897298
image_only,352,S600,1.571871059,1.5739890471285731,0.4536131913487468,0.01057479416634968
image_only,353,S600,1.569880939,1.5735549076749147,0.4533373321628892,0.0106392467682159
image_only,354,S600,1.566603451,1.5738804362599483,0.4535441853945666,0.010563380054872258
image_only,355,S800,1.561161878,1.5736150358593843,0.45337554311784606,0.011210259163532911
image_only,356,S800,1.567127956,1.5739390917261704,0.45358145275739176,0.01108486118974416
image_only,357,S800,1.5717416,1.5726512677625326,0.4527629006813894,0.010725857421659341
image_only,358,S800,1.580639482,1.5726598349183487,0.45276834825432355,0.010802512096576523
image_only,359,D50,2.106587464,2.0681316927689344,0.7266456358415087,0.021943185245761332
image_only,360,D50,2.117544335,1.9997179446984383,0.6930061429638302,0.03173562652157633
image_only,361,D50,2.118184975,2.0161890964384956,0.7012091436469357,0.029453485208468553
image_only,362,D50,2.099811401,2.011630433956356,0.6989455544298789,0.02695726716152463
image_only,363,D50,2.091618493,2.0729223260186584,0.7289593633925836,0.01859932962690432
image_only,364,D100,2.060357876,2.029698902265644,0.7078874580455308,0.01787057063908087
image_only,365,D100,2.051589607,2.0445820314205996,0.7151933829917805,0.016853286924744998
image_only,366,D100,2.058574592,2.028537128352954,0.7073149068505475,0.01768221670530482
image_only,367,D100,2.052924413,2.0229883397983954,0.7045757943520897,0.017766276601671422
image_only,368,D100,2.049683521,2.0293980982474387,0.7077392457615089,0.01717091326338702
image_only,369,D200,2.057366791,2.0565323531720265,0.7210212407172921,0.012070092298744325
image_only,370,D200,2.058764596,2.0560730599475905,0.72079788195553,0.011571270511088692
image_only,371,D200,2.057642712,2.066184696735145,0.7257037649277744,0.012731799628093168
image_only,372,D200,2.069375924,2.0629285584991974,0.7241266035811955,0.012026978424988895
image_only,373,D200,2.056356092,2.066263202524662,0.7257417597392954,0.01203844950973218
image_only,374,D400,2.0430377,2.0640874824000477,0.7246882316048466,0.013227312820645706
image_only,375,D400,2.067464556,2.031672210269365,0.7088592028599414,0.014755068379058158
image_only,376,D400,2.05092407,2.0646519844997098,0.724961681701519,0.012954773652910163
image_only,377,D400,2.046116935,2.04914091745752,0.7174206406633171,0.013474904540894225
image_only,378,D400,2.040174013,2.058437133972556,0.7219470220347597,0.012737863763317914
image_only,379,D600,2.030799499,2.0240851483710895,0.7051178198936338,0.010399886969209706
image_only,380,D600,2.029389278,2.0215274548756006,0.7038533914438104,0.01031715758588201
image_only,381,D600,2.035717652,2.0228210547854553,0.7044930989026899,0.010361680021230604
image_only,382,D600,2.032341943,2.0321638811482807,0.7091011766355833,0.010589625482541358
image_only,383,D600,2.038835416,2.0236306908091377,0.7048932697612049,0.010379666978893538
image_only,384,D800,2.00530262,2.010672010894221,0.6984689999721202,0.010095181108915004
image_only,385,D800,2.009512232,1.9998668883649688,0.693080622527493,0.010302598184002903
image_only,386,D800,2.00461922,1.9984131296628638,0.6923534304550951,0.012258960874501235
image_only,387,D800,2.017234302,2.007314055298099,0.6967975375416453,0.010173062081788092
image_only,388,D800,2.007206069,1.9935727433090822,0.6899283774213664,0.011598160077646396
image_only,389,S50,2.034582604,2.025805590819007,0.705967444074732,0.011448247097653665
image_only,390,S50,2.023307961,2.0257187484356893,0.7059245750821952,0.011470049497128657
image_only,391,S50,2.025826924,2.025670483784199,0.7059007488592745,0.011540725055786464
image_only,392,S50,2.013036975,2.0257668959257424,0.7059483429018455,0.011646179499213526
image_only,393,S50,2.03287125,2.0233560365164553,0.7047575370239317,0.011699029721926461
image_only,394,S100,2.019725426,2.0350362500388894,0.7105136320228271,0.011040958438995942
image_only,395,S100,2.039797618,2.044082274196398,0.7149489230951811,0.011151300679183518
image_only,396,S100,2.036185006,2.034586780808552,0.7102927421621409,0.01106071578463001
image_only,397,S100,2.03838733,2.0333843096185693,0.7097015525011154,0.011038825228248565
image_only,398,S100,2.036193882,2.03558537756853,0.7107834323546719,0.011194109674654153
image_only,399,S200,2.012022796,2.011944582229458,0.6991017082346304,0.011108547809304505
image_only,400,S200,2.023972604,2.013813351231204,0.7000301143469023,0.010987190511496792
image_only,401,S200,2.013429352,2.0098127582789873,0.698041562646699,0.01137428865415734
image_only,402,S200,2.013525821,2.0079955227922173,0.6971369721418462,0.01139229342451295
image_only,403,S200,2.013365047,2.0100630859594917,0.698166107627951,0.011376706174868271
image_only,404,S400,2.000918649,2.013692722181535,0.6999702117434021,0.010358997958799094
image_only,405,S400,2.006587247,2.0137085705219437,0.6999780819998067,0.010246679146450223
image_only,406,S400,2.007552339,2.0169313396962685,0.7015772175876503,0.010230263764484795
image_only,407,S400,2.016135748,2.0084790392235705,0.6973777387276784,0.010358188927502282
image_only,408,S400,2.007400124,2.0214799086219157,0.703829871202855,0.010266989765304175
image_only,409,S600,2.002293432,2.0055745568631362,0.695930581733979,0.010579536690262924
image_only,410,S600,2.009319501,2.0109711222173936,0.698617750775622,0.010534218298245692
image_only,411,S600,2.017374996,2.0064901948494613,0.6963870240193791,0.010578765125779382
image_only,412,S600,2.016442329,2.0048076804015245,0.6955481361586756,0.010624977534788879
image_only,413,S600,2.004084507,2.0035229789364943,0.6949071204250918,0.010532601650262704
image_only,414,S800,2.007171096,2.0133446893455313,0.6997973636661164,0.010836020302439941
image_only,415,S800,2.008164277,2.0111440748459266,0.6987037516085997,0.010758668268282204
image_only,416,S800,2.006201599,2.014657069309451,0.7004489919865553,0.01070943561572482
image_only,417,S800,2.010861938,2.0122663229168376,0.6992616107326101,0.010897028497791096
image_only,418,S800,2.001144559,2.0111700492084825,0.6987166667424034,0.010860418328055524
image_only,419,D50,2.484568666,2.3288316379312564,0.8453666988650913,0.023548205173467094
image_only,420,D50,2.497363881,2.334702239942491,0.8478843626222057,0.022753498420895222
image_only,421,D50,2.49842825,2.330753911910742,0.8461917825846517,0.023040967926645048
image_only,422,D50,2.461581844,2.3444849318145997,0.8520657324910644,0.021668627435500003
image_only,423,D50,2.435941445,2.4339563656635024,0.889518067397045,0.013189317693738996
image_only,424,D100,2.40022232,2.4024344813231413,0.8764825904490925,0.013815469682771135
image_only,425,D100,2.377815583,2.3857237415791333,0.869502533895705,0.015042610712143854
image_only,426,D100,2.394952399,2.3854760913746738,0.8693987234440985,0.01492621883279396
image_only,427,D100,2.394366926,2.380870138374379,0.8674660252253776,0.014649064541187692
image_only,428,D100,2.379854414,2.387150243594404,0.8701002878117636,0.014868712698739439
image_only,429,D200,2.376433228,2.3772520933051924,0.8659452379944765,0.011342164824786395
image_only,430,D200,2.409641323,2.3929836130207622,0.8725409610217874,0.013155588888240885
image_only,431,D200,2.405379084,2.4149864792242877,0.8816936884239722,0.012484367875743996
image_only,432,D200,2.374945926,2.389707999630027,0.8711711825923195,0.011339930311781495
image_only,433,D200,2.383753703,2.381927138412328,0.8679098820573506,0.011872802447975058
image_only,434,D400,2.422115978,2.3930400309372026,0.8725645371345023,0.015071075210259138
image_only,435,D400,2.412479091,2.4251177191254563,0.8858800671804865,0.01314002947686434
image_only,436,D400,2.389934264,2.403172720585443,0.8767898312355704,0.014058697770368262
image_only,437,D400,2.384713733,2.393346420951783,0.8726925627413263,0.014836381690297086
image_only,438,D400,2.399226086,2.433305215100849,0.8892505039814639,0.012910945647761548
image_only,439,D600,2.360350625,2.334949517608944,0.8479902710194581,0.010324139861585238
image_only,440,D600,2.354270436,2.337094889989788,0.8489086580656706,0.010327430163834755
image_only,441,D600,2.37100385,2.3369288507672206,0.8488376104065884,0.010340864342475675
image_only,442,D600,2.328001537,2.3266413028290063,0.8444257266838598,0.010363544367780973
image_only,443,D600,2.321628667,2.3200888762930947,0.8416054936914809,0.01036605003007191
image_only,444,D800,2.324864186,2.3371779136822277,0.8489441817485771,0.011592769133276466
image_only,445,D800,2.332444837,2.334674739854341,0.8478725837111136,0.011736148594001789
image_only,446,D800,2.333356188,2.35178089124173,0.8551728672112002,0.011468215783604099
image_only,447,D800,2.344244002,2.3418496954070065,0.8509410852368771,0.011522426939559323
image_only,448,D800,2.392456042,2.3539461447084324,0.8560931303726504,0.011414602356367558
image_only,449,S50,2.358059239,2.3292576612851987,0.8455496165069672,0.011504528856897263
image_only,450,S50,2.359048519,2.3454464698625546,0.8524757760414172,0.011214204456211015
image_only,451,S50,2.346389412,2.34146843467719,0.8507782687379467,0.011229910857131417
image_only,452,S50,2.368014463,2.347889866776301,0.8535169957449446,0.01122146016220494
image_only,453,S50,2.377940402,2.347747409749659,0.8534563194114477,0.011225220684437728
image_only,454,S100,2.355055985,2.3664344045962014,0.8613843516602093,0.011080101951264468
image_only,455,S100,2.34418626,2.3700695531523435,0.8629193020380795,0.011112426894922397
image_only,456,S100,2.350460873,2.3692312524486376,0.8625655364735652,0.011083895691533795
image_only,457,S100,2.354754656,2.365259794677063,0.8608878656685968,0.011023798694783819
image_only,458,S100,2.348310931,2.3672897188412545,0.861745722214157,0.011032803229945399
image_only,459,S200,2.31502858,2.308300604397957,0.8365115847046122,0.011279036579417027
image_only,460,S200,2.327331882,2.3115773076759725,0.8379301086958645,0.01116662731695128
image_only,461,S200,2.321342581,2.3137563799906635,0.8388723423261504,0.011210043887087216
image_only,462,S200,2.354421515,2.340374563924538,0.8503109866129874,0.010759100752651943
image_only,463,S200,2.346264224,2.3388517884289377,0.8496601202369285,0.01071096078144553
image_only,464,S400,2.302433632,2.3042675545065276,0.8347628621794353,0.01035783420278981
image_only,465,S400,2.301666197,2.3076475830393797,0.8362286433298752,0.010332540438761091
image_only,466,S400,2.301228007,2.310889114636076,0.8376323485902815,0.010320523432532123
image_only,467,S400,2.312349059,2.2999303615081286,0.8328788448715665,0.010405090675399856
image_only,468,S400,2.29357413,2.315432457533098,0.8395964768017583,0.010292556717411085
image_only,469,S600,2.306805401,2.299812157543453,0.832827448966595,0.010676265383493404
image_only,470,S600,2.300352377,2.3005156072875588,0.833133274892724,0.010671639700093098
image_only,471,S600,2.312753062,2.3088281621196507,0.8367401066933491,0.01067708932900945
image_only,472,S600,2.305671252,2.303189649082938,0.8342949661597328,0.010670315837208259
image_only,473,S600,2.308124581,2.3057558646906324,0.8354085466371821,0.010675883231757022
image_only,474,S800,2.283433535,2.2957110570549597,0.8310426243076005,0.011157490239434097
image_only,475,S800,2.28344892,2.2938254487980756,0.8302209254887438,0.01152837013977134
image_only,476,S800,2.305620968,2.2946505714627907,0.8305805754770912,0.01134173543941281
image_only,477,S800,2.285418849,2.3089142239875144,0.8367773811277708,0.010829661431931141
image_only,478,S800,2.29616334,2.3167089831759307,0.8401476368608742,0.010828759973444688
image_only,479,D50,2.690730088,2.747641577655517,1.0107429355969753,0.011661974281151666
image_only,480,D50,2.738434207,2.8368687266051156,1.0427008828509958,0.01328092630912146
image_only,481,D50,2.817365633,2.7968934430587202,1.028509316625588,0.01667962856805512
image_only,482,D50,2.759699812,2.822660182161434,1.037679767304315,0.013545352895773419
image_only,483,D50,2.814001244,2.6956995478663752,0.9916577431700113,0.027948510477281304
image_only,484,D100,2.632649339,2.6364709905753685,0.9694412769221147,0.014601698352226744
image_only,485,D100,2.670840698,2.6370596272251547,0.9696645188808297,0.013904364521272167
image_only,486,D100,2.656750954,2.641017753377975,0.9711643555104909,0.014743221384986353
image_only,487,D100,2.667506004,2.6423147125362885,0.9716553180583649,0.013752860959323852
image_only,488,D100,2.657418213,2.634571818736884,0.9687206711560936,0.01374040596275045
image_only,489,D200,2.588700967,2.588605923665093,0.9511194773899168,0.010864057986433433
image_only,490,D200,2.613579889,2.6368985865360837,0.9696034487385973,0.011199854615943415
image_only,491,D200,2.697432993,2.6924319154064285,0.9904448429715615,0.012721605070974347
image_only,492,D200,2.669193554,2.6914086187421384,0.9900647066468982,0.012304005326348405
image_only,493,D200,2.699238938,2.6954261552595806,0.9915563199711901,0.012565382334407845
image_only,494,D400,2.610637885,2.6245329485025892,0.9649029558332007,0.010598443959046272
image_only,495,D400,2.659162876,2.6221853881453576,0.964008087702967,0.010560070341494737
image_only,496,D400,2.621120179,2.627122123736006,0.9658889975315168,0.01061553089526864
image_only,497,D400,2.716696143,2.6795853290963465,0.9856620546020369,0.011482998832366649
image_only,498,D400,2.661629247,2.6843790934463083,0.9874494511052909,0.011524279634420785
image_only,499,D600,2.72971974,2.6043749205125644,0.9571926926738468,0.010080422112664094
image_only,500,D600,2.633703639,2.606972948411247,0.9581897583771014,0.010067418930870358
image_only,501,D600,2.607496322,2.6170087307371124,0.9620319597048865,0.010105437826763554
image_only,502,D600,2.586980655,2.617751696060482,0.9623158180929628,0.010102024987012704
image_only,503,D600,2.621748382,2.6892726185347424,0.9892707550168325,0.010629082491155094
image_only,504,D800,2.655372422,2.568864224223328,0.9434638651247171,0.010253415462775159
image_only,505,D800,2.660303152,2.5732150090376855,0.9451560933675145,0.010215803318393873
image_only,506,D800,2.611077525,2.560146026179634,0.9400642983410875,0.010611567157658935
image_only,507,D800,2.607165303,2.571473776451915,0.9444791884176299,0.010285358675570936
image_only,508,D800,2.65987949,2.55014007367901,0.9361482885162044,0.011014225241844854
image_only,509,S50,2.600572749,2.578765301426132,0.9473107190458783,0.01146601561604254
image_only,510,S50,2.600756865,2.5729859984011214,0.9450670915440784,0.01136175450028016
image_only,511,S50,2.611409827,2.578544765933606,0.9472251955889676,0.011498755136015271
image_only,512,S50,2.606183706,2.5658002679640544,0.9422704252699414,0.01123924446426975
image_only,513,S50,2.601032081,2.574108085349217,0.9455030994924911,0.01123844021843389
image_only,514,S100,2.602353853,2.598247383803036,0.9548371345785596,0.011230619960628251
image_only,515,S100,2.591555322,2.6056547745489205,0.9576839966152862,0.011153263195893132
image_only,516,S100,2.593729911,2.6038175994928396,0.9569786756152564,0.011095472870978297
image_only,517,S100,2.590178255,2.60697763577233,0.9581915563845842,0.011077572796662816
image_only,518,S100,2.585105566,2.5989214229875848,0.9550965216461672,0.011061913907898029
image_only,519,S200,2.549463877,2.55799518592607,0.9392238211869638,0.011379865996727249
image_only,520,S200,2.553809437,2.5532417218241723,0.9373638152595835,0.01144393216666852
image_only,521,S200,2.557795714,2.5545838310126445,0.9378893262448259,0.011500448152073286
image_only,522,S200,2.566834809,2.5488626808432113,0.9356472521669345,0.01159141321871554
image_only,523,S400,2.593864362,2.6140796526286914,0.9609120862866309,0.010186927019696122
image_only,524,S400,2.570231272,2.6075184650391803,0.9583989893784282,0.010181181093908786
image_only,525,S400,2.541498191,2.5989301677452112,0.9550998864046539,0.010229677457684017
image_only,526,S400,2.548421595,2.60451698567175,0.9572472398450222,0.01019775872160104
image_only,527,S400,2.588285054,2.608822293227975,0.9588988908520353,0.010190367792124963
image_only,528,S600,2.580068962,2.604077910028644,0.9570786432645864,0.010821333869716458
image_only,529,S600,2.584900044,2.601801782224214,0.9562041981817101,0.010820049928653907
image_only,530,S600,2.561216983,2.6032169592138303,0.9567479722178037,0.011077555070948165
image_only,531,S600,2.587510212,2.605945624244355,0.957795612884179,0.010982847951884454
image_only,532,S600,2.581396513,2.6044909570774633,0.9572372461592484,0.01105480146616554
image_only,533,S800,2.560087009,2.6055291369407327,0.9576357781642217,0.010668213820435144
image_only,534,S800,2.596600528,2.611123400221746,0.9597805502707213,0.01067624387477681
image_only,535,S800,2.622113085,2.60342024852847,0.9568260607446712,0.010673164129375358
image_only,536,S800,2.569463249,2.605091020177176,0.957467615161977,0.010668029492287222
image_only,537,S800,2.568817026,2.6079752213294114,0.9585741429952728,0.010673338351687546
image_only,538,D50,2.984611462,3.073006007377347,1.1226562380365595,0.013468134418649684
image_only,539,D50,3.075366021,3.032616618280506,1.109425817248506,0.028485917607792167
image_only,540,D50,3.115050296,3.0279862884840614,1.1078978073232264,0.029038325769825516
image_only,541,D50,3.094452059,3.0312379158814147,1.1089710891823623,0.027832581399346877
image_only,542,D50,3.004673665,3.1617796515992493,1.1511350499578208,0.017357505521987667
image_only,543,D100,2.895548145,2.8871903812853237,1.0602838428381642,0.016415506543579428
image_only,544,D100,3.084940581,2.890119025465207,1.061297686558329,0.01611129837633441
image_only,545,D100,2.95128913,2.8449317587189897,1.0455390809001028,0.012061691095405589
image_only,546,D100,2.944572615,2.8373546895906756,1.042872170779265,0.012259132145119681
image_only,547,D100,2.924704326,2.8381620304278248,1.0431566702821022,0.012218913261703454
image_only,548,D200,2.998124447,2.9306107263852126,1.0752108403478993,0.01411006098455529
image_only,549,D200,2.966529382,2.931092364704192,1.075375174266755,0.013159431025524772
image_only,550,D200,2.971769703,2.91698545143923,1.0705507033651693,0.012662770829879563
image_only,551,D200,2.937807548,2.927196237360404,1.0740450493163234,0.013578629695658857
image_only,552,D200,2.99205482,2.924223506128827,1.0730289774508108,0.012754833503613946
image_only,553,D400,3.117623303,2.993807385444071,1.0965459504089328,0.01583792494193987
image_only,554,D400,3.108333693,2.972389987396311,1.0893663387705108,0.016459987823111297
image_only,555,D400,3.026542576,3.0433749848298004,1.1129670919885304,0.013483139425530503
image_only,556,D400,3.01931705,3.013435787293406,1.1030808853659702,0.015246381715262476
image_only,557,D400,2.919158592,3.021646585267164,1.1058019097142486,0.011705953460515046
image_only,558,D600,2.893907337,2.9570477239639015,1.0841913800582974,0.010811197065209978
image_only,559,D600,2.976918996,2.953907154098498,1.0831287530460085,0.010785252615278868
image_only,560,D600,3.111563662,2.954637653770322,1.083376021941921,0.010774459269175248
image_only,561,D600,2.942187821,2.9380212041263047,1.0777362949231586,0.010896467329754177
image_only,562,D600,2.996728535,2.9445642172949364,1.0799608324005123,0.010780847386319624
image_only,563,D800,2.883213228,2.8935632127936377,1.0624886882744242,0.01030421249842337
image_only,564,D800,2.97817025,2.8939695686905536,1.0626291128432088,0.010236883025363299
image_only,565,D800,3.035298035,2.886274602544976,1.0599666057022008,0.010170003859951041
image_only,566,D800,2.975689921,2.8844959778014996,1.0593501802959113,0.010349781203145234
image_only,567,D800,2.974881534,2.8838116591772733,1.0591129118731768,0.010219264806382756
image_only,568,S50,2.764611869,2.805039181887875,1.0314175074645775,0.012587505296296157
image_only,569,S50,2.784814878,2.816907262517866,1.0356395676984043,0.0125243490697016
image_only,570,S50,2.791268732,2.8281399291724387,1.0396192267156248,0.012982228991367998
image_only,571,S50,2.77002425,2.828731240264554,1.0398282861325914,0.01276803517925363
image_only,572,S50,2.879657362,2.8350815213401215,1.0420706920890832,0.012042061615216237
image_only,573,S100,2.81862213,2.9162084465105464,1.0702842953057519,0.011547188827758006
image_only,574,S100,2.834304486,2.929551141546959,1.074849217282298,0.011550922446762674
image_only,575,S100,2.875183276,2.919363117370631,1.0713654820011285,0.011552880240302288
image_only,576,S100,2.824508975,2.9257713723201286,1.0735581629491182,0.011553247777399555
image_only,577,S100,2.820972955,2.9221021142944825,1.0723032594305764,0.011534322133596795
image_only,578,S200,2.957256887,2.8568623733200194,1.0497239503417597,0.01071576381260852
image_only,579,S200,2.7989606,2.861897160106001,1.0514847476116491,0.01071354581431682
image_only,580,S200,2.964542875,2.8642036130460724,1.0522903405120125,0.01069527153035061
image_only,581,S200,3.094040534,2.861322684412119,1.0512839949893777,0.01069005808144039
image_only,582,S200,2.961390736,2.8717872022927913,1.0549345545316933,0.01068962568631791
image_only,583,S400,2.87458441,2.9217912831841133,1.0721968813399712,0.010370589925179103
image_only,584,S400,2.947651822,2.934617663436836,1.076577176800184,0.01041360781571933
image_only,585,S400,2.9562895,2.930232425541011,1.0750817460060373,0.010351008826781726
image_only,586,S400,2.963229596,2.927214885846818,1.0740514200634477,0.010355243623717028
image_only,587,S400,3.031494443,2.915059901096891,1.0698903688526917,0.010359767932448962
image_only,588,S600,2.826666765,2.943583131019304,1.0796275913225721,0.010521220474165155
image_only,589,S600,2.783083499,2.9336464139946306,1.0762461591642158,0.010519676441526458
image_only,590,S600,2.952572722,2.9376773989092504,1.0776192687648498,0.010609142241524996
image_only,591,S600,2.799750857,2.9293564618580756,1.0747827613140073,0.01054885155550862
image_only,592,S600,2.923157083,2.933195948009505,1.0760925958133654,0.010514809852622915
image_only,593,S800,2.859815802,2.89816690313618,1.0640784347646666,0.011882154526582188
image_only,594,S800,2.921387841,2.8956345410457267,1.0632042721700001,0.01138531509552481
image_only,595,S800,2.794301319,2.9127319169042485,1.0690914438432988,0.011280024850237925
image_only,596,S800,2.886741594,2.900603109783432,1.064918684260735,0.011111547702441413
image_only,597,S800,2.757657512,2.8998483864645737,1.0646584550962965,0.011130653237393085
image_only,598,D50,1.562679674,1.596358635286595,0.4677251826105577,0.018131506101882213
image_only,599,D50,1.567789136,1.5937694435053673,0.46610192969668673,0.019207443396978743
image_only,600,D50,1.575701472,1.5874096046696562,0.46210350822308177,0.021938831686482547
image_only,601,D50,1.570019941,1.5878329883839504,0.4623701862512296,0.021772119689485774
image_only,602,D50,1.552722579,1.590965308104588,0.46434094402966153,0.01931559932670366
image_only,603,D100,1.576622382,1.5350690724588152,0.4285753783712703,0.022715575262355108
image_only,604,D100,1.574302539,1.5343591178641953,0.4281127810643721,0.02333009014119751
image_only,605,D100,1.583288008,1.5375388191311585,0.4301829685951928,0.021388394614652133
image_only,606,D100,1.57697478,1.5413426353173967,0.43265387770801855,0.018467501502589252
image_only,607,D100,1.586395774,1.536619308759943,0.42958474927114754,0.02126533694423867
image_only,608,D200,1.573185206,1.5690108698681309,0.450445401622456,0.01327629323042893
image_only,609,D200,1.581615633,1.5694086082939676,0.4506988657821922,0.013346149224379123
image_only,610,D200,1.577652296,1.5691904808331607,0.4505598690801836,0.0133109740384168
image_only,611,D200,1.575414512,1.5681939142308303,0.44992458407180835,0.012929745680899685
image_only,612,D200,1.573976112,1.5698436465845913,0.45097602623830574,0.013864945316008103
image_only,613,D400,1.570033462,1.5676708066002856,0.4495909551165018,0.011893978783720411
image_only,614,D400,1.574157889,1.566045435549122,0.4485536109083347,0.01143386179249815
image_only,615,D400,1.57801922,1.5671193575475153,0.4492391299354958,0.011735281757613632
image_only,616,D400,1.577174853,1.567175071510895,0.4492746811350698,0.011861597359640116
image_only,617,D400,1.55836031,1.5720668642848963,0.45239122763482403,0.014459394868449391
image_only,618,D600,1.568375759,1.5669446717748734,0.4491276543745702,0.010282223510356346
image_only,619,D600,1.564564806,1.5679085429627848,0.4497425930350178,0.010361672088107206
image_only,620,D600,1.561426419,1.5757415380648814,0.4547259792966357,0.015671620542194137
image_only,621,D600,1.562924626,1.5688218221550663,0.4503249058969995,0.0104004425994896
image_only,622,D600,1.570899386,1.5673915271078103,0.4494127899232861,0.010274817112445265
image_only,623,D800,1.560605139,1.5622997165436647,0.4461589130004256,0.010539655715917045
image_only,624,D800,1.573095612,1.5606211018204743,0.44508388421648587,0.011035170166839482
image_only,625,D800,1.568672064,1.5607744153631613,0.445182118190339,0.01169498698671908
image_only,626,D800,1.584954696,1.5625719061066778,0.4463331214778098,0.012159794385505986
image_only,627,D800,1.571780184,1.5619797726047655,0.44595410165679983,0.011097680801517417
image_only,628,S50,1.585030001,1.5677918531049493,0.4496681663722947,0.012345694572526668
image_only,629,S50,1.575896097,1.5693512610081122,0.4506623244166531,0.011945323464489501
image_only,630,S50,1.558030671,1.5703955619814132,0.45132753793270103,0.011731879410317945
image_only,631,S50,1.559559837,1.5705568162649806,0.4514302165245993,0.011624974910459662
image_only,632,S50,1.558580143,1.5701108593658593,0.45114622792842995,0.011512812582396557
image_only,633,S100,1.560233628,1.5728612727412603,0.45289642739688374,0.013566826746986555
image_only,634,S100,1.565566604,1.571506768912314,0.4520348845400771,0.013299011775854219
image_only,635,S100,1.575050725,1.5714111761412672,0.45197405395350293,0.01340669202906186
image_only,636,S100,1.558494761,1.567331880289805,0.44937473436924796,0.011302211546365099
image_only,637,S100,1.576208874,1.566691641933887,0.4489661615807642,0.01157087376796877
image_only,638,S200,1.583216207,1.5634963124222627,0.44692453937269144,0.01070679407701271
image_only,639,S200,1.5638467,1.5627284923399467,0.44643332703467586,0.010838328120622041
image_only,640,S200,1.565238263,1.5633884840027137,0.44685557078151406,0.010802336774493446
image_only,641,S200,1.556928929,1.5620685805537329,0.44601095605785374,0.010914403167001324
image_only,642,S200,1.570737295,1.561283896395614,0.4455084932840112,0.011086893360302923
image_only,643,S400,1.54696515,1.56527689835333,0.44806274019668485,0.010303494409746167
image_only,644,S400,1.570397211,1.5641438175007505,0.44733859281927796,0.010414104026456573
image_only,645,S400,1.560877234,1.5655363525723838,0.44822848257660547,0.010423980418664498
image_only,646,S400,1.554539254,1.5661099270138807,0.4485947911547162,0.010612447656960367
image_only,647,S400,1.553679247,1.5664099606749067,0.44878635173386694,0.010282885585258509
image_only,648,S600,1.563733267,1.5641318088018683,0.4473309152995727,0.010568934045377095
image_only,649,S600,1.568274191,1.5636508423198257,0.44702337060131103,0.010581359970333982
image_only,650,S600,1.574524496,1.5704381060655366,0.451354628882826,0.011661056107291578
image_only,651,S600,1.565081714,1.569380782364743,0.45068113542455307,0.011247507360498978
image_only,652,S600,1.579240583,1.565249163295783,0.4480450210932489,0.02644395741131449
image_only,653,S800,1.566374266,1.5653213115022684,0.4480911137827947,0.011147785331376456
image_only,654,S800,1.55938477,1.5652925438337002,0.44807273549029464,0.011414113455733477
image_only,655,S800,1.551797708,1.5648859527992285,0.4478129477259894,0.011614370239010364
image_only,656,S800,1.559272305,1.564924372281229,0.4478374984035141,0.011234513188468728
image_only,657,S800,1.562510743,1.5647400347907896,0.44771969823923075,0.011516287889483232
image_only,658,D50,1.976807007,1.923468708183342,0.6541301749122189,0.030368701852910754
image_only,659,D50,1.977099387,1.9207334666804325,0.6527071269870182,0.03480686810771042
image_only,660,D50,1.941417591,1.9578890630542747,0.6718668842060749,0.015393506471945569
image_only,661,D50,1.950789971,1.9494881107789503,0.6675668308217391,0.01657112299131426
image_only,662,D50,1.973459585,1.9237557330229957,0.654279386295424,0.029116588572126907
image_only,663,D100,1.916011638,1.880263684996041,0.631412024983245,0.017854249123636458
image_only,664,D100,1.936770574,1.908382488484812,0.6462560185984381,0.016423342611263294
image_only,665,D100,1.935694889,1.911257236156477,0.6477612643397634,0.016600940501666786
image_only,666,D100,1.935043626,1.9066052717024047,0.6453243160490792,0.01784905391611743
image_only,667,D100,1.923452039,1.909368244122907,0.6467724251053281,0.016910823185190455
image_only,668,D200,1.935862752,1.929564466769352,0.6572943125642963,0.012017697371044226
image_only,669,D200,1.931989992,1.9280667719367346,0.6565178283359231,0.011802601233036355
image_only,670,D200,1.931671261,1.9293867274975742,0.6572021946478181,0.011860327602542835
image_only,671,D200,1.937569797,1.9274900056930608,0.6562186413280583,0.011781928588768963
image_only,672,D200,1.924824304,1.927069620248511,0.6560005176060187,0.0117027457497915
image_only,673,D400,1.941402004,1.9271055044280032,0.6560191385447839,0.016687045298954036
image_only,674,D400,1.936789975,1.9484031049634263,0.6670101165454837,0.012446383440228453
image_only,675,D400,1.941163574,1.9415769726715488,0.663500515384414,0.013591085818900015
image_only,676,D400,1.937676406,1.9277474096904617,0.656352176034251,0.01125001970849748
image_only,677,D400,1.931018644,1.9242157778789217,0.6545184966198193,0.011645058920100657
image_only,678,D600,1.927224159,1.921124323878148,0.6529106000046943,0.010537809926105575
image_only,679,D600,1.910781866,1.9180931655170483,0.6513315495865836,0.010469400456114568
image_only,680,D600,1.92201239,1.9208736968523408,0.6527801329795629,0.010502274571761864
image_only,681,D600,1.91966687,1.920034727294543,0.6523432730086944,0.010522794709133304
image_only,682,D600,1.913762311,1.9205268389431018,0.6525995436830554,0.0105506980824521
image_only,683,D800,1.88915259,1.9021089410364918,0.6429632395788757,0.010159154448807465
image_only,684,D800,1.900906673,1.8996544869645096,0.6416720206698192,0.010092698284194335
image_only,685,D800,1.913404801,1.8967987412182103,0.640167592134407,0.010155218491444717
image_only,686,D800,1.900392618,1.898204171333366,0.6409082662323154,0.01025743404633623
image_only,687,D800,1.904667126,1.8999485323706318,0.6418267975795189,0.010365328696992266
image_only,688,S50,1.899997057,1.9069239505605897,0.6454914467253391,0.011339583839748547
image_only,689,S50,1.916839241,1.9155777641181415,0.6500192816292938,0.011513175562566898
image_only,690,S50,1.899315305,1.9100801397595746,0.6471451991676328,0.011349200437268711
image_only,691,S50,1.899928153,1.907559658044936,0.6458247592024449,0.011310132881336225
image_only,692,S50,1.912556384,1.9086761892840096,0.6464099071417229,0.011589906500438996
image_only,693,S100,1.901407517,1.90242742100496,0.6431306607513422,0.011164940159366438
image_only,694,S100,1.901510538,1.9073328558566836,0.6457058556224917,0.011051900859677149
image_only,695,S100,1.915035485,1.9072503213913095,0.6456625824985083,0.011104289607804822
image_only,696,S100,1.913200167,1.9064661418193654,0.6452513408183465,0.011054321264181988
image_only,697,S100,1.907698465,1.9069308128251152,0.6454950453230578,0.0110476823198542
image_only,698,S200,1.905498373,1.9051852138537222,0.6445792289726728,0.01071370992177718
image_only,699,S200,1.91729971,1.9026141833672707,0.6432288264913677,0.011004662058918042
image_only,700,S200,1.910400488,1.9033905436835314,0.6436367925254143,0.011176306581218702
image_only,701,S200,1.897281321,1.9036926902559932,0.6437955211659664,0.01150525532245386
image_only,702,S200,1.895335741,1.904246568759503,0.6440864283836194,0.011096523071296036
image_only,703,S400,1.889473327,1.9005192858774091,0.6421271571870008,0.010336148196837293
image_only,704,S400,1.893931912,1.8999202253393388,0.6418118986274243,0.010357640785311213
image_only,705,S400,1.893219697,1.902143951771897,0.6429816456819359,0.010320038354393228
image_only,706,S400,1.907870918,1.900489691355073,0.6421115852572769,0.010522791190596526
image_only,707,S400,1.898590819,1.901878266346323,0.6428419591024304,0.010321562513094327
image_only,708,S600,1.902126597,1.9035642479071462,0.643728048783103,0.010996488564283159
image_only,709,S600,1.88602699,1.9038665718602097,0.6438868561090978,0.010487763876873916
image_only,710,S600,1.896243659,1.90344156060992,0.6436635953499118,0.0104796007026838
image_only,711,S600,1.896482114,1.9026675943186777,0.6432568984999762,0.01047671645662211
image_only,712,S600,1.901931071,1.9022132017913191,0.643018051317177,0.01047721077962373
image_only,713,S800,1.902341294,1.8966433359295363,0.640085658478587,0.010748848966029005
image_only,714,S800,1.900172569,1.8958698858541376,0.6396777758736277,0.010887034380228752
image_only,715,S800,1.905278369,1.896537955573149,0.6400300954309412,0.010853524660283418
image_only,716,S800,1.903246777,1.8950389615758814,0.639239398521386,0.010778246804895943
image_only,717,S800,1.900872555,1.8974685676397927,0.6405206650067251,0.01070943609205343
image_only,718,D50,2.174585394,2.157744123138676,0.7690632885076996,0.01405372180222998
image_only,719,D50,2.186009433,2.1205164963041754,0.7516596893430294,0.021771045046259416
image_only,720,D50,2.184639492,2.1246742988874243,0.7536185195173626,0.022942977601038864
image_only,721,D50,2.192962284,2.1286929534425254,0.755508154487722,0.02052398134767074
image_only,722,D50,2.16369584,2.1514782227696614,0.7661551513627256,0.01672101741663614
image_only,723,D100,2.11272867,2.1330324909845335,0.7575446719022825,0.015669878132373475
image_only,724,D100,2.124306279,2.1321664362483657,0.757138569039159,0.016463157991781115
image_only,725,D100,2.122002279,2.136231816548898,0.7590434435560358,0.016873870911125393
image_only,726,D100,2.124775808,2.1323529502133707,0.7572260414824623,0.01638193724723206
image_only,727,D100,2.117765849,2.1282129081971592,0.7552826173191758,0.015731649782077507
image_only,728,D200,2.109818744,2.1153220372955297,0.7492070644040361,0.012050436439459866
image_only,729,D200,2.112322092,2.112335483205907,0.747794199444209,0.011814345635244488
image_only,730,D200,2.111399747,2.113096070925961,0.7481542042004214,0.011749787626766211
image_only,731,D200,2.102545668,2.117030984932079,0.7500146282912874,0.011910771490909031
image_only,732,D200,2.107358134,2.116673540269394,0.7498457716025853,0.011869159229353039
image_only,733,D400,2.146058733,2.142318244232899,0.7618885343943367,0.013729568670573787
image_only,734,D400,2.155542539,2.1404373802217593,0.7610101914315386,0.01274990223660944
image_only,735,D400,2.156566308,2.1283106609089346,0.7553285480935297,0.014520879341887796
image_only,736,D400,2.134518523,2.116761768359372,0.749887453160733,0.010886144859583334
image_only,737,D400,2.110115309,2.113266298877664,0.748234759503966,0.0106928958276899
image_only,738,D600,2.109465836,2.106062893545045,0.7448202772473668,0.010125043754423368
image_only,739,D600,2.102792121,2.110148430251492,0.7467582911045594,0.010199744600000364
image_only,740,D600,2.123117965,2.101571635596976,0.7426854627226356,0.010085933167889912
image_only,741,D600,2.104946989,2.099716427234316,0.7418023009610524,0.010091724242820538
image_only,742,D600,2.118912553,2.102284821447872,0.7430247634885041,0.010090519723381096
image_only,743,D800,2.11901124,2.1070481883556176,0.7452880051611965,0.010612920831753468
image_only,744,D800,2.086614536,2.106408240995611,0.74498424155255,0.010586734052099134
image_only,745,D800,2.095935746,2.1122869235505246,0.7477712105705493,0.011169669106102476
image_only,746,D800,2.099875733,2.1126736357199865,0.7479542712950776,0.01075269879341461
image_only,747,D800,2.115936961,2.103109057050873,0.7434167532223406,0.011172201693191684
image_only,748,S50,2.102431834,2.093287621330732,0.7387358546296502,0.011203438401260616
image_only,749,S50,2.100273804,2.0941325946412,0.7391394316667548,0.011206627602532436
image_only,750,S50,2.105827904,2.091860755802748,0.7380539836637057,0.011513426842136585
image_only,751,S50,2.113033012,2.091581380299958,0.7379204211598553,0.011251549116863864
image_only,752,S50,2.104644152,2.092184000540019,0.7382084967039517,0.011220833188958659
image_only,753,S100,2.072598857,2.0898097500802746,0.7370730331636337,0.011229214222838426
image_only,754,S100,2.084589502,2.0963356312179586,0.7401908830373333,0.01132404430371323
image_only,755,S100,2.093344018,2.095256000402458,0.739675741804952,0.01145794602943956
image_only,756,S100,2.07970639,2.0985697938987657,0.7412560621847206,0.011286372756584825
image_only,757,S100,2.09527821,2.0894372486526964,0.7368947707021533,0.011805267372608423
image_only,758,S200,2.089254246,2.0980382564217273,0.7410027445179252,0.010617545872100105
image_only,759,S200,2.083163123,2.092939596628063,0.7385695833379354,0.010497190777648864
image_only,760,S200,2.090858734,2.0916441976162647,0.7379504541165494,0.010508837837247712
image_only,761,S200,2.098389623,2.09310147137141,0.7386469235937037,0.010501507954088902
image_only,762,S200,2.085890942,2.0909959886542655,0.7376405020583655,0.010534509860959308
image_only,763,S400,2.094851401,2.096137697443987,0.7400964596463648,0.010195948392027492
image_only,764,S400,2.109402368,2.0933579423320783,0.738769447634018,0.010213576899619034
image_only,765,S400,2.105495945,2.0981864310872314,0.7410733673642218,0.010192843123380965
image_only,766,S400,2.094026671,2.0966522395730958,0.7403419010538385,0.010200245775095757
image_only,767,S400,2.100462011,2.1004554797308805,0.7421542163209768,0.010308553933680827
image_only,768,S600,2.067569824,2.083108768123391,0.7338613779695283,0.011408390550788874
image_only,769,S600,2.077971448,2.089129540550997,0.7367474914469548,0.011315561397415984
image_only,770,S600,2.093497015,2.0869187508759386,0.7356886962763479,0.011386513606962476
image_only,771,S600,2.071425418,2.0865802343647406,0.7355264743550597,0.010959999581812305
image_only,772,S600,2.078372912,2.085280735427225,0.7349034914757384,0.01087105649026431
image_only,773,S800,2.107105097,2.0982019664900244,0.7410807715419677,0.010760686879698002
image_only,774,S800,2.096315821,2.0864978409651713,0.7354869862850582,0.010793308641676758
image_only,775,S800,2.091819696,2.0915450392498895,0.7379030460932547,0.010737271042609867
image_only,776,S800,2.080625873,2.097386748700151,0.7406921644331816,0.01092138124186818
image_only,777,S800,2.078743065,2.0934718710490023,0.7388238700595906,0.010779344824061282
image_only,778,D50,2.463313831,2.353791835180476,0.8560275746732164,0.039297495763664696
image_only,779,D50,2.456460946,2.350889350469178,0.8547937035712218,0.0407688279508985
image_only,780,D50,2.477797241,2.358630761887499,0.8580812650238114,0.03850494087654328
image_only,781,D50,2.489735943,2.3582681572375703,0.857927517972259,0.036899930063445587
image_only,782,D50,2.483038597,2.3545741008907854,0.8563598622346034,0.0383646627420155
image_only,783,D100,2.30928496,2.3426214379007124,0.851270574939653,0.019244732880169424
image_only,784,D100,2.322408306,2.345302910398401,0.8524145664339278,0.01905605658221834
image_only,785,D100,2.340507982,2.3291826241616143,0.8455174009502602,0.018182454917541516
image_only,786,D100,2.330253185,2.3428664204995915,0.8513751457363367,0.018803449092171992
image_only,787,D100,2.324213387,2.343967486762716,0.8518450007835465,0.018875158776522034
image_only,788,D200,2.298523459,2.314197027121944,0.8390627708347584,0.012412909236725375
image_only,789,D200,2.282325312,2.3192288984278,0.841234759063286,0.011528885676370285
image_only,790,D200,2.301963817,2.3159474758594616,0.8398188806364224,0.011775642069751508
image_only,791,D200,2.316246545,2.315034137013466,0.8394244334396126,0.011326076559961295
image_only,792,D200,2.30111204,2.3058784289020986,0.8354617009871118,0.01135021241295893
image_only,793,D400,2.33591885,2.3477945574414507,0.853476401307051,0.01782894900090981
image_only,794,D400,2.349718811,2.2862680442878918,0.8269208132179344,0.01705181147736358
image_only,795,D400,2.335387295,2.310208909029786,0.8373379572539715,0.013912406497751334
image_only,796,D400,2.335258747,2.2947792777684652,0.830636663623086,0.01382619499620947
image_only,797,D400,2.348098119,2.283607411350381,0.82575639057055,0.01676405922443711
image_only,798,D600,2.257288781,2.26659081501977,0.8182768589921543,0.010160107481487206
image_only,799,D600,2.292989259,2.2611402994324115,0.8158692433089534,0.010239704298922923
image_only,800,D600,2.25613049,2.26224491646059,0.8163576461300331,0.010220567789935842
image_only,801,D600,2.235203325,2.254189124631583,0.8127903183228462,0.010402937613294333
image_only,802,D600,2.28360844,2.28230901125042,0.8251876547397614,0.010309743532712634
image_only,803,D800,2.360326338,2.275025164344708,0.8219911135921597,0.010443697172635748
image_only,804,D800,2.292278272,2.261036041521623,0.8158231336913948,0.010460454938378551
image_only,805,D800,2.331007013,2.2658594752504326,0.8179541462302495,0.010168534007094512
image_only,806,D800,2.313535068,2.2815744692593656,0.8248657613344922,0.010236974678784283
image_only,807,D800,2.264275175,2.2743175397021043,0.821680024850623,0.010174982525867689
image_only,808,S50,2.309719445,2.297534798536394,0.8318367213947617,0.011343044804508514
image_only,809,S50,2.330925835,2.2858041835995757,0.8267179027358654,0.011309908162203602
image_only,810,S50,2.312834879,2.2957199347100947,0.8310464913613147,0.011242228560481612
image_only,811,S50,2.313376171,2.2891223843096986,0.828168505818878,0.011285274592299796
image_only,812,S50,2.324054228,2.294683747975266,0.8305950335706476,0.011235235017143479
image_only,813,S100,2.312044444,2.320747978821967,0.8418895383816436,0.01104933621736455
image_only,814,S100,2.3095972,2.3207356685362535,0.8418842339201185,0.011033429183702415
image_only,815,S100,2.314251368,2.313653355014171,0.8388278141851776,0.01102730867978899
image_only,816,S100,2.299677968,2.3194577981877242,0.8413334506866186,0.011067754854915783
image_only,817,S100,2.298125383,2.3172626757510244,0.8403866079286675,0.011026347251873701
image_only,818,S200,2.276398727,2.2649445766119563,0.8175502891486195,0.010721946593504323
image_only,819,S200,2.272829187,2.281536490960717,0.8248491155421893,0.010971774975842402
image_only,820,S200,2.286129747,2.269827692287104,0.8197039221308166,0.010848436845646708
image_only,821,S200,2.261135889,2.277779759259987,0.8232011787267834,0.01080483027570204
image_only,822,S200,2.262462882,2.279738675287045,0.8240608202952489,0.010770084537028888
image_only,823,S400,2.265209939,2.2781116572949163,0.8233468793175879,0.010662827647046295
image_only,824,S400,2.260113665,2.2730108227652948,0.8211053063044267,0.010493421181857822
image_only,825,S400,2.26545348,2.2765443464721287,0.8226586557137177,0.010673062458018565
image_only,826,S400,2.262923493,2.2770306073005835,0.8228722289326674,0.010315924888263515
image_only,827,S400,2.264649093,2.274444030978339,0.8217356405492265,0.010337125739522552
image_only,828,S600,2.256457642,2.3003458228566096,0.8330594693962516,0.010676740527158923
image_only,829,S600,2.244555717,2.289206044572171,0.8282050520229266,0.010767458742977336
image_only,830,S600,2.251435767,2.2997943467513147,0.8328197044814432,0.010681130746766812
image_only,831,S600,2.259728358,2.304157198092863,0.8347149688451138,0.010641482933494453
image_only,832,S600,2.239327466,2.2876544355056816,0.8275270286780226,0.01091557379234177
image_only,833,S800,2.303463897,2.2804519097912035,0.8243736293748992,0.010792440657000434
image_only,834,S800,2.318188487,2.2946201386283547,0.8305673128755324,0.011447856285540766
image_only,835,S800,2.293922562,2.2934200115027705,0.8300441582763199,0.011807897032439198
image_only,836,S800,2.312004574,2.2874986053049864,0.8274589084646152,0.011556569934388828
image_only,837,S800,2.305107446,2.2971834023782973,0.8316837648288024,0.011722945081584628
image_only,838,D50,2.551150309,2.48541975274232,0.9104415598685645,0.02846097054354413
image_only,839,D50,2.530407846,2.488180835960255,0.9115518554994007,0.02741542772511462
image_only,840,D50,2.50789591,2.5150511621520204,0.9222931461487748,0.022735530234421816
image_only,841,D50,2.579330174,2.4835140171689787,0.9096744996681156,0.02706276006898123
image_only,842,D50,2.550404569,2.4839810650813345,0.909862541289093,0.028215082079118166
image_only,843,D100,2.406558707,2.42635546707468,0.8863903237267247,0.022298942697126546
image_only,844,D100,2.424481226,2.4302588157416074,0.8879977602164667,0.021488752850768327
image_only,845,D100,2.437580559,2.42486462932438,0.8857756998722686,0.02236960779540821
image_only,846,D100,2.421963301,2.4233466745524135,0.8851495081795288,0.02227792399224832
image_only,847,D100,2.433721572,2.4189538765535286,0.8833351642917189,0.019426281758603305
image_only,848,D200,2.432216992,2.4265400402742814,0.8864663909733452,0.01109753677016599
image_only,849,D200,2.439415531,2.430671531873385,0.8881675697398522,0.010881485620092389
image_only,850,D200,2.431978139,2.4283817162616694,0.8872250751161939,0.010922456815210327
image_only,851,D200,2.417912189,2.4394836254470955,0.891786387993427,0.010859703155886613
image_only,852,D200,2.430729546,2.4287341214986204,0.8873701839624064,0.010958110213484699
image_only,853,D400,2.495810042,2.4805814854213803,0.9084930026210891,0.013842822433161843
image_only,854,D400,2.500932047,2.469743235517955,0.9041141920047772,0.012390602228106277
image_only,855,D400,2.493851185,2.4736129834589446,0.905679828208213,0.012227412921907798
image_only,856,D400,2.539970885,2.4775077238932455,0.9072531048329869,0.016469519072423253
image_only,857,D400,2.516497463,2.504363814084727,0.9180347358486495,0.014977239478937459
image_only,858,D600,2.547285901,2.449304935449066,0.895804284489522,0.010250572705398718
image_only,859,D600,2.436899708,2.4308604955445356,0.8882453080619201,0.010171734116982684
image_only,860,D600,2.544729567,2.4350782245852107,0.8899788811048824,0.010112682231653524
image_only,861,D600,2.494341893,2.4294943309395647,0.8876831414342881,0.010081035395717142
image_only,862,D600,2.495167323,2.4228692438609345,0.8849524758140456,0.01011783292341667
image_only,863,D800,2.523521034,2.440930336943112,0.8923792522666384,0.010129752457680273
image_only,864,D800,2.505860679,2.4426733160885834,0.8930930608978515,0.010207264538466442
image_only,865,D800,2.435591109,2.4377624651398344,0.8910805960990907,0.010098048182996162
image_only,866,D800,2.450759489,2.440269597543669,0.8921085239980378,0.010129518741452057
image_only,867,D800,2.457880084,2.434025676654054,0.889546543669124,0.010154973111184476
image_only,868,S50,2.458894978,2.4195420385069903,0.8835782819740251,0.011114313496566811
image_only,869,S50,2.443524954,2.428911333379308,0.8874431460105479,0.011050906940383685
image_only,870,S50,2.4462853,2.4213470729431306,0.8843240270131025,0.011054220587731029
image_only,871,S50,2.436664803,2.421850880572515,0.8845320745205706,0.011253316931291373
image_only,872,S50,2.430834245,2.4192033565569964,0.883438294467804,0.011075357577864297
image_only,873,S100,2.423006829,2.475887548057647,0.9065989370129666,0.011454399832934914
image_only,874,S100,2.428058594,2.465181521646877,0.9022654443967277,0.011377262986872218
image_only,875,S100,2.427931445,2.4621272335500115,0.9010257053668422,0.01107194840316295
image_only,876,S100,2.436739376,2.4536176740501463,0.8975635371055192,0.011090537935041667
image_only,877,S100,2.434408586,2.4427106940105956,0.8931083628360145,0.010951077120053079
image_only,878,S200,2.38490477,2.425791296480678,0.8861577789897098,0.011202020852729885
image_only,879,S200,2.389709097,2.427836997323799,0.88700073639824,0.011245545830583414
image_only,880,S200,2.417374609,2.4417097718370218,0.8926985200738761,0.010697500164613405
image_only,881,S200,2.404362305,2.4248706326100082,0.8857781755891083,0.011314203227698388
image_only,882,S200,2.419070098,2.4277910997635623,0.8869818315071236,0.011027921348516887
image_only,883,S400,2.401888874,2.4656507885712027,0.9024557842404779,0.010196976306599274
image_only,884,S400,2.395168219,2.434607637057443,0.8897856088722979,0.010472679850065069
image_only,885,S400,2.432666343,2.4386812810616645,0.8914574346234432,0.010427880303112034
image_only,886,S400,2.383491014,2.4580524424220465,0.8993693463198457,0.010197280562515662
image_only,887,S400,2.407730185,2.4704225470384205,0.9043892076842692,0.010271763945584324
image_only,888,S600,2.458733728,2.484695486692207,0.910150111473367,0.010830827894532687
image_only,889,S600,2.431071561,2.4453461979487785,0.8941867071563945,0.010517189562442875
image_only,890,S600,2.448813984,2.464039081784964,0.9018019066595147,0.010494136673732847
image_only,891,S600,2.419401756,2.466523583277928,0.9028097030803378,0.010531795866395105
image_only,892,S600,2.467632558,2.4458256895646864,0.8943827712606505,0.010520050079275027
image_only,893,S800,2.474028012,2.4531476020707506,0.8973719355291725,0.010665815202188244
image_only,894,S800,2.376310192,2.4404348834240635,0.89217625433537,0.010887037246543491
image_only,895,S800,2.433759695,2.4410733571050613,0.8924378430301663,0.010882355626796
image_only,896,S800,2.403238898,2.43913390991205,0.8916430213396117,0.010839744199584778
image_only,897,S800,2.433044644,2.439458452841887,0.8917760691149467,0.01091851989378272
image_only,898,D50,1.589431846,1.564480078702655,0.4475535507140939,0.0184682780116915
image_only,899,D50,1.562397952,1.5634223187760878,0.44687721249603374,0.01700401290365973
image_only,900,D50,1.555646262,1.561484817357993,0.4456371745800492,0.015871665204767803
image_only,901,D50,1.539581805,1.5627374876051439,0.4464390831460876,0.016604529942012586
image_only,902,D50,1.555216413,1.5629983578135986,0.446606000775703,0.016716391096585445
image_only,903,D100,1.549823783,1.530988116883734,0.425913354975754,0.01753849922550396
image_only,904,D100,1.550599187,1.532184663369465,0.4266946015017766,0.016226592888163045
image_only,905,D100,1.55695821,1.527306399902379,0.42350566092292813,0.018092162042416694
image_only,906,D100,1.546230414,1.5276198080883086,0.42371084308818574,0.017842097146987285
image_only,907,D100,1.556457307,1.5323813740198529,0.4268229789935703,0.016424205044971215
image_only,908,D200,1.549875433,1.546620099336893,0.43607196892943995,0.011605727312348333
image_only,909,D200,1.558093969,1.546815084863933,0.43619803300751997,0.01129961371093026
image_only,910,D200,1.554728738,1.546421887429087,0.4359438026071427,0.011542455200041612
image_only,911,D200,1.561541857,1.5466247146328138,0.4360749530423689,0.011129538695857213
image_only,912,D200,1.556081921,1.548060660646634,0.43700296086399987,0.011120274413443461
image_only,913,D400,1.542456238,1.5438145271841672,0.43425631950629245,0.011035765891829677
image_only,914,D400,1.545031608,1.54394223576307,0.43433903883218505,0.01091142055187159
image_only,915,D400,1.537369758,1.5436113078228828,0.43412467627180645,0.011863727219024801
image_only,916,D400,1.544806451,1.54445123540531,0.4346686598157806,0.012007072656284593
image_only,917,D400,1.539156414,1.5439208316706947,0.4343251754633061,0.011870642155700233
image_only,918,D600,1.542447237,1.5464759043110927,0.43597873223343403,0.010120850587606388
image_only,919,D600,1.546575518,1.5540914332731528,0.4408910875847167,0.016491159708303817
image_only,920,D600,1.541695288,1.5481269640755153,0.4370457899408697,0.01065359565650189
image_only,921,D600,1.550522448,1.5483367811891122,0.43718131041272346,0.010860895273228331
image_only,922,D600,1.543662144,1.5486585416013794,0.4373890991756298,0.011225036957848834
image_only,923,D800,1.54433342,1.5467858731267339,0.43617914774235705,0.010335966950206478
image_only,924,D800,1.539910547,1.5468773224006152,0.43623826812368366,0.01045523593723332
image_only,925,D800,1.545442519,1.5464579364640894,0.4359671135904701,0.010207359599965687
image_only,926,D800,1.539417335,1.5464342369368052,0.4359517884346249,0.010295423888866975
image_only,927,D800,1.54238931,1.5468599544173822,0.43622704029036813,0.01027481826001508
image_only,928,S50,1.548807985,1.5503146260031717,0.43845789485076064,0.011500049867428523
image_only,929,S50,1.540683399,1.5511328674005118,0.43898554616071495,0.011648769211847803
image_only,930,S50,1.556520847,1.5501458666411978,0.43834903401377145,0.01169035410801399
image_only,931,S50,1.543026865,1.5517093661876489,0.4393571401705747,0.011372075466517965
image_only,932,S50,1.533543839,1.5520694452178352,0.4395891663900196,0.01102868438357066
image_only,933,S100,1.544624216,1.5464118950722405,0.43593734098809095,0.010958814338851559
image_only,934,S100,1.556176022,1.5472709376308842,0.43649269370339927,0.011078442755188971
image_only,935,S100,1.552243065,1.5489732143013077,0.43759226903299664,0.011127286590822886
image_only,936,S100,1.550063034,1.5453600345590075,0.43525691527897925,0.010921802127036985
image_only,937,S100,1.562998247,1.5454767056394532,0.43533241009821944,0.011069066445194108
image_only,938,S200,1.538695512,1.5476966493337139,0.4367677930015681,0.010731632453464281
image_only,939,S200,1.535105888,1.5482887338766167,0.43715027836686204,0.010455543108604385
image_only,940,S200,1.544362492,1.5478333314992248,0.43685610238086403,0.01048809325669348
image_only,941,S200,1.539243373,1.5475622265985534,0.4366809358173175,0.010512846677239483
image_only,942,S200,1.542617125,1.548088562095166,0.4370209841868603,0.010481552307788964
image_only,943,S400,1.545529317,1.5443397019690446,0.4345964416316593,0.010288649317919016
image_only,944,S400,1.546372452,1.5441742287501745,0.43448928769112977,0.010479762461696825
image_only,945,S400,1.553085785,1.5654621304193044,0.44818107140505964,0.02399912957254446
image_only,946,S400,1.547268342,1.5446258442346787,0.4347817090049418,0.010427310821360943
image_only,947,S400,1.552784765,1.5439390714361814,0.4343369893188949,0.010236014744680326
image_only,948,S600,1.540318569,1.5438285747358893,0.43426541871320107,0.011304196135067295
image_only,949,S600,1.54364548,1.5400862735802325,0.4318384366617209,0.017911300168361163
image_only,950,S600,1.548861287,1.5428472929163248,0.43362960083358093,0.013340834260958567
image_only,951,S600,1.544459836,1.5442943312077253,0.43456706245572896,0.010676388459256041
image_only,952,S600,1.556102788,1.5431562495716349,0.43382983174847684,0.012745313619522126
image_only,953,S800,1.559235426,1.5419310609566104,0.4330355665908891,0.010945041820737581
image_only,954,S800,1.544798773,1.5428479936982535,0.43363005504688684,0.010779222293411992
image_only,955,S800,1.559736863,1.5431686009550196,0.43383783569101897,0.010747060139751352
image_only,956,S800,1.545674012,1.543722952819489,0.43419700079984863,0.010774967290416456
image_only,957,S800,1.527674983,1.5428239000707786,0.43361443859231563,0.010788957002970532
image_only,958,D50,1.861633919,1.8482265540655864,0.6142265598967733,0.018401553117329827
image_only,959,D50,1.858298087,1.8583829421345575,0.6197067236408035,0.015435985986295829
image_only,960,D50,1.866432645,1.840655176953233,0.6101215826725437,0.018252073656254978
image_only,961,D50,1.858334491,1.8570480739931357,0.6189881700231681,0.015407579968750995
image_only,962,D50,1.842270226,1.8593666770271295,0.6202359335211358,0.01565569784415672
image_only,963,D100,1.841506621,1.806125114608684,0.5911837297872022,0.016619940600260216
image_only,964,D100,1.843976596,1.808286030224528,0.592379452015094,0.016048709616193046
image_only,965,D100,1.851759894,1.8098841265574648,0.5932628247519255,0.016656955119876072
image_only,966,D100,1.838969233,1.8176529573834157,0.5975460850046151,0.014579066006800843
image_only,967,D100,1.836763694,1.8097714507289986,0.5932005669894965,0.016354631144388298
image_only,968,D200,1.828959327,1.827156242530696,0.6027607923659044,0.010909434041949374
image_only,969,D200,1.829062221,1.8266133106574576,0.6024636023711163,0.010897547553226236
image_only,970,D200,1.82885645,1.8265657537638869,0.6024375664759495,0.010896132939029477
image_only,971,D200,1.842479042,1.8271625768867747,0.6027642591439234,0.010964695396588817
image_only,972,D200,1.838641851,1.8271311760864706,0.6027470734427031,0.0109192704678994
image_only,973,D400,1.836794382,1.823179255765505,0.6005818209587116,0.011500819577324736
image_only,974,D400,1.844766925,1.8230507221571557,0.6005113187637426,0.01125881407035945
image_only,975,D400,1.850348254,1.821979737653197,0.5999236778391541,0.011211704193444612
image_only,976,D400,1.834540582,1.8201807482548136,0.5989358083854908,0.011167253641717185
image_only,977,D400,1.843996508,1.821901760324566,0.5998808787916624,0.010963825457481523
image_only,978,D600,1.809627456,1.8110465978506929,0.593904909023425,0.011083459332265587
image_only,979,D600,1.819273655,1.8278669388087274,0.6031496797965596,0.010631446346670952
image_only,980,D600,1.815949651,1.8231337007996316,0.6005568340931198,0.010504535852488969
image_only,981,D600,1.821722597,1.8242649562799937,0.6011771422211826,0.010264270988714958
image_only,982,D600,1.816334794,1.8265663312464557,0.6024378826334579,0.010265351696721745
image_only,983,D800,1.784705458,1.8193843512973518,0.5984981753450648,0.010816854683781095
image_only,984,D800,1.793779733,1.8164286798350289,0.5968723094998691,0.010142194929077208
image_only,985,D800,1.822903868,1.8140585708299037,0.595566639391043,0.010117132708425463
image_only,986,D800,1.802357094,1.8074911126408688,0.5919397581041821,0.010178652439043201
image_only,987,D800,1.813384683,1.8241789543386637,0.601129997770862,0.010532474098910154
image_only,988,S50,1.831227016,1.827455914068626,0.6029247887221583,0.01113407606761073
image_only,989,S50,1.846071835,1.8262934681358725,0.6022884856535152,0.011068856233747705
image_only,990,S50,1.828786354,1.8267063341709344,0.602514527843038,0.011369234275988054
image_only,991,S50,1.827511566,1.8284877429045876,0.6034892552239275,0.011241459674081685
image_only,992,S50,1.819777763,1.8292409137866188,0.6039010795900123,0.011107610015916248
image_only,993,S100,1.811594519,1.8206515485601467,0.5991944307386099,0.0110886171566249
image_only,994,S100,1.818458589,1.8230135049750271,0.6004909037738734,0.011003616065178384
image_only,995,S100,1.80407353,1.8241826293520231,0.601132012381133,0.0109641463932105
image_only,996,S100,1.818628157,1.8210255580895571,0.5993998358416831,0.011061186035247148
image_only,997,S100,1.809708774,1.8204134657438296,0.5990636542675932,0.011138421597379086
image_only,998,S200,1.810675917,1.8136612408970743,0.5953475872287819,0.010727289810926733
image_only,999,S200,1.801129455,1.8096390783777796,0.5931274211828998,0.01098331728675032
image_only,1000,S200,1.819134646,1.810999749479017,0.593879040568311,0.010855724195182038
image_only,1001,S200,1.808303844,1.811288575357266,0.5940385120697267,0.010857348228721845
image_only,1002,S200,1.815022468,1.8119909308638742,0.5944262025662503,0.011156375399032348
image_only,1003,S400,1.799772023,1.807917996936688,0.5921759052647744,0.010430237801395023
image_only,1004,S400,1.807563313,1.8060121959992061,0.5911212080169566,0.010625524628209947
image_only,1005,S400,1.803653703,1.805970568395183,0.591098158292337,0.010536284375249732
image_only,1006,S400,1.808822638,1.808498290885625,0.5924968273642968,0.010508251828466032
image_only,1007,S400,1.80385226,1.8132187171552139,0.5951035627508976,0.010506044121715992
image_only,1008,S600,1.819705197,1.7979716256980798,0.5866591548893559,0.0105994738582927
image_only,1009,S600,1.818966939,1.8003261565109798,0.5879678465493885,0.010537490043061024
image_only,1010,S600,1.824045849,1.8033483030775919,0.5896451053079103,0.010497463243214534
image_only,1011,S600,1.815561419,1.8027889314168124,0.5893348721532121,0.01050707715088769
image_only,1012,S600,1.81652825,1.804781693980213,0.5904396393070713,0.01096199214412349
image_only,1013,S800,1.817894711,1.8133834399522935,0.5951944041446083,0.010732808268674131
image_only,1014,S800,1.809453289,1.8111962613477577,0.5939875448393919,0.010801664054281634
image_only,1015,S800,1.801825915,1.80909232419715,0.5928252411513003,0.010719546023647424
image_only,1016,S800,1.802967307,1.8100472273312727,0.5933529373855493,0.01076207745429343
image_only,1017,S800,1.796182709,1.8146834333452095,0.5959110356147278,0.010758093203427322
image_only,1018,D50,2.048716118,1.9367894656072595,0.6610316875559056,0.02750772885031829
image_only,1019,D50,2.027640154,1.9966375209284546,0.6914645261549391,0.01699108317094654
image_only,1020,D50,2.075518832,1.9305578807186001,0.6578090185149127,0.027148110205001942
image_only,1021,D50,2.072316368,1.928833874225803,0.6569156100625261,0.028022015744535802
image_only,1022,D50,2.058495049,1.9270646238603482,0.6559979248638639,0.03121691254847416
image_only,1023,D100,1.970485404,1.9649774517161145,0.6754807703017555,0.018058950797617858
image_only,1024,D100,1.977013669,1.9649812907835063,0.6754827240461295,0.01868746883388613
image_only,1025,D100,1.978128464,1.9637721045493468,0.6748671668193629,0.018527089792298678
image_only,1026,D100,1.972137944,1.9618223150267984,0.6738737938549215,0.01860665403171728
image_only,1027,D100,1.962600245,1.9601713117460613,0.673031873374995,0.018414632829608823
image_only,1028,D200,1.975250671,1.972887969833938,0.6794984437932353,0.010897013056875102
image_only,1029,D200,1.981161733,1.968970658459855,0.6775108977988029,0.01086778786790934
image_only,1030,D200,1.964957492,1.9735912249362892,0.6798548400011398,0.01091403832845856
image_only,1031,D200,1.960153436,1.985957793819378,0.686101313543873,0.012290109430707383
image_only,1032,D200,1.942723807,1.9954320420129297,0.6908605893080686,0.013729289196177758
image_only,1033,D400,1.959613803,1.955430362778205,0.6706103036247085,0.010604922603366974
image_only,1034,D400,1.961783202,1.9594188973307414,0.6726479483295557,0.011040094894532284
image_only,1035,D400,1.984038462,1.9657111074707292,0.6758540666095586,0.011031747432438349
image_only,1036,D400,2.012992775,1.9842886084305316,0.6852604662421807,0.012624906032737117
image_only,1037,D400,1.998116771,1.9923010052385475,0.6892902547943501,0.015586984164126924
image_only,1038,D600,1.951705064,1.9565188151388793,0.6711667793554805,0.010264994241761749
image_only,1039,D600,1.947197559,1.9637743494002917,0.6748683099508173,0.010096446778662465
image_only,1040,D600,1.954218438,1.9558270495735075,0.670813147239864,0.010180667229572843
image_only,1041,D600,1.954750676,1.9587223115834342,0.672292378829885,0.010190669952819547
image_only,1042,D600,1.969541654,1.9794160475945168,0.6828018757500636,0.010281624150141947
image_only,1043,D800,1.958691803,1.9257273248359097,0.6553037274631474,0.010651079226169593
image_only,1044,D800,1.939747135,1.9246605369887493,0.6547496077678129,0.010750812117559903
image_only,1045,D800,1.935442189,1.9394290248085853,0.6623936126464798,0.010157309125087936
image_only,1046,D800,1.972016693,1.9563906451000725,0.671101267980809,0.010624053889259091
image_only,1047,D800,1.984965003,1.9626135603611432,0.674277034152478,0.010488131484940804
image_only,1048,S50,1.973547647,1.9559527371299417,0.6708774082991928,0.011796078590963651
image_only,1049,S50,1.977099328,1.9626587556682382,0.6743000620106535,0.011110435998201372
image_only,1050,S50,1.971799243,1.9605620053709676,0.6732311695752716,0.011121130463171088
image_only,1051,S50,1.965956881,1.9619485455973524,0.673938135313728,0.011121448548345124
image_only,1052,S50,1.966607202,1.9595828750552624,0.6727316317439251,0.01112780559378968
image_only,1053,S100,1.953922335,1.9693860054138441,0.6777218217912077,0.010966729672078065
image_only,1054,S100,1.967330539,1.9689064414194088,0.6774782827431153,0.010923928108694839
image_only,1055,S100,1.959074643,1.9665749995134136,0.6762934507403565,0.010979401624975304
image_only,1056,S100,1.966565981,1.9668405476620956,0.6764284724007433,0.011095304935724835
image_only,1057,S100,1.955034403,1.9634724372352732,0.6747145573694207,0.010991142366079999
image_only,1058,S200,1.969323837,1.974737152441328,0.6804353021246956,0.010530281658819815
image_only,1059,S200,1.981766088,1.9756046491138026,0.6808745029483195,0.010558053470257003
image_only,1060,S200,1.971328348,1.964733067697107,0.6753563926825312,0.01045459795965429
image_only,1061,S200,1.955312941,1.9639510394224493,0.6749582806105683,0.010500427744604655
image_only,1062,S200,1.967573296,1.962407001970115,0.6741717820204504,0.010467040719851032
image_only,1063,S400,1.960705784,1.9596660287960528,0.6727740652524073,0.010260019815221127
image_only,1064,S400,1.957890055,1.9619935950569385,0.6739610966408696,0.010271752701390977
image_only,1065,S400,1.949374428,1.9544009608227682,0.6700837325816004,0.01027209295561448
image_only,1066,S400,1.961315049,1.9552539225690004,0.6705200686701838,0.010295953406926977
image_only,1067,S400,1.956350003,1.9563720399596771,0.6710917580044098,0.010266754680926103
image_only,1068,S600,1.952490208,1.9615991208515828,0.6737600185804046,0.010792102386915794
image_only,1069,S600,1.945341136,1.956014629872595,0.6709090510696211,0.010680459187165295
image_only,1070,S600,1.945316352,1.9525065072226513,0.6691139354906325,0.010635844154449545
image_only,1071,S600,1.946777397,1.9522285539981443,0.6689715682259558,0.010640689079887742
image_only,1072,S600,1.941493302,1.951884470345236,0.6687953009654264,0.010634572898886105
image_only,1073,S800,1.938492808,1.9453209027453047,0.6654269520192916,0.011011682189583847
image_only,1074,S800,1.920010403,1.9429492849964334,0.6642070686632164,0.011199351780782673
image_only,1075,S800,1.936963931,1.9437084202434316,0.6645977052019723,0.011618114640315124
image_only,1076,S800,1.934103721,1.942697100626483,0.6640772656161674,0.011996752887174307
image_only,1077,S800,1.956494024,1.9432672494479413,0.6643707056862177,0.011823256431463541
image_only,1078,D50,2.173824888,2.1706583345639867,0.7750305015253706,0.01803016624694883
image_only,1079,D50,2.183314693,2.170752952542839,0.7750740901064149,0.01765447034051506
image_only,1080,D50,2.208895721,2.1537135995670447,0.7671936077616577,0.02107655372874986
image_only,1081,D50,2.207947518,2.1656957436457747,0.7727416694811281,0.016853098830707774
image_only,1082,D50,2.204059039,2.167805391949834,0.7737153156876057,0.01860029964285799
image_only,1083,D100,2.110443847,2.0941043184099306,0.7391259289772667,0.021203496801831947
image_only,1084,D100,2.110474752,2.105460615236575,0.7445342627866521,0.018726691780799696
image_only,1085,D100,2.116896351,2.1084311348459597,0.745944132938811,0.016773375341330065
image_only,1086,D100,2.13463104,2.1074840254032825,0.7454948309853274,0.016544149443203066
image_only,1087,D100,2.11252368,2.112000886854605,0.7476357857561451,0.018413193480465755
image_only,1088,D200,2.117708297,2.105961594625804,0.7447721773754191,0.011116418549485195
image_only,1089,D200,2.109405472,2.101811255579877,0.7427994756447815,0.011106481583283447
image_only,1090,D200,2.100518085,2.100237132170296,0.7420502584354781,0.011102776215287932
image_only,1091,D200,2.117438459,2.1040725726628384,0.7438747869910781,0.011108810535482374
image_only,1092,D200,2.134237176,2.125911764207249,0.7542007758633895,0.01123132588175662
image_only,1093,D400,2.109788548,2.1289571492758563,0.7556322585485518,0.010819371115163148
image_only,1094,D400,2.13076654,2.1254133640507797,0.7539663077181801,0.010777029016340178
image_only,1095,D400,2.158121598,2.1452988019312795,0.7632788442780776,0.011719689629385046
image_only,1096,D400,2.149065463,2.1510519171953923,0.7659569863008686,0.011561920433522374
image_only,1097,D400,2.143923119,2.1530532061377228,0.7668869306350378,0.011921083226782299
image_only,1098,D600,2.124680917,2.1078010738172055,0.7456452589668559,0.010182615625959556
image_only,1099,D600,2.099230499,2.107420845317389,0.7454648516202713,0.010354717848492378
image_only,1100,D600,2.120016659,2.110138486551998,0.7467535787711612,0.010196749405906383
image_only,1101,D600,2.116318793,2.127670361695353,0.7550276542619963,0.010866195605625933
image_only,1102,D600,2.121924309,2.1293929890636245,0.7558369574460736,0.010585105981989843
image_only,1103,D800,2.078791987,2.0616434304015208,0.7235034464910916,0.010643142062982452
image_only,1104,D800,2.120605244,2.0863741473165103,0.7354277016249754,0.010277600734201253
image_only,1105,D800,2.132835138,2.1054059049638116,0.7445082775066608,0.011285002318640644
image_only,1106,D800,2.088280708,2.094458360836472,0.7392949809669331,0.0101587404335706
image_only,1107,D800,2.082623381,2.087957375092189,0.7361862555841403,0.010214104057137375
image_only,1108,S50,2.13105359,2.115040462004052,0.7490739432864296,0.013339140610433
image_only,1109,S50,2.125737217,2.1145912627865413,0.748861537456122,0.013354645812641341
image_only,1110,S50,2.127780473,2.113754613034705,0.7484658036219817,0.012677949130258482
image_only,1111,S50,2.115058345,2.1295861412249675,0.7559276609482825,0.012289557366123168
image_only,1112,S50,2.120433061,2.128412852132503,0.7553765621227592,0.011880669958760018
image_only,1113,S100,2.10025556,2.104343540069271,0.7440035610474207,0.011206125018030937
image_only,1114,S100,2.092586996,2.107473450322627,0.7454898131028381,0.011144202537107637
image_only,1115,S100,2.097468661,2.107234404216358,0.7453763788555425,0.011150288527417937
image_only,1116,S100,2.083759863,2.102620505335432,0.7431844264831191,0.011340674868456833
image_only,1117,S100,2.090691433,2.1061988629806057,0.7448848361202323,0.011174915739448536
image_only,1118,S200,2.095038662,2.1070059159485512,0.7452679425772708,0.010509076783421514
image_only,1119,S200,2.095806206,2.092126687858335,0.7381811026187819,0.010923610854418578
image_only,1120,S200,2.102775437,2.079957947564083,0.732347675991582,0.011753491909238389
image_only,1121,S200,2.069632317,2.0784687966910163,0.7316314671807478,0.011851044200593455
image_only,1122,S200,2.102405588,2.079729584990706,0.7322378780455492,0.011775098794374462
image_only,1123,S400,2.104027112,2.104399572967911,0.7440301879510535,0.010338681487722228
image_only,1124,S400,2.117542431,2.1015249810568326,0.7426632626428372,0.01034231347239422
image_only,1125,S400,2.103087168,2.103501052965911,0.743603124626355,0.010339750128088288
image_only,1126,S400,2.089959666,2.1029537433998624,0.7433429009483971,0.010350904512295513
image_only,1127,S400,2.102186006,2.1021051719779105,0.7429393054456719,0.010341040183431292
image_only,1128,S600,2.087092666,2.0974292833452792,0.7407124440567956,0.010645154093980161
image_only,1129,S600,2.08206794,2.0975751983349773,0.7407820101277707,0.010643291757242861
image_only,1130,S600,2.097250237,2.1003139828575006,0.7420868491994559,0.01067493330017797
image_only,1131,S600,2.113023395,2.0979519200721923,0.7409615926820461,0.010654112861837444
image_only,1132,S600,2.105152683,2.0961277725916614,0.7400917248067431,0.010641198295532001
image_only,1133,S800,2.055897074,2.0896448919628074,0.7369941433889275,0.011133144905519334
image_only,1134,S800,2.081431625,2.085579817158173,0.7350469063550853,0.012990260502541554
image_only,1135,S800,2.075425638,2.0852368467379,0.7348824443570237,0.012293799608336332
image_only,1136,S800,2.073550491,2.086244872832176,0.7353657383909723,0.012576172636430336
image_only,1137,S800,2.050699731,2.0852264510781175,0.7348774589829585,0.01388094132476577
image_only,1138,D50,2.296855612,2.1540426850633856,0.767346395187518,0.03160580759247995
image_only,1139,D50,2.28927411,2.19441314976378,0.7859146530420861,0.02728988468841111
image_only,1140,D50,2.265432391,2.223686116890587,0.7991662319362839,0.02432872845332393
image_only,1141,D50,2.309014532,2.1544815955480128,0.7675501357063403,0.03195140820834401
image_only,1142,D50,2.323146548,2.1497446465381365,0.7653490660339395,0.032815387563424996
image_only,1143,D100,2.172610234,2.1741620368578043,0.7766433198947301,0.022067525588907053
image_only,1144,D100,2.167009878,2.1769392976211397,0.7779198983639521,0.021211207457522925
image_only,1145,D100,2.155731334,2.171585102008252,0.7754573626499828,0.022107522124809806
image_only,1146,D100,2.160182521,2.176163714446887,0.7775635625821848,0.02145814182387998
image_only,1147,D100,2.171657899,2.172133697991638,0.7757099554220116,0.021140686722287784
image_only,1148,D200,2.194175268,2.2227384891247333,0.7987399893417646,0.011441517770621717
image_only,1149,D200,2.227146471,2.216876669193291,0.7960992994942296,0.011821282745937944
image_only,1150,D200,2.219782185,2.217417008408266,0.7963430087552462,0.011692801540363756
image_only,1151,D200,2.209961444,2.225251983040441,0.7998701600105079,0.011467013078402956
image_only,1152,D200,2.223157782,2.2152868354913067,0.7953818919489118,0.011562118121407824
image_only,1153,D400,2.208759938,2.2087829337401916,0.7924416551190758,0.01053920530545607
image_only,1154,D400,2.215521349,2.2097658295519436,0.7928865504368007,0.010553157731256325
image_only,1155,D400,2.21109678,2.206692283568685,0.7914946900814088,0.01052531705431268
image_only,1156,D400,2.238669537,2.227974010298455,0.8010926569604004,0.011395214271445775
image_only,1157,D400,2.277323367,2.234912727915954,0.8042021793908178,0.012979201993256752
image_only,1158,D600,2.215719494,2.1984157187468,0.7877369731053023,0.010100846546055517
image_only,1159,D600,2.228725024,2.190475470804867,0.7841186302200138,0.010074663869331263
image_only,1160,D600,2.259070385,2.21356642670342,0.7946049825447972,0.010263941060164018
image_only,1161,D600,2.23342589,2.188708079031442,0.7833114515076937,0.010219710012858022
image_only,1162,D600,2.171001568,2.2733767668006086,0.8212662886355171,0.021811400523901073
image_only,1163,D800,2.175697215,2.181247128750724,0.7798967906356875,0.01019963559556767
image_only,1164,D800,2.183416165,2.2110385971188684,0.793462358583577,0.010906956054585838
image_only,1165,D800,2.236248929,2.2017661921393503,0.7892598528897883,0.011527290678463309
image_only,1166,D800,2.214218214,2.1834385711184474,0.7809009603297096,0.010164341169397706
image_only,1167,D800,2.177187795,2.181653578851368,0.7800831116771505,0.010149833698701333
image_only,1168,S50,2.222032953,2.1974369963753646,0.7872916795747704,0.011316010540883456
image_only,1169,S50,2.214924375,2.1960748450395093,0.786671605507069,0.011472379644732992
image_only,1170,S50,2.215731321,2.1974063229776006,0.7872777207618911,0.01130804229085503
image_only,1171,S50,2.19161935,2.197621307624591,0.7873755516131306,0.011378331594808737
image_only,1172,S50,2.203313428,2.2007665922488373,0.7888057506915106,0.011315685453747306
image_only,1173,S100,2.14918061,2.157736359593084,0.7690596905094591,0.013000803613784195
image_only,1174,S100,2.155837945,2.163848809527684,0.7718884923363081,0.012916890652016006
image_only,1175,S100,2.162778819,2.161468337820727,0.7707877767743245,0.013337875079906506
image_only,1176,S100,2.148500592,2.1655355800492546,0.772667711945904,0.012594674178578468
image_only,1177,S100,2.142818588,2.1640874900670535,0.7719987899576632,0.012625804754501788
image_only,1178,S200,2.206816048,2.207694630046349,0.791948817240856,0.01067758574556067
image_only,1179,S200,2.196338291,2.210434129508287,0.7931889349296407,0.010717636521772145
image_only,1180,S200,2.191421843,2.203803201317608,0.7901845957057546,0.010647487635486574
image_only,1181,S200,2.189803313,2.208647050996056,0.7923801339428949,0.010677593743595669
image_only,1182,S200,2.18060903,2.214732664001923,0.7951317027602016,0.010730250436015158
image_only,1183,S400,2.226271571,2.176166580406629,0.7775648795593203,0.01034055874849076
image_only,1184,S400,2.213920664,2.1811695093829564,0.7798612051452521,0.010292360973249674
image_only,1185,S400,2.188920086,2.1845832351720613,0.781425071302859,0.010267614649061146
image_only,1186,S400,2.195478145,2.185958285561696,0.7820543070295903,0.01025854006824793
image_only,1187,S400,2.199391193,2.184209560649432,0.781254005957806,0.010269975459985705
image_only,1188,S600,2.189764122,2.2058082967072647,0.7910940161972181,0.010716790705801704
image_only,1189,S600,2.174324856,2.2060861080329697,0.7912199536293442,0.010725461121891034
image_only,1190,S600,2.171721222,2.2025196065242683,0.7896019807292194,0.010668208063615145
image_only,1191,S600,2.179246712,2.2071298399483004,0.7916929565129976,0.010833384420309036
image_only,1192,S600,2.180835264,2.203144146269743,0.7898854974861494,0.010662097857235512
image_only,1193,S800,2.170123198,2.1911452144852404,0.7844243361373872,0.011337388622353003
image_only,1194,S800,2.144811587,2.187987202177325,0.782982035446342,0.011762625066051545
image_only,1195,S800,2.141743393,2.189629295217967,0.7837322579103875,0.011533189228492498
image_only,1196,S800,2.131005724,2.1855434729276526,0.7818645266482909,0.012168190440221546
image_only,1197,S800,2.147763194,2.1852929362731013,0.781749886505595,0.012015494769410785
image_only,1198,D50,1.474887956,1.530954262238877,0.42589124179355353,0.02206922162379614
image_only,1199,D50,1.486720847,1.5406190657622254,0.43218432640359317,0.02412765867541865
image_only,1200,D50,1.47655687,1.515565149599094,0.4157884054396938,0.019960606723566646
image_only,1201,D50,1.470630924,1.515734631099121,0.41590022644880864,0.0208203662344104
image_only,1202,D50,1.469018895,1.5129053570257787,0.41403187966117283,0.020354569697847925
image_only,1203,D100,1.51890701,1.4526372422828169,0.3733806922220177,0.021812006270124737
image_only,1204,D100,1.499253844,1.4494642895835215,0.3711940327073598,0.023087081470431724
image_only,1205,D100,1.505115183,1.4496485291373158,0.3713211333519795,0.022355254837603335
image_only,1206,D100,1.498529419,1.4489426700947705,0.3708340974038368,0.023933638742080127
image_only,1207,D100,1.487426062,1.4429984166131367,0.3667231825029383,0.024582078610645947
image_only,1208,D200,1.496959188,1.4772071321382116,0.3901532321312523,0.01216894810749379
image_only,1209,D200,1.512561412,1.4740651463516556,0.3880239897726143,0.011794411236774962
image_only,1210,D200,1.49550738,1.4751626680853247,0.3887682671586885,0.011884818680435583
image_only,1211,D200,1.499524673,1.4784003705844397,0.39096067257113304,0.01239883943646784
image_only,1212,D200,1.507948275,1.4786165824405888,0.391106909038471,0.012425429263290856
image_only,1213,D400,1.480943664,1.4763932260520403,0.38960210401094586,0.010623322005453684
image_only,1214,D400,1.488196875,1.4777053935984865,0.3904904749163821,0.010776930837860034
image_only,1215,D400,1.495449395,1.4823917274446257,0.3936568154584834,0.011105279664576258
image_only,1216,D400,1.489649011,1.4822401228187043,0.39355453994252687,0.013635388750528615
image_only,1217,D400,1.488574134,1.483376192589633,0.3943207009732704,0.012178519099135457
image_only,1218,D600,1.454631794,1.4692032959208945,0.3847202783047838,0.01082347010943948
image_only,1219,D600,1.449676887,1.469653961529032,0.38502697275925435,0.010313939662948263
image_only,1220,D600,1.464974381,1.4683978433620404,0.3841719039402266,0.010732643207410733
image_only,1221,D600,1.454164751,1.4686738682806246,0.38435986320475723,0.011080533368202432
image_only,1222,D600,1.463072572,1.4811492042624896,0.3928182758306695,0.010434907399394407
image_only,1223,D800,1.471779432,1.4894585957071398,0.3984126953408289,0.011970980735989574
image_only,1224,D800,1.476235518,1.4880455215169144,0.3974635283602429,0.011676980872564198
image_only,1225,D800,1.473976524,1.4939836594103317,0.40144614917446003,0.014724809714862981
image_only,1226,D800,1.46374932,1.4855058429625514,0.3957553492433528,0.011196576274659996
image_only,1227,D800,1.457317453,1.4558405425340433,0.37558342628666114,0.01082822261487103
image_only,1228,S50,1.464285745,1.4926723694094077,0.4005680500076812,0.011773625541372526
image_only,1229,S50,1.46329805,1.4939169621453405,0.4014015042726041,0.01152172638667175
image_only,1230,S50,1.456338684,1.4906912777784929,0.3992399571860269,0.011649566584564073
image_only,1231,S50,1.474668071,1.4845714036194497,0.3951261135054549,0.01178038457208378
image_only,1232,S50,1.471097952,1.4784386672574734,0.39098657636403195,0.011836492329513476
image_only,1233,S100,1.442874313,1.4561392581167587,0.37578858951182936,0.01469769598349183
image_only,1234,S100,1.45146606,1.4578167231942467,0.37693992142867766,0.01377476899547338
image_only,1235,S100,1.454374894,1.4611097926910146,0.37919627894639657,0.013077155692300717
image_only,1236,S100,1.456256666,1.4591330788830326,0.37784247777517904,0.014075838603171298
image_only,1237,S100,1.452714446,1.4605456263538805,0.3788100825862999,0.013554987143676483
image_only,1238,S200,1.470202477,1.47073967038153,0.38576545136977525,0.010673012686751223
image_only,1239,S200,1.483981407,1.4878750449293565,0.3973489577029031,0.010667453537475639
image_only,1240,S200,1.481539669,1.47803889420243,0.39071613760766116,0.010625444750863392
image_only,1241,S200,1.480093475,1.4758332838264605,0.3892227684617117,0.01064572580083913
image_only,1242,S200,1.481454481,1.478177459349317,0.3908098825372715,0.010630671763433406
image_only,1243,S400,1.485518466,1.4704379277640125,0.3855602664678051,0.01035811213539755
image_only,1244,S400,1.497415762,1.4655188602204425,0.38220935056429495,0.010336202043380252
image_only,1245,S400,1.487051311,1.4659197527178363,0.3824828630288735,0.01038222283933479
image_only,1246,S400,1.496107801,1.4639557258554774,0.3811421731798279,0.010377158505379415
image_only,1247,S400,1.476622947,1.4662617228313182,0.3827161160644608,0.010432379738893978
image_only,1248,S600,1.466414868,1.465903396087653,0.38247170503648925,0.01067261482460962
image_only,1249,S600,1.459969508,1.4655087957559494,0.38220248303135124,0.010656839989736336
image_only,1250,S600,1.450253824,1.4610569126059119,0.37916008656557687,0.010933479866404252
image_only,1251,S600,1.462794051,1.462912751696063,0.38042948368827073,0.010794329778490971
image_only,1252,S600,1.466989729,1.4616136946416725,0.3795410956612413,0.010898396349602605
image_only,1253,S800,1.470174519,1.471298805444565,0.38614555181670085,0.010769280038026978
image_only,1254,S800,1.467155176,1.4621386481435106,0.37990019140255776,0.011009082928871379
image_only,1255,S800,1.4584823,1.4643962868539009,0.3814430666515385,0.010844651977519874
image_only,1256,S800,1.454521861,1.4661731280069308,0.38265569199441607,0.010807280225611449
image_only,1257,S800,1.463400253,1.4615435223143136,0.37949308433501816,0.011165126189528717
image_only,1258,D50,1.729470914,1.6722975855348223,0.5141984806048321,0.028261715762008085
image_only,1259,D50,1.689766162,1.691115683338444,0.5253884787760568,0.016102504600019097
image_only,1260,D50,1.714578735,1.674902141728392,0.5157547407216275,0.02364037464300982
image_only,1261,D50,1.702565187,1.6919277673354252,0.5258685695726544,0.015366413844623806
image_only,1262,D50,1.698018472,1.6899410983976724,0.5246936753084728,0.020561283003520812
image_only,1263,D100,1.668958873,1.6530193467080958,0.502603522768034,0.01841222271355213
image_only,1264,D100,1.671957444,1.6570659890900903,0.5050485620872358,0.01757063265243076
image_only,1265,D100,1.674909848,1.6585941823167591,0.5059703654421508,0.01770138385935645
image_only,1266,D100,1.670677177,1.6589796850374021,0.5062027658273669,0.01834790807622598
image_only,1267,D100,1.665343864,1.6594240557791076,0.5064705878159308,0.018286326663250342
image_only,1268,D200,1.682406209,1.6836573160337036,0.5209684010706694,0.012805572002221736
image_only,1269,D200,1.685021577,1.683241606974863,0.5207214622284535,0.0125925427800305
image_only,1270,D200,1.682213246,1.6842945723497411,0.5213468247208649,0.012832885260317372
image_only,1271,D200,1.687370265,1.6844159414064634,0.5214188814062223,0.012823245138392867
image_only,1272,D200,1.677856605,1.6845189866250505,0.5214800551723059,0.012922023389372548
image_only,1273,D400,1.664712711,1.6752251001191953,0.5159475443786167,0.015043072644128378
image_only,1274,D400,1.68152969,1.6729565529142354,0.5145924521003681,0.012454309315584158
image_only,1275,D400,1.66376522,1.6707007240390432,0.5132431336561609,0.012080769427762933
image_only,1276,D400,1.676002275,1.6652964000683452,0.510003125648139,0.012178230756352885
image_only,1277,D400,1.661059428,1.6583235224428177,0.5058071658100622,0.010916563785750313
image_only,1278,D600,1.657446277,1.6689561408257494,0.5121983656200563,0.010510112766852278
image_only,1279,D600,1.662346504,1.6679143425472434,0.5115739492289818,0.010499177467252456
image_only,1280,D600,1.663387642,1.667372147542054,0.5112488227299079,0.010547443062821762
image_only,1281,D600,1.662600791,1.6639000545860867,0.5091642772454341,0.010446159139913471
image_only,1282,D600,1.643923459,1.6418323462902653,0.49581290246183185,0.010407709560815787
image_only,1283,D800,1.6463813,1.6440259026368134,0.4971480523716745,0.01142956863322517
image_only,1284,D800,1.645158439,1.6476183793133172,0.49933083872108835,0.011629764554137879
image_only,1285,D800,1.645998258,1.6456521579774868,0.49813675427087867,0.01206428223618108
image_only,1286,D800,1.660498838,1.6447696648807055,0.4976003530643157,0.011063143414056977
image_only,1287,D800,1.666612787,1.6474329840906656,0.49921830923222743,0.011030103656336318
image_only,1288,S50,1.678825145,1.6719209097890533,0.5139732107859559,0.011269732358818485
image_only,1289,S50,1.665647429,1.667909301861518,0.5115709270753774,0.011492451748433873
image_only,1290,S50,1.668386105,1.6657390574020277,0.5102689032671044,0.01166742399413036
image_only,1291,S50,1.666702835,1.6678511909798939,0.5115360859159148,0.01140196934779138
image_only,1292,S50,1.672894046,1.6685837886663326,0.5119752359084556,0.011376422975330192
image_only,1293,S100,1.684319088,1.663429409342478,0.5088813805549501,0.011140530372679373
image_only,1294,S100,1.667581631,1.660874067366575,0.5073440103978007,0.011171497294010728
image_only,1295,S100,1.661599677,1.6603773943156148,0.5070449225025342,0.011203231522534718
image_only,1296,S100,1.670694196,1.6660426744415024,0.5104511583274606,0.01110922600213074
image_only,1297,S100,1.656714185,1.6651426240708536,0.5099107798664049,0.011032133133511802
image_only,1298,S200,1.656880386,1.6571499204897073,0.5050992114124004,0.010582470907226882
image_only,1299,S200,1.66193843,1.656369855848351,0.5046283739293482,0.010592102552790151
image_only,1300,S200,1.648533727,1.6584556643765413,0.505886846685002,0.010568445216181447
image_only,1301,S200,1.648155468,1.6541282759573037,0.5032741485865906,0.010677343954629786
image_only,1302,S200,1.641284712,1.6533467336031449,0.5028015570377833,0.01075392294148588
image_only,1303,S400,1.649160877,1.6386413764492385,0.4938674695048076,0.010420867328423348
image_only,1304,S400,1.649526937,1.6356086283273616,0.49201498482297673,0.010711786346976967
image_only,1305,S400,1.63614477,1.6390136032944813,0.4940945994798315,0.010355438951845205
image_only,1306,S400,1.648707247,1.636659167649026,0.49265707124331726,0.010408923758400883
image_only,1307,S400,1.638026635,1.636354170750358,0.49247070053961567,0.010407885354197241
image_only,1308,S600,1.643608489,1.6361946076363074,0.49237318442909606,0.010773794825956333
image_only,1309,S600,1.63892971,1.6364175755868071,0.4925094474131354,0.01074499407489224
image_only,1310,S600,1.633105927,1.6348271856662009,0.49153710192266803,0.010724784534604565
image_only,1311,S600,1.63598518,1.6326509869022303,0.490205066040064,0.010825576475830963
image_only,1312,S600,1.633706334,1.6350856959054079,0.4916952163734856,0.010709426093048226
image_only,1313,S800,1.61739273,1.644589142330603,0.49749059152058384,0.010788543402519186
image_only,1314,S800,1.624811061,1.6394764604912375,0.4943769594631325,0.011084668086799494
image_only,1315,S800,1.626210849,1.6393408598767956,0.4942942463374716,0.010961875629492895
image_only,1316,S800,1.640387878,1.6379666341975416,0.4934556153806389,0.011135993188453697
image_only,1317,S800,1.630202716,1.6353422321885647,0.49185209876889274,0.011894325286806002
image_only,1318,D50,1.790464747,1.7610219635169615,0.5658943016208244,0.022126951329832067
image_only,1319,D50,1.825534745,1.7447104453969975,0.5565886080159272,0.026100793803313087
image_only,1320,D50,1.828657725,1.7465581761622126,0.5576470948515266,0.025101969854611238
image_only,1321,D50,1.818651128,1.7447043980562411,0.5565851419099882,0.025707119042374847
image_only,1322,D50,1.818651128,1.7447043980562411,0.5565851419099882,0.025707119042374847
image_only,1323,D100,1.73642222,1.7553322747260387,0.5626581693253316,0.020324152521933325
image_only,1324,D100,1.748199464,1.7573000400421477,0.5637785630048395,0.02029929750843905
image_only,1325,D100,1.739144831,1.7544487015438475,0.562154677394165,0.020612344636677663
image_only,1326,D100,1.750080305,1.7528833526192757,0.5612620621502517,0.020544932696221894
image_only,1327,D100,1.750310728,1.756878090093527,0.5635384215350432,0.020667595999954755
image_only,1328,D200,1.734852865,1.7460383107408317,0.5573493991817464,0.011250339902746032
image_only,1329,D200,1.74061346,1.7472773119115728,0.5580587546231275,0.0112969556216931
image_only,1330,D200,1.743749892,1.747021618463874,0.5579124056969195,0.011162538069213331
image_only,1331,D200,1.742424891,1.746829811758857,0.5578026089817241,0.011109298882994955
image_only,1332,D200,1.73414359,1.7403301011125734,0.5540748085162366,0.011194147949738284
image_only,1333,D400,1.740645841,1.743865374819129,0.5561041291695735,0.010765090310051765
image_only,1334,D400,1.746214007,1.7426870588441006,0.5554282087339518,0.010744491013276335
image_only,1335,D400,1.738835295,1.7419562362970897,0.5550087554379746,0.01070925966641825
image_only,1336,D400,1.749276228,1.7451305240453532,0.5568293517369524,0.010873486438495443
image_only,1337,D400,1.769148943,1.7555871376632344,0.5628033523430586,0.012040011065903312
image_only,1338,D600,1.730542783,1.7443612734373148,0.5563884562340287,0.010354025434052816
image_only,1339,D600,1.74540229,1.7442398254792975,0.5563188306422095,0.010335125645835747
image_only,1340,D600,1.757779863,1.7385882806192652,0.5530734509402724,0.010990398686539234
image_only,1341,D600,1.748370119,1.7454315080158793,0.5570018076156948,0.010388537274301056
image_only,1342,D600,1.746275065,1.739723683018923,0.5537262977532401,0.01083236091745068
image_only,1343,D800,1.725438872,1.7285167771182566,0.5472636865044114,0.010147713177891034
image_only,1344,D800,1.725118598,1.7278495357516905,0.5468775923729124,0.010176856608129337
image_only,1345,D800,1.72499252,1.7320830132008458,0.5493247380914763,0.010103386101644758
image_only,1346,D800,1.729433568,1.730558949677751,0.5484444486258883,0.010088218080335198
image_only,1347,D800,1.738769491,1.7470962768043687,0.5579551394241399,0.011269514934723295
image_only,1348,S50,1.748629463,1.7351071384709007,0.5510691627723487,0.011028249127863734
image_only,1349,S50,1.756372992,1.7352970845237214,0.5511786290136309,0.011102516028383256
image_only,1350,S50,1.740802984,1.729424689329104,0.5477888036820848,0.011193452723005029
image_only,1351,S50,1.745758805,1.730705563906965,0.5485291657740441,0.011217003320350217
image_only,1352,S50,1.741539263,1.730337269078625,0.5483163427334159,0.011153961860417996
image_only,1353,S100,1.731218987,1.7386821056813786,0.5531274157182233,0.010974628796261762
image_only,1354,S100,1.730916374,1.7349160364424734,0.5509590182465127,0.010999796483207262
image_only,1355,S100,1.738408547,1.7353533422921865,0.5512110481636757,0.011039708822705331
image_only,1356,S100,1.716852321,1.7331705729653235,0.5499524322980577,0.01108632027797776
image_only,1357,S100,1.718301381,1.7312124975151568,0.5488220286337773,0.011162751428440478
image_only,1358,S200,1.720659702,1.7278358165168386,0.5468696522779943,0.010920262097561856
image_only,1359,S200,1.729430345,1.7295368100052626,0.5478536327796155,0.011151469162616182
image_only,1360,S200,1.724092597,1.7314456303711758,0.5489566840619258,0.011195245561419605
image_only,1361,S200,1.726380004,1.7276442800507679,0.5467587927384142,0.010884904002915072
image_only,1362,S200,1.731441458,1.728665679822992,0.5473498275783535,0.010917014736962948
image_only,1363,S400,1.722319891,1.7275154236128536,0.5466842049051297,0.010324158164385143
image_only,1364,S400,1.723230333,1.7278894550420882,0.5469006955589493,0.010317623850772176
image_only,1365,S400,1.725528541,1.7282885740076182,0.54713165528611,0.010342012127480666
image_only,1366,S400,1.709170995,1.7304177530730593,0.5483628551238819,0.01029527212335102
image_only,1367,S400,1.723136082,1.7276160402303824,0.5467424467512708,0.010322678878879773
image_only,1368,S600,1.737644411,1.7284230096531765,0.547209437676901,0.010548755090505416
image_only,1369,S600,1.729149565,1.7277218113976678,0.5468036686472824,0.0104974906990496
image_only,1370,S600,1.723136082,1.7272355223565676,0.5465221664477845,0.010493289852140871
image_only,1371,S600,1.744636921,1.7267520694023917,0.5462422274239811,0.010485265981146519
image_only,1372,S600,1.740173895,1.7265516032973436,0.5461261263658216,0.010484203697905975
image_only,1373,S800,1.726003366,1.7272642137514993,0.546538777475212,0.010812874609702695
image_only,1374,S800,1.725344844,1.724836020021121,0.5451319851074322,0.010871694473477434
image_only,1375,S800,1.72037826,1.7235970181282119,0.5444133967326443,0.010879960123771031
image_only,1376,S800,1.718505501,1.7263436377137775,0.5460056676960378,0.010962957637843556
image_only,1377,S800,1.741021878,1.722070355659495,0.5435272621160359,0.01096690102668969
image_only,1378,D50,1.890935262,1.8449418494244552,0.6124477590686657,0.021048313394621144
image_only,1379,D50,1.90281035,1.8002040001314088,0.5878999918867119,0.04289567158445061
image_only,1380,D50,1.900928922,1.8169813164926611,0.597176506748433,0.028453022471672806
image_only,1381,D50,1.912294445,1.8151363194559327,0.5961605720346691,0.028440077588899538
image_only,1382,D50,1.90491284,1.8155759816975452,0.5964027626613525,0.027613867696198575
image_only,1383,D100,1.840321892,1.8461304213650107,0.6130917843786242,0.018318747964145274
image_only,1384,D100,1.871227712,1.8438330610459461,0.6118465901500877,0.018671313916666855
image_only,1385,D100,1.871235522,1.8294410582849567,0.6040104875681123,0.02050627365160393
image_only,1386,D100,1.850146182,1.829848800725324,0.6042333408854306,0.02205099180154947
image_only,1387,D100,1.86020318,1.8237392114341888,0.6008889052426738,0.020940431644198194
image_only,1388,D200,1.815573851,1.8217185332409636,0.599780304599516,0.011076564919693522
image_only,1389,D200,1.818119597,1.8211381577435526,0.5994616670293048,0.010860250100583509
image_only,1390,D200,1.831804801,1.8220869531063666,0.5999825216871398,0.0118789661757878
image_only,1391,D200,1.845330448,1.8178365332785067,0.5976470760242392,0.011541061540670843
image_only,1392,D200,1.809977806,1.825364544098914,0.6017797172782274,0.010987538785202923
image_only,1393,D400,1.832611478,1.8203448422539747,0.5990259569067372,0.010756456883143433
image_only,1394,D400,1.826254441,1.8206370591229182,0.5991864723267455,0.0107317055583077
image_only,1395,D400,1.824627321,1.8133749451001715,0.5951897196019836,0.011077238881623055
image_only,1396,D400,1.81936414,1.8158303415286114,0.596542851546397,0.010700004195622061
image_only,1397,D400,1.830170268,1.8140660297400086,0.5955707511076604,0.010851109193561246
image_only,1398,D600,1.806505961,1.820833827518343,0.599294543159517,0.010193666854328239
image_only,1399,D600,1.814622772,1.822715978170406,0.60032768442002,0.010200257399287158
image_only,1400,D600,1.828929893,1.8252283850299136,0.601705121686932,0.010333166749310155
image_only,1401,D600,1.835355942,1.8237890328884911,0.6009162231692082,0.010275095512584815
image_only,1402,D600,1.83108934,1.8152640155593587,0.5962309202561845,0.010586455908545893
image_only,1403,D800,1.797889951,1.8159041605219648,0.596583503743479,0.010491288567976492
image_only,1404,D800,1.807596419,1.8200450166097908,0.5988612351837977,0.010490023877494726
image_only,1405,D800,1.824456516,1.817307098495992,0.5973557891646881,0.010469354806652372
image_only,1406,D800,1.815756719,1.8196674708349996,0.5986537760630855,0.01031938041264642
image_only,1407,D800,1.801076604,1.8204591888693884,0.5990887708426008,0.01037277402519197
image_only,1408,S50,1.802804034,1.8274253833152174,0.6029080818849589,0.011201619401051209
image_only,1409,S50,1.809305451,1.82940459274147,0.6039905547548886,0.011102795601145007
image_only,1410,S50,1.812438275,1.8262946886100386,0.602289153932617,0.01107565313600936
image_only,1411,S50,1.830297402,1.826025979134871,0.6021420094181577,0.011128727526353872
image_only,1412,S50,1.808132345,1.8278124585654267,0.6031198739862669,0.01119597521709452
image_only,1413,S100,1.838194388,1.8160611161586022,0.5966699338851673,0.010971555118624975
image_only,1414,S100,1.797916352,1.8291179216280464,0.6038338406098291,0.01792162539771909
image_only,1415,S100,1.840538585,1.8146674958011886,0.5959022530283469,0.011066224420979926
image_only,1416,S100,1.826153596,1.8157846174229553,0.5965176704045769,0.01095056592077279
image_only,1417,S100,1.827035596,1.8173855832475092,0.5973989756227475,0.01090164649273927
image_only,1418,S200,1.809660246,1.8236154859682718,0.6008210612975523,0.01050370887282157
image_only,1419,S200,1.810580824,1.8212527629503963,0.5995245955888016,0.010749520971700805
image_only,1420,S200,1.827443553,1.8237636814173062,0.6009023226319598,0.010472198622297238
image_only,1421,S200,1.819873108,1.8238002277160839,0.6009223613754551,0.010557306427467517
image_only,1422,S200,1.82116145,1.8230969007166722,0.6005366488185266,0.010653313037718102
image_only,1423,S400,1.827366889,1.8141062506850087,0.5955929225713579,0.010414449536599436
image_only,1424,S400,1.801485664,1.8163994943616246,0.5968562418677074,0.010838643662311043
image_only,1425,S400,1.835738463,1.810542624644519,0.593626592970187,0.010528769162338211
image_only,1426,S400,1.811037344,1.815543597698017,0.5963849257387059,0.010379650821240193
image_only,1427,S400,1.809516659,1.8149655942214837,0.5960665111853406,0.010394579113969645
image_only,1428,S600,1.842325226,1.8081668990322481,0.5923135691211903,0.010575621576198756
image_only,1429,S600,1.813712362,1.8082187214572982,0.5923422289105446,0.010591036972786835
image_only,1430,S600,1.81941482,1.8055648693999786,0.5908734898631336,0.010619731965793563
image_only,1431,S600,1.824800504,1.8063544541692935,0.5913107005044346,0.010622007033333696
image_only,1432,S600,1.810243275,1.8052915832858878,0.590722120724984,0.01060698784148255
image_only,1433,S800,1.782843619,1.813922819326075,0.5954918035584997,0.011694786888269634
image_only,1434,S800,1.812439986,1.8163293287999158,0.5968176121955611,0.01182581578858669
image_only,1435,S800,1.788621446,1.8136003674748642,0.5953140228329439,0.012436389604770852
image_only,1436,S800,1.805524812,1.8150215772398042,0.5960973559325424,0.011446183903533613
image_only,1437,S800,1.798149608,1.8157886802682943,0.5965199079170852,0.011641067854183151
image_only,1438,D50,1.98171331,1.8904048940013394,0.6367910357579988,0.02809675491698712
image_only,1439,D50,1.977918113,1.8782440738554358,0.6303373371206332,0.03435130523232585
image_only,1440,D50,1.975119796,1.8909665133711988,0.6370880810960442,0.027689041593347098
image_only,1441,D50,1.985368784,1.8917265331206667,0.6374899216632559,0.027130490788342693
image_only,1442,D50,1.982776136,1.9329203528989158,0.6590319954967505,0.019603018935559272
image_only,1443,D100,1.901575873,1.9156683020701444,0.6500665445565271,0.0228243466934049
image_only,1444,D100,1.936489464,1.9191050635568467,0.6518589646445745,0.018862151276754658
image_only,1445,D100,1.927870888,1.9257495213389593,0.6553152536926621,0.01754933986228936
image_only,1446,D100,1.909319154,1.922153804402855,0.653446330448845,0.020695775084666752
image_only,1447,D100,1.915467843,1.9143996981382208,0.6494040999324386,0.022246203691968943
image_only,1448,D200,1.88462312,1.8798391186554828,0.6311861979968392,0.010974826562268886
image_only,1449,D200,1.896441345,1.8786543568271497,0.6305557529127633,0.01129011848940741
image_only,1450,D200,1.898457048,1.8896030456137796,0.6363667782366409,0.012819112126908467
image_only,1451,D200,1.880764078,1.8930554812025628,0.6381921804097216,0.011249539633939532
image_only,1452,D200,1.876312808,1.8853426618793467,0.6341095878697272,0.010855638972728617
image_only,1453,D400,1.879603373,1.8639116567055385,0.6226773206689684,0.01080029148418407
image_only,1454,D400,1.86098472,1.8623853109289976,0.6218580913508739,0.010853703420785373
image_only,1455,D400,1.86673485,1.8651732696610228,0.6233539547647479,0.010610964165510791
image_only,1456,D400,1.888753096,1.879772280776539,0.6311506422588387,0.011740763098691792
image_only,1457,D400,1.885233324,1.8766511461295503,0.6294888831808448,0.011245639345898464
image_only,1458,D600,1.822471144,1.8605021800546886,0.6208464405612784,0.010220901835856035
image_only,1459,D600,1.842546204,1.860863061189876,0.6210403914975202,0.010487202830167634
image_only,1460,D600,1.867332114,1.8713886366543129,0.6266807417317568,0.010292455873544165
image_only,1461,D600,1.877333081,1.869608211702827,0.6257288964573129,0.010231285752717898
image_only,1462,D600,1.866049127,1.8719254192146586,0.6269675370986503,0.010362007662418656
image_only,1463,D800,1.857228637,1.8424964524102692,0.6111214196576661,0.010237418429913233
image_only,1464,D800,1.855300706,1.837946087683159,0.6086486914484377,0.010311384184058869
image_only,1465,D800,1.878267981,1.8523719399190026,0.6164669475497859,0.010815402035564614
image_only,1466,D800,1.876924281,1.8560193519125545,0.6184340609866743,0.011951715656832718
image_only,1467,D800,1.82775045,1.8420058917316744,0.6108551363793974,0.010433981495514387
image_only,1468,S50,1.877396422,1.885853960585232,0.6343807478012844,0.01108156685727881
image_only,1469,S50,1.888569121,1.8867735435378208,0.6348682504607948,0.011091500567540932
image_only,1470,S50,1.895854585,1.8852140118952423,0.6340413486173911,0.01112070281727978
image_only,1471,S50,1.882504687,1.885814153383087,0.6343596392620684,0.011414189829683329
image_only,1472,S50,1.867779812,1.885787871926874,0.6343457027671587,0.011308108378837275
image_only,1473,S100,1.883443029,1.8830519148709632,0.6328938195928709,0.011221847141060521
image_only,1474,S100,1.893646428,1.8813780443934405,0.632004510663788,0.010904671781522208
image_only,1475,S100,1.88819627,1.8826485986131298,0.6326796144228468,0.011005832541908145
image_only,1476,S100,1.881334885,1.8813764458800641,0.6320036610131502,0.010966768705831654
image_only,1477,S100,1.877746376,1.8818541304661607,0.632257530436759,0.011008598247357707
image_only,1478,S200,1.893085265,1.8778453437819593,0.6301250258411936,0.010524008034362157
image_only,1479,S200,1.879307862,1.8750562284839174,0.6286386474974832,0.010532780717410987
image_only,1480,S200,1.887049371,1.8741859914252483,0.6281744272506953,0.010547840388894225
image_only,1481,S200,1.878233348,1.8738809884580496,0.6280116751069855,0.01054836627427006
image_only,1482,S200,1.860544951,1.876990278876615,0.6296695785161681,0.010534786598695646
image_only,1483,S400,1.824360742,1.836722098576795,0.6079825147546033,0.021750619948794098
image_only,1484,S400,1.861976236,1.8416814903659244,0.6106790077707835,0.011185571331103452
image_only,1485,S400,1.847779778,1.8514143037329072,0.6159498355220189,0.01033572977770627
image_only,1486,S400,1.845557556,1.8462975562860486,0.6131823128450771,0.010681320452031306
image_only,1487,S400,1.849355485,1.8395774949992387,0.609535922970639,0.0114869652806951
image_only,1488,S600,1.852619799,1.8459186414202868,0.6129770622060016,0.01061287829064749
image_only,1489,S600,1.836251919,1.8523848134419572,0.6164738972762115,0.010613394972607337
image_only,1490,S600,1.81680461,1.8630794617556827,0.6222307432893959,0.012383258190478318
image_only,1491,S600,1.826380347,1.8437749941499995,0.6118150971632614,0.010868266253222804
image_only,1492,S600,1.827097635,1.8444540344414833,0.6121833174087462,0.010813760171938327
image_only,1493,S800,1.860479626,1.8508070709115234,0.6156217985056547,0.010842204953305946
image_only,1494,S800,1.853817398,1.8470338988878523,0.6135810545342522,0.010776337867489064
image_only,1495,S800,1.864159369,1.8513509986041583,0.6159156420889569,0.010897317715047056
image_only,1496,S800,1.842760175,1.8515186766330618,0.6160062086190939,0.010895687235933723
image_only,1497,S800,1.851627686,1.8492336661137374,0.614771318738294,0.010878857571876628
lee_beta0,0,D50,1.560186908,1.612222616387354,0.4776137340454562,0.03170739437606023
lee_beta0,1,D50,1.561484361,1.6007202029097543,0.47045365478764595,0.03101032106588832
lee_beta0,2,D50,1.560393514,1.6037124662764726,0.4723212329491129,0.03091773013300214
lee_beta0,3,D50,1.558472561,1.5982265028502698,0.468894578757953,0.03139920552903158
lee_beta0,4,D50,1.561608985,1.602730039713304,0.47170845003342027,0.03093075171668308
lee_beta0,5,D100,1.561041612,1.55285583117441,0.4400957073875557,0.018187940075322855
lee_beta0,6,D100,1.556557304,1.551535027312757,0.43924478106960263,0.018066930115553898
lee_beta0,7,D100,1.560626044,1.553686480163414,0.4406304813745498,0.01813752793654372
lee_beta0,8,D100,1.555448691,1.5510590049306057,0.43893792662397446,0.018061018655242986
lee_beta0,9,D100,1.570784601,1.5537784112358313,0.44068964926584175,0.018304651286677333
lee_beta0,10,D200,1.559258194,1.5810362346040565,0.45808047675284813,0.013678331537760612
lee_beta0,11,D200,1.557328689,1.5810366483221292,0.458080738428077,0.013766922669844413
lee_beta0,12,D200,1.560386696,1.581802752543384,0.4585651792353008,0.013816377484381484
lee_beta0,13,D200,1.56406944,1.5814069637686654,0.4583149341916396,0.013702892002302373
lee_beta0,14,D200,1.559799742,1.5809103878018194,0.4580008759136613,0.013669407356775694
lee_beta0,15,D400,1.57747785,1.557214419335099,0.44289859649494157,0.011174633196425794
lee_beta0,16,D400,1.582462146,1.5581180858685555,0.4434787378168019,0.0109028717008177
lee_beta0,17,D400,1.571871059,1.557975353732496,0.44338712815301884,0.010942021263867976
lee_beta0,18,D400,1.578362744,1.556883399778368,0.44268600230092103,0.01116114462570792
lee_beta0,19,D400,1.571060369,1.5554763579707014,0.4417818382498215,0.011423708161046578
lee_beta0,20,D600,1.562491354,1.5738207781282847,0.45350627955306044,0.0103081452193438
lee_beta0,21,D600,1.560566365,1.5734641512326666,0.45327965444275176,0.010459862098165365
lee_beta0,22,D600,1.566691898,1.5737581050212122,0.4534664564957789,0.010293958376300328
lee_beta0,23,D600,1.559224889,1.5738072270918484,0.4534976692367118,0.010548925027304467
lee_beta0,24,D600,1.58159802,1.574849893976352,0.4541599623239071,0.010467217676439166
lee_beta0,25,D800,1.644690279,1.5817805435383598,0.45855113882419357,0.010114134411785162
lee_beta0,26,D800,1.57983316,1.5826440649772733,0.4590969072131917,0.010121819114237625
lee_beta0,27,D800,1.564816559,1.5816439201031225,0.4584647619014047,0.01020203476806665
lee_beta0,28,D800,1.566544735,1.5851620177299004,0.46068662149314804,0.01045984408762036
lee_beta0,29,D800,1.592458478,1.5849123637790825,0.4605291148095256,0.010448232815300126
lee_beta0,30,S50,1.575816199,1.5650742950587142,0.44793329574628254,0.024612007838478323
lee_beta0,31,S50,1.602076658,1.5677217498541383,0.44962345073096777,0.02369002794126322
lee_beta0,32,S50,1.579807863,1.5696162881851876,0.45083118705925884,0.023499807567156618
lee_beta0,33,S50,1.580573721,1.5661313066811577,0.448608442508927,0.023803274600762342
lee_beta0,34,S50,1.592722949,1.5678782690529438,0.44972328438193854,0.02350981544201567
lee_beta0,35,S100,1.567218001,1.5722752699429248,0.4525237867835662,0.012128599397710457
lee_beta0,36,S100,1.570607716,1.5735542892971954,0.45333693918146994,0.012162958415835161
lee_beta0,37,S100,1.571419163,1.5735716853409285,0.4533479943752395,0.01245697981890116
lee_beta0,38,S100,1.566838091,1.5728902590096778,0.45291485623217204,0.012304147068953417
lee_beta0,39,S100,1.564440461,1.5673254021398606,0.4493706011263696,0.012166357031517304
lee_beta0,40,S200,1.56406097,1.5783626891372562,0.45638803703915787,0.010202389927635907
lee_beta0,41,S200,1.580191426,1.5718206683327185,0.4522346088307944,0.010379291508703915
lee_beta0,42,S200,1.583074977,1.5795235060588904,0.45712322311121145,0.010253169802126743
lee_beta0,43,S200,1.572904736,1.5791670108325921,0.45689749968189447,0.010325050205836392
lee_beta0,44,S200,1.585051572,1.5766867104495372,0.45532562651361713,0.010290478519090393
lee_beta0,45,S400,1.562576774,1.5735894273645215,0.4533592693134824,0.009899672377157444
lee_beta0,46,S400,1.582775974,1.573320341707614,0.45318825350603353,0.009911066358952227
lee_beta0,47,S400,1.570456464,1.575600419942031,0.45463641864290466,0.009869423403773002
lee_beta0,48,S400,1.5750196,1.5763434917910328,0.4551079193317348,0.009858258327478223
lee_beta0,49,S400,1.577183511,1.580093349982427,0.45748392756094586,0.009933858006893673
lee_beta0,50,S600,1.555828114,1.581500272831495,0.45837393627793355,0.009922850226630753
lee_beta0,51,S600,1.56117239,1.5812255068144159,0.4582001836120914,0.009932176747086404
lee_beta0,52,S600,1.561823954,1.581054767201508,0.45809219848852306,0.009968991986309048
lee_beta0,53,S600,1.559846724,1.582241724638579,0.45884265453704015,0.00990313382694681
lee_beta0,54,S600,1.561648453,1.5800790419945714,0.45747487236643053,0.009952215907737061
lee_beta0,55,S800,1.589227754,1.571824605182515,0.4522371134707611,0.010519447472642903
lee_beta0,56,S800,1.580440672,1.5732962213490156,0.4531729225255245,0.010614330013700409
lee_beta0,57,S800,1.59815524,1.5751273649572346,0.45433613564758,0.010792655902755164
lee_beta0,58,S800,1.615199232,1.5724781219808714,0.4526527966059255,0.010575129079129027
lee_beta0,59,S800,1.584848504,1.5727239350724518,0.45280910649484324,0.010589317777243763
lee_beta0,60,D50,2.044100443,2.1204262520785435,0.7516171307748054,0.028426417539346077
lee_beta0,61,D50,2.04957737,2.11344875119739,0.7483210924209847,0.02865402938612206
lee_beta0,62,D50,1.999572687,2.080445239223268,0.7325819281251064,0.03031520546309837
lee_beta0,63,D50,2.017631508,2.08030789883139,0.7325159110424433,0.030547482997581133
lee_beta0,64,D50,2.006211894,2.0800044441813896,0.7323700303366121,0.031184916805981452
lee_beta0,65,D100,2.016437285,1.9033111043403594,0.6435950559510626,0.018806327068036432
lee_beta0,66,D100,1.994408192,1.933447439527258,0.6593046475877595,0.018387533859318166
lee_beta0,67,D100,1.97356662,1.9090069632550983,0.6465831923299903,0.018705392657601187
lee_beta0,68,D100,1.983306755,1.9122990447964685,0.648306206581604,0.018682493635228052
lee_beta0,69,D100,1.971798525,1.9330441629793753,0.6590960468246886,0.01849680901286507
lee_beta0,70,D200,1.964318123,1.9992971488173596,0.6927956932041812,0.014242496414221102
lee_beta0,71,D200,1.961302475,1.9947521759422933,0.6905198200402457,0.01412055367252356
lee_beta0,72,D200,1.966048011,1.961460191228318,0.6736891913956639,0.014113281633032557
lee_beta0,73,D200,1.959125658,1.9848532503673084,0.6855449821202587,0.01452893142932204
lee_beta0,74,D200,1.970214261,1.9718017984795246,0.6789477432587656,0.014119836497448073
lee_beta0,75,D400,1.964858008,1.9614070876742473,0.6736621175487562,0.011449012236968065
lee_beta0,76,D400,1.951867166,1.95357774825448,0.6696624341858071,0.011046245613782747
lee_beta0,77,D400,1.959093971,1.9449612386990953,0.6652420481824195,0.011199713679340452
lee_beta0,78,D400,1.953838928,1.972856184802633,0.6794823327479875,0.010947486525330584
lee_beta0,79,D400,1.947956474,1.974964533155838,0.680550440296062,0.01096768091808249
lee_beta0,80,D600,1.954137272,1.9433509486784346,0.6644137761532611,0.010325972531028425
lee_beta0,81,D600,1.941923138,1.9476365234819357,0.6666165982220117,0.010164786990756857
lee_beta0,82,D600,1.944425234,1.943356267988336,0.6644165133339155,0.010089085419334289
lee_beta0,83,D600,1.943606342,1.9415103673657628,0.6634662100495297,0.010148987603187712
lee_beta0,84,D600,1.939217447,1.9461927176576852,0.6658750115724664,0.010120394427619549
lee_beta0,85,D800,1.937833439,1.9353854704079274,0.6603065161553057,0.010083191482078127
lee_beta0,86,D800,1.931115531,1.939341024480064,0.6623482372685027,0.010020300543419663
lee_beta0,87,D800,1.937390462,1.935624280533728,0.6604299000481235,0.010070781052608663
lee_beta0,88,D800,1.939430677,1.935640170805197,0.6604381093924702,0.010110108010758767
lee_beta0,89,D800,1.930410702,1.9451332034970341,0.6653304598138624,0.010065219099531588
lee_beta0,90,S50,2.018231427,2.0405281208887933,0.7132086571403824,0.021056160035095493
lee_beta0,91,S50,2.016383376,2.0376753106638605,0.7118096044750889,0.020992911349793798
lee_beta0,92,S50,2.019922289,2.048597681690363,0.717155501364069,0.021505414155601553
lee_beta0,93,S50,2.023950784,2.0440859016906012,0.7149506977257966,0.021063124626826638
lee_beta0,94,S50,2.020788185,2.036009698265078,0.7109918620684237,0.02097844294480141
lee_beta0,95,S100,1.928651999,1.9227321545851102,0.65374717171841,0.012856668068440422
lee_beta0,96,S100,1.93017593,1.9175820982685174,0.6510650686066213,0.012837456181808435
lee_beta0,97,S100,1.932332607,1.9271533359947934,0.6560439586561324,0.012894420913070949
lee_beta0,98,S100,1.936713222,1.9241736014528767,0.6544965776184454,0.012961736651312021
lee_beta0,99,S100,1.941062316,1.930745732814093,0.6579063183464942,0.012946530967837789
lee_beta0,100,S200,1.935150704,1.9478980418614562,0.6667508639437126,0.010393986151906167
lee_beta0,101,S200,1.934574776,1.9523749549751686,0.6690465571341798,0.010458270373469518
lee_beta0,102,S200,1.931366726,1.9500971602651025,0.6678791971113683,0.010411357998855406
lee_beta0,103,S200,1.93014659,1.949918281757801,0.6677874649066701,0.01041556556870992
lee_beta0,104,S200,1.934298104,1.948918284562088,0.6672744927927426,0.010398367030288149
lee_beta0,105,S400,1.928885505,1.9060436744458744,0.645029719159345,0.010386551996800237
lee_beta0,106,S400,1.934057083,1.943228424109161,0.664350726073712,0.01233988603859665
lee_beta0,107,S400,1.924819553,1.9083406982828348,0.6462341201269305,0.010227128732392975
lee_beta0,108,S400,1.919839737,1.9069606671545352,0.6455107008966772,0.010389531545763516
lee_beta0,109,S400,1.9194336,1.9187419109589539,0.6516697165576193,0.010172316172242221
lee_beta0,110,S600,1.925053088,1.9214275731279764,0.6530684374307519,0.010176137420027879
lee_beta0,111,S600,1.926645985,1.9265632243175577,0.6557377027742519,0.010186699370767665
lee_beta0,112,S600,1.921919857,1.92221266531198,0.6534769523521382,0.010158705838868918
lee_beta0,113,S600,1.927081693,1.92282562431185,0.6537957835100576,0.010286451699716977
lee_beta0,114,S600,1.924848505,1.9116791297404105,0.647981981372571,0.01029160506956269
lee_beta0,115,S800,1.92363974,1.9285961811781653,0.6567923709916812,0.012202527750812006
lee_beta0,116,S800,1.912130921,1.9294271807827943,0.6572231613418247,0.012609335451584833
lee_beta0,117,S800,1.917343839,1.9237025664034022,0.6542517490266303,0.012513694280564421
lee_beta0,118,S800,1.910109237,1.9257322756858428,0.6553062983585722,0.012012247615302991
lee_beta0,119,S800,1.916211727,1.9312757495409199,0.6581807946706555,0.012790126969672836
lee_beta0,120,D50,2.401662904,2.417262643682848,0.882635760974045,0.02773802406041891
lee_beta0,121,D50,2.408329379,2.4047330443937542,0.8774388971446634,0.02761927590439756
lee_beta0,122,D50,2.409795375,2.3980503384939817,0.8746560482507102,0.02770726670670285
lee_beta0,123,D50,2.433450011,2.4128842489619324,0.8808228157293301,0.027623777426240972
lee_beta0,124,D50,2.434746684,2.4039881908612073,0.8771291043735445,0.02760497680846463
lee_beta0,125,D100,2.383093911,2.3712224045616614,0.8634056046924277,0.0175809777999333
lee_beta0,126,D100,2.377584742,2.386854483753585,0.8699763835183713,0.017538026379909928
lee_beta0,127,D100,2.412540012,2.3890226182715724,0.8708843359721788,0.017538702225983412
lee_beta0,128,D100,2.430015758,2.3900472627701586,0.8713131409655319,0.017533565823351364
lee_beta0,129,D100,2.430136719,2.382489168354907,0.8681458102000646,0.01754059250843119
lee_beta0,130,D200,2.428161204,2.4262484384539644,0.8863462118961214,0.013759182023963023
lee_beta0,131,D200,2.404430077,2.427510477503083,0.8868662373441963,0.013734009901535858
lee_beta0,132,D200,2.384685146,2.4289122645156187,0.8874435293658887,0.013733923421780649
lee_beta0,133,D200,2.384331984,2.4154360006419364,0.8818798093774997,0.013758835003603474
lee_beta0,134,D200,2.388001759,2.4252578201814545,0.8859378363387308,0.01373486647406568
lee_beta0,135,D400,2.4082186,2.4179864098455885,0.8829351317655526,0.010774393109418412
lee_beta0,136,D400,2.417180474,2.4172099270553544,0.8826139523375393,0.010768255389803853
lee_beta0,137,D400,2.394055265,2.4161614615150406,0.8821801079368221,0.010769979844892424
lee_beta0,138,D400,2.419993966,2.4175811673089957,0.882767522676826,0.010767964841463928
lee_beta0,139,D400,2.429802299,2.408689728695045,0.8790829186150363,0.010772579885482208
lee_beta0,140,D600,2.420626025,2.4091356803341677,0.8792680443107747,0.010433104900408045
lee_beta0,141,D600,2.394758376,2.408564256210397,0.8790308256653727,0.010416179834646629
lee_beta0,142,D600,2.384010172,2.3911996198325713,0.8717951730015343,0.010414556133218861
lee_beta0,143,D600,2.418643886,2.4069117912126767,0.8783445113544678,0.01053821815919131
lee_beta0,144,D600,2.39934375,2.390640524798923,0.8715613320452139,0.01062916005018091
lee_beta0,145,D800,2.360297782,2.350323336082749,0.8545529085139025,0.010176638773984826
lee_beta0,146,D800,2.375450943,2.349854442685031,0.8543533869547855,0.010179519194151788
lee_beta0,147,D800,2.371242957,2.3683498178952904,0.8621934332629055,0.010103001072539853
lee_beta0,148,D800,2.383375605,2.354614977820407,0.8563772227308329,0.010151632049467969
lee_beta0,149,D800,2.365110163,2.365810846697071,0.8611208159093651,0.010112713939792229
lee_beta0,150,S50,2.38150949,2.356945117726094,0.857366338882769,0.019114936621935617
lee_beta0,151,S50,2.394125437,2.3621977245387873,0.8595924249146392,0.019115258902292938
lee_beta0,152,S50,2.396222224,2.3645205169041583,0.8605752601223667,0.01915722873009309
lee_beta0,153,S50,2.392269046,2.3602420729025306,0.8587641870410254,0.019151346267474573
lee_beta0,154,S50,2.369866879,2.360996377589029,0.8590837238324102,0.019197174415468355
lee_beta0,155,S100,2.374401007,2.3881029095620656,0.8704992890582925,0.01164770635902175
lee_beta0,156,S100,2.370325356,2.3888729324320215,0.8708216783280294,0.011628489300104584
lee_beta0,157,S100,2.391706078,2.3963241255781744,0.8739359488912063,0.011620877473986968
lee_beta0,158,S100,2.424080577,2.3990898903229962,0.8750894530692903,0.011614589485121984
lee_beta0,159,S100,2.379081599,2.38217568644221,0.8680142240664319,0.011676732119355588
lee_beta0,160,S200,2.41122508,2.3612615451589445,0.8591960292483922,0.010425182156870825
lee_beta0,161,S200,2.384056674,2.364343136079306,0.860500239636283,0.010497622226681535
lee_beta0,162,S200,2.375336473,2.3716872679642007,0.8636016292579893,0.010643708204906286
lee_beta0,163,S200,2.354090276,2.367676385520952,0.8619090461628547,0.01069099980441461
lee_beta0,164,S200,2.349382093,2.365136706585637,0.8608358243264297,0.010676637869490817
lee_beta0,165,S400,2.333697666,2.3576446036797245,0.8576630713664408,0.010108488589877474
lee_beta0,166,S400,2.347239773,2.3470458574233457,0.8531574554182488,0.010203199518064832
lee_beta0,167,S400,2.35748471,2.357673087841943,0.8576751529117714,0.010091514330931833
lee_beta0,168,S400,2.334848634,2.3487690499761826,0.8538913823996854,0.010148086038458496
lee_beta0,169,S400,2.323961879,2.35620231722443,0.8570511352876913,0.010115055354217051
lee_beta0,170,S600,2.352788986,2.355370964429296,0.8566982371137422,0.010223519512021722
lee_beta0,171,S600,2.360231398,2.3584572369625234,0.8580076921224382,0.010196082738660501
lee_beta0,172,S600,2.337840207,2.3544939485962084,0.8563258205542783,0.010224465638542636
lee_beta0,173,S600,2.352483628,2.3593232926190204,0.858374837503956,0.01017681930695059
lee_beta0,174,S600,2.358437625,2.357844252144642,0.8577477491044829,0.010182776478067888
lee_beta0,175,S800,2.327082283,2.313305671807587,0.838677528347234,0.012612244086067566
lee_beta0,176,S800,2.375686483,2.3170636520778354,0.8403007168371766,0.012697643018127038
lee_beta0,177,S800,2.357065093,2.31596478851454,0.8398263560176862,0.01255377491211579
lee_beta0,178,S800,2.344086808,2.318928183439045,0.8411050890310432,0.01231413226750248
lee_beta0,179,S800,2.371926086,2.3233838762130063,0.8430246903352759,0.011931681029788263
lee_beta0,180,D50,2.712659774,2.700201894701158,0.9933265460299551,0.02783977367513483
lee_beta0,181,D50,2.725048716,2.7032252499529523,0.9944455971382102,0.027859566583038977
lee_beta0,182,D50,2.731434141,2.6971147110613343,0.9921825760900771,0.027827483172373834
lee_beta0,183,D50,2.738759908,2.684092742110296,0.987342772204831,0.027831849656830623
lee_beta0,184,D50,2.737732498,2.6658177532015825,0.9805108597805738,0.027959468090056436
lee_beta0,185,D100,2.675096745,2.772691566492734,1.0198185330737195,0.017876897555957054
lee_beta0,186,D100,2.867247482,2.7647386384975894,1.016946105550869,0.01796659321205935
lee_beta0,187,D100,2.696871146,2.751754778030394,1.0122388092804977,0.01778696043898406
lee_beta0,188,D100,2.647227765,2.7550278338402814,1.0134275455811679,0.017805095625675255
lee_beta0,189,D100,2.657785564,2.7739488681055433,1.0202718891724856,0.01806725646761335
lee_beta0,190,D200,2.748276141,2.7567412764953754,1.0140492852353478,0.01362673213789615
lee_beta0,191,D200,2.682650303,2.7664898044266857,1.0175792979802452,0.01362803729566098
lee_beta0,192,D200,2.701945369,2.7645239057400004,1.016868434159439,0.013790326707833546
lee_beta0,193,D200,2.740214864,2.751725943591716,1.012228330661552,0.013732971478927838
lee_beta0,194,D200,2.744762506,2.771654562500902,1.0194444568599341,0.013659649089424668
lee_beta0,195,D400,2.766825409,2.7890898088182623,1.0257153092091105,0.011409989448726024
lee_beta0,196,D400,2.901334736,2.7305530328169607,1.004504164804525,0.01206477960593898
lee_beta0,197,D400,2.782567861,2.6649584998707128,0.9801884852154003,0.013478537123210049
lee_beta0,198,D400,2.801594694,2.676398964630007,0.9844722210747114,0.01290620414742832
lee_beta0,199,D400,2.750904643,2.660781041365562,0.9786197042678687,0.013869416133867376
lee_beta0,200,D600,2.782887365,2.7044723998678473,0.9949068470148735,0.010240681379570031
lee_beta0,201,D600,2.84132757,2.7018366614845473,0.9939317867428046,0.01025119664129773
lee_beta0,202,D600,2.766425103,2.69964814949464,0.9931214495165606,0.010253085652517825
lee_beta0,203,D600,2.732959456,2.6817035963577367,0.9864522628527278,0.010211972876498498
lee_beta0,204,D600,2.763235638,2.6933519719810946,0.9907865041309596,0.010237198142097061
lee_beta0,205,D800,2.63522,2.766823511922535,1.0176999155839033,0.010287255000187418
lee_beta0,206,D800,2.651727808,2.785477152638501,1.024419188197204,0.010425051359379463
lee_beta0,207,D800,2.695769239,2.773389806050249,1.0200703287161927,0.010405070699289575
lee_beta0,208,D800,2.623911376,2.7762126374244898,1.0210876382068967,0.010360689022120744
lee_beta0,209,D800,2.604061726,2.764138699910784,1.0167290855113784,0.010502269590880232
lee_beta0,210,S50,2.731521141,2.625342814671589,0.9652114835820307,0.01908198021191791
lee_beta0,211,S50,2.632174683,2.6251317348203753,0.9651310794778538,0.018983226520955618
lee_beta0,212,S50,2.697323437,2.64172427019007,0.971431836607677,0.019031262711976922
lee_beta0,213,S50,2.665334753,2.6309031728699743,0.9673271989749915,0.01906421824679988
lee_beta0,214,S50,2.709654543,2.625663111722906,0.965333478131724,0.019037254552638293
lee_beta0,215,S100,2.644428335,2.6911340667052177,0.9899626909070504,0.01160885737925149
lee_beta0,216,S100,2.67892849,2.696824724480196,0.9920750529764483,0.011607640985989397
lee_beta0,217,S100,2.651410329,2.6958036650872437,0.9916963658756905,0.011594591294857147
lee_beta0,218,S100,2.645760415,2.6786272785121534,0.9853044537882721,0.01162133276517806
lee_beta0,219,S100,2.649109535,2.6855528723104167,0.9878866182389855,0.011615798628947372
lee_beta0,220,S200,2.67459967,2.6794219080274186,0.9856010652949703,0.010381657476571578
lee_beta0,221,S200,2.653136363,2.6918081737576895,0.9902131513526145,0.010389470116645727
lee_beta0,222,S200,2.703511806,2.686698096472228,0.9883129662207955,0.01035470485552387
lee_beta0,223,S200,2.650051828,2.6887875651750974,0.9890903727435252,0.010354058964751887
lee_beta0,224,S200,2.691075341,2.691800154181614,0.9902101720957341,0.010366697993864683
lee_beta0,225,S400,2.800140568,2.6666769400146992,0.9808331055098176,0.010305673277498192
lee_beta0,226,S400,2.686679766,2.6584518213007153,0.9777439312856154,0.010305312311535721
lee_beta0,227,S400,2.64679232,2.676196990065383,0.9843967531834568,0.010176637348870308
lee_beta0,228,S400,2.721755729,2.672913704928763,0.9831691526583752,0.010250922714157685
lee_beta0,229,S400,2.689948259,2.667835755837008,0.981267565377703,0.010285165603300723
lee_beta0,230,S600,2.647347587,2.6784002052463527,0.9852196779432255,0.010147348418986376
lee_beta0,231,S600,2.628741468,2.675791516421996,0.9842452305695082,0.010201524054208183
lee_beta0,232,S600,2.6300257,2.6816838881928042,0.9864449137044556,0.010181712023310167
lee_beta0,233,S600,2.653703494,2.669421457099534,0.9818617661988058,0.010191933914217773
lee_beta0,234,S600,2.628540977,2.6615855776596424,0.9789220270343358,0.010207949869396911
lee_beta0,235,S800,2.664593931,2.6440105557350146,0.9722969143169526,0.01070133916599135
lee_beta0,236,S800,2.656532806,2.648049022699228,0.9738231510073345,0.010779801782599773
lee_beta0,237,S800,2.702334908,2.6478356923216504,0.9737425864221244,0.01073250193234235
lee_beta0,238,S800,2.646022521,2.633482832770708,0.9683072411316441,0.010806925778695053
lee_beta0,239,S800,2.700193466,2.6421493203580173,0.9715927224281192,0.010791362922782453
lee_beta0,240,D50,2.994801895,2.9442494477974286,1.0798539281866217,0.029726504367707095
lee_beta0,241,D50,3.017042885,2.955996199043042,1.0838357172404203,0.031176958511463602
lee_beta0,242,D50,3.041828615,2.8852071577971357,1.0595967025111879,0.029021347936550698
lee_beta0,243,D50,2.99137326,2.919142443713329,1.0712898894868803,0.02931742735508789
lee_beta0,244,D50,2.98648365,2.8909015878524884,1.0615684215874546,0.02916227209647458
lee_beta0,245,D100,2.991563797,2.9856937433835418,1.093832129685314,0.018253801579091653
lee_beta0,246,D100,3.009996481,2.9868928420190457,1.0942336638060735,0.01850034390618774
lee_beta0,247,D100,2.962123796,2.989981593756528,1.0952672314493757,0.018378383973689082
lee_beta0,248,D100,2.956168224,2.991895078781894,1.0959069922453195,0.018331115131144295
lee_beta0,249,D100,2.915595762,2.9991446188921063,1.0983271209757035,0.018368510237438906
lee_beta0,250,D200,3.125488432,3.144854439483209,1.145767605928113,0.015207110303648168
lee_beta0,251,D200,2.986670763,3.149883262396999,1.147365392594311,0.015460220396390105
lee_beta0,252,D200,3.122846689,3.076452059065257,1.123777004130546,0.014661845230436728
lee_beta0,253,D200,3.025946716,3.1367512022493855,1.143187615336274,0.015451175755362553
lee_beta0,254,D200,3.063166499,3.152231262473202,1.1481105393781659,0.015595932446726109
lee_beta0,255,D400,3.154841788,3.0957334164292463,1.1300248462156561,0.011696994844005184
lee_beta0,256,D400,3.024652821,3.1115922012275976,1.1351345569929245,0.01177653530739277
lee_beta0,257,D400,3.205285799,3.1086226812487023,1.1341797603305601,0.011609984294001428
lee_beta0,258,D400,3.203743204,3.0856016577466003,1.1267466651643294,0.011761834756098233
lee_beta0,259,D400,3.038918026,3.1095027212186888,1.1344628166920523,0.011742689677904147
lee_beta0,260,D600,3.342236258,3.11661304180692,1.136746848647112,0.010962371103145997
lee_beta0,261,D600,3.081920399,3.0909058996345093,1.1284642193460697,0.011019408193234317
lee_beta0,262,D600,3.123416728,3.116851125813517,1.1368232376341376,0.010943949437303258
lee_beta0,263,D600,3.124444876,3.109599410141072,1.1344939108662109,0.010985310427439611
lee_beta0,264,D600,3.296475183,3.112986475985688,1.1355825470830854,0.01092659268422412
lee_beta0,265,D800,3.007268472,3.0526270976022056,1.1160025633520376,0.010257655633701056
lee_beta0,266,D800,3.095796473,3.046182719610607,1.1138892394140236,0.010279666329925885
lee_beta0,267,D800,2.985437636,3.036146385859247,1.1105890750571779,0.010269938890910478
lee_beta0,268,D800,3.011094667,3.0307051523635433,1.1087953159976771,0.0103341334250653
lee_beta0,269,D800,3.168463788,3.033971952974347,1.1098726366431202,0.010270984749580976
lee_beta0,270,S50,2.959020881,2.8423863119413344,1.044643950043698,0.025949469430093335
lee_beta0,271,S50,2.959927376,2.8627183713506126,1.0517716529053696,0.022530324286093834
lee_beta0,272,S50,3.018549894,2.847349918705583,1.0463887086132393,0.020826489476601907
lee_beta0,273,S50,2.976615558,2.865793789215731,1.0528453760901626,0.022339748814999796
lee_beta0,274,S50,2.981243906,2.851040772714711,1.0476841110259978,0.02179203041003401
lee_beta0,275,S100,2.939393159,3.0967306222794067,1.1303469169947666,0.01198716387392703
lee_beta0,276,S100,2.929744229,3.090833255981861,1.128440716687409,0.011838038089722822
lee_beta0,277,S100,3.000321687,3.0869443907757512,1.127181731355744,0.011842152881889886
lee_beta0,278,S100,3.087471777,3.0962905395168967,1.1302047948376632,0.01199276540379467
lee_beta0,279,S100,3.109757546,3.0939657974814354,1.1294536976235274,0.011963267507080417
lee_beta0,280,S200,2.983634778,2.9405435884885214,1.0785944583035079,0.010467116673062115
lee_beta0,281,S200,3.076031721,2.907109838781953,1.0671594051016504,0.010679330433247732
lee_beta0,282,S200,2.978891815,2.9214508858593664,1.0720803715957967,0.010565857820000833
lee_beta0,283,S200,3.074036077,2.9184913216678443,1.0710668120982143,0.01060499430316466
lee_beta0,284,S200,3.157526941,2.9400308348481543,1.078420069339181,0.010483774603020189
lee_beta0,285,S400,2.893415666,3.0224928180211554,1.1060819273323268,0.010181739856729946
lee_beta0,286,S400,2.835511238,3.0066105216070493,1.100813371708916,0.010139437365995586
lee_beta0,287,S400,2.874224375,2.990324336623179,1.0953818553067556,0.010122002372768094
lee_beta0,288,S400,2.877137236,2.991095582753699,1.0956397359254682,0.010122452391814057
lee_beta0,289,S400,2.934912279,3.0250852058282196,1.1069392583020565,0.010215421141153909
lee_beta0,290,S600,2.909473986,2.9112004665805307,1.0685655275866612,0.010374589018370852
lee_beta0,291,S600,3.056239128,2.922980331554474,1.0726037572506624,0.010469631846847441
lee_beta0,292,S600,3.048550845,2.8939128741530764,1.0626095220729959,0.010273967124234624
lee_beta0,293,S600,3.107367274,2.908377776926558,1.0675954607683398,0.010399319862730474
lee_beta0,294,S600,2.952127628,2.893093124877678,1.0623262152020443,0.010276292809547357
lee_beta0,295,S800,2.823288905,2.9140931523529057,1.0695586744387744,0.014999891320360146
lee_beta0,296,S800,2.863719184,2.9159352010341735,1.070190592031935,0.014561208276865094
lee_beta0,297,S800,2.851970661,2.920136433174698,1.071630338878638,0.013107190993828035
lee_beta0,298,S800,2.838814561,2.9129219235713233,1.0691566748619432,0.013732354486754349
lee_beta0,299,S800,2.819979547,2.9249884899101763,1.0732905456026334,0.012099589336091142
lee_beta0,300,D50,1.552767498,1.6209321048205554,0.4830013571265368,0.029435694283767244
lee_beta0,301,D50,1.548674901,1.6200908263335339,0.4824822133106574,0.02948989347078891
lee_beta0,302,D50,1.557422765,1.613061973532035,0.47813421968957787,0.029769783691501604
lee_beta0,303,D50,1.562692913,1.6231861774252188,0.4843909938606436,0.029479141399473958
lee_beta0,304,D50,1.558102838,1.6204730055999652,0.48271808539219896,0.029433712205175003
lee_beta0,305,D100,1.572517305,1.5443391869397691,0.43459610813679367,0.018189493094942683
lee_beta0,306,D100,1.578127171,1.5444032276520865,0.43463757531257624,0.018207227728947766
lee_beta0,307,D100,1.571879021,1.5417423491806952,0.43291317245178834,0.018336358175705638
lee_beta0,308,D100,1.585865962,1.540581031697377,0.4321596385782995,0.01837128860039357
lee_beta0,309,D100,1.566831298,1.541124826541983,0.43251255665371957,0.0184104583486082
lee_beta0,310,D200,1.566116653,1.5795299071296887,0.4571272756357883,0.013681201866590215
lee_beta0,311,D200,1.576968715,1.579548815600085,0.4571392465121457,0.013676609096727162
lee_beta0,312,D200,1.576836284,1.5792346973802736,0.4569403609477782,0.013666061860099271
lee_beta0,313,D200,1.583116266,1.5799977276767458,0.45742340885856647,0.013707953916916064
lee_beta0,314,D200,1.576286602,1.5800689619313477,0.4574684928783741,0.013778193573543764
lee_beta0,315,D400,1.567755435,1.5652950594734756,0.44807434262613893,0.010944608324769957
lee_beta0,316,D400,1.562605939,1.564951189896242,0.4478546349410416,0.010898615744831483
lee_beta0,317,D400,1.567598269,1.5650201073113865,0.4478986720318719,0.010895551212767427
lee_beta0,318,D400,1.55788804,1.5645468065402157,0.44759620157010643,0.011503093751391436
lee_beta0,319,D400,1.555636875,1.5630792296538467,0.4466577409120261,0.012774020387485055
lee_beta0,320,D600,1.568956739,1.5757102720861764,0.45470613702672996,0.010925259538819653
lee_beta0,321,D600,1.571242561,1.5753867579208731,0.4545008027172122,0.01098469269519413
lee_beta0,322,D600,1.573089533,1.5732675926557396,0.4531547257273859,0.010251852154023708
lee_beta0,323,D600,1.568257404,1.5725490832410194,0.45269792261312963,0.01013222435207004
lee_beta0,324,D600,1.575665406,1.574101834093349,0.4536848455474847,0.010548358799301504
lee_beta0,325,D800,1.561065551,1.5754182102369234,0.45452076733982083,0.009915956655211515
lee_beta0,326,D800,1.571763461,1.5750758644207121,0.45430343900372744,0.010050937187269187
lee_beta0,327,D800,1.576918877,1.5752512366108655,0.45441477486486836,0.00993065559357994
lee_beta0,328,D800,1.581314446,1.5754503460603775,0.45454116541284806,0.009919424867627202
lee_beta0,329,D800,1.566478551,1.5757689934216121,0.45474340291395016,0.009795892058024887
lee_beta0,330,S50,1.553567545,1.6017078863810406,0.4710704889366504,0.02149248155966133
lee_beta0,331,S50,1.564751479,1.5873199798393918,0.46204704682824327,0.02029793142177316
lee_beta0,332,S50,1.551504027,1.5879823515385187,0.46246424912245576,0.02016273572926365
lee_beta0,333,S50,1.564022461,1.5882066620783795,0.4626054942053346,0.020117468866235822
lee_beta0,334,S50,1.570885043,1.587265725605942,0.46201286647307943,0.020121330152477225
lee_beta0,335,S100,1.566786998,1.554655317450494,0.4412538602572698,0.01155083880605422
lee_beta0,336,S100,1.57161871,1.5547622302894966,0.4413226273735565,0.011561982214350518
lee_beta0,337,S100,1.576159572,1.5550564600553927,0.4415118536893463,0.011602881223751428
lee_beta0,338,S100,1.574140115,1.5556307999221815,0.4418811224877271,0.011572418583519381
lee_beta0,339,S100,1.575161986,1.5555253231407489,0.4418133169663705,0.011646413739689556
lee_beta0,340,S200,1.55049502,1.5721804048730852,0.4524634487920797,0.010389167607132656
lee_beta0,341,S200,1.55748727,1.5724012611329699,0.45260391660860066,0.010263496453662868
lee_beta0,342,S200,1.552948023,1.5723077413144093,0.45254443904262204,0.010248456629774869
lee_beta0,343,S200,1.570748186,1.5721413568941196,0.45243861165267346,0.0101028933576039
lee_beta0,344,S200,1.560910389,1.5721952598896989,0.4524728974192143,0.010130498369342199
lee_beta0,345,S400,1.569008578,1.5663937543355162,0.44877600551312363,0.009887534460284082
lee_beta0,346,S400,1.576788168,1.5645900611148762,0.44762384789974474,0.010161621684865707
lee_beta0,347,S400,1.590173634,1.5657990233469279,0.44839625175085635,0.009918453175392904
lee_beta0,348,S400,1.579849587,1.5658373646460482,0.44842073818182837,0.009922664392380216
lee_beta0,349,S400,1.569267854,1.5661978260193792,0.4486509152730673,0.009893943196947577
lee_beta0,350,S600,1.587079653,1.5693026514583346,0.4506313496413914,0.009945526068823582
lee_beta0,351,S600,1.567946889,1.5686039365299083,0.45018601137501424,0.010005211174430952
lee_beta0,352,S600,1.571871059,1.5691180245773142,0.4505136937244246,0.009962452800966142
lee_beta0,353,S600,1.569880939,1.5703891194306614,0.45132343542240166,0.009980304349382923
lee_beta0,354,S600,1.566603451,1.5692519776238756,0.4505990584497748,0.009952588860571482
lee_beta0,355,S800,1.561161878,1.5758269821916895,0.45478020253581325,0.010739944657505121
lee_beta0,356,S800,1.567127956,1.5752519894635535,0.4544152527902245,0.010650811891625226
lee_beta0,357,S800,1.5717416,1.573067983641163,0.4530278422402282,0.010441333164776119
lee_beta0,358,S800,1.580639482,1.5737402345089098,0.453455101120573,0.01047203518183075
lee_beta0,359,D50,2.106587464,2.0986330390217813,0.7412861989808385,0.03262423592167493
lee_beta0,360,D50,2.117544335,2.0350039087366767,0.7104977396478375,0.03801648229506625
lee_beta0,361,D50,2.118184975,2.050447086151851,0.7180578601777552,0.03672566098730587
lee_beta0,362,D50,2.099811401,2.0423811803928675,0.7141163724456076,0.03515998400232376
lee_beta0,363,D50,2.091618493,2.10021746118997,0.7420408923157458,0.030920632426214144
lee_beta0,364,D100,2.060357876,2.0271877915750474,0.7066495082575305,0.01844451490604084
lee_beta0,365,D100,2.051589607,2.054316236932671,0.7199430611611923,0.018615189665990392
lee_beta0,366,D100,2.058574592,2.029621461574066,0.7078493035346046,0.01848716081482829
lee_beta0,367,D100,2.052924413,2.023396392366779,0.7047774818320386,0.01850823366250586
lee_beta0,368,D100,2.049683521,2.0369784338131662,0.7114675499589557,0.018624334343175224
lee_beta0,369,D200,2.057366791,2.069391301360893,0.7272545067203701,0.014065594797880419
lee_beta0,370,D200,2.058764596,2.068510145401421,0.7268286116215487,0.01402899479819515
lee_beta0,371,D200,2.057642712,2.0812037228423756,0.732946439228479,0.014216639779264465
lee_beta0,372,D200,2.069375924,2.077360498198261,0.7310980966111755,0.014001848045243908
lee_beta0,373,D200,2.056356092,2.0811996826489207,0.7329444979493375,0.013995106040936395
lee_beta0,374,D400,2.0430377,2.060447590363959,0.7229232360759962,0.011709717552618341
lee_beta0,375,D400,2.067464556,2.0137424864077746,0.699994924357592,0.012715549885916123
lee_beta0,376,D400,2.05092407,2.0626597335558468,0.7239962828003998,0.01155757831432593
lee_beta0,377,D400,2.046116935,2.0399630246537317,0.7129316825221227,0.01194659935186
lee_beta0,378,D400,2.040174013,2.055476406833275,0.7205076492229195,0.01149418741861122
lee_beta0,379,D600,2.030799499,2.028967769237364,0.7075271756693888,0.01024906038948861
lee_beta0,380,D600,2.029389278,2.025861127182638,0.7059948581576267,0.010210426668026682
lee_beta0,381,D600,2.035717652,2.0280794099317854,0.7070892417334278,0.010298485631500763
lee_beta0,382,D600,2.032341943,2.037921001703578,0.7119301713915274,0.010373503933048388
lee_beta0,383,D600,2.038835416,2.0287277984694,0.707408896333623,0.01026167541723577
lee_beta0,384,D800,2.00530262,2.018114715920652,0.702163766658962,0.009929435348419838
lee_beta0,385,D800,2.009512232,2.0060823001322303,0.6961837156833197,0.010159601577827486
lee_beta0,386,D800,2.00461922,2.0014881376037783,0.693890972679882,0.011214436209543346
lee_beta0,387,D800,2.017234302,2.01409130591418,0.7001681288765781,0.009968395918227726
lee_beta0,388,D800,2.007206069,1.9976594588380794,0.6919762246776578,0.01088085507624848
lee_beta0,389,S50,2.034582604,2.0250414568491846,0.7055901728670593,0.01985946701264711
lee_beta0,390,S50,2.023307961,2.024981183906372,0.7055604086172445,0.019861176873597494
lee_beta0,391,S50,2.025826924,2.025055952631375,0.7055973311058494,0.019879626599987668
lee_beta0,392,S50,2.013036975,2.025348347895174,0.7057417094160685,0.01992020429281133
lee_beta0,393,S50,2.03287125,2.0217582285675086,0.7039675430077741,0.019966924382205743
lee_beta0,394,S100,2.019725426,2.0383969423262758,0.7121636863584144,0.012088428123678534
lee_beta0,395,S100,2.039797618,2.049660446837814,0.71767414374234,0.012770254195198253
lee_beta0,396,S100,2.036185006,2.037293524789788,0.7116222234714024,0.01215215565630713
lee_beta0,397,S100,2.03838733,2.0361359241708725,0.7110538568581675,0.01200890563449482
lee_beta0,398,S100,2.036193882,2.037226366121079,0.7115892582777044,0.012481801474910098
lee_beta0,399,S200,2.012022796,2.0100998206107175,0.6981843828332502,0.010363311660595101
lee_beta0,400,S200,2.023972604,2.0119391068688293,0.6990989868037683,0.010328178706885476
lee_beta0,401,S200,2.013429352,2.00888943618128,0.6975820500631457,0.0104841438810203
lee_beta0,402,S200,2.013525821,2.006020648924552,0.6961529830682966,0.010481510815791115
lee_beta0,403,S200,2.013365047,2.009311841567795,0.6977922960706863,0.010487090941786301
lee_beta0,404,S400,2.000918649,2.0070388125077456,0.6966604081960952,0.010147909406857147
lee_beta0,405,S400,2.006587247,2.0115795058861767,0.6989202372970702,0.009977953729567503
lee_beta0,406,S400,2.007552339,2.016081909919696,0.7011559793042335,0.010004618521942303
lee_beta0,407,S400,2.016135748,2.0030338385403925,0.6946629504702828,0.009998423825388245
lee_beta0,408,S400,2.007400124,2.019290691832284,0.7027463070908094,0.010209910756120667
lee_beta0,409,S600,2.002293432,2.002397862511443,0.694345393671535,0.01002185140589715
lee_beta0,410,S600,2.009319501,2.008340614742254,0.6973088162998394,0.009996599882267669
lee_beta0,411,S600,2.017374996,2.003635608712862,0.6949633347095698,0.010018860967121656
lee_beta0,412,S600,2.016442329,2.0020432088395563,0.694168263497064,0.010044213544965543
lee_beta0,413,S600,2.004084507,1.9979276573316922,0.6921104720291573,0.010017686768749553
lee_beta0,414,S800,2.007171096,2.0166703602644755,0.7014478149090667,0.01060520260353181
lee_beta0,415,S800,2.008164277,2.0127244562463162,0.699489255145526,0.010577815748466607
lee_beta0,416,S800,2.006201599,2.0155677708856947,0.7009009278600388,0.01059011211235189
lee_beta0,417,S800,2.010861938,2.0161045194892044,0.7011671938499419,0.010634555883438665
lee_beta0,418,S800,2.001144559,2.01431159908578,0.7002774988562026,0.010619531879002326
lee_beta0,419,D50,2.484568666,2.344643092055388,0.8521331907647747,0.032560605724718764
lee_beta0,420,D50,2.497363881,2.3478771757845647,0.8535115904547668,0.032091372477430075
lee_beta0,421,D50,2.49842825,2.345090361731228,0.8523239349431395,0.03225726175719891
lee_beta0,422,D50,2.461581844,2.353803584017493,0.8560325661119323,0.031480243833286556
lee_beta0,423,D50,2.435941445,2.410702386501004,0.8799181517211445,0.027711405482995752
lee_beta0,424,D100,2.40022232,2.4296958419320074,0.8877660815890831,0.018398883143746703
lee_beta0,425,D100,2.377815583,2.396441328144858,0.873984857008175,0.0179184622725633
lee_beta0,426,D100,2.394952399,2.3980983932110425,0.8746760871276302,0.017947170901844157
lee_beta0,427,D100,2.394366926,2.3973821603813015,0.8743773755273798,0.01804282599097746
lee_beta0,428,D100,2.379854414,2.4005314004524476,0.8756901296999923,0.017949447856447497
lee_beta0,429,D200,2.376433228,2.3709682560518672,0.8632984185718237,0.013866796339525827
lee_beta0,430,D200,2.409641323,2.393592023079116,0.872795176188489,0.01393218815529908
lee_beta0,431,D200,2.405379084,2.413794347663515,0.8811999275233512,0.013768785765111514
lee_beta0,432,D200,2.374945926,2.383434387991431,0.8685424676947735,0.013858321519691536
lee_beta0,433,D200,2.383753703,2.3777255879323915,0.8661443954503074,0.013806002132096745
lee_beta0,434,D400,2.422115978,2.3669716988978293,0.8616113739322003,0.013020952261267718
lee_beta0,435,D400,2.412479091,2.4056590782044136,0.8778239110056949,0.011858283214728996
lee_beta0,436,D400,2.389934264,2.3808519724415644,0.8674583952409343,0.012434720861204413
lee_beta0,437,D400,2.384713733,2.3683793195893985,0.8622058898308248,0.012884768973622803
lee_beta0,438,D400,2.399226086,2.4147859878565248,0.8816106653129481,0.011692149941791232
lee_beta0,439,D600,2.360350625,2.33942788971246,0.8499064079008004,0.01029084515711397
lee_beta0,440,D600,2.354270436,2.3419677561966146,0.850991497444805,0.0103074424925241
lee_beta0,441,D600,2.37100385,2.341158277971168,0.8506457974881511,0.010289477287772372
lee_beta0,442,D600,2.328001537,2.330173798276844,0.8459428563309253,0.010271685630225291
lee_beta0,443,D600,2.321628667,2.3241351451562187,0.8433479892594123,0.010292886596011243
lee_beta0,444,D800,2.324864186,2.350202989812663,0.8545017030693337,0.010643872433454788
lee_beta0,445,D800,2.332444837,2.347415683680641,0.8533150139602976,0.010765179951907585
lee_beta0,446,D800,2.333356188,2.365340991184169,0.8609221938695123,0.010557892734562951
lee_beta0,447,D800,2.344244002,2.355075787870691,0.8565729086366302,0.01059263399878678
lee_beta0,448,D800,2.392456042,2.3677049418694534,0.8619211070071784,0.010509334418754165
lee_beta0,449,S50,2.358059239,2.304964149112004,0.8350651227970705,0.01920057605585307
lee_beta0,450,S50,2.359048519,2.3166501970273847,0.8401222616865083,0.01895902563478753
lee_beta0,451,S50,2.346389412,2.313799761302065,0.8388910914499116,0.019005530835659257
lee_beta0,452,S50,2.368014463,2.3185100056264325,0.8409247404003134,0.018941773846674156
lee_beta0,453,S50,2.377940402,2.318342405500836,0.840852449927894,0.018940366187046635
lee_beta0,454,S100,2.355055985,2.359772112595315,0.858565051915452,0.011819600200446447
lee_beta0,455,S100,2.34418626,2.363216242548715,0.8600235058877748,0.011806835211169353
lee_beta0,456,S100,2.350460873,2.3624599380401765,0.8597034227986702,0.01182839691809704
lee_beta0,457,S100,2.354754656,2.3589420386608206,0.8582132298230561,0.0119217463655312
lee_beta0,458,S100,2.348310931,2.3607300017434834,0.8589708939797555,0.011889048111471042
lee_beta0,459,S200,2.31502858,2.3076356203774746,0.836223459395812,0.010478033517870244
lee_beta0,460,S200,2.327331882,2.3089074085425163,0.8367744293268827,0.01042137160928403
lee_beta0,461,S200,2.321342581,2.3117121337119526,0.8379884334180034,0.010442500652943285
lee_beta0,462,S200,2.354421515,2.3259782150097412,0.8441406881926563,0.01035749988691402
lee_beta0,463,S200,2.346264224,2.3233731280352674,0.8430200642368038,0.010367325726890371
lee_beta0,464,S400,2.302433632,2.2996883462042716,0.8327736121036093,0.010030351206726905
lee_beta0,465,S400,2.301666197,2.303019334478206,0.8342210161477304,0.010022444042652281
lee_beta0,466,S400,2.301228007,2.3060849312956706,0.8355512517391809,0.01001903505165044
lee_beta0,467,S400,2.312349059,2.2959185354936724,0.8311329967710894,0.010042072429772926
lee_beta0,468,S400,2.29357413,2.3088825770454444,0.8367636746164479,0.010019036607840455
lee_beta0,469,S600,2.306805401,2.294743089718976,0.8306208937687992,0.010046909600651794
lee_beta0,470,S600,2.300352377,2.2965393203836397,0.831403346511133,0.010035772499598979
lee_beta0,471,S600,2.312753062,2.3021878662305,0.833859916974337,0.010055945847162004
lee_beta0,472,S600,2.305671252,2.298739510954831,0.8323609339917069,0.010036718449489737
lee_beta0,473,S600,2.308124581,2.299100801745423,0.8325180907291156,0.010059955062683482
lee_beta0,474,S800,2.283433535,2.2963380658942536,0.8313157088615338,0.010776213454490143
lee_beta0,475,S800,2.28344892,2.2971082570843047,0.8316510523675268,0.011042283532574002
lee_beta0,476,S800,2.305620968,2.2967098456844086,0.8314775969141404,0.01090761176251431
lee_beta0,477,S800,2.285418849,2.3045091828997095,0.834867717939291,0.010568443155038675
lee_beta0,478,S800,2.29616334,2.3109747911699112,0.8376694230414513,0.010563440052187623
lee_beta0,479,D50,2.690730088,2.681520714827004,0.9863840645003218,0.02782539783656234
lee_beta0,480,D50,2.738434207,2.753420237618718,1.012843861666443,0.029243962784414216
lee_beta0,481,D50,2.817365633,2.7278047243423584,1.003497155433164,0.030431323145512282
lee_beta0,482,D50,2.759699812,2.7422827016364533,1.0087906763494996,0.02922685657365679
lee_beta0,483,D50,2.814001244,2.675747803811172,0.9842288941069657,0.03630307329318798
lee_beta0,484,D100,2.632649339,2.6856624701267933,0.987927427556581,0.018166511848393012
lee_beta0,485,D100,2.670840698,2.6956487772053777,0.9916389090461751,0.018325996722637652
lee_beta0,486,D100,2.656750954,2.6890848516857964,0.9892009318970186,0.01815456433184933
lee_beta0,487,D100,2.667506004,2.703678986581463,0.9946134331529524,0.018382749055162104
lee_beta0,488,D100,2.657418213,2.6951020784580177,0.9914360806225022,0.01837164712504507
lee_beta0,489,D200,2.588700967,2.6164484212480907,0.9618178337552932,0.014159778802371114
lee_beta0,490,D200,2.613579889,2.655706669169138,0.9767107846902776,0.013831500778768803
lee_beta0,491,D200,2.697432993,2.714653527384425,0.9986643310194631,0.013824843949647067
lee_beta0,492,D200,2.669193554,2.7142126126031356,0.9985018975496042,0.013776692457833079
lee_beta0,493,D200,2.699238938,2.7182697004897647,0.9999955383594854,0.013799425667750921
lee_beta0,494,D400,2.610637885,2.653545310557792,0.9758965989108136,0.010771639879740643
lee_beta0,495,D400,2.659162876,2.6540448220844306,0.9760848242694528,0.010771371296016302
lee_beta0,496,D400,2.621120179,2.6555369308228265,0.9766468680789705,0.01077228753212964
lee_beta0,497,D400,2.716696143,2.685215494047992,0.98776098323116,0.011015271097136705
lee_beta0,498,D400,2.661629247,2.690214219137033,0.989620825809947,0.011023439090323328
lee_beta0,499,D600,2.72971974,2.6211476285741537,0.9636122480408874,0.010003535763482353
lee_beta0,500,D600,2.633703639,2.6269464616645464,0.9658221304670048,0.010010347423886333
lee_beta0,501,D600,2.607496322,2.632272300810956,0.9678474658666089,0.010016529748396822
lee_beta0,502,D600,2.586980655,2.6342653474531548,0.9686043375992165,0.010017796582893944
lee_beta0,503,D600,2.621748382,2.688754407226944,0.9890780407344684,0.01051967742879677
lee_beta0,504,D800,2.655372422,2.594641773703855,0.9534484622733194,0.009936987155131582
lee_beta0,505,D800,2.660303152,2.5992561133465757,0.9552252938387727,0.009920134923914763
lee_beta0,506,D800,2.611077525,2.5823503703552344,0.9486999804899946,0.010057804641324795
lee_beta0,507,D800,2.607165303,2.5965477861168567,0.9541827881832815,0.009932530336877786
lee_beta0,508,D800,2.65987949,2.5697296667614786,0.9438007053439266,0.01025490940228746
lee_beta0,509,S50,2.600572749,2.518280536055667,0.9235763416703089,0.019167262491404026
lee_beta0,510,S50,2.600756865,2.514405776962766,0.9220365040497929,0.019032648543591504
lee_beta0,511,S50,2.611409827,2.517993599495202,0.9234623937186873,0.01919167894490819
lee_beta0,512,S50,2.606183706,2.5108307004657453,0.9206136547505712,0.018931240555319362
lee_beta0,513,S50,2.601032081,2.5163550542236273,0.9228114474127643,0.01896264091274754
lee_beta0,514,S100,2.602353853,2.6104654558561005,0.9595285410117533,0.011698423193802878
lee_beta0,515,S100,2.591555322,2.614053978078634,0.9609022645981007,0.011744904444944854
lee_beta0,516,S100,2.593729911,2.609805457395553,0.9592756811602126,0.011770780143340523
lee_beta0,517,S100,2.590178255,2.611928261551126,0.9600887460872174,0.011794904999290737
lee_beta0,518,S100,2.585105566,2.603045251735254,0.9566820103158935,0.011786106714865033
lee_beta0,519,S200,2.549463877,2.581484297375893,0.9483645425671368,0.010612671717633429
lee_beta0,520,S200,2.553809437,2.577446446572749,0.9467991594177633,0.010645971156560512
lee_beta0,521,S200,2.557795714,2.580958614800662,0.9481608860479304,0.010684809180061035
lee_beta0,522,S200,2.566834809,2.5763066372233485,0.9463568373470503,0.010733364959442281
lee_beta0,523,S400,2.593864362,2.587400688991817,0.9506537767889511,0.010086462063335912
lee_beta0,524,S400,2.570231272,2.5774099318706263,0.9467849923103048,0.010106122984330024
lee_beta0,525,S400,2.541498191,2.574991433976864,0.9458462074992396,0.010049896541292323
lee_beta0,526,S400,2.548421595,2.577654115944656,0.9468797279224901,0.010072990772853153
lee_beta0,527,S400,2.588285054,2.582459079410135,0.9487420765463831,0.010074618702162919
lee_beta0,528,S600,2.580068962,2.599273516425154,0.9552319892237442,0.01011867616616207
lee_beta0,529,S600,2.584900044,2.597197173910796,0.9544328535223849,0.010120536087245325
lee_beta0,530,S600,2.561216983,2.6062903974659606,0.9579279066715947,0.01024005364259943
lee_beta0,531,S600,2.587510212,2.606008453825962,0.9578197226827952,0.010190558755620603
lee_beta0,532,S600,2.581396513,2.606796693797649,0.9581221471760852,0.010227157298038653
lee_beta0,533,S800,2.560087009,2.5735672609991327,0.9452929757703502,0.010665651143952425
lee_beta0,534,S800,2.596600528,2.575970732178207,0.9462264464454996,0.010714316137149012
lee_beta0,535,S800,2.622113085,2.5769758195391246,0.9466165484438714,0.010608572231372649
lee_beta0,536,S800,2.569463249,2.5743542140303135,0.9455987119946216,0.01065135953063086
lee_beta0,537,S800,2.568817026,2.5789620166419343,0.9473869988504382,0.010636699668227485
lee_beta0,538,D50,2.984611462,2.9491625075675203,1.0815212343058807,0.03097564444772609
lee_beta0,539,D50,3.075366021,2.967244933233385,1.0876338903899174,0.03911497483655537
lee_beta0,540,D50,3.115050296,2.9654212104019146,1.0870190832038187,0.039446576667178254
lee_beta0,541,D50,3.094452059,2.963578203685378,1.0863973908583893,0.038689770289585076
lee_beta0,542,D50,3.004673665,3.034430464154454,1.1100237509395898,0.03312194092956489
lee_beta0,543,D100,2.895548145,2.9710718874957625,1.0889227925848353,0.01928508358958347
lee_beta0,544,D100,3.084940581,2.977636797841559,1.091129965051397,0.019375936497424955
lee_beta0,545,D100,2.95128913,2.9585618309691024,1.084703282348063,0.020617058814363882
lee_beta0,546,D100,2.944572615,2.9478711483725983,1.0810832652214535,0.020258309422640397
lee_beta0,547,D100,2.924704326,2.9492327242473415,1.081545043046077,0.020310478568066736
lee_beta0,548,D200,2.998124447,2.991064173819968,1.0956292350578853,0.014108129576947811
lee_beta0,549,D200,2.966529382,3.0044288102096073,1.1000874701225811,0.0141770507332266
lee_beta0,550,D200,2.971769703,2.993108879452828,1.096312606241917,0.01425674644945625
lee_beta0,551,D200,2.937807548,2.992601532750117,1.096143086947134,0.014046155529646545
lee_beta0,552,D200,2.99205482,3.0016684904351054,1.0991682975448906,0.014299234775584813
lee_beta0,553,D400,3.117623303,2.948930188674087,1.081442456671985,0.013224842013469091
lee_beta0,554,D400,3.108333693,2.922498724354559,1.0724389778728223,0.013619792809581178
lee_beta0,555,D400,3.026542576,3.0229558695923817,1.1062351174745508,0.011880305039833467
lee_beta0,556,D400,3.01931705,2.974062462258447,1.0899288505942901,0.01286066720218359
lee_beta0,557,D400,2.919158592,3.020407342648349,1.1053917039627021,0.011145921536556962
lee_beta0,558,D600,2.893907337,2.983420748070216,1.0930705442185102,0.010699646134651051
lee_beta0,559,D600,2.976918996,2.9806764332617166,1.0921502657861695,0.010652055373053377
lee_beta0,560,D600,3.111563662,2.9816231315677766,1.0924678272584578,0.010638359380777182
lee_beta0,561,D600,2.942187821,2.9623777257943273,1.085992231615979,0.010690230131526847
lee_beta0,562,D600,2.996728535,2.97093484154254,1.0888766647497463,0.010613815436127617
lee_beta0,563,D800,2.883213228,2.937643793358859,1.077607829202895,0.01010058711042077
lee_beta0,564,D800,2.97817025,2.9399394114961344,1.0783889728035874,0.010127070684477749
lee_beta0,565,D800,3.035298035,2.933198841525392,1.0760935822849516,0.01013555671389582
lee_beta0,566,D800,2.975689921,2.9272790759585243,1.0740733485553473,0.010100517647409228
lee_beta0,567,D800,2.974881534,2.9290830271092263,1.0746894140157848,0.010109429721160225
lee_beta0,568,S50,2.764611869,2.6859672790440885,0.9880409159881579,0.020561789697576167
lee_beta0,569,S50,2.784814878,2.6956104768297284,0.9916247007234642,0.0205972268925932
lee_beta0,570,S50,2.791268732,2.7037170364053242,0.9946275064051056,0.021152869391898033
lee_beta0,571,S50,2.77002425,2.704293351302945,0.9948406402042239,0.020936544764868864
lee_beta0,572,S50,2.879657362,2.7162353921521025,0.9992468746272772,0.02025221941593778
lee_beta0,573,S100,2.81862213,2.9304025435856995,1.0751398004815789,0.012394585163635534
lee_beta0,574,S100,2.834304486,2.949052642572127,1.0814839806646996,0.012350559668824042
lee_beta0,575,S100,2.875183276,2.9330333558444055,1.0760371625335805,0.012452384486825594
lee_beta0,576,S100,2.824508975,2.940597941733006,1.0786129422132071,0.012480571709627377
lee_beta0,577,S100,2.820972955,2.939098726210783,1.0781029786421652,0.012350433011019018
lee_beta0,578,S200,2.957256887,2.880136474826433,1.0578376801176332,0.010461497320509827
lee_beta0,579,S200,2.7989606,2.8844652264698953,1.0593395193361594,0.010450250570488448
lee_beta0,580,S200,2.964542875,2.884788716157296,1.0594516619774634,0.010418741467946661
lee_beta0,581,S200,3.094040534,2.881605305270701,1.0583475365229171,0.010413705727450985
lee_beta0,582,S200,2.961390736,2.890235122967942,1.0613378562433584,0.010392143694764268
lee_beta0,583,S400,2.87458441,2.8846809873220876,1.0594143175278838,0.010136286718571657
lee_beta0,584,S400,2.947651822,2.886101820360456,1.0599067405195055,0.010342726995021131
lee_beta0,585,S400,2.9562895,2.897805556384832,1.063953745852033,0.010106354254111828
lee_beta0,586,S400,2.963229596,2.8916370227944426,1.0618227856290765,0.01012714161165375
lee_beta0,587,S400,3.031494443,2.898019319276,1.0640275102931094,0.010051781962695579
lee_beta0,588,S600,2.826666765,2.9071072646362124,1.0671585196356643,0.010209376634660098
lee_beta0,589,S600,2.783083499,2.903753040033615,1.0660040520355938,0.010144308126278753
lee_beta0,590,S600,2.952572722,2.9125086726557026,1.069014796623249,0.010149683998664527
lee_beta0,591,S600,2.799750857,2.904473417144707,1.0662521061085872,0.010122830805840885
lee_beta0,592,S600,2.923157083,2.8963289514722446,1.0634440562883711,0.010213200253363383
lee_beta0,593,S800,2.859815802,2.893978307884492,1.0626321326333399,0.011458271011911714
lee_beta0,594,S800,2.921387841,2.886445367281286,1.060025768362871,0.011062079625591506
lee_beta0,595,S800,2.794301319,2.901030845388312,1.0650661377570982,0.011006244799566665
lee_beta0,596,S800,2.886741594,2.8871786568908955,1.0602797819981484,0.010853530053970672
lee_beta0,597,S800,2.757657512,2.886776477117217,1.0601404737544942,0.010866913638583222
lee_beta0,598,D50,1.562679674,1.635165443715398,0.4917439880467309,0.033308856737255844
lee_beta0,599,D50,1.567789136,1.6311764215284486,0.48930148549514935,0.03488096624045267
lee_beta0,600,D50,1.575701472,1.6157397321048823,0.47979289026206323,0.038916246389109496
lee_beta0,601,D50,1.570019941,1.6171912373860866,0.4806908403837534,0.0386835555694154
lee_beta0,602,D50,1.552722579,1.6261557461535967,0.4862187913808541,0.03548706454995172
lee_beta0,603,D100,1.576622382,1.5262823253871922,0.4228349258333605,0.02092637667940503
lee_beta0,604,D100,1.574302539,1.524566439057517,0.4217100673804609,0.02127001143924008
lee_beta0,605,D100,1.583288008,1.5359211714504626,0.4291303127382581,0.019824133367900586
lee_beta0,606,D100,1.57697478,1.5442936079452088,0.4345665941106271,0.018964476700823678
lee_beta0,607,D100,1.586395774,1.5311637926856696,0.42602809507181477,0.02013200939862759
lee_beta0,608,D200,1.573185206,1.5940863808928347,0.4663007701750333,0.014397714335194954
lee_beta0,609,D200,1.581615633,1.594162582268812,0.4663485715712682,0.014376545276603278
lee_beta0,610,D200,1.577652296,1.5941568395750783,0.46634496923851926,0.014387979577485173
lee_beta0,611,D200,1.575414512,1.592780070835684,0.4654809616577327,0.014356051255834784
lee_beta0,612,D200,1.573976112,1.5963239042334554,0.46770342595125247,0.01461229947218148
lee_beta0,613,D400,1.570033462,1.5648214822623272,0.447771748643808,0.01132665223475872
lee_beta0,614,D400,1.574157889,1.5650790292474477,0.4479363206388312,0.01120541950425637
lee_beta0,615,D400,1.57801922,1.5650138077972973,0.44789464682686764,0.011272777655893435
lee_beta0,616,D400,1.577174853,1.5653759062922143,0.4481259908636195,0.011339141557939289
lee_beta0,617,D400,1.55836031,1.568387973628979,0.4500483234832661,0.012504348310828098
lee_beta0,618,D600,1.568375759,1.568852406568989,0.4503444008551718,0.01005935224321208
lee_beta0,619,D600,1.564564806,1.5694797387217043,0.45074418783247583,0.010103176916182023
lee_beta0,620,D600,1.561426419,1.5769131153815832,0.4554692115877793,0.014131071160811103
lee_beta0,621,D600,1.562924626,1.5701318890011413,0.4511596215651438,0.010102671943704514
lee_beta0,622,D600,1.570899386,1.5691945648657646,0.4505624717134133,0.010023076250011519
lee_beta0,623,D800,1.560605139,1.569489394736345,0.4507503401800971,0.009948992272884922
lee_beta0,624,D800,1.573095612,1.5686797777201362,0.4502343596897671,0.010324772945903513
lee_beta0,625,D800,1.568672064,1.5688225601011738,0.4503253762792465,0.010724768074154718
lee_beta0,626,D800,1.584954696,1.569743250938054,0.4509120715526425,0.010952276305793481
lee_beta0,627,D800,1.571780184,1.5693182458208221,0.4506412867207636,0.010281687216129529
lee_beta0,628,S50,1.585030001,1.5838391769046274,0.4598517585058149,0.022602159187461907
lee_beta0,629,S50,1.575896097,1.5817294582389672,0.4585188422299875,0.02130569745068891
lee_beta0,630,S50,1.558030671,1.5829731467511334,0.45930481723707345,0.021296417398392015
lee_beta0,631,S50,1.559559837,1.5820866396969424,0.45874463377313435,0.020865333237879414
lee_beta0,632,S50,1.558580143,1.5806090609455736,0.45781025437104983,0.020456914878189226
lee_beta0,633,S100,1.560233628,1.5634206439460119,0.44687614123655844,0.01299715960166873
lee_beta0,634,S100,1.565566604,1.5627609601785124,0.4464541031972961,0.012771602364876728
lee_beta0,635,S100,1.575050725,1.5625760117064553,0.44633574893730005,0.012812972389821115
lee_beta0,636,S100,1.558494761,1.5632497244829977,0.44676681121897144,0.011677759119709906
lee_beta0,637,S100,1.576208874,1.562271727866287,0.4461409977900511,0.01182370486384044
lee_beta0,638,S200,1.583216207,1.5656574507571153,0.44830583210678343,0.010260682021834886
lee_beta0,639,S200,1.5638467,1.565250345655109,0.44804577647386634,0.01030819260071387
lee_beta0,640,S200,1.565238263,1.565841904634562,0.4484236375774073,0.01034467120740436
lee_beta0,641,S200,1.556928929,1.5646783667996718,0.4476802864487879,0.010307365797527364
lee_beta0,642,S200,1.570737295,1.564057240897205,0.44728324049252455,0.010376998667639215
lee_beta0,643,S400,1.54696515,1.5647505135959976,0.44772639505140893,0.009916272328182882
lee_beta0,644,S400,1.570397211,1.5639099083112287,0.4471890370824135,0.009976178652429835
lee_beta0,645,S400,1.560877234,1.5638555760358572,0.4471542951712,0.0099973195993835
lee_beta0,646,S400,1.554539254,1.5636146813497247,0.44700024434623054,0.010145461285337092
lee_beta0,647,S400,1.553679247,1.564816731266962,0.4477687125130855,0.009935827788258338
lee_beta0,648,S600,1.563733267,1.557255122736923,0.44292473475140964,0.010018857851032185
lee_beta0,649,S600,1.568274191,1.557387223652897,0.4430095604882756,0.009980452270969734
lee_beta0,650,S600,1.574524496,1.5571690857436724,0.4428694840934947,0.01213193366645548
lee_beta0,651,S600,1.565081714,1.5575166776138176,0.4430926795603873,0.011535012719478675
lee_beta0,652,S600,1.579240583,1.5679955187456442,0.4497980639813033,0.02249528584995481
lee_beta0,653,S800,1.566374266,1.5648575901894362,0.4477948231676007,0.010739011655972276
lee_beta0,654,S800,1.55938477,1.5652271216850306,0.44803093913974,0.010895064869525814
lee_beta0,655,S800,1.551797708,1.5650428608384102,0.44791321073429136,0.01105015578595653
lee_beta0,656,S800,1.559272305,1.564571416150827,0.4476119309921739,0.010809960474207972
lee_beta0,657,S800,1.562510743,1.5647492467118918,0.44772558541140073,0.01100194654615807
lee_beta0,658,D50,1.976807007,1.9605393029083804,0.6732195899394486,0.03871526467955005
lee_beta0,659,D50,1.977099387,1.9655047982534506,0.6757491071148803,0.04224970744850661
lee_beta0,660,D50,1.941417591,1.9749063076617224,0.6805209580691911,0.02894804814825891
lee_beta0,661,D50,1.950789971,1.9674293105117644,0.6767277720803729,0.02965613108298477
lee_beta0,662,D50,1.973459585,1.9586396872655913,0.6722501951777847,0.03775130334956988
lee_beta0,663,D100,1.916011638,1.8792943580957844,0.6308963649452164,0.018503416577018022
lee_beta0,664,D100,1.936770574,1.911783739259309,0.6480367011501698,0.018245596337405065
lee_beta0,665,D100,1.935694889,1.9138932478993502,0.6491395171280588,0.01822955619026506
lee_beta0,666,D100,1.935043626,1.903977985568505,0.6439453741009155,0.018356092600495408
lee_beta0,667,D100,1.923452039,1.9107973111930343,0.6475205953697293,0.018248340405094363
lee_beta0,668,D200,1.935862752,1.940995710505955,0.6632010942441711,0.013941167748929293
lee_beta0,669,D200,1.931989992,1.9378077723881322,0.66155731989484,0.013996960753596679
lee_beta0,670,D200,1.931671261,1.939281863711587,0.6623177311996287,0.013994546711271134
lee_beta0,671,D200,1.937569797,1.9371887975214244,0.6612378487103859,0.013997116266687724
lee_beta0,672,D200,1.924824304,1.935901043386826,0.6605728735949369,0.01404470830252236
lee_beta0,673,D400,1.941402004,1.9119210657942165,0.6481085301965884,0.014081198034244432
lee_beta0,674,D400,1.936789975,1.945158419739419,0.6653434234910504,0.01136074844657632
lee_beta0,675,D400,1.941163574,1.933027408002834,0.6590873791235177,0.012222905766204734
lee_beta0,676,D400,1.937676406,1.9252182136666556,0.6550393190641555,0.010959005845279987
lee_beta0,677,D400,1.931018644,1.9195215698479378,0.6520759726177391,0.011197172781101963
lee_beta0,678,D600,1.927224159,1.9205506296361685,0.6526119311932066,0.010430196585325558
lee_beta0,679,D600,1.910781866,1.9180714122030496,0.6513202084078837,0.010296205572484592
lee_beta0,680,D600,1.92201239,1.9209869979114962,0.6528391153676244,0.010329931286117023
lee_beta0,681,D600,1.91966687,1.9203949684881023,0.6525308776379428,0.010308302106033626
lee_beta0,682,D600,1.913762311,1.9209946692101576,0.6528431087748429,0.010318999242426583
lee_beta0,683,D800,1.88915259,1.9090480743444984,0.6466047274252138,0.009938610926989113
lee_beta0,684,D800,1.900906673,1.9070136737406542,0.6455384968813298,0.010039622492020072
lee_beta0,685,D800,1.913404801,1.9042024839822003,0.6440632773440785,0.010208744485138737
lee_beta0,686,D800,1.900392618,1.9061083564796888,0.6450636538153062,0.01030449621486886
lee_beta0,687,D800,1.904667126,1.908221060541316,0.6461714261373566,0.010362174925878369
lee_beta0,688,S50,1.899997057,1.9028813772065598,0.6433692517450437,0.019648519037769357
lee_beta0,689,S50,1.916839241,1.9154699832671955,0.6499630145931817,0.02020329730654269
lee_beta0,690,S50,1.899315305,1.907651954662109,0.6458731426875881,0.01976999322570645
lee_beta0,691,S50,1.899928153,1.9036975531924065,0.643798075638244,0.01963470872638839
lee_beta0,692,S50,1.912556384,1.9034270187758215,0.643655955562094,0.019701505101606835
lee_beta0,693,S100,1.901407517,1.898212064755885,0.6409124245869469,0.01171405414158362
lee_beta0,694,S100,1.901510538,1.904438576678917,0.6441872547382508,0.011681496609212758
lee_beta0,695,S100,1.915035485,1.9045511200297096,0.6442463482826217,0.011665008418971405
lee_beta0,696,S100,1.913200167,1.9032445785885674,0.6435601026981274,0.01170019807489297
lee_beta0,697,S100,1.907698465,1.9038484649459473,0.6438773454634285,0.01169511768462984
lee_beta0,698,S200,1.905498373,1.9041006339319504,0.6440097889283087,0.010189741608924968
lee_beta0,699,S200,1.91729971,1.9013791628388392,0.6425794980307612,0.01031874258789949
lee_beta0,700,S200,1.910400488,1.9024915630404189,0.6431643760739201,0.010408637286289633
lee_beta0,701,S200,1.897281321,1.9031066209472927,0.6434876145675775,0.010596919946928785
lee_beta0,702,S200,1.895335741,1.9034682059663433,0.6436775937675563,0.010362313507269072
lee_beta0,703,S400,1.889473327,1.8975835474671754,0.6405812596040749,0.009953641246865732
lee_beta0,704,S400,1.893931912,1.896921904610675,0.6402325222671216,0.009954324913726708
lee_beta0,705,S400,1.893219697,1.900204729005275,0.6419616324755929,0.009943179856491981
lee_beta0,706,S400,1.907870918,1.895568293974082,0.6395186848551873,0.0102178104267301
lee_beta0,707,S400,1.898590819,1.8998165081148033,0.6417573068323411,0.00994345188442937
lee_beta0,708,S600,1.902126597,1.9023088667561547,0.6430683414525119,0.010333873942836252
lee_beta0,709,S600,1.88602699,1.9016651846670645,0.6427299153294457,0.01000124854443735
lee_beta0,710,S600,1.896243659,1.901208538907007,0.6424897570725877,0.009992579792651586
lee_beta0,711,S600,1.896482114,1.900261657350201,0.6419915910854807,0.009991858575969402
lee_beta0,712,S600,1.901931071,1.8997054610929913,0.6416988536781056,0.009992291730514512
lee_beta0,713,S800,1.902341294,1.8942975490038803,0.6388480832716624,0.010596777710383396
lee_beta0,714,S800,1.900172569,1.8924964082393043,0.6378968084356206,0.010724282661548947
lee_beta0,715,S800,1.905278369,1.8954336662620836,0.6394476599844712,0.010674374957350423
lee_beta0,716,S800,1.903246777,1.8930750922813127,0.6382025398404751,0.010593366399495438
lee_beta0,717,S800,1.900872555,1.895647486703041,0.639560461812001,0.010564396385063204
lee_beta0,718,D50,2.174585394,2.177426524979412,0.7781436863414238,0.027896973783899954
lee_beta0,719,D50,2.186009433,2.16132516899926,0.770721537745653,0.03232436095672173
lee_beta0,720,D50,2.184639492,2.1682400784337466,0.7739158147314177,0.033207797271799254
lee_beta0,721,D50,2.192962284,2.1668120409137597,0.7732569817890095,0.031509396148650774
lee_beta0,722,D50,2.16369584,2.1799511828711795,0.7793024833719087,0.02928857640182223
lee_beta0,723,D100,2.11272867,2.124889206953743,0.7537196631130315,0.018069867568958575
lee_beta0,724,D100,2.124306279,2.1187158986434915,0.7508101969815766,0.01804096535210671
lee_beta0,725,D100,2.122002279,2.119475932960265,0.7511688566907732,0.01805754049379617
lee_beta0,726,D100,2.124775808,2.1194581226100113,0.7511604534695764,0.018040893228795606
lee_beta0,727,D100,2.117765849,2.1201044283636428,0.7514653461328488,0.018059415524835084
lee_beta0,728,D200,2.109818744,2.1218211970817014,0.7522747751343817,0.01375590421870994
lee_beta0,729,D200,2.112322092,2.1179152753791826,0.750432244197417,0.013798706465449154
lee_beta0,730,D200,2.111399747,2.118271941155922,0.7506006341950027,0.013813528832807053
lee_beta0,731,D200,2.102545668,2.122694600329801,0.7526863194904939,0.013775560523251944
lee_beta0,732,D200,2.107358134,2.12215037026187,0.752429900198537,0.01378432090654766
lee_beta0,733,D400,2.146058733,2.1323430902172125,0.7572214174735927,0.012350464087739339
lee_beta0,734,D400,2.155542539,2.133734372814551,0.7578736712869469,0.011733865152719684
lee_beta0,735,D400,2.156566308,2.1145910406272637,0.7488614323959654,0.012869350095208018
lee_beta0,736,D400,2.134518523,2.1149546190057142,0.7490333555331554,0.010813906884459407
lee_beta0,737,D400,2.110115309,2.1125563544325168,0.747898756547822,0.010758977957913475
lee_beta0,738,D600,2.109465836,2.1102924780823455,0.7468265530866783,0.010069035712639115
lee_beta0,739,D600,2.102792121,2.114729461051174,0.7489268899198893,0.01012476753524438
lee_beta0,740,D600,2.123117965,2.106556344637745,0.7450545500676987,0.01010484998669064
lee_beta0,741,D600,2.104946989,2.103830687957506,0.7437598201343717,0.010047418084259078
lee_beta0,742,D600,2.118912553,2.1069261360212024,0.7452300777392171,0.010081628191097926
lee_beta0,743,D800,2.11901124,2.1161978033420925,0.7496209894673933,0.00998209759039424
lee_beta0,744,D800,2.086614536,2.115637886413937,0.7493563681671013,0.009968732275358083
lee_beta0,745,D800,2.095935746,2.1197919064997732,0.7513179265547492,0.010364764865357878
lee_beta0,746,D800,2.099875733,2.1214356518714674,0.7520930537703354,0.010057775806489803
lee_beta0,747,D800,2.115936961,2.1108973821096573,0.7471131566517808,0.010357912588114823
lee_beta0,748,S50,2.102431834,2.09059869071735,0.7374504798450356,0.019044553689259662
lee_beta0,749,S50,2.100273804,2.0906619277327256,0.7374807276679538,0.01898037735759299
lee_beta0,750,S50,2.105827904,2.0841980104570785,0.7343841339922389,0.0190198305307677
lee_beta0,751,S50,2.113033012,2.08724111049404,0.7358431511268799,0.01893639825266023
lee_beta0,752,S50,2.104644152,2.0886049830430307,0.7364963708897434,0.018964350173534535
lee_beta0,753,S100,2.072598857,2.0892319097795804,0.7367964911468708,0.01163368285799062
lee_beta0,754,S100,2.084589502,2.0951145894378245,0.7396082485073281,0.011706237811451851
lee_beta0,755,S100,2.093344018,2.0942051888191053,0.7391740965775933,0.011777629168341085
lee_beta0,756,S100,2.07970639,2.0971183928490826,0.7405642085278347,0.011687542409338047
lee_beta0,757,S100,2.09527821,2.089213213432499,0.7367875421974268,0.011962819590409565
lee_beta0,758,S200,2.089254246,2.090414688591337,0.7373624618888902,0.010532789222622647
lee_beta0,759,S200,2.083163123,2.0883150369083507,0.736357538384567,0.01019260305931368
lee_beta0,760,S200,2.090858734,2.086536124226686,0.7355053342121708,0.010225513557632349
lee_beta0,761,S200,2.098389623,2.0886583745707124,0.7365219338112611,0.010188484328651258
lee_beta0,762,S200,2.085890942,2.087489115500235,0.7359619635976559,0.010189755892440004
lee_beta0,763,S400,2.094851401,2.088775948510942,0.7365782238357915,0.01000624016574399
lee_beta0,764,S400,2.109402368,2.0870722895377622,0.7357622655104007,0.00998784524349713
lee_beta0,765,S400,2.105495945,2.090449077655861,0.737378912587333,0.01000953000111174
lee_beta0,766,S400,2.094026671,2.0895509405453403,0.7369491819077009,0.009995989430246642
lee_beta0,767,S400,2.100462011,2.094577376575766,0.7393518034658498,0.00999570647656764
lee_beta0,768,S600,2.067569824,2.084747489726257,0.7346477398716326,0.010392742131560906
lee_beta0,769,S600,2.077971448,2.090175477545034,0.7372480230000933,0.010356304654518079
lee_beta0,770,S600,2.093497015,2.088323089847246,0.7363613945668125,0.010392527706829718
lee_beta0,771,S600,2.071425418,2.086254226705616,0.7353702219741758,0.010147254781896063
lee_beta0,772,S600,2.078372912,2.084373321249982,0.7344682447242171,0.01009604630083274
lee_beta0,773,S800,2.107105097,2.0947309727994603,0.7394251311901203,0.010558711050981912
lee_beta0,774,S800,2.096315821,2.083213976195758,0.7339118820129479,0.010667317894781064
lee_beta0,775,S800,2.091819696,2.0889333403987584,0.7366535722513976,0.010559366615108628
lee_beta0,776,S800,2.080625873,2.0953684534424113,0.7397294106751736,0.010598541838814916
lee_beta0,777,S800,2.078743065,2.0912579908425095,0.7377657943958807,0.010550236235303519
lee_beta0,778,D50,2.463313831,2.44060555494667,0.8922461867708132,0.048823700583149006
lee_beta0,779,D50,2.456460946,2.44220457473727,0.8929011456183998,0.05017495657488437
lee_beta0,780,D50,2.477797241,2.443021304464519,0.893235512853428,0.04813354279946339
lee_beta0,781,D50,2.489735943,2.4376750104295137,0.8910447204629993,0.046647287673229065
lee_beta0,782,D50,2.483038597,2.4385106855017744,0.8913874781562263,0.047962996424195124
lee_beta0,783,D100,2.30928496,2.3169459979831935,0.8402499383090543,0.01877797521975227
lee_beta0,784,D100,2.322408306,2.322336288407968,0.842573699838357,0.0188105183750312
lee_beta0,785,D100,2.340507982,2.313530659447404,0.8387747816857515,0.018842541838461863
lee_beta0,786,D100,2.330253185,2.32246155174371,0.8426276368836637,0.01882510388492799
lee_beta0,787,D100,2.324213387,2.322908526130854,0.8428200755402315,0.018822753258553555
lee_beta0,788,D200,2.298523459,2.3299677849584164,0.8458544412839218,0.01370017306800405
lee_beta0,789,D200,2.282325312,2.3382623543518535,0.8494080699075115,0.013834895481123901
lee_beta0,790,D200,2.301963817,2.3335027388325447,0.847370460108585,0.013773006910721653
lee_beta0,791,D200,2.316246545,2.3341234233795567,0.8476364130915789,0.013917407779953657
lee_beta0,792,D200,2.30111204,2.322877305128435,0.8428066349712714,0.013904976851692733
lee_beta0,793,D400,2.33591885,2.354009449578652,0.8561200230945359,0.01456037772542746
lee_beta0,794,D400,2.349718811,2.2916390951461283,0.8292673236031874,0.01397010622246056
lee_beta0,795,D400,2.335387295,2.3271083468514187,0.844626443980293,0.012309001427281946
lee_beta0,796,D400,2.335258747,2.3118145186486574,0.8380327220939081,0.012243815971568515
lee_beta0,797,D400,2.348098119,2.2898779897644,0.8284985365678765,0.013792458114008465
lee_beta0,798,D600,2.257288781,2.2886823736004374,0.827976269262762,0.010243099383844014
lee_beta0,799,D600,2.292989259,2.281471090380272,0.8248204499836586,0.010263869508157152
lee_beta0,800,D600,2.25613049,2.28286615921976,0.8254317408706552,0.010256810326156973
lee_beta0,801,D600,2.235203325,2.272781228894758,0.8210042925017174,0.010330685674625265
lee_beta0,802,D600,2.28360844,2.3057302917117153,0.8353974556447991,0.010354877223048474
lee_beta0,803,D800,2.360326338,2.2824274321500613,0.8252395398381177,0.010428120804553196
lee_beta0,804,D800,2.292278272,2.269547498970217,0.8195804719618229,0.010296876145273812
lee_beta0,805,D800,2.331007013,2.2787569190512498,0.8236300833423849,0.010013245373446653
lee_beta0,806,D800,2.313535068,2.2923876342669276,0.8295939094508004,0.010191820033827143
lee_beta0,807,D800,2.264275175,2.2859487728364623,0.8267811560386193,0.010091673579678133
lee_beta0,808,S50,2.309719445,2.2744032566430414,0.8217177132227105,0.01900944812455781
lee_beta0,809,S50,2.330925835,2.2662595995866903,0.818130718968384,0.01894467012276262
lee_beta0,810,S50,2.312834879,2.274208526948973,0.8216320916293751,0.018959931237707235
lee_beta0,811,S50,2.313376171,2.2685998787232693,0.8191628476839609,0.01894949751602062
lee_beta0,812,S50,2.324054228,2.273537141266472,0.82133683075229,0.018954655035490996
lee_beta0,813,S100,2.312044444,2.3149440754905686,0.8393855297909235,0.011691050504256579
lee_beta0,814,S100,2.3095972,2.314858660134682,0.8393486317368275,0.011748923791348344
lee_beta0,815,S100,2.314251368,2.3073643869124543,0.8361059150989955,0.01173368414927339
lee_beta0,816,S100,2.299677968,2.313682533080285,0.8388404253579214,0.011664573150744973
lee_beta0,817,S100,2.298125383,2.311194488340405,0.8377644854060572,0.01172976970682953
lee_beta0,818,S200,2.276398727,2.2557178179018913,0.8134682450953203,0.0103087507361552
lee_beta0,819,S200,2.272829187,2.2737238612577704,0.8214189549106788,0.010343725523357803
lee_beta0,820,S200,2.286129747,2.2615085009381573,0.816032068910857,0.010315308001191192
lee_beta0,821,S200,2.261135889,2.2694154501843777,0.8195222873996859,0.010306376657954402
lee_beta0,822,S200,2.262462882,2.2711773700738225,0.8202983622637505,0.010301696153051756
lee_beta0,823,S400,2.265209939,2.2687237133167413,0.8192174325470374,0.010556804555302769
lee_beta0,824,S400,2.260113665,2.2643151828356296,0.8172723656848283,0.010326700546948111
lee_beta0,825,S400,2.26545348,2.267049888104428,0.8184793775048853,0.010568246392498494
lee_beta0,826,S400,2.262923493,2.268571562002417,0.8191503655808611,0.010097507758915865
lee_beta0,827,S400,2.264649093,2.2659800397040426,0.8180073539633304,0.010134213450311836
lee_beta0,828,S600,2.256457642,2.2827098637750955,0.8253632739591688,0.010159248452823613
lee_beta0,829,S600,2.244555717,2.2726317609450355,0.820938526002563,0.010208408379517886
lee_beta0,830,S600,2.251435767,2.282205474878683,0.8251422889633707,0.010161744362282881
lee_beta0,831,S600,2.259728358,2.286240748914774,0.8269088743133406,0.010140229962456681
lee_beta0,832,S600,2.239327466,2.271312299700796,0.8203577700497103,0.010293838515030157
lee_beta0,833,S800,2.303463897,2.264098762856975,0.8171767825595158,0.010735141075556372
lee_beta0,834,S800,2.318188487,2.271152519652847,0.8202874205569264,0.011387058326153828
lee_beta0,835,S800,2.293922562,2.2682683590660746,0.8190167029689687,0.011699960877342293
lee_beta0,836,S800,2.312004574,2.26264854294579,0.816536048777473,0.011504445894145747
lee_beta0,837,S800,2.305107446,2.2728859246208057,0.8210503564666012,0.011609456017650822
lee_beta0,838,D50,2.551150309,2.533714871446422,0.929686554433961,0.040249127608337605
lee_beta0,839,D50,2.530407846,2.5325432682380042,0.9292240421825121,0.03937640820154065
lee_beta0,840,D50,2.50789591,2.5398273119009946,0.9320960912786411,0.03573378799241901
lee_beta0,841,D50,2.579330174,2.52699921817538,0.9270325190175567,0.03906809961074051
lee_beta0,842,D50,2.550404569,2.5315093023089266,0.9288156870443922,0.04003585291299554
lee_beta0,843,D100,2.406558707,2.3988099689811797,0.8749727681236505,0.02000842074389325
lee_beta0,844,D100,2.424481226,2.4098349492676423,0.8795582593762442,0.019851364375632462
lee_beta0,845,D100,2.437580559,2.3961887545743368,0.8738794561880006,0.020017328030391406
lee_beta0,846,D100,2.421963301,2.394520381753137,0.8731829526678871,0.0199759683597366
lee_beta0,847,D100,2.433721572,2.409365089486229,0.879363264447989,0.019543518180002554
lee_beta0,848,D200,2.432216992,2.4752811516507363,0.9063539861956056,0.014729141084638143
lee_beta0,849,D200,2.439415531,2.4755630359407115,0.9064678594178679,0.014364745689526151
lee_beta0,850,D200,2.431978139,2.473955365977681,0.9058182325697505,0.014458336741126072
lee_beta0,851,D200,2.417912189,2.484243432118783,0.9099681593173607,0.01419992976560547
lee_beta0,852,D200,2.430729546,2.4752303709336534,0.9063334708541695,0.014524780540662975
lee_beta0,853,D400,2.495810042,2.485867711098841,0.9106217781162486,0.012508507054994504
lee_beta0,854,D400,2.500932047,2.475654606263748,0.906504848429325,0.011656145264803002
lee_beta0,855,D400,2.493851185,2.479644729983052,0.908115295875959,0.011571591316275857
lee_beta0,856,D400,2.539970885,2.4826672874677382,0.9093335013607623,0.01406273077956049
lee_beta0,857,D400,2.516497463,2.509993660771006,0.9202802275512626,0.013168717689212453
lee_beta0,858,D600,2.547285901,2.4696116439040554,0.9040609090894397,0.01016446504728834
lee_beta0,859,D600,2.436899708,2.4542843431053685,0.8978352088124897,0.010130663073641466
lee_beta0,860,D600,2.544729567,2.4599605133245093,0.9001452983213429,0.010122582952380032
lee_beta0,861,D600,2.494341893,2.456085947025726,0.8985690043899104,0.010140806055141872
lee_beta0,862,D600,2.495167323,2.4487434248120556,0.8955750051528678,0.010140501968402589
lee_beta0,863,D800,2.523521034,2.4666687397277696,0.9028685519718381,0.009908070883334202
lee_beta0,864,D800,2.505860679,2.466680713165673,0.9028734060524248,0.009932165941797173
lee_beta0,865,D800,2.435591109,2.4657222894123834,0.9024847825904525,0.009928987816020175
lee_beta0,866,D800,2.450759489,2.468763697554559,0.9037174980284329,0.009951223353457427
lee_beta0,867,D800,2.457880084,2.463987388015189,0.9017809271578445,0.010007259573619203
lee_beta0,868,S50,2.458894978,2.378264629922158,0.8663710746348235,0.0196694697852202
lee_beta0,869,S50,2.443524954,2.3805537377946586,0.8673331235604914,0.020134198693627384
lee_beta0,870,S50,2.4462853,2.378592342521842,0.8665088599843098,0.019724728214041934
lee_beta0,871,S50,2.436664803,2.3717351034218193,0.8636217984328488,0.02047013986192882
lee_beta0,872,S50,2.430834245,2.377033423191945,0.8658532493612139,0.019686590515922933
lee_beta0,873,S100,2.423006829,2.4686287362262784,0.9036628289576131,0.012385529272361586
lee_beta0,874,S100,2.428058594,2.4573671309633127,0.8990905048281103,0.012291334132807854
lee_beta0,875,S100,2.427931445,2.4568367465769905,0.8988746471219187,0.011987705790137056
lee_beta0,876,S100,2.436739376,2.4465269906521003,0.8946694640393837,0.011999376844746352
lee_beta0,877,S100,2.434408586,2.440409402821592,0.8921658132719074,0.011768217270168453
lee_beta0,878,S200,2.38490477,2.425330265406744,0.8859677070364756,0.010517630335192553
lee_beta0,879,S200,2.389709097,2.4285356106702802,0.8872884463446101,0.010539963698634514
lee_beta0,880,S200,2.417374609,2.4268753016065054,0.8866045457815127,0.010351780230222372
lee_beta0,881,S200,2.404362305,2.426794417110239,0.8865712165683765,0.010572475196886618
lee_beta0,882,S200,2.419070098,2.422887801492273,0.8849601351461848,0.010437334904335542
lee_beta0,883,S400,2.401888874,2.4388818819683897,0.8915396891838183,0.010029896460277663
lee_beta0,884,S400,2.395168219,2.4260168341059702,0.8862507495356937,0.01016917372227837
lee_beta0,885,S400,2.432666343,2.4286071102081386,0.8873178873316152,0.010134842171588934
lee_beta0,886,S400,2.383491014,2.434841370225801,0.889881608714657,0.01000163881327458
lee_beta0,887,S400,2.407730185,2.437247942080185,0.8908695101654903,0.010158859439337115
lee_beta0,888,S600,2.458733728,2.4325715395659833,0.888948944539079,0.01058170637040097
lee_beta0,889,S600,2.431071561,2.4232971449660514,0.8851290694643236,0.010042134576926962
lee_beta0,890,S600,2.448813984,2.4269516932673834,0.886636022659846,0.010129683607842763
lee_beta0,891,S600,2.419401756,2.4257023220692018,0.8861210998065626,0.010186296445743608
lee_beta0,892,S600,2.467632558,2.4237197355840534,0.8853034408888459,0.010044143787770065
lee_beta0,893,S800,2.474028012,2.430393957473433,0.888053366629089,0.01061388803086126
lee_beta0,894,S800,2.376310192,2.427686594414856,0.8869387851354565,0.010771469924352276
lee_beta0,895,S800,2.433759695,2.4282385161070126,0.8871661040013663,0.010768974085737345
lee_beta0,896,S800,2.403238898,2.4251304741532573,0.8858853267166145,0.010726159894382829
lee_beta0,897,S800,2.433044644,2.4273429050659754,0.8867972043893492,0.010795337611586653
lee_beta0,898,D50,1.589431846,1.5863494482150713,0.4614354319914897,0.03448679709835405
lee_beta0,899,D50,1.562397952,1.592451300412007,0.46527452740757913,0.03126699795977947
lee_beta0,900,D50,1.555646262,1.5908440123580585,0.4642647007766116,0.029693064067991125
lee_beta0,901,D50,1.539581805,1.5910978687881965,0.4644242614726637,0.031097552149823446
lee_beta0,902,D50,1.555216413,1.5922498284919564,0.46514800255506406,0.0308362368400051
lee_beta0,903,D100,1.549823783,1.5424422731364409,0.4333670518743734,0.01847097189899357
lee_beta0,904,D100,1.550599187,1.5474487825380845,0.4366076281229767,0.018379798792138784
lee_beta0,905,D100,1.55695821,1.5397021571087093,0.4315889932456165,0.018545852088242297
lee_beta0,906,D100,1.546230414,1.5407341801697547,0.4322590431909234,0.018512219941008615
lee_beta0,907,D100,1.556457307,1.546580916123106,0.4360466338712959,0.0183857086954852
lee_beta0,908,D200,1.549875433,1.5577653919952459,0.44325235330831725,0.01380886495296987
lee_beta0,909,D200,1.558093969,1.5567775658561376,0.4426180219244836,0.013745177725978832
lee_beta0,910,D200,1.554728738,1.5576763520901924,0.4431951929359579,0.01378299572914175
lee_beta0,911,D200,1.561541857,1.5563351704695185,0.44233380774589964,0.013720983321053487
lee_beta0,912,D200,1.556081921,1.5555176544899425,0.4418083870114572,0.013787669778958343
lee_beta0,913,D400,1.542456238,1.5398577338869455,0.43169003156529545,0.010931759753430336
lee_beta0,914,D400,1.545031608,1.540476265773718,0.43209163210286955,0.010966549195616331
lee_beta0,915,D400,1.537369758,1.5422673679215604,0.4332536504619746,0.011349075813263386
lee_beta0,916,D400,1.544806451,1.54283686712744,0.43362284331184886,0.011599309557645075
lee_beta0,917,D400,1.539156414,1.5424681270965306,0.43338381343742444,0.011409789660330101
lee_beta0,918,D600,1.542447237,1.5435314646535454,0.4340729500153682,0.009951530051253063
lee_beta0,919,D600,1.546575518,1.5501304777545453,0.4383391065847663,0.014436272192579603
lee_beta0,920,D600,1.541695288,1.5449272821728783,0.4349768426872724,0.01048739720166872
lee_beta0,921,D600,1.550522448,1.5453013736897658,0.43521895520409554,0.010677436889500295
lee_beta0,922,D600,1.543662144,1.5439243529933775,0.43432745622705693,0.010710827512432993
lee_beta0,923,D800,1.54433342,1.5505525666815827,0.4386113620353207,0.009771595269152514
lee_beta0,924,D800,1.539910547,1.550495732490278,0.4385747072103531,0.009821983180586132
lee_beta0,925,D800,1.545442519,1.550967569155139,0.438878974340163,0.009781767549076751
lee_beta0,926,D800,1.539417335,1.5504799271814202,0.43856451344516917,0.00976498031266228
lee_beta0,927,D800,1.54238931,1.5507172853865245,0.43871758865406324,0.009757100077732067
lee_beta0,928,S50,1.548807985,1.553946609245665,0.4407978943704694,0.020006762212760452
lee_beta0,929,S50,1.540683399,1.552139474184,0.4396342851097933,0.020036732348728072
lee_beta0,930,S50,1.556520847,1.5528270496296037,0.44007717262665974,0.020062092831537006
lee_beta0,931,S50,1.543026865,1.5534235297021253,0.440461224115501,0.019965192936215573
lee_beta0,932,S50,1.533543839,1.5580165803487414,0.4434135894642929,0.020167671000622656
lee_beta0,933,S100,1.544624216,1.5399063288105297,0.4317215891278872,0.011546066020364532
lee_beta0,934,S100,1.556176022,1.5394021432941138,0.43139412240898667,0.011619605717664766
lee_beta0,935,S100,1.552243065,1.5390979557282722,0.43119650177747965,0.01185707090585974
lee_beta0,936,S100,1.550063034,1.5407402995758692,0.43226301492987806,0.011506358969802014
lee_beta0,937,S100,1.562998247,1.5403735086874397,0.4320249251266527,0.011571076873197061
lee_beta0,938,S200,1.538695512,1.5509805471420512,0.4388873419765165,0.010270051289375933
lee_beta0,939,S200,1.535105888,1.5492350664897716,0.4377613036267719,0.010156738201315038
lee_beta0,940,S200,1.544362492,1.5498983320920252,0.4381893365811995,0.010173564313320619
lee_beta0,941,S200,1.539243373,1.5501215141705067,0.43833332409736725,0.01021240919812875
lee_beta0,942,S200,1.542617125,1.5491488047865745,0.4377056218863529,0.010238866915700267
lee_beta0,943,S400,1.545529317,1.5434671398380637,0.434031275350924,0.00993253362075617
lee_beta0,944,S400,1.546372452,1.5421317548737694,0.433165715637408,0.010129966011514458
lee_beta0,945,S400,1.553085785,1.5557011802496634,0.44192636377213035,0.023070017759928802
lee_beta0,946,S400,1.547268342,1.5428890410260219,0.43365665960022953,0.010035518147804881
lee_beta0,947,S400,1.552784765,1.5431625227538535,0.4338338969035574,0.00991243325979585
lee_beta0,948,S600,1.540318569,1.5426060361808223,0.43347321750169315,0.010513114036211114
lee_beta0,949,S600,1.54364548,1.5419814665980682,0.4330682560015075,0.014929545923011961
lee_beta0,950,S600,1.548861287,1.541947096739937,0.43304596634244,0.011927481007463044
lee_beta0,951,S600,1.544459836,1.5423982428863634,0.4333385056660027,0.010063795741019356
lee_beta0,952,S600,1.556102788,1.542219073447336,0.43322233602753235,0.011515197141016368
lee_beta0,953,S800,1.559235426,1.5435081470463015,0.4340578432398309,0.011040599345935046
lee_beta0,954,S800,1.544798773,1.5441404199370483,0.4344673930223713,0.010787036869157121
lee_beta0,955,S800,1.559736863,1.5444763913118784,0.43468494760857407,0.010718197438086155
lee_beta0,956,S800,1.545674012,1.545650842387347,0.4354450788544402,0.010658099061610313
lee_beta0,957,S800,1.527674983,1.544626233498275,0.43478196101648797,0.010785246824450836
lee_beta0,958,D50,1.861633919,1.8793104813903627,0.6309049443491532,0.03177739270031946
lee_beta0,959,D50,1.858298087,1.8818677132683908,0.6322647481870574,0.029658053794414465
lee_beta0,960,D50,1.866432645,1.8694956789348118,0.6256687040843055,0.0316927385156355
lee_beta0,961,D50,1.858334491,1.880282094798136,0.6314218160099593,0.029677489709614424
lee_beta0,962,D50,1.842270226,1.8837567375910986,0.6332680476428678,0.02977350236380924
lee_beta0,963,D100,1.841506621,1.8129754191431087,0.5949693735688928,0.018286319415872263
lee_beta0,964,D100,1.843976596,1.816136829245977,0.5967116238417851,0.01835711676948822
lee_beta0,965,D100,1.851759894,1.8161701286438132,0.596729958965013,0.018230724936958452
lee_beta0,966,D100,1.838969233,1.8270244624637098,0.6026886667226032,0.018591711436489196
lee_beta0,967,D100,1.836763694,1.8167718363628256,0.5970612099072578,0.018276374959866115
lee_beta0,968,D200,1.828959327,1.8377221524962721,0.6085268441148203,0.014071490421528363
lee_beta0,969,D200,1.829062221,1.837199543893759,0.6082424252078544,0.014074804775651194
lee_beta0,970,D200,1.82885645,1.837070021711584,0.60817192293255,0.014083560217889798
lee_beta0,971,D200,1.842479042,1.8366273264295312,0.6079309149004541,0.014198731867832961
lee_beta0,972,D200,1.838641851,1.8372356042510456,0.6082620529088936,0.01412137433248351
lee_beta0,973,D400,1.836794382,1.8230832307507767,0.6005291505790527,0.011069133479773889
lee_beta0,974,D400,1.844766925,1.8229998194908157,0.6004833966788665,0.010921837357613174
lee_beta0,975,D400,1.850348254,1.8219611486433591,0.5999134751435462,0.010917199877011226
lee_beta0,976,D400,1.834540582,1.8202143959861776,0.598954294143235,0.01092595161548064
lee_beta0,977,D400,1.843996508,1.8216935463684898,0.5997665884060533,0.010780414227397516
lee_beta0,978,D600,1.809627456,1.8104651163677512,0.5935837826354275,0.010581295537788688
lee_beta0,979,D600,1.819273655,1.824267890591791,0.6011787507098111,0.010526333178042899
lee_beta0,980,D600,1.815949651,1.8204123969662132,0.5990630671603507,0.010312435700028384
lee_beta0,981,D600,1.821722597,1.821737809784227,0.5997908860592338,0.01005943146859627
lee_beta0,982,D600,1.816334794,1.8236693465084428,0.6008505958925449,0.010066102186526996
lee_beta0,983,D800,1.784705458,1.8212688077394366,0.5995334053041204,0.009987319957552287
lee_beta0,984,D800,1.793779733,1.8217190468180813,0.5997805865185041,0.009923256090068444
lee_beta0,985,D800,1.822903868,1.8201744913073639,0.5989323708377582,0.010017491818535534
lee_beta0,986,D800,1.802357094,1.8138124262736801,0.5954309429692035,0.010072362680215675
lee_beta0,987,D800,1.813384683,1.8265746531222835,0.6024424386447716,0.009892195502523947
lee_beta0,988,S50,1.831227016,1.815116988217745,0.5961499219579116,0.0195129097108759
lee_beta0,989,S50,1.846071835,1.8136161968254552,0.5953227509308175,0.01943665588923463
lee_beta0,990,S50,1.828786354,1.8155024774864137,0.5963622765016796,0.019760653107508443
lee_beta0,991,S50,1.827511566,1.8166326491228637,0.5969845945782538,0.019628654998752732
lee_beta0,992,S50,1.819777763,1.8165176643383643,0.596921297012991,0.0194530166538831
lee_beta0,993,S100,1.811594519,1.8190355571527892,0.5983064469825298,0.011676931968734736
lee_beta0,994,S100,1.818458589,1.821328158585393,0.5995659924096994,0.01167408644955337
lee_beta0,995,S100,1.80407353,1.8224803694991234,0.6001984136487698,0.011697951641662869
lee_beta0,996,S100,1.818628157,1.8194018460066614,0.5985077910291755,0.011687048940697775
lee_beta0,997,S100,1.809708774,1.8188031880630162,0.598178695805876,0.011683101710678235
lee_beta0,998,S200,1.810675917,1.811246864352098,0.5940154834446854,0.010184970738669872
lee_beta0,999,S200,1.801129455,1.80882092293892,0.5926752092184153,0.010259491872861607
lee_beta0,1000,S200,1.819134646,1.8095821721808174,0.5930959745301383,0.010210018611876873
lee_beta0,1001,S200,1.808303844,1.8098381486457238,0.5932374206417491,0.010210944209859612
lee_beta0,1002,S200,1.815022468,1.8111814969086615,0.5939793930451387,0.010348648097873997
lee_beta0,1003,S400,1.799772023,1.8081499830153194,0.59230421373698,0.009969869394393665
lee_beta0,1004,S400,1.807563313,1.8067776652768934,0.5915449632413313,0.01011183239880524
lee_beta0,1005,S400,1.803653703,1.806626529910725,0.5914613106200951,0.010037231920279954
lee_beta0,1006,S400,1.808822638,1.8088179065371366,0.592673541610384,0.010030788865748921
lee_beta0,1007,S400,1.80385226,1.8128188764540436,0.5948830241092159,0.01001382689793154
lee_beta0,1008,S600,1.819705197,1.79560096608634,0.5853397659553126,0.010012705744080672
lee_beta0,1009,S600,1.818966939,1.797727244659333,0.5865232252423337,0.009977464042045017
lee_beta0,1010,S600,1.824045849,1.8003036583173642,0.5879553497392341,0.009959726331435761
lee_beta0,1011,S600,1.815561419,1.7992727016086745,0.5873825285881913,0.010015962163234806
lee_beta0,1012,S600,1.81652825,1.803167634303528,0.5895449151091967,0.010155927996176352
lee_beta0,1013,S800,1.817894711,1.8126886471952561,0.5948111835417952,0.010524309868272052
lee_beta0,1014,S800,1.809453289,1.8111296394076144,0.5939507607719302,0.010535577766232002
lee_beta0,1015,S800,1.801825915,1.8089007191289,0.5927193232757629,0.010522942636801568
lee_beta0,1016,S800,1.802967307,1.8086366722460019,0.5925733417116212,0.010773252244582122
lee_beta0,1017,S800,1.796182709,1.8138603442125898,0.5954573609743237,0.01052929614465968
lee_beta0,1018,D50,2.048716118,2.0145375157883634,0.7003896483541752,0.038736621768451655
lee_beta0,1019,D50,2.027640154,2.0378733425532265,0.7119067849562325,0.030433644426883625
lee_beta0,1020,D50,2.075518832,2.0065333532836154,0.6964085332049784,0.03835453326904199
lee_beta0,1021,D50,2.072316368,2.006928438339851,0.6966054131445539,0.03911111478345273
lee_beta0,1022,D50,2.058495049,2.0131983736960826,0.6997246880993971,0.0419769796479778
lee_beta0,1023,D100,1.970485404,1.9510183154029148,0.6683514492970201,0.017973506505681858
lee_beta0,1024,D100,1.977013669,1.9485294690138433,0.6670749696308591,0.018015437142713482
lee_beta0,1025,D100,1.978128464,1.9481087371228176,0.666859023540715,0.017999596937306146
lee_beta0,1026,D100,1.972137944,1.946022598555658,0.6657875965204642,0.018006437843454126
lee_beta0,1027,D100,1.962600245,1.9453288037673937,0.6654310135630876,0.017989747442646024
lee_beta0,1028,D200,1.975250671,1.9783781157948903,0.6822773755964061,0.013733273518656894
lee_beta0,1029,D200,1.981161733,1.9723858351663215,0.6792438938202061,0.013907481748796137
lee_beta0,1030,D200,1.964957492,1.9792645477303825,0.6827253351651085,0.013719159786582181
lee_beta0,1031,D200,1.960153436,1.9996912206829491,0.6929927789821098,0.013822454288175768
lee_beta0,1032,D200,1.942723807,2.0101212313128602,0.6981950343381631,0.014787986556513352
lee_beta0,1033,D400,1.959613803,1.9532501173900363,0.669494711994567,0.010792557252806362
lee_beta0,1034,D400,1.961783202,1.9552821002521033,0.6705344798316916,0.010931211662796545
lee_beta0,1035,D400,1.984038462,1.9614593086725907,0.6736887414472377,0.010928760679886807
lee_beta0,1036,D400,2.012992775,1.9777946063634275,0.681982388761061,0.011525711960195612
lee_beta0,1037,D400,1.998116771,1.9832221554534484,0.6847228732443367,0.012979616727949199
lee_beta0,1038,D600,1.951705064,1.9637986731538006,0.6748806961004162,0.010175737287861098
lee_beta0,1039,D600,1.947197559,1.968279802238878,0.6771599644584106,0.010026993848940546
lee_beta0,1040,D600,1.954218438,1.9626200511717624,0.6742803413750597,0.010104849902420913
lee_beta0,1041,D600,1.954750676,1.9655178117822345,0.6757557280530305,0.01011557607809414
lee_beta0,1042,D600,1.969541654,1.9820224686438772,0.6841177721926207,0.010154079283153343
lee_beta0,1043,D800,1.958691803,1.9349860381553137,0.6601001110321033,0.010517163770978853
lee_beta0,1044,D800,1.939747135,1.9335708408394745,0.6593684700490522,0.010375113427839904
lee_beta0,1045,D800,1.935442189,1.9484933581110326,0.6670564370718193,0.009996042785429905
lee_beta0,1046,D800,1.972016693,1.961738554191994,0.6738310975198274,0.010056455152066832
lee_beta0,1047,D800,1.984965003,1.968867361064331,0.6774584337842673,0.009947609194772854
lee_beta0,1048,S50,1.973547647,1.9519034690396022,0.6688050344318243,0.020102102493361702
lee_beta0,1049,S50,1.977099328,1.9463446837814111,0.6659530923244957,0.018579704971289558
lee_beta0,1050,S50,1.971799243,1.9445487706099587,0.6650299556105039,0.018587377260699773
lee_beta0,1051,S50,1.965956881,1.9455820778846673,0.6655612011337286,0.018580258288821556
lee_beta0,1052,S50,1.966607202,1.9437656647592303,0.6646271559530518,0.018592043694640136
lee_beta0,1053,S100,1.953922335,1.9724928814735336,0.6792981648459727,0.011545493019934471
lee_beta0,1054,S100,1.967330539,1.9726954995607813,0.6794008814049081,0.011530665476262494
lee_beta0,1055,S100,1.959074643,1.9697996217475346,0.6779318227276239,0.011550427378293242
lee_beta0,1056,S100,1.966565981,1.9693568164548505,0.6777070003315114,0.011602975111759006
lee_beta0,1057,S100,1.955034403,1.9672156937314516,0.6766191895880299,0.011546621426715108
lee_beta0,1058,S200,1.969323837,1.9727118099670216,0.6794091494517589,0.01043004916753446
lee_beta0,1059,S200,1.981766088,1.973465105318233,0.6797909343420631,0.010512953518307793
lee_beta0,1060,S200,1.971328348,1.9634875676315433,0.6747222632774266,0.010284543825892051
lee_beta0,1061,S200,1.955312941,1.9631266382390336,0.6745384258161417,0.010196259524843376
lee_beta0,1062,S200,1.967573296,1.9615363156071017,0.6737280006980226,0.010204824990318676
lee_beta0,1063,S400,1.960705784,1.9557629356989596,0.6707803657495774,0.010125463056802828
lee_beta0,1064,S400,1.957890055,1.9572828638633293,0.6715572175007014,0.010191816036832375
lee_beta0,1065,S400,1.949374428,1.9521785417081456,0.6689459498471467,0.010041277033518344
lee_beta0,1066,S400,1.961315049,1.9513021833281972,0.668496936027736,0.01014977510960173
lee_beta0,1067,S400,1.956350003,1.953707686874978,0.6697289451293782,0.010056245421023778
lee_beta0,1068,S600,1.952490208,1.9500215137126657,0.6678404051879578,0.010434255126517517
lee_beta0,1069,S600,1.945341136,1.9476115588820062,0.6666037802451322,0.010183874287722511
lee_beta0,1070,S600,1.945316352,1.9460517690989214,0.6658025862357205,0.010094905308853395
lee_beta0,1071,S600,1.946777397,1.946863729814898,0.666219734117804,0.010071210771955321
lee_beta0,1072,S600,1.941493302,1.9465103099024417,0.6660381846905865,0.01007010719927833
lee_beta0,1073,S800,1.938492808,1.9443117432458352,0.6649080549336489,0.010816541041759402
lee_beta0,1074,S800,1.920010403,1.941817862311429,0.6636245767536156,0.010982566545219861
lee_beta0,1075,S800,1.936963931,1.9425842258180035,0.6640191618141374,0.011305347881998358
lee_beta0,1076,S800,1.934103721,1.941497721060827,0.663459696385562,0.01158608262865046
lee_beta0,1077,S800,1.956494024,1.9421041231600116,0.6637719848890888,0.011458139645284702
lee_beta0,1078,D50,2.173824888,2.1931543220302245,0.785340837242699,0.033003619953348516
lee_beta0,1079,D50,2.183314693,2.190958355186885,0.7843390532153852,0.03266505236090777
lee_beta0,1080,D50,2.208895721,2.195712334372617,0.7865065197900675,0.03569039209344204
lee_beta0,1081,D50,2.207947518,2.1816697853809073,0.780090540202697,0.031923815455925104
lee_beta0,1082,D50,2.204059039,2.194049510238266,0.7857489277963591,0.03350128884524148
lee_beta0,1083,D100,2.110443847,2.06096235312411,0.7231730354261632,0.018758252382211026
lee_beta0,1084,D100,2.110474752,2.082043373218344,0.7333498024533749,0.018139771893028286
lee_beta0,1085,D100,2.116896351,2.0905426734438404,0.7374236846383522,0.018116972034094788
lee_beta0,1086,D100,2.13463104,2.09009614080244,0.737210065302677,0.018135625042632664
lee_beta0,1087,D100,2.11252368,2.089739490630161,0.7370394125763056,0.01812692584541393
lee_beta0,1088,D200,2.117708297,2.1151409203716005,0.7491214392959322,0.01362024971455357
lee_beta0,1089,D200,2.109405472,2.109899166893196,0.7466401581438058,0.0137030595512531
lee_beta0,1090,D200,2.100518085,2.1086664088117804,0.7460557139319604,0.013663424418071947
lee_beta0,1091,D200,2.117438459,2.113040751047817,0.7481280243200827,0.013631577413366767
lee_beta0,1092,D200,2.134237176,2.1380605329263696,0.7598991250768736,0.013481011838037946
lee_beta0,1093,D400,2.109788548,2.1310068295516937,0.7565945579690141,0.010740460737402447
lee_beta0,1094,D400,2.13076654,2.1274070916038266,0.7549039102903522,0.010738316391130981
lee_beta0,1095,D400,2.158121598,2.1428811184145555,0.7621512405777642,0.011176948772944116
lee_beta0,1096,D400,2.149065463,2.1494648938310648,0.7652189245719616,0.011042875225032958
lee_beta0,1097,D400,2.143923119,2.150188698844429,0.7655556051926676,0.011244234479360115
lee_beta0,1098,D600,2.124680917,2.113132151819666,0.7481712789497269,0.010101158027763084
lee_beta0,1099,D600,2.099230499,2.111480925818276,0.7473895618764089,0.01018475493317275
lee_beta0,1100,D600,2.120016659,2.1155975286802584,0.749337292067702,0.010105423925752165
lee_beta0,1101,D600,2.116318793,2.125714174144966,0.754107827864064,0.010738767345725866
lee_beta0,1102,D600,2.121924309,2.1294165497020314,0.7558480218706237,0.010468380338527
lee_beta0,1103,D800,2.078791987,2.0766878240139484,0.7307742322080605,0.010494243049237777
lee_beta0,1104,D800,2.120605244,2.0999648899154972,0.7419206255017534,0.010013160177592037
lee_beta0,1105,D800,2.132835138,2.114093370574792,0.7486260541996399,0.010310931524201128
lee_beta0,1106,D800,2.088280708,2.1093894940378846,0.7463985663027405,0.009965197232992634
lee_beta0,1107,D800,2.082623381,2.1020282405222,0.742902707436917,0.009996178315504898
lee_beta0,1108,S50,2.13105359,2.086148550881291,0.7353195673130701,0.02171294928788375
lee_beta0,1109,S50,2.125737217,2.085815781642121,0.7351600409061536,0.021724445099895972
lee_beta0,1110,S50,2.127780473,2.083133729300248,0.7338733605542542,0.020668709786346617
lee_beta0,1111,S50,2.115058345,2.095582096247479,0.7398313650183327,0.02059589519953722
lee_beta0,1112,S50,2.120433061,2.0937962781958697,0.7389788193658942,0.020033121630891267
lee_beta0,1113,S100,2.10025556,2.1067651134458054,0.7451536494648411,0.01187401366076335
lee_beta0,1114,S100,2.092586996,2.1097631537870654,0.7465756917975244,0.011846175818361365
lee_beta0,1115,S100,2.097468661,2.1095565625766466,0.7464777654850042,0.011849383820471394
lee_beta0,1116,S100,2.083759863,2.1052049129806494,0.7444128082305842,0.011945873196903533
lee_beta0,1117,S100,2.090691433,2.1086036730628437,0.7460259621030647,0.01186141963255811
lee_beta0,1118,S200,2.095038662,2.1047044825566306,0.7441750689448379,0.010354533787535718
lee_beta0,1119,S200,2.095806206,2.0923722542331507,0.7382984721669624,0.010247546562530276
lee_beta0,1120,S200,2.102775437,2.0809343501031066,0.7328169996304051,0.010590681314924993
lee_beta0,1121,S200,2.069632317,2.0794996722863903,0.7321273226083141,0.010643350842584378
lee_beta0,1122,S200,2.102405588,2.080731486909339,0.7327195082882969,0.010602286218635005
lee_beta0,1123,S400,2.104027112,2.0963659501774954,0.7402053457692729,0.010105960477901845
lee_beta0,1124,S400,2.117542431,2.0940741148405255,0.7391115057286458,0.010068665532790549
lee_beta0,1125,S400,2.103087168,2.095728819500748,0.7399013780792952,0.010089661976896739
lee_beta0,1126,S400,2.089959666,2.0940766403963242,0.7391127117768262,0.01014913764709511
lee_beta0,1127,S400,2.102186006,2.0945183932998486,0.739323643080334,0.01007617392789212
lee_beta0,1128,S600,2.087092666,2.0893221635168695,0.736839689696283,0.01015865797779148
lee_beta0,1129,S600,2.08206794,2.089373473558395,0.7368642476186513,0.010160742297824323
lee_beta0,1130,S600,2.097250237,2.092763290365698,0.7384853412083675,0.010152398221873004
lee_beta0,1131,S600,2.113023395,2.0901237978545386,0.7372232976457138,0.010153850867671512
lee_beta0,1132,S600,2.105152683,2.086963277195053,0.7357100319627984,0.010187822776833418
lee_beta0,1133,S800,2.055897074,2.08774528612417,0.7360846731749467,0.010908979955876827
lee_beta0,1134,S800,2.081431625,2.082874866730378,0.7337490868931535,0.01248549316468442
lee_beta0,1135,S800,2.075425638,2.08281185110626,0.7337188322780607,0.011938353506523298
lee_beta0,1136,S800,2.073550491,2.0837688855453034,0.7341782182908916,0.01215955550782024
lee_beta0,1137,S800,2.050699731,2.082128887772188,0.7333908740270259,0.013163395244526038
lee_beta0,1138,D50,2.296855612,2.251425557505729,0.8115635967022105,0.04696881304515534
lee_beta0,1139,D50,2.28927411,2.2679198629933084,0.8188630514640521,0.04256625296776592
lee_beta0,1140,D50,2.265432391,2.274843602899257,0.821911304061452,0.039106331590403276
lee_beta0,1141,D50,2.309014532,2.2533833680329662,0.8124328058885991,0.047339451764937375
lee_beta0,1142,D50,2.323146548,2.2524761113452616,0.812030105048008,0.04819825856964866
lee_beta0,1143,D100,2.172610234,2.151573265508758,0.7661993259394748,0.019544517393445756
lee_beta0,1144,D100,2.167009878,2.157253876316952,0.7688360592835402,0.01921075036980232
lee_beta0,1145,D100,2.155731334,2.148113332424122,0.7645899370909449,0.01955218006343653
lee_beta0,1146,D100,2.160182521,2.1556516991336556,0.7680930904292638,0.019298636479530007
lee_beta0,1147,D100,2.171657899,2.151226696565969,0.7660382359763842,0.01915260283851707
lee_beta0,1148,D200,2.194175268,2.237593164995252,0.8054008082867413,0.013849032211087298
lee_beta0,1149,D200,2.227146471,2.230926809749038,0.802417108883148,0.014219198096973307
lee_beta0,1150,D200,2.219782185,2.231189615480768,0.8025349030897483,0.014140379632063636
lee_beta0,1151,D200,2.209961444,2.2397165076758925,0.8063492987844109,0.013938579472466755
lee_beta0,1152,D200,2.223157782,2.2286619073746077,0.8014013638390072,0.014043811576103165
lee_beta0,1153,D400,2.208759938,2.216133270232877,0.7957639070734859,0.01092136272820779
lee_beta0,1154,D400,2.215521349,2.2167248959705015,0.7960308345135055,0.010903815746054353
lee_beta0,1155,D400,2.21109678,2.214983662678561,0.7952450277040113,0.010970999878087622
lee_beta0,1156,D400,2.238669537,2.234527185440969,0.8040296555473765,0.011150685001533924
lee_beta0,1157,D400,2.277323367,2.2421818105088454,0.8074494143633777,0.01182903500930721
lee_beta0,1158,D600,2.215719494,2.201462327441363,0.7891218338443909,0.010005658109391975
lee_beta0,1159,D600,2.228725024,2.194934101202731,0.7861520238453564,0.010056023544855595
lee_beta0,1160,D600,2.259070385,2.2141588771681646,0.7948725919503592,0.01009891142704871
lee_beta0,1161,D600,2.23342589,2.195440599334949,0.7863827550102399,0.010220541009612588
lee_beta0,1162,D600,2.171001568,2.2446898884484776,0.8085673773314027,0.022688984061241087
lee_beta0,1163,D800,2.175697215,2.205282149899632,0.7908554598508921,0.009919101569842824
lee_beta0,1164,D800,2.183416165,2.2266405310544966,0.8004939612611832,0.010385677087399387
lee_beta0,1165,D800,2.236248929,2.214129648810744,0.7948593912037277,0.01076318077823801
lee_beta0,1166,D800,2.214218214,2.2091278070773948,0.7925977802008786,0.00989483458660568
lee_beta0,1167,D800,2.177187795,2.207377683734045,0.791805242553819,0.009888883535859474
lee_beta0,1168,S50,2.222032953,2.152847874198566,0.7667915582911397,0.021557341857013426
lee_beta0,1169,S50,2.214924375,2.1551369717297164,0.7678542815032479,0.02085141614451426
lee_beta0,1170,S50,2.215731321,2.1530646412433208,0.7668922417324129,0.021490320972732187
lee_beta0,1171,S50,2.19161935,2.155785168696981,0.7681550046204997,0.02104794393565234
lee_beta0,1172,S50,2.203313428,2.155468656775715,0.768008174053501,0.021877702205830827
lee_beta0,1173,S100,2.14918061,2.1659583511826828,0.772862919946415,0.012571180117412852
lee_beta0,1174,S100,2.155837945,2.1725738198971665,0.7759125568193308,0.012533048289280346
lee_beta0,1175,S100,2.162778819,2.1709784833989048,0.7751779799299086,0.012807758954317985
lee_beta0,1176,S100,2.148500592,2.17355325669263,0.776363273880652,0.012318760554457436
lee_beta0,1177,S100,2.142818588,2.1720159482275494,0.7756557446909332,0.012333789864372597
lee_beta0,1178,S200,2.206816048,2.1943549056819975,0.7858881107044414,0.01038251869004281
lee_beta0,1179,S200,2.196338291,2.1946433570780117,0.7860195536347688,0.010510232271453906
lee_beta0,1180,S200,2.191421843,2.19284439504487,0.7851995116264084,0.01029992007970575
lee_beta0,1181,S200,2.189803313,2.195848552293865,0.7865685560112687,0.010370579302841017
lee_beta0,1182,S200,2.18060903,2.196539149834825,0.7868830080102649,0.010687000554573714
lee_beta0,1183,S400,2.226271571,2.1664276164088014,0.7730795512583362,0.010131302321675206
lee_beta0,1184,S400,2.213920664,2.1691686197320825,0.7743439695939803,0.01008233285655247
lee_beta0,1185,S400,2.188920086,2.171516849319044,0.775425932262219,0.010070052498949142
lee_beta0,1186,S400,2.195478145,2.1721972817963198,0.7757392275032512,0.01005656504495585
lee_beta0,1187,S400,2.199391193,2.1712299410729154,0.7752938001069754,0.010070290068589017
lee_beta0,1188,S600,2.189764122,2.188910919345712,0.783404123032781,0.010540708438332588
lee_beta0,1189,S600,2.174324856,2.188908452167304,0.7834029959061461,0.01056060722894724
lee_beta0,1190,S600,2.171721222,2.187030087435515,0.7825444990007828,0.010437687585232005
lee_beta0,1191,S600,2.179246712,2.1872424987047383,0.7826416174428585,0.01077472610572542
lee_beta0,1192,S600,2.180835264,2.188532402821051,0.7832311834889666,0.010395590284749102
lee_beta0,1193,S800,2.170123198,2.1869830703522584,0.7825230006277498,0.01099152053884433
lee_beta0,1194,S800,2.144811587,2.18496302202269,0.7815989048449389,0.011273199127119795
lee_beta0,1195,S800,2.141743393,2.186039999812638,0.7820916877628924,0.011121261798468606
lee_beta0,1196,S800,2.131005724,2.183322271032489,0.7808476942635382,0.011542743060100323
lee_beta0,1197,S800,2.147763194,2.1828730647366603,0.7806419287112124,0.011435904826196181
lee_beta0,1198,D50,1.474887956,1.5517672717588176,0.4393944567531889,0.03540539163325099
lee_beta0,1199,D50,1.486720847,1.5568938105956005,0.44269268923870064,0.03780497322757317
lee_beta0,1200,D50,1.47655687,1.5437529061295585,0.43421640390545274,0.032704026067555826
lee_beta0,1201,D50,1.470630924,1.5454276705058245,0.4353006814339417,0.03278534159733342
lee_beta0,1202,D50,1.469018895,1.5434852017036704,0.4340429774205438,0.0324206570261278
lee_beta0,1203,D100,1.51890701,1.4767819053998208,0.3898653321181348,0.01897837463056721
lee_beta0,1204,D100,1.499253844,1.4723944965114584,0.3868899847484645,0.01935389364536848
lee_beta0,1205,D100,1.505115183,1.4738306981521645,0.3878649283862207,0.01917568327118622
lee_beta0,1206,D100,1.498529419,1.4705267708821579,0.3856206841383832,0.01960180824155591
lee_beta0,1207,D100,1.487426062,1.4653001082165313,0.38206007351465565,0.02021200545403152
lee_beta0,1208,D200,1.496959188,1.5014169644569608,0.40640930518508517,0.014113774211199815
lee_beta0,1209,D200,1.512561412,1.5017911345280683,0.40665848543547817,0.014035582828059013
lee_beta0,1210,D200,1.49550738,1.5003522853754685,0.405699937450575,0.014013437065218043
lee_beta0,1211,D200,1.499524673,1.5045359480251872,0.4084845104716312,0.014285850502463645
lee_beta0,1212,D200,1.507948275,1.5005630530062612,0.4058404063458108,0.01417145152205341
lee_beta0,1213,D400,1.480943664,1.4661300754989193,0.3826263276995076,0.010765304520275104
lee_beta0,1214,D400,1.488196875,1.4669874253708024,0.38321092746139634,0.01078130862771874
lee_beta0,1215,D400,1.495449395,1.4745113079670495,0.3883266182617929,0.010973717381212191
lee_beta0,1216,D400,1.489649011,1.4842790557167274,0.3949291700031321,0.012382442530510816
lee_beta0,1217,D400,1.488574134,1.4802835993715617,0.3922336906160283,0.01157565222235824
lee_beta0,1218,D600,1.454631794,1.469108095190059,0.3846554786847322,0.010691250140205808
lee_beta0,1219,D600,1.449676887,1.4707199302107894,0.3857520293457319,0.010332152491737292
lee_beta0,1220,D600,1.464974381,1.4688146277070115,0.38445569978535105,0.010648818281868882
lee_beta0,1221,D600,1.454164751,1.4683106886113733,0.38411254854302346,0.010882694563410431
lee_beta0,1222,D600,1.463072572,1.4817221941646834,0.3932050559721506,0.010177598879796067
lee_beta0,1223,D800,1.471779432,1.488538945468933,0.39779506536986653,0.010735690701616434
lee_beta0,1224,D800,1.476235518,1.4877499774865826,0.39726489641029694,0.01051943961015454
lee_beta0,1225,D800,1.473976524,1.4887815889059097,0.39795805987093713,0.0128465551432801
lee_beta0,1226,D800,1.46374932,1.4871826703681266,0.3968835048344294,0.010209136088592119
lee_beta0,1227,D800,1.457317453,1.4631948870690894,0.3806223237397869,0.010621193829854172
lee_beta0,1228,S50,1.464285745,1.4914990966526414,0.39978171930881623,0.02410915399857719
lee_beta0,1229,S50,1.46329805,1.4882020696382448,0.3975687266790521,0.02396881018823748
lee_beta0,1230,S50,1.456338684,1.4869909325438906,0.39675456964092637,0.02363704001275351
lee_beta0,1231,S50,1.474668071,1.4822943436279066,0.39359111958754156,0.022962590858349424
lee_beta0,1232,S50,1.471097952,1.477480248998535,0.3903381023566744,0.022398790999442246
lee_beta0,1233,S100,1.442874313,1.4646077265897515,0.3815874431940406,0.014073645990746744
lee_beta0,1234,S100,1.45146606,1.467281550218864,0.3834114031856696,0.0134100609054497
lee_beta0,1235,S100,1.454374894,1.4682168915803835,0.3840486655870762,0.012933228725945118
lee_beta0,1236,S100,1.456256666,1.465205774071632,0.38199569272258693,0.013629625891116916
lee_beta0,1237,S100,1.452714446,1.4664683672262788,0.38285703895129813,0.0132628364876561
lee_beta0,1238,S200,1.470202477,1.468470778619044,0.3842215726632146,0.01023500678144931
lee_beta0,1239,S200,1.483981407,1.476277640628206,0.3895238118956969,0.011011017772775553
lee_beta0,1240,S200,1.481539669,1.4730129606998472,0.38730993628757265,0.010415725447879883
lee_beta0,1241,S200,1.480093475,1.4727243332380968,0.3871139734885355,0.010357249575950748
lee_beta0,1242,S200,1.481454481,1.4726939823804763,0.38709336462801425,0.010418989679733705
lee_beta0,1243,S400,1.485518466,1.4687352110449097,0.38440162978383235,0.010079322549835816
lee_beta0,1244,S400,1.497415762,1.4659584007262816,0.38250922702248097,0.009940190742710806
lee_beta0,1245,S400,1.487051311,1.4664678233471773,0.38285666807442503,0.009976296226024191
lee_beta0,1246,S400,1.496107801,1.465303896010512,0.38206265850667454,0.009937501075925163
lee_beta0,1247,S400,1.476622947,1.466934226994965,0.38317466311480053,0.010017973111080703
lee_beta0,1248,S600,1.466414868,1.4655840399843265,0.3822538251297496,0.009952357033746815
lee_beta0,1249,S600,1.459969508,1.4656570519707306,0.38230364156185376,0.009924627137078845
lee_beta0,1250,S600,1.450253824,1.462385102036395,0.3800687343275058,0.010172167966390958
lee_beta0,1251,S600,1.462794051,1.4638415452334053,0.381064175551196,0.010044227206199657
lee_beta0,1252,S600,1.466989729,1.462857116278673,0.3803914523871724,0.010137264951825322
lee_beta0,1253,S800,1.470174519,1.4740473570936352,0.3880119215370909,0.01050300543812259
lee_beta0,1254,S800,1.467155176,1.467490705371624,0.3835539390521004,0.010639447362331272
lee_beta0,1255,S800,1.4584823,1.4689551611845966,0.3845513733661903,0.010515157410729045
lee_beta0,1256,S800,1.454521861,1.4703283920081995,0.3854857717654364,0.010477027817739586
lee_beta0,1257,S800,1.463400253,1.4654963690398446,0.3821940035402509,0.010899247380162186
lee_beta0,1258,D50,1.729470914,1.707167989555849,0.5348358511294001,0.039872227860446335
lee_beta0,1259,D50,1.689766162,1.712594543297385,0.5380094973952472,0.030550873178009592
lee_beta0,1260,D50,1.714578735,1.704145497369332,0.5330638105420902,0.03649623119464097
lee_beta0,1261,D50,1.702565187,1.711331389768083,0.5372716580778664,0.029838832718967465
lee_beta0,1262,D50,1.698018472,1.7207272652531853,0.5427470300940973,0.03401739321232889
lee_beta0,1263,D100,1.668958873,1.651672476223804,0.5017883964984552,0.018938444362373567
lee_beta0,1264,D100,1.671957444,1.6568438298750259,0.5049144852851901,0.018755110286290518
lee_beta0,1265,D100,1.674909848,1.6568446995898043,0.5049150102076568,0.01871278146860282
lee_beta0,1266,D100,1.670677177,1.6545639042271683,0.5035374721287385,0.01884851285824533
lee_beta0,1267,D100,1.665343864,1.6550342417033261,0.5038216984659466,0.018826889985743687
lee_beta0,1268,D200,1.682406209,1.6919292021244174,0.5258694175925354,0.013948011047714613
lee_beta0,1269,D200,1.685021577,1.6910645310104027,0.5253582306373986,0.013914642706893184
lee_beta0,1270,D200,1.682213246,1.692846822095417,0.5264116218547459,0.013938821034349244
lee_beta0,1271,D200,1.687370265,1.6930033953168482,0.5265041086521463,0.013932509788366066
lee_beta0,1272,D200,1.677856605,1.6932450225915825,0.5266468195494723,0.013962139323231159
lee_beta0,1273,D400,1.664712711,1.6697718661211995,0.5126870099840081,0.013161075354044099
lee_beta0,1274,D400,1.68152969,1.6709122143121176,0.5133697134110629,0.011467639353398881
lee_beta0,1275,D400,1.66376522,1.6690699530475404,0.5122665569514805,0.011313882433769332
lee_beta0,1276,D400,1.676002275,1.6635434518959933,0.5089499369023064,0.011475012625766664
lee_beta0,1277,D400,1.661059428,1.6593695495288414,0.5064377407897199,0.011025441036738037
lee_beta0,1278,D600,1.657446277,1.6618951834059448,0.5079586279017256,0.01028876345452714
lee_beta0,1279,D600,1.662346504,1.6608253190853166,0.5073146589872181,0.010245310841351935
lee_beta0,1280,D600,1.663387642,1.6607926421074306,0.5072949836493142,0.0102159591354276
lee_beta0,1281,D600,1.662600791,1.657324496431751,0.5052045529659897,0.010091264571804048
lee_beta0,1282,D600,1.643923459,1.6420212894008022,0.49592797647651493,0.010569928499553958
lee_beta0,1283,D800,1.6463813,1.652349079777457,0.5021979601478702,0.010246398143382894
lee_beta0,1284,D800,1.645158439,1.6551545616427965,0.5038943951891074,0.010315177114103919
lee_beta0,1285,D800,1.645998258,1.6531317277601285,0.5026715057788189,0.010588662721784041
lee_beta0,1286,D800,1.660498838,1.6533774256091116,0.502820120428311,0.01006596550802346
lee_beta0,1287,D800,1.666612787,1.6558055726126029,0.5042876412275965,0.010037599836203158
lee_beta0,1288,S50,1.678825145,1.6715886857681275,0.5137744830643662,0.02007733236060973
lee_beta0,1289,S50,1.665647429,1.6661276214941712,0.5105021443486676,0.019989807760219348
lee_beta0,1290,S50,1.668386105,1.6635415599697774,0.5089487996147354,0.020136006548501825
lee_beta0,1291,S50,1.666702835,1.6660852290406727,0.5104767003236895,0.019995470681801106
lee_beta0,1292,S50,1.672894046,1.666989914659814,0.5110195537562429,0.019970201514603998
lee_beta0,1293,S100,1.684319088,1.661413379299792,0.5076686734178506,0.011629554764052946
lee_beta0,1294,S100,1.667581631,1.6596557120196611,0.5066101784598057,0.01160412083009213
lee_beta0,1295,S100,1.661599677,1.6592259637469484,0.5063512067234812,0.01162012064300949
lee_beta0,1296,S100,1.670694196,1.6637088774207207,0.5090493736197481,0.01170484874799605
lee_beta0,1297,S100,1.656714185,1.6632839114557674,0.5087939081022481,0.011596889159731784
lee_beta0,1298,S200,1.656880386,1.6525918721163564,0.5023448870327194,0.010176937839756074
lee_beta0,1299,S200,1.66193843,1.6519321323967406,0.501945592170597,0.010170643352722763
lee_beta0,1300,S200,1.648533727,1.653019562428625,0.5026036532689356,0.0102131871096164
lee_beta0,1301,S200,1.648155468,1.6507146159826411,0.5012082947470373,0.010177254153415756
lee_beta0,1302,S200,1.641284712,1.650402610772613,0.5010192646765943,0.010208452675149946
lee_beta0,1303,S400,1.649160877,1.637372508151032,0.4930928278785179,0.009987743961937393
lee_beta0,1304,S400,1.649526937,1.6342891919244023,0.4912079648198452,0.010091978548245732
lee_beta0,1305,S400,1.63614477,1.6384950475305406,0.4937781665891742,0.009925253761853929
lee_beta0,1306,S400,1.648707247,1.637273593808679,0.49303241564507155,0.009949484696858937
lee_beta0,1307,S400,1.638026635,1.6369708945992985,0.4928475185115101,0.009949459648507415
lee_beta0,1308,S600,1.643608489,1.6352082908937138,0.4917701912771842,0.009967927805589291
lee_beta0,1309,S600,1.63892971,1.6351415011446504,0.49172934564701026,0.009957727115151246
lee_beta0,1310,S600,1.633105927,1.633788072252738,0.4909012892824674,0.009953635748224504
lee_beta0,1311,S600,1.63598518,1.6326379840093037,0.4901971017263126,0.010018642388018957
lee_beta0,1312,S600,1.633706334,1.6337874596759616,0.49090091433977945,0.009948829097655511
lee_beta0,1313,S800,1.61739273,1.6424665783848775,0.4961991231543096,0.010569446802347875
lee_beta0,1314,S800,1.624811061,1.6401062542090294,0.4947610288892279,0.010674802298495477
lee_beta0,1315,S800,1.626210849,1.6396209201214613,0.4944650688502896,0.010589756531349019
lee_beta0,1316,S800,1.640387878,1.6387729727811935,0.493947774475741,0.010724642851144267
lee_beta0,1317,S800,1.630202716,1.6372493696590686,0.49301762011614647,0.011328909730809947
lee_beta0,1318,D50,1.790464747,1.8236376862441026,0.6008332349936369,0.036078268488823874
lee_beta0,1319,D50,1.825534745,1.811539225472763,0.594176884705511,0.03893750123043669
lee_beta0,1320,D50,1.828657725,1.8117322510127807,0.5942834323608291,0.038031094956535456
lee_beta0,1321,D50,1.818651128,1.8105799987798203,0.5936472352621994,0.03852141692682106
lee_beta0,1322,D50,1.818651128,1.8105799987798203,0.5936472352621994,0.03852141692682106
lee_beta0,1323,D100,1.73642222,1.7414227336611687,0.5547024421457984,0.018773897700993646
lee_beta0,1324,D100,1.748199464,1.7437177739435412,0.5560194855241721,0.018788342590159175
lee_beta0,1325,D100,1.739144831,1.7391461575198257,0.5533942787178207,0.018816443975713474
lee_beta0,1326,D100,1.750080305,1.737709657937957,0.5525679576163129,0.018795917536014766
lee_beta0,1327,D100,1.750310728,1.7416027311940316,0.5548057991466814,0.018838019131898795
lee_beta0,1328,D200,1.734852865,1.7524823669510705,0.5610332782218213,0.013706125572142512
lee_beta0,1329,D200,1.74061346,1.7538105419525514,0.5617908732656545,0.013691650716609077
lee_beta0,1330,D200,1.743749892,1.7524214996989576,0.5609985455989392,0.013746539286960981
lee_beta0,1331,D200,1.742424891,1.7515709568159306,0.5605130748621798,0.013791598437293006
lee_beta0,1332,D200,1.73414359,1.7469456942507946,0.5578689455232567,0.013763524747517164
lee_beta0,1333,D400,1.740645841,1.74030088682824,0.5540580217414045,0.010732081071804796
lee_beta0,1334,D400,1.746214007,1.7389829195705857,0.553300413340348,0.010732645895772597
lee_beta0,1335,D400,1.738835295,1.7384850103438259,0.5530140502507682,0.010718537615794627
lee_beta0,1336,D400,1.749276228,1.7412294464490725,0.5545914421364386,0.010791121670609664
lee_beta0,1337,D400,1.769148943,1.752897816580737,0.5612703136415818,0.011297178563616086
lee_beta0,1338,D600,1.730542783,1.7428818841958045,0.5555399984331892,0.010207473928611049
lee_beta0,1339,D600,1.74540229,1.7429223947379335,0.5555632415867855,0.010163770424844273
lee_beta0,1340,D600,1.757779863,1.7365290185004563,0.5518883039753842,0.010673005204522678
lee_beta0,1341,D600,1.748370119,1.7443589497214185,0.5563871241031912,0.010137812430444622
lee_beta0,1342,D600,1.746275065,1.7377308359582229,0.5525801448600901,0.010575253125387069
lee_beta0,1343,D800,1.725438872,1.7345450784379808,0.5507451763882972,0.01009491895998679
lee_beta0,1344,D800,1.725118598,1.7331504298523694,0.5499408101124967,0.00996323846391622
lee_beta0,1345,D800,1.72499252,1.737621809823053,0.5525174023724533,0.009909531236207076
lee_beta0,1346,D800,1.729433568,1.7361489687105336,0.5516694240257662,0.009936907960359797
lee_beta0,1347,D800,1.738769491,1.7496948397315741,0.559441395433691,0.01017217457026378
lee_beta0,1348,S50,1.748629463,1.7444765788367043,0.5564545558375722,0.019084737720704997
lee_beta0,1349,S50,1.756372992,1.7450416337690033,0.5567784142631833,0.019133264574197433
lee_beta0,1350,S50,1.740802984,1.7380099932718127,0.5527407766953768,0.019254706110183158
lee_beta0,1351,S50,1.745758805,1.7390544132555,0.5533415248512853,0.019271665032217406
lee_beta0,1352,S50,1.741539263,1.7389633080550677,0.5532891356987546,0.019215948116679114
lee_beta0,1353,S100,1.731218987,1.7401820346920374,0.553989725393496,0.01175016211001102
lee_beta0,1354,S100,1.730916374,1.7360571114578844,0.5516165140022541,0.011588899111758961
lee_beta0,1355,S100,1.738408547,1.736309399697636,0.551761825990136,0.011550666395476441
lee_beta0,1356,S100,1.716852321,1.7341302273863977,0.5505059778372743,0.011562771102731944
lee_beta0,1357,S100,1.718301381,1.7322786253800404,0.5494376663592553,0.01159233846309515
lee_beta0,1358,S200,1.720659702,1.7288100797102457,0.5474333566599036,0.010252062938248749
lee_beta0,1359,S200,1.729430345,1.7306075310294171,0.548472520867972,0.010365468254691477
lee_beta0,1360,S200,1.724092597,1.7324643218605487,0.5495448584271886,0.010373626577177112
lee_beta0,1361,S200,1.726380004,1.7285945162537082,0.5473086599685943,0.01023448802765498
lee_beta0,1362,S200,1.731441458,1.7296196280957181,0.5479015161823777,0.010248331203382232
lee_beta0,1363,S400,1.722319891,1.7282241736090358,0.5470943920654641,0.009898491318638594
lee_beta0,1364,S400,1.723230333,1.7285177309546818,0.5472642383279022,0.009902643604674336
lee_beta0,1365,S400,1.725528541,1.7286441409466096,0.5473373676731096,0.009947355141860986
lee_beta0,1366,S400,1.709170995,1.7309683674878413,0.5486810019010679,0.009930237754970732
lee_beta0,1367,S400,1.723136082,1.7282348685233835,0.5471005804300403,0.009903131869749443
lee_beta0,1368,S600,1.737644411,1.723908638439828,0.5445941768928573,0.01006210635018472
lee_beta0,1369,S600,1.729149565,1.724093883083794,0.5447016273039216,0.00995364364567938
lee_beta0,1370,S600,1.723136082,1.723766136654909,0.5445115114477118,0.00993935302876044
lee_beta0,1371,S600,1.744636921,1.7232302144757148,0.5442005612006443,0.009938222209338413
lee_beta0,1372,S600,1.740173895,1.7227699640529746,0.5439334396674855,0.0099554114156019
lee_beta0,1373,S800,1.726003366,1.72855972830189,0.5472885347735014,0.010529587948735453
lee_beta0,1374,S800,1.725344844,1.7263463382200486,0.5460072319872368,0.010567265836884231
lee_beta0,1375,S800,1.72037826,1.7250966841357678,0.5452830976870073,0.010563936674291972
lee_beta0,1376,S800,1.718505501,1.7279891431264924,0.5469583874492168,0.010632718482168436
lee_beta0,1377,S800,1.741021878,1.7237288054983988,0.5444898544723497,0.010610469634989779
lee_beta0,1378,D50,1.890935262,1.9217875026515332,0.6532557439007319,0.041635346805509774
lee_beta0,1379,D50,1.90281035,1.9155454180752287,0.6500023956972183,0.06041831753210472
lee_beta0,1380,D50,1.900928922,1.9115323183844082,0.6479051813534946,0.04807882774160306
lee_beta0,1381,D50,1.912294445,1.9095410747759385,0.6468629382014596,0.0480183734474681
lee_beta0,1382,D50,1.90491284,1.908374855014222,0.6462520186215451,0.04728559642559861
lee_beta0,1383,D100,1.840321892,1.8294882527757643,0.6040362844539212,0.020935489239902
lee_beta0,1384,D100,1.871227712,1.8279571674404163,0.6031990413791112,0.020759677831170536
lee_beta0,1385,D100,1.871235522,1.8159616519543207,0.5966151631908976,0.01981115606285222
lee_beta0,1386,D100,1.850146182,1.812746033116546,0.5948428409436544,0.019583052366259793
lee_beta0,1387,D100,1.86020318,1.8101958737286963,0.5934350569523064,0.019600314558037856
lee_beta0,1388,D200,1.815573851,1.834237159366946,0.6066286781060379,0.01367776407992305
lee_beta0,1389,D200,1.818119597,1.8279659592326332,0.603203850994583,0.01371720858354754
lee_beta0,1390,D200,1.831804801,1.819983671863337,0.5988275295447989,0.014344112316246924
lee_beta0,1391,D200,1.845330448,1.8169665934811006,0.597168403709025,0.014186151728624414
lee_beta0,1392,D200,1.809977806,1.8309780107246156,0.6048502561853147,0.013786008698892738
lee_beta0,1393,D400,1.832611478,1.8226696398355413,0.60030226141147,0.010740360696503129
lee_beta0,1394,D400,1.826254441,1.8225965198065184,0.6002621436116549,0.010723926825701426
lee_beta0,1395,D400,1.824627321,1.8181703620351344,0.5978306998550937,0.010980155188905215
lee_beta0,1396,D400,1.81936414,1.8163211295727524,0.5968130980110793,0.010721659994672991
lee_beta0,1397,D400,1.830170268,1.8165724605051567,0.5969514620597769,0.010817362817684103
lee_beta0,1398,D600,1.806505961,1.8166303547377345,0.5969833315895151,0.009986096350164755
lee_beta0,1399,D600,1.814622772,1.8186959515561305,0.5981197341386422,0.009974874090339734
lee_beta0,1400,D600,1.828929893,1.8218492104709663,0.5998520349688959,0.010062843451556317
lee_beta0,1401,D600,1.835355942,1.8202761992120589,0.5989882473834761,0.010091947140150593
lee_beta0,1402,D600,1.83108934,1.8136737938562741,0.5953545085410289,0.010504549393620409
lee_beta0,1403,D800,1.797889951,1.8223336824150256,0.6001179228022752,0.009903900334836895
lee_beta0,1404,D800,1.807596419,1.827169303206033,0.6027679404293014,0.009906648146467389
lee_beta0,1405,D800,1.824456516,1.8239107470811384,0.6009829579335991,0.009891453440930563
lee_beta0,1406,D800,1.815756719,1.8276202566083548,0.6030147143664762,0.009929073480460526
lee_beta0,1407,D800,1.801076604,1.8283527096076564,0.6034154027828675,0.009932398140184233
lee_beta0,1408,S50,1.802804034,1.8298509845796955,0.6042345343463698,0.019127548736856587
lee_beta0,1409,S50,1.809305451,1.8286578566233314,0.6035822860941715,0.019286767731471064
lee_beta0,1410,S50,1.812438275,1.8264405252426668,0.6023690045783209,0.019164303014588033
lee_beta0,1411,S50,1.830297402,1.8247547884394777,0.6014456155080893,0.019304063740291224
lee_beta0,1412,S50,1.808132345,1.8302312030732129,0.6044422993502091,0.01912800403569268
lee_beta0,1413,S100,1.838194388,1.817395507550841,0.5974044363660956,0.011542344326933138
lee_beta0,1414,S100,1.797916352,1.795361415916905,0.5852063475875843,0.02220923892349734
lee_beta0,1415,S100,1.840538585,1.8161173216254303,0.5967008825116157,0.01161815177239796
lee_beta0,1416,S100,1.826153596,1.816990659111436,0.5971816485705702,0.011516772279417399
lee_beta0,1417,S100,1.827035596,1.8177916835604662,0.5976224036895735,0.01146659768942352
lee_beta0,1418,S200,1.809660246,1.8209956738809183,0.599383425059463,0.01050913644301277
lee_beta0,1419,S200,1.810580824,1.8188426694504818,0.5982004029148215,0.010769669773813446
lee_beta0,1420,S200,1.827443553,1.8209235303003422,0.5993438066184483,0.010429708165051718
lee_beta0,1421,S200,1.819873108,1.820373554953782,0.5990417300024152,0.010346396830835346
lee_beta0,1422,S200,1.82116145,1.8192779206967902,0.5984396754939458,0.010321252058407558
lee_beta0,1423,S400,1.827366889,1.812696639970608,0.5948155928802343,0.010049128924454843
lee_beta0,1424,S400,1.801485664,1.808488808219611,0.5924915839582495,0.01089251976254931
lee_beta0,1425,S400,1.835738463,1.8102717359306424,0.5934769643577227,0.010098061403222046
lee_beta0,1426,S400,1.811037344,1.8130018181338707,0.5949839346039104,0.01010363532475315
lee_beta0,1427,S400,1.809516659,1.8127650644129267,0.5948533394890285,0.010082882449524664
lee_beta0,1428,S600,1.842325226,1.8065697093169641,0.5914298589136261,0.01006750066869053
lee_beta0,1429,S600,1.813712362,1.8058840851717504,0.5910502697521026,0.01014118025927513
lee_beta0,1430,S600,1.81941482,1.805127696535075,0.5906313352852754,0.010004810065417463
lee_beta0,1431,S600,1.824800504,1.8059146472474217,0.5910671932176311,0.010005228284843548
lee_beta0,1432,S600,1.810243275,1.8046095802472655,0.590344269356849,0.010006952566024421
lee_beta0,1433,S800,1.782843619,1.80892992831,0.5927354706214776,0.011014162823874908
lee_beta0,1434,S800,1.812439986,1.811404010854642,0.5941022411853875,0.01112584035960448
lee_beta0,1435,S800,1.788621446,1.8077764359557325,0.5920976016450104,0.01151895369983579
lee_beta0,1436,S800,1.805524812,1.8104223441620442,0.5935601573743968,0.010865204386274568
lee_beta0,1437,S800,1.798149608,1.811002907182212,0.5938807841911043,0.011001556167463131
lee_beta0,1438,D50,1.98171331,1.9787379485602714,0.6824592417638478,0.046668950760777095
lee_beta0,1439,D50,1.977918113,1.981728228954606,0.6839693069069558,0.052433688199246806
lee_beta0,1440,D50,1.975119796,1.9782420437972388,0.6822085936601997,0.046302897792410466
lee_beta0,1441,D50,1.985368784,1.9775311736501708,0.6818491847074393,0.04580183061359932
lee_beta0,1442,D50,1.982776136,1.9850534213783846,0.6856458263102092,0.03780053899715164
lee_beta0,1443,D100,1.901575873,1.894783760002717,0.639104721206747,0.020464063157664
lee_beta0,1444,D100,1.936489464,1.8961383847386222,0.639819388900696,0.020482562414839343
lee_beta0,1445,D100,1.927870888,1.90016275530264,0.6419395431893277,0.020940642754523932
lee_beta0,1446,D100,1.909319154,1.90040976530434,0.6420695288694895,0.020305530804229675
lee_beta0,1447,D100,1.915467843,1.8936689771719593,0.6385162050286279,0.020297657443553774
lee_beta0,1448,D200,1.88462312,1.8826471059755607,0.6326788215833535,0.014114406314559534
lee_beta0,1449,D200,1.896441345,1.8793863234336374,0.6309452998485314,0.01432949475260466
lee_beta0,1450,D200,1.898457048,1.9073640848742637,0.6457222286230556,0.014609362961274497
lee_beta0,1451,D200,1.880764078,1.9016062279442822,0.6426989121659105,0.014110415051265089
lee_beta0,1452,D200,1.876312808,1.8920835565409033,0.6376786327311139,0.013974735768588062
lee_beta0,1453,D400,1.879603373,1.8662497635941735,0.623930943197001,0.011019445273771036
lee_beta0,1454,D400,1.86098472,1.8645587305527542,0.6230244194985171,0.011127508055560308
lee_beta0,1455,D400,1.86673485,1.8682424747216855,0.6249981358376453,0.010749820815201913
lee_beta0,1456,D400,1.888753096,1.881593230675509,0.6321188810730063,0.01111767497385607
lee_beta0,1457,D400,1.885233324,1.8800411625687186,0.6312936715855272,0.011002210004118693
lee_beta0,1458,D600,1.822471144,1.8597357619664403,0.6204344141742378,0.010039433100996979
lee_beta0,1459,D600,1.842546204,1.8599970332692344,0.6205748927072972,0.01019386191743631
lee_beta0,1460,D600,1.867332114,1.868269454325981,0.6250125769018294,0.010122412830618356
lee_beta0,1461,D600,1.877333081,1.867110396017874,0.6243919929763694,0.010057685804009628
lee_beta0,1462,D600,1.866049127,1.8686465622847608,0.6252144053391738,0.010183132360328409
lee_beta0,1463,D800,1.857228637,1.853883077651303,0.6172824002419908,0.009998790173874018
lee_beta0,1464,D800,1.855300706,1.850011840807887,0.6151920395064464,0.010113966744484242
lee_beta0,1465,D800,1.878267981,1.8644351149403573,0.6229581197846725,0.010066549001097491
lee_beta0,1466,D800,1.876924281,1.8684381627991002,0.6251028748274475,0.010903488659206366
lee_beta0,1467,D800,1.82775045,1.8533204449429026,0.6169788654027024,0.010150853795096712
lee_beta0,1468,S50,1.877396422,1.8857125795984901,0.6343057757782261,0.020214554497029743
lee_beta0,1469,S50,1.888569121,1.8866537853535543,0.6348047759725545,0.020262280066573306
lee_beta0,1470,S50,1.895854585,1.8858912634943854,0.6344005279862854,0.020124567162522398
lee_beta0,1471,S50,1.882504687,1.8815795027364992,0.6321115851341895,0.020971872542828115
lee_beta0,1472,S50,1.867779812,1.8820391869829802,0.6323558629352445,0.02081893109597536
lee_beta0,1473,S100,1.883443029,1.881480036311706,0.6320587204777661,0.01186171880745349
lee_beta0,1474,S100,1.893646428,1.8816554124056053,0.6321519279088651,0.011515817890858829
lee_beta0,1475,S100,1.88819627,1.883146243192363,0.632943911657845,0.011570009231606667
lee_beta0,1476,S100,1.881334885,1.8812405771318303,0.631931440668926,0.011569097944935422
lee_beta0,1477,S100,1.877746376,1.881438305910876,0.6320365406710116,0.011619990240582074
lee_beta0,1478,S200,1.893085265,1.8700061941379518,0.6259417432342456,0.010492886522054878
lee_beta0,1479,S200,1.879307862,1.8680673263345275,0.6249043810921279,0.010449525680384174
lee_beta0,1480,S200,1.887049371,1.8673165171392645,0.624502382670099,0.010441728426950332
lee_beta0,1481,S200,1.878233348,1.8672361203093362,0.6244593270017256,0.010438206395789006
lee_beta0,1482,S200,1.860544951,1.869185805605943,0.6255029379815445,0.010474195037885345
lee_beta0,1483,S400,1.824360742,1.8218961989701306,0.5998778262873812,0.02070720894703277
lee_beta0,1484,S400,1.861976236,1.8414593590890078,0.6105583871992304,0.01061185015030549
lee_beta0,1485,S400,1.847779778,1.8517291231348993,0.6161198637204768,0.010075132563715113
lee_beta0,1486,S400,1.845557556,1.84610842506533,0.613079869494135,0.010280838206713744
lee_beta0,1487,S400,1.849355485,1.8393769073673276,0.6094268769699706,0.01082526340926397
lee_beta0,1488,S600,1.852619799,1.8456765686787586,0.6128459141639774,0.010051404268268676
lee_beta0,1489,S600,1.836251919,1.851447401821781,0.6159677125541668,0.010044175432826794
lee_beta0,1490,S600,1.81680461,1.8544493612512587,0.6175878116977799,0.011735236766904916
lee_beta0,1491,S600,1.826380347,1.8434261501012252,0.611625878275456,0.010266637106695288
lee_beta0,1492,S600,1.827097635,1.8440847721601392,0.6119830959650044,0.010228806125829017
lee_beta0,1493,S800,1.860479626,1.8482902829884933,0.6142610404230213,0.010763784142561548
lee_beta0,1494,S800,1.853817398,1.8456427159994706,0.6128275723860502,0.010651991461603137
lee_beta0,1495,S800,1.864159369,1.8485924408320311,0.6144245067089621,0.010816224407114425
lee_beta0,1496,S800,1.842760175,1.8486953455857045,0.6144801717043016,0.01081936524878948
lee_beta0,1497,S800,1.851627686,1.8473125586170593,0.6137319119229356,0.010748769380600211
angle_input,0,D50,1.560186908,1.595827585659288,0.4673924641565267,0.0542942634481743
angle_input,1,D50,1.561484361,1.581380264761247,0.4582980509772532,0.0545188123067018
angle_input,2,D50,1.560393514,1.5856741506393657,0.4610096485350541,0.054290724330691764
angle_input,3,D50,1.558472561,1.5780442482653154,0.45618626275635066,0.05485108112327905
angle_input,4,D50,1.561608985,1.5844039705911945,0.46020829281600273,0.05434760227318832
angle_input,5,D100,1.561041612,1.5718465405837219,0.4522510687480087,0.029494258583768942
angle_input,6,D100,1.556557304,1.5701219030108733,0.4511532615758375,0.02946164665944495
angle_input,7,D100,1.560626044,1.5726027474209716,0.4527320476302015,0.02939212670032658
angle_input,8,D100,1.555448691,1.5694713670101794,0.45073885375032985,0.02948614438278863
angle_input,9,D100,1.570784601,1.5720929735097149,0.45240783571212684,0.02955108058291371
angle_input,10,D200,1.559258194,1.5676657096602955,0.4495877038291432,0.01442462348852381
angle_input,11,D200,1.557328689,1.5677506339728888,0.44964187482483026,0.014365907896561019
angle_input,12,D200,1.560386696,1.5684990479896739,0.45011914169251355,0.014413555357862677
angle_input,13,D200,1.56406944,1.5680200953268209,0.4498137377433004,0.014477778010117999
angle_input,14,D200,1.559799742,1.5675317124732662,0.4495022245632029,0.014429545472323604
angle_input,15,D400,1.57747785,1.5591834313213033,0.44416224275743643,0.012353268179869675
angle_input,16,D400,1.582462146,1.5608526992187783,0.4452322739922718,0.012021928739696413
angle_input,17,D400,1.571871059,1.5602007647353058,0.4448145083240552,0.012098180858027727
angle_input,18,D400,1.578362744,1.5594814198569509,0.444353342827995,0.012302830625085467
angle_input,19,D400,1.571060369,1.5595063366871262,0.4443693203387266,0.012483522195927785
angle_input,20,D600,1.562491354,1.5692897056756283,0.4506231002217579,0.010490205669058963
angle_input,21,D600,1.560566365,1.568523721681931,0.45013487233527205,0.01085807736127738
angle_input,22,D600,1.566691898,1.569128528367155,0.4505203877745342,0.010339680797293638
angle_input,23,D600,1.559224889,1.568064456857712,0.4498420287731856,0.010184797623859586
angle_input,24,D600,1.58159802,1.5690031046912731,0.45044045251966636,0.009970931374069333
angle_input,25,D800,1.644690279,1.5776180281100807,0.4559161323555042,0.010404290710188112
angle_input,26,D800,1.57983316,1.5783662709775137,0.45639030637574196,0.010409953310896263
angle_input,27,D800,1.564816559,1.5767545078532006,0.4553686255099392,0.010487643242682252
angle_input,28,D800,1.566544735,1.581185814206821,0.4581750808638606,0.01074174006324121
angle_input,29,D800,1.592458478,1.5808261017331318,0.4579475595990433,0.01072744796735443
angle_input,30,S50,1.575816199,1.5586861714378666,0.44384326861739365,0.024398851043569827
angle_input,31,S50,1.602076658,1.5634689841270144,0.44690706025625926,0.023327999684911473
angle_input,32,S50,1.579807863,1.565527377957916,0.448222749946905,0.0231154553636368
angle_input,33,S50,1.580573721,1.5615148496663052,0.4456564075685315,0.023472852686483484
angle_input,34,S50,1.592722949,1.5635046013059948,0.44692984086377563,0.023145936104741114
angle_input,35,S100,1.567218001,1.5731187571340965,0.45306011845084215,0.01221354466658574
angle_input,36,S100,1.570607716,1.574038985991182,0.45364491842492766,0.012280338382417228
angle_input,37,S100,1.571419163,1.574347410001004,0.4538408435573708,0.012564062861689172
angle_input,38,S100,1.566838091,1.5737141024963663,0.4534384959471561,0.01239954883346463
angle_input,39,S100,1.564440461,1.5696271101750077,0.4508380817077119,0.01215646031380683
angle_input,40,S200,1.56406097,1.5776202489678735,0.45591754008297064,0.010020902297178454
angle_input,41,S200,1.580191426,1.5731376476546393,0.45307212670326186,0.010189516016419245
angle_input,42,S200,1.583074977,1.5783602213836485,0.45638647354836215,0.010067872594730723
angle_input,43,S200,1.572904736,1.5779335110802097,0.45611608660582287,0.010137901595552033
angle_input,44,S200,1.585051572,1.5762974780876033,0.4550787287554069,0.0101040318028582
angle_input,45,S400,1.562576774,1.5743775703634173,0.4538600007480446,0.009813832211419972
angle_input,46,S400,1.582775974,1.5741938549076528,0.45374330308986327,0.00982828048583703
angle_input,47,S400,1.570456464,1.57589801500753,0.4548252780521832,0.009787445716894954
angle_input,48,S400,1.5750196,1.5764284218463644,0.4551617957666172,0.009772195439608087
angle_input,49,S400,1.577183511,1.5791644434582106,0.4568958739029547,0.009849684658516385
angle_input,50,S600,1.555828114,1.58426417134095,0.4601200543233154,0.010041174666282064
angle_input,51,S600,1.56117239,1.583942118824417,0.45991675157838874,0.010050098887603404
angle_input,52,S600,1.561823954,1.5836786729329648,0.45975041481690204,0.01008684943831566
angle_input,53,S600,1.559846724,1.5851516402596326,0.4606800748410579,0.010022735999059037
angle_input,54,S600,1.561648453,1.5827267966750713,0.4591491802020027,0.010068888369138301
angle_input,55,S800,1.589227754,1.575162599257883,0.4543585045730123,0.010590434134669667
angle_input,56,S800,1.580440672,1.5760123010410736,0.45489779663433433,0.01070350508656664
angle_input,57,S800,1.59815524,1.5773849204251464,0.4557683621700807,0.01080503315094988
angle_input,58,S800,1.615199232,1.5757197911863174,0.4547121781572326,0.010607780259678847
angle_input,59,S800,1.584848504,1.5758838625395104,0.4548162974383149,0.010617479416368869
angle_input,60,D50,2.044100443,2.079334545508043,0.7320479124804818,0.05069653413946449
angle_input,61,D50,2.04957737,2.0726472385746373,0.728826649448148,0.050798411388516825
angle_input,62,D50,1.999572687,2.046057257341449,0.7159146521532324,0.051953997609180104
angle_input,63,D50,2.017631508,2.0462386113644264,0.716003284074733,0.05206713684886439
angle_input,64,D50,2.006211894,2.046736008796457,0.716246333436451,0.05237057880949753
angle_input,65,D100,2.016437285,1.8956589442310239,0.6395665059174783,0.02901309612417963
angle_input,66,D100,1.994408192,1.9224563275232294,0.6536037056367667,0.028680650554489838
angle_input,67,D100,1.97356662,1.8996930146539106,0.6416923018835728,0.02898410152668218
angle_input,68,D100,1.983306755,1.904464020341227,0.6442006148395726,0.028875994746940317
angle_input,69,D100,1.971798525,1.9193360840535076,0.6519793366852314,0.028901256522435727
angle_input,70,D200,1.964318123,2.0026855609025143,0.694489060287758,0.014665307167038746
angle_input,71,D200,1.961302475,1.9981251222926417,0.6922093020356663,0.014546609640347935
angle_input,72,D200,1.966048011,1.965528557869941,0.6757611953442787,0.014552987734922146
angle_input,73,D200,1.959125658,1.988570222554708,0.6874158993768508,0.0149250060924453
angle_input,74,D200,1.970214261,1.9756272725530843,0.6808859542828555,0.014551961188148783
angle_input,75,D400,1.964858008,1.9665049948844275,0.6762578528734974,0.01244516982911086
angle_input,76,D400,1.951867166,1.9595312351180814,0.6727052788816545,0.012114310444961592
angle_input,77,D400,1.959093971,1.9502514654742638,0.6679583209149296,0.012271057987952251
angle_input,78,D400,1.953838928,1.9804104728209981,0.6833041327263524,0.0120054916937008
angle_input,79,D400,1.947956474,1.9826576275132408,0.6844381808305903,0.012023669268585422
angle_input,80,D600,1.954137272,1.9449246519274175,0.6652232369510839,0.010223233986838692
angle_input,81,D600,1.941923138,1.9440840679607978,0.6647909499390178,0.010132845691008698
angle_input,82,D600,1.944425234,1.9420858593887094,0.6637625807294651,0.010014656455906204
angle_input,83,D600,1.943606342,1.9421784506895745,0.6638102558069012,0.010039709604815606
angle_input,84,D600,1.939217447,1.943817368880562,0.6646537555759473,0.010094345970433433
angle_input,85,D800,1.937833439,1.931530131875739,0.6583125032488218,0.010280834957583173
angle_input,86,D800,1.931115531,1.9358438775464328,0.6605433438394573,0.010218360657045454
angle_input,87,D800,1.937390462,1.931811226543133,0.6584580221879016,0.010268642438011
angle_input,88,D800,1.939430677,1.9317010452153784,0.6584009853157323,0.01030753166588056
angle_input,89,D800,1.930410702,1.9420208279631852,0.6637290948184102,0.010258612493778522
angle_input,90,S50,2.018231427,2.0327833243228515,0.7094059496857875,0.02070662159318239
angle_input,91,S50,2.016383376,2.0299571137826944,0.7080146666151129,0.020638144458450268
angle_input,92,S50,2.019922289,2.040849052857578,0.7133659236491042,0.021179157014761054
angle_input,93,S50,2.023950784,2.036305516125497,0.7111371444669442,0.020715956459751862
angle_input,94,S50,2.020788185,2.0283091335860783,0.7072025068470006,0.02062180166550673
angle_input,95,S100,1.928651999,1.9253623928934336,0.6551142060703382,0.012778990312689921
angle_input,96,S100,1.93017593,1.9204513685466067,0.652560246195578,0.012762689042484558
angle_input,97,S100,1.932332607,1.9295946544064209,0.6573099572351283,0.012813940455966805
angle_input,98,S100,1.936713222,1.926667590984097,0.6557918737655926,0.012879027290208043
angle_input,99,S100,1.941062316,1.9330386505415862,0.6590931951331677,0.0128631554712268
angle_input,100,S200,1.935150704,1.9479801050683216,0.6667929921642486,0.010282478516016387
angle_input,101,S200,1.934574776,1.9518515533599554,0.6687784366154388,0.010391259768733774
angle_input,102,S200,1.931366726,1.9497995827502181,0.6677265892168158,0.01033287514522756
angle_input,103,S200,1.93014659,1.9498457471450954,0.6677502654186106,0.010312870845414136
angle_input,104,S200,1.934298104,1.94887067249158,0.6672500624959591,0.010298482149269358
angle_input,105,S400,1.928885505,1.9075082250477804,0.6457977961188328,0.010351609558554263
angle_input,106,S400,1.934057083,1.9450433786567085,0.6652842794729732,0.012273801698799205
angle_input,107,S400,1.924819553,1.9093886023263953,0.6467830873204453,0.01012573937347813
angle_input,108,S400,1.919839737,1.9083791122637626,0.6462542494436401,0.010357029371191382
angle_input,109,S400,1.9194336,1.9190107008671344,0.6518097932826233,0.01007219605934534
angle_input,110,S600,1.925053088,1.9240085619063325,0.6544108022888797,0.010222506720573761
angle_input,111,S600,1.926645985,1.928942452039088,0.6569719004247093,0.010232948538762568
angle_input,112,S600,1.921919857,1.9246893596620214,0.6547645831138046,0.010205072179376534
angle_input,113,S600,1.927081693,1.9255457289380342,0.6552094231147022,0.010328857334988542
angle_input,114,S600,1.924848505,1.9146493744811237,0.6495345116030762,0.01034022322647176
angle_input,115,S800,1.92363974,1.92646423936717,0.6556863224239469,0.012037503302999849
angle_input,116,S800,1.912130921,1.9271533750731078,0.6560439789338722,0.012331897545778178
angle_input,117,S800,1.917343839,1.9216433422921542,0.6531807274036164,0.012245674255883111
angle_input,118,S800,1.910109237,1.9237505813246272,0.6542767083539484,0.011890419336363775
angle_input,119,S800,1.916211727,1.928899324407781,0.6569495420005914,0.012467754222266883
angle_input,120,D50,2.401662904,2.3629384557948154,0.859905952920532,0.050376192475031695
angle_input,121,D50,2.408329379,2.3541847066215023,0.8561944707647539,0.050261436821991703
angle_input,122,D50,2.409795375,2.348068945704936,0.8535932651228813,0.05028984651282437
angle_input,123,D50,2.433450011,2.362437381968154,0.8596938750474726,0.0502665008892247
angle_input,124,D50,2.434746684,2.3532999723734607,0.8558185866912883,0.05025649254177338
angle_input,125,D100,2.383093911,2.3499031357346065,0.8543741084702104,0.02760690305613075
angle_input,126,D100,2.377584742,2.366690791034691,0.8614926887221475,0.027603461556484587
angle_input,127,D100,2.412540012,2.3685522846461766,0.8622789181416834,0.02760074749136969
angle_input,128,D100,2.430015758,2.3702484556540164,0.8629947832616706,0.02760788873487485
angle_input,129,D100,2.430136719,2.3629357512318245,0.8599048083437311,0.027611448679735574
angle_input,130,D200,2.428161204,2.4387277225244057,0.8914764781208037,0.014156277490212714
angle_input,131,D200,2.404430077,2.4405851980416227,0.8922378458121916,0.014114608696011518
angle_input,132,D200,2.384685146,2.4419515947998085,0.8927975535427551,0.014118181772391438
angle_input,133,D200,2.384331984,2.4279865436373833,0.8870623310226614,0.01413602713046505
angle_input,134,D200,2.388001759,2.438418454298685,0.8913496546814714,0.014108358114777923
angle_input,135,D400,2.4082186,2.4188563853933798,0.8832948604538735,0.011605870526887647
angle_input,136,D400,2.417180474,2.419236710347253,0.8834520814693153,0.011586747398709362
angle_input,137,D400,2.394055265,2.417331319991274,0.8826641713468482,0.011599266431541622
angle_input,138,D400,2.419993966,2.4189330731917305,0.8833265641065494,0.011593235197878258
angle_input,139,D400,2.429802299,2.409967914576943,0.8796134339603883,0.011608504916036941
angle_input,140,D600,2.420626025,2.39925444035442,0.8751580392399144,0.010535843191757061
angle_input,141,D600,2.394758376,2.398396163555896,0.8748002487801503,0.010509872232038996
angle_input,142,D600,2.384010172,2.3788114994956726,0.8666009929968786,0.010394917137617279
angle_input,143,D600,2.418643886,2.3979545205018957,0.8746160908299336,0.010641369345096657
angle_input,144,D600,2.39934375,2.3802007717777602,0.8671848420152719,0.01064599984782485
angle_input,145,D800,2.360297782,2.3487800021706797,0.853896045339604,0.010294504224420667
angle_input,146,D800,2.375450943,2.3483129953507222,0.8536971960420735,0.010297243321246844
angle_input,147,D800,2.371242957,2.366699453151255,0.8614963487273941,0.010226813835886596
angle_input,148,D800,2.383375605,2.3530356795805547,0.8557062730729112,0.010273880756430943
angle_input,149,D800,2.365110163,2.3641811469025766,0.8604317238934852,0.010235142827875394
angle_input,150,S50,2.38150949,2.351861573602391,0.855207173543483,0.018580476806257337
angle_input,151,S50,2.394125437,2.3572951536582267,0.857514840406928,0.018575178790747993
angle_input,152,S50,2.396222224,2.3597995962228784,0.8585766985771659,0.018614261067269964
angle_input,153,S50,2.392269046,2.3554239223527937,0.8567207207602487,0.0186113075459799
angle_input,154,S50,2.369866879,2.3563123402605526,0.857097829269202,0.01865580096236753
angle_input,155,S100,2.374401007,2.3908271503257175,0.8716393940711731,0.011528523737874394
angle_input,156,S100,2.370325356,2.3915280747756333,0.8719325234695313,0.011521729823940199
angle_input,157,S100,2.391706078,2.3988738203335607,0.8749993856979588,0.011550154451585831
angle_input,158,S100,2.424080577,2.401832947984569,0.8762321741887293,0.011530741947346601
angle_input,159,S100,2.379081599,2.3847951675828627,0.8691132370390404,0.01154765650815569
angle_input,160,S200,2.41122508,2.3643712089624547,0.8605121130044335,0.010105066499039193
angle_input,161,S200,2.384056674,2.367319371500189,0.861758248130603,0.010155547314803538
angle_input,162,S200,2.375336473,2.374404350760412,0.8647466063512788,0.010266450834525544
angle_input,163,S200,2.354090276,2.3703952522157388,0.8630567143287641,0.010296122065948087
angle_input,164,S200,2.349382093,2.367900531229614,0.8620037107466085,0.010282853234125214
angle_input,165,S400,2.333697666,2.3597906501653716,0.8585729075457248,0.009947779125128606
angle_input,166,S400,2.347239773,2.349721942595681,0.8542969988557219,0.010065231235547215
angle_input,167,S400,2.35748471,2.3596155715276543,0.8584987123484591,0.009924505599789683
angle_input,168,S400,2.334848634,2.3510982359386206,0.8548825534313038,0.00999962623284924
angle_input,169,S400,2.323961879,2.358394014884008,0.8579808852230286,0.009956534795982096
angle_input,170,S600,2.352788986,2.357739470547663,0.8577033085418047,0.010211856444506692
angle_input,171,S600,2.360231398,2.3608246940221473,0.859011004614823,0.010185251296007242
angle_input,172,S600,2.337840207,2.356859478853764,0.8573300035317442,0.010212776088258125
angle_input,173,S600,2.352483628,2.3616782090832236,0.8593724718655082,0.010166706518469319
angle_input,174,S600,2.358437625,2.360200486388688,0.8587465672889273,0.010172420086610883
angle_input,175,S800,2.327082283,2.322295781990218,0.8425562575879755,0.011970417455598075
angle_input,176,S800,2.375686483,2.326146910832986,0.8442132123912776,0.012033224775976263
angle_input,177,S800,2.357065093,2.3248674205413695,0.8436630139903556,0.011924684168417136
angle_input,178,S800,2.344086808,2.3274875042849974,0.8447893614264231,0.011743510810529628
angle_input,179,S800,2.371926086,2.331339429639242,0.8464429649135681,0.01145983467798069
angle_input,180,D50,2.712659774,2.645501656837763,0.972860709647154,0.05080189299050417
angle_input,181,D50,2.725048716,2.647729693701907,0.9737025534465946,0.050817949325253596
angle_input,182,D50,2.731434141,2.6429348947243154,0.9718900022216338,0.0507889211454667
angle_input,183,D50,2.738759908,2.6279045703379533,0.9661867873062526,0.05076010293838881
angle_input,184,D50,2.737732498,2.606720820428461,0.9580930407737432,0.050786031458358354
angle_input,185,D100,2.675096745,2.747669396920086,1.0107530603250199,0.028149527798826263
angle_input,186,D100,2.867247482,2.740698701202378,1.0082128883317172,0.028232410967518527
angle_input,187,D100,2.696871146,2.726783336068419,1.0031226493203045,0.028042220802352823
angle_input,188,D100,2.647227765,2.7301157225851154,1.0043439975237876,0.02806386288062364
angle_input,189,D100,2.657785564,2.7500391508205566,1.0116151482391602,0.02833216723661542
angle_input,190,D200,2.748276141,2.783587117326434,1.0237404259157827,0.014178686026198317
angle_input,191,D200,2.682650303,2.7940885925075536,1.0275059684593342,0.014180599821564385
angle_input,192,D200,2.701945369,2.7939720532304184,1.0274642583618459,0.0142647581593762
angle_input,193,D200,2.740214864,2.779927060787013,1.0224246902313725,0.01422809618285658
angle_input,194,D200,2.744762506,2.8003244451752556,1.0297352837452456,0.014193148790909126
angle_input,195,D400,2.766825409,2.805495652021515,1.03158022640249,0.012413004723466488
angle_input,196,D400,2.901334736,2.7530547146028788,1.0127111005008889,0.013154422708440255
angle_input,197,D400,2.782567861,2.6901919235256404,0.9896125381042231,0.014592914449048044
angle_input,198,D400,2.801594694,2.7012183408406134,0.9937029085817024,0.014019613710712073
angle_input,199,D400,2.750904643,2.686130288512092,0.9881016034444088,0.014978733433770432
angle_input,200,D600,2.782887365,2.7199627601198593,1.000618189081777,0.010003739276936258
angle_input,201,D600,2.84132757,2.7162208415649727,0.9992415177181724,0.009960161469885256
angle_input,202,D600,2.766425103,2.713987372438943,0.9984189086527535,0.009948010163646909
angle_input,203,D600,2.732959456,2.704093075016215,0.9947665788221278,0.010156494014580748
angle_input,204,D600,2.763235638,2.710389960237904,0.9970925213062172,0.009994184524878363
angle_input,205,D800,2.63522,2.7658239222566934,1.0173385733192426,0.010377132162028076
angle_input,206,D800,2.651727808,2.7845314230243434,1.0240796089630255,0.010526167636490388
angle_input,207,D800,2.695769239,2.772324117808905,1.0196860001088779,0.010503303114087809
angle_input,208,D800,2.623911376,2.775226436343229,1.0207323425516512,0.010456743208957361
angle_input,209,D800,2.604061726,2.7628952546642767,1.0162791352206058,0.010603060816520406
angle_input,210,S50,2.731521141,2.6199608183876757,0.963159362847317,0.018470982924004044
angle_input,211,S50,2.632174683,2.619933153192688,0.9631488033989242,0.018372367101383482
angle_input,212,S50,2.697323437,2.6365244330953246,0.9694615471919192,0.01841748716822643
angle_input,213,S50,2.665334753,2.6255730265616553,0.9652991680535301,0.018452032495103878
angle_input,214,S50,2.709654543,2.62035378864339,0.9633093424901129,0.01842608425491343
angle_input,215,S100,2.644428335,2.7041797574381645,0.994798634313647,0.01152093825217024
angle_input,216,S100,2.67892849,2.7098355941289207,0.9968879666782386,0.011519182330734665
angle_input,217,S100,2.651410329,2.708324856964824,0.9963303098067289,0.011515492817944667
angle_input,218,S100,2.645760415,2.691821981744464,0.9902182809719886,0.01153161731620026
angle_input,219,S100,2.649109535,2.6964533754455076,0.9919373448781841,0.011556340033840942
angle_input,220,S200,2.67459967,2.6982559483202797,0.9926056192313231,0.010115749643387895
angle_input,221,S200,2.653136363,2.6967779606002913,0.9920577124778478,0.010049370102489944
angle_input,222,S200,2.703511806,2.6956318804839965,0.9916326408800551,0.010039812498831957
angle_input,223,S200,2.650051828,2.6985626395788995,0.9927192755471526,0.010043119924574774
angle_input,224,S200,2.691075341,2.6990047410861697,0.9928830906427611,0.010041112766185223
angle_input,225,S400,2.800140568,2.672810247704843,0.9831304461240127,0.010023855257289032
angle_input,226,S400,2.686679766,2.6644936818642497,0.9800140515243598,0.01002499701380225
angle_input,227,S400,2.64679232,2.677499275117117,0.9848832526084947,0.009880921026335978
angle_input,228,S400,2.721755729,2.676925604631367,0.9846689735772901,0.009957007737729192
angle_input,229,S400,2.689948259,2.6731512665437323,0.9832580261069372,0.0099976652321888
angle_input,230,S600,2.647347587,2.6805425978362507,0.9860192359093229,0.010108191510337724
angle_input,231,S600,2.628741468,2.677876223455439,0.9850240264306273,0.01016365518546547
angle_input,232,S600,2.6300257,2.6837925597455907,0.9872309283973955,0.01014283149562418
angle_input,233,S600,2.653703494,2.6715022454591812,0.9826409529390794,0.010154697524487147
angle_input,234,S600,2.628540977,2.66365070253562,0.9796976264146606,0.010172075388510246
angle_input,235,S800,2.664593931,2.642977041038721,0.9719059488794362,0.01081987109148
angle_input,236,S800,2.656532806,2.647131139681478,0.9734764647761597,0.010914501557257525
angle_input,237,S800,2.702334908,2.6468330116138765,0.9733638353516316,0.010858858005321607
angle_input,238,S800,2.646022521,2.632711306585401,0.9680142302131667,0.010952345786063746
angle_input,239,S800,2.700193466,2.641293107798106,0.9712686107986089,0.010931061045615283
angle_input,240,D50,2.994801895,2.8777151577088493,1.0569966312630115,0.05264725204229719
angle_input,241,D50,3.017042885,2.8896136578966973,1.0611228107993678,0.05365582202314397
angle_input,242,D50,3.041828615,2.816331227724572,1.0354350548604339,0.05190624772286749
angle_input,243,D50,2.99137326,2.853416965085274,1.048517211249443,0.05227663485438928
angle_input,244,D50,2.98648365,2.8190995421137055,1.0364175226521153,0.0519777939973272
angle_input,245,D100,2.991563797,2.9376277928239314,1.0776023824640701,0.028718015979229634
angle_input,246,D100,3.009996481,2.9315925089975767,1.0755457938055404,0.0289729800301216
angle_input,247,D100,2.962123796,2.937642340971848,1.0776073347973536,0.02885912956130647
angle_input,248,D100,2.956168224,2.9412064666384254,1.0788198599769887,0.02881360000498694
angle_input,249,D100,2.915595762,2.947794702901,1.0810573324520154,0.02886798824841382
angle_input,250,D200,3.125488432,3.1855884894710713,1.158637041021126,0.01500252643890197
angle_input,251,D200,2.986670763,3.1897271835662147,1.1599353907464687,0.015189531253434696
angle_input,252,D200,3.122846689,3.1186139382327873,1.1373886525464585,0.01466045069488271
angle_input,253,D200,3.025946716,3.1766028705192575,1.1558123460636827,0.015185561042429015
angle_input,254,D200,3.063166499,3.1916535786813465,1.1605391457159404,0.015294020889353067
angle_input,255,D400,3.154841788,3.078086051733814,1.1243079920544266,0.012389498889727997
angle_input,256,D400,3.024652821,3.0929557718990357,1.1291271941823424,0.012474471140844118
angle_input,257,D400,3.205285799,3.088159737645476,1.1275753593367923,0.012282892970465371
angle_input,258,D400,3.203743204,3.07016971732705,1.1217328425880382,0.012473181251046348
angle_input,259,D400,3.038918026,3.090697916092416,1.1283969282195687,0.012435903802211523
angle_input,260,D600,3.342236258,3.0342024957554865,1.1099486208730391,0.01041741335030392
angle_input,261,D600,3.081920399,3.021796363319625,1.1058514768413865,0.010680295316545456
angle_input,262,D600,3.123416728,3.0333205632737714,1.1096579149360872,0.010394657520056102
angle_input,263,D600,3.124444876,3.031651347727249,1.109107470313041,0.010475521255894604
angle_input,264,D600,3.296475183,3.03038422974205,1.1086894199774862,0.010372375755327935
angle_input,265,D800,3.007268472,3.0527106660169077,1.1160299388775017,0.010317433601269937
angle_input,266,D800,3.095796473,3.0461892187833945,1.1138913729583486,0.010337723477575686
angle_input,267,D800,2.985437636,3.0361443603910203,1.1105884079388493,0.010327192710264197
angle_input,268,D800,3.011094667,3.03059090790538,1.1087576196182094,0.010387046440309846
angle_input,269,D800,3.168463788,3.033923538968613,1.1098566792141238,0.010328620543044146
angle_input,270,S50,2.959020881,2.841869350887732,1.0444620577835,0.02499741221471376
angle_input,271,S50,2.959927376,2.861273195499042,1.0512666990229609,0.021671208280071082
angle_input,272,S50,3.018549894,2.8454334669369015,1.0457154169345457,0.020048849173872854
angle_input,273,S50,2.976615558,2.864241223480689,1.052303471627242,0.02148688431622495
angle_input,274,S50,2.981243906,2.849551807394046,1.0471617213503275,0.020964937081461653
angle_input,275,S100,2.939393159,3.099575403311182,1.1312651354364969,0.011881771370541534
angle_input,276,S100,2.929744229,3.0951736652933084,1.129844016127246,0.011875899048124501
angle_input,277,S100,3.000321687,3.0911781122283593,1.1285522843395261,0.011856672731070604
angle_input,278,S100,3.087471777,3.099086190383115,1.1311072907399642,0.011882820020938645
angle_input,279,S100,3.109757546,3.0970235122669356,1.130441492911532,0.011870845354319641
angle_input,280,S200,2.983634778,2.948430179582252,1.0812728861991596,0.01005467487559793
angle_input,281,S200,3.076031721,2.914271670863317,1.069619932961836,0.010177371689119979
angle_input,282,S200,2.978891815,2.9288840823643087,1.074621491222339,0.010106800552641515
angle_input,283,S200,3.074036077,2.9258422377154316,1.0735823837538496,0.010128754955885695
angle_input,284,S200,3.157526941,2.9478673311449253,1.081081970310668,0.010062614010834628
angle_input,285,S400,2.893415666,3.0254261084657625,1.1070519438653736,0.009962529414993414
angle_input,286,S400,2.835511238,3.0090707556460057,1.1016313120427639,0.009901533230482486
angle_input,287,S400,2.874224375,2.9921350498275845,1.0959871960680483,0.009858015567864533
angle_input,288,S400,2.877137236,2.992448611452505,1.096091985855594,0.00984808755974251
angle_input,289,S400,2.934912279,3.0283673545013756,1.1080236474046616,0.010004801214406521
angle_input,290,S600,2.909473986,2.9142962443186304,1.0696283650349185,0.010314931182529305
angle_input,291,S600,3.056239128,2.926213896603709,1.0737094019779563,0.010406289306522312
angle_input,292,S600,3.048550845,2.896854491566902,1.063625490244767,0.010219160543014206
angle_input,293,S600,3.107367274,2.9115849889009975,1.0686976026301145,0.0103390170552845
angle_input,294,S600,2.952127628,2.896061565158001,1.0633517329846622,0.010221297582612667
angle_input,295,S800,2.823288905,2.9217839418872247,1.0721943687354076,0.013175375035092956
angle_input,296,S800,2.863719184,2.923804419975838,1.0728856518172805,0.01289313148085611
angle_input,297,S800,2.851970661,2.9285721911039473,1.074514997465973,0.011977039536411225
angle_input,298,S800,2.838814561,2.9210974984489715,1.071959401297365,0.012364799263883465
angle_input,299,S800,2.819979547,2.93375946141617,1.076284693202581,0.01136765826696054
angle_input,300,D50,1.552767498,1.6052767217133537,0.4732961540031531,0.05213984808244663
angle_input,301,D50,1.548674901,1.6040269725075276,0.47251732508069944,0.0521818297540404
angle_input,302,D50,1.557422765,1.5949857107625713,0.4668647774271302,0.05248033931204623
angle_input,303,D50,1.562692913,1.607933302838861,0.474949691562483,0.05211998395201346
angle_input,304,D50,1.558102838,1.6047143205119996,0.4729457472887975,0.05214766040165456
angle_input,305,D100,1.572517305,1.565795399767325,0.4483939375433868,0.02917441335252065
angle_input,306,D100,1.578127171,1.5658627076909855,0.44843692302989974,0.0291920770726555
angle_input,307,D100,1.571879021,1.56294585583535,0.44657240965912165,0.029376618653437565
angle_input,308,D100,1.585865962,1.5616578925206919,0.4457480085565618,0.02942781464543191
angle_input,309,D100,1.566831298,1.5622583583466818,0.4461324400106498,0.02946325962543812
angle_input,310,D200,1.566116653,1.56266577929244,0.44639319574750713,0.014301959521274176
angle_input,311,D200,1.576968715,1.562651178820555,0.44638385239316536,0.014307807114833315
angle_input,312,D200,1.576836284,1.562476374237861,0.44627198202633483,0.014294433710565031
angle_input,313,D200,1.583116266,1.5629213831672593,0.4465567514969413,0.014355737862120353
angle_input,314,D200,1.576286602,1.5628823375561416,0.44653176873115813,0.014469099412541608
angle_input,315,D400,1.567755435,1.5760629943107543,0.4549299616462298,0.01225810223677947
angle_input,316,D400,1.562605939,1.5756084174667555,0.45464149448848457,0.01219341784820969
angle_input,317,D400,1.567598269,1.575636655340163,0.4546594162132352,0.01219203560595435
angle_input,318,D400,1.55788804,1.5773166230857742,0.4557250634057184,0.012816192266045311
angle_input,319,D400,1.555636875,1.577752514147487,0.4560013749827563,0.01391051447839447
angle_input,320,D600,1.568956739,1.5773568642176954,0.455750575479843,0.010611021047513021
angle_input,321,D600,1.571242561,1.5772445193648008,0.4556793494583704,0.010782553321624219
angle_input,322,D600,1.573089533,1.5743102427461035,0.45381723523979467,0.009614210019422179
angle_input,323,D600,1.568257404,1.5733161291620448,0.45318557601493586,0.009500332879481706
angle_input,324,D600,1.575665406,1.5759015455691237,0.45482751839870644,0.01013744568304242
angle_input,325,D800,1.561065551,1.5700517382668768,0.45110857312734803,0.010230847203723196
angle_input,326,D800,1.571763461,1.569673376000682,0.45086755695283826,0.010364651901862726
angle_input,327,D800,1.576918877,1.5698236418903277,0.45096328304456845,0.010247950598463798
angle_input,328,D800,1.581314446,1.5701025490807803,0.45114093511294373,0.010233466805609815
angle_input,329,D800,1.566478551,1.570340774275627,0.4512926494862184,0.010114985659466872
angle_input,330,S50,1.553567545,1.5971724387204538,0.46823484006033045,0.02132148487008336
angle_input,331,S50,1.564751479,1.5808662094385217,0.4579729306354662,0.01996500285806954
angle_input,332,S50,1.551504027,1.5818669063503246,0.458605735812862,0.019829714804261232
angle_input,333,S50,1.564022461,1.5824205702232446,0.4589556811845574,0.019785907383037208
angle_input,334,S50,1.570885043,1.5812884204392217,0.45823997070948375,0.019782690098133687
angle_input,335,S100,1.566786998,1.5579115722713974,0.44334618863074327,0.011593374382211738
angle_input,336,S100,1.57161871,1.558050797176672,0.4434355510099121,0.011603900509292515
angle_input,337,S100,1.576159572,1.5584061277090349,0.4436635859498886,0.011644001567738807
angle_input,338,S100,1.574140115,1.5588977851382206,0.44397902355046137,0.011623895953459156
angle_input,339,S100,1.575161986,1.5589026179595744,0.4439821236984689,0.011689653526058472
angle_input,340,S200,1.55049502,1.5705737055024314,0.4514409701289681,0.010372965110232588
angle_input,341,S200,1.55748727,1.5709055441390505,0.45165223279313577,0.010235420893761412
angle_input,342,S200,1.552948023,1.5708605661555508,0.4516236005003911,0.01021682181963959
angle_input,343,S200,1.570748186,1.5712554435311485,0.4518749453752838,0.010000550922337903
angle_input,344,S200,1.560910389,1.571154894792214,0.451810950716316,0.010045773623144306
angle_input,345,S400,1.569008578,1.5670745286702832,0.4492105236151068,0.009818701987866149
angle_input,346,S400,1.576788168,1.566246663466305,0.44868209695695255,0.010103521199787715
angle_input,347,S400,1.590173634,1.5667398691486127,0.44899694394480116,0.00984998627506373
angle_input,348,S400,1.579849587,1.5668549216689733,0.44907037559636603,0.0098541227971861
angle_input,349,S400,1.569267854,1.5669522341609086,0.44913248056143096,0.009825172053354989
angle_input,350,S600,1.587079653,1.5725563194831556,0.452702524202717,0.010071376910847018
angle_input,351,S600,1.567946889,1.5716470373417173,0.45212413784306044,0.010127574629090596
angle_input,352,S600,1.571871059,1.5723032108500516,0.4525415576277657,0.010087187480039984
angle_input,353,S600,1.569880939,1.5739011038889665,0.45355731694690266,0.010112720685824491
angle_input,354,S600,1.566603451,1.5724794521003183,0.4526536424802595,0.010078050394129298
angle_input,355,S800,1.561161878,1.5757918509333293,0.4547579084322291,0.010812900427455132
angle_input,356,S800,1.567127956,1.575533011854845,0.4545936352516866,0.010746458191103394
angle_input,357,S800,1.5717416,1.573129169034537,0.4530667370649405,0.01054828485386189
angle_input,358,S800,1.580639482,1.573668261307138,0.4534093662235109,0.010579606689180893
angle_input,359,D50,2.106587464,2.0569293708730068,0.7212142740934836,0.05263747006797143
angle_input,360,D50,2.117544335,1.9888925293054776,0.6875779658858705,0.05585120204149334
angle_input,361,D50,2.118184975,2.0052487221279542,0.6957681040014869,0.05505132826370281
angle_input,362,D50,2.099811401,2.0013277646644747,0.6938108426197916,0.054166285603780596
angle_input,363,D50,2.091618493,2.0619615528433477,0.7236577398551507,0.05170975970670979
angle_input,364,D100,2.060357876,2.02946305106207,0.7077712511996097,0.02808319982288505
angle_input,365,D100,2.051589607,2.058233311761533,0.7218479991890516,0.02834002123145097
angle_input,366,D100,2.058574592,2.0328322584520864,0.709430021872762,0.02815598634734497
angle_input,367,D100,2.052924413,2.0268523527444824,0.7064840245329548,0.02817261113311053
angle_input,368,D100,2.049683521,2.0415533464639055,0.7137109624495087,0.028340186011823497
angle_input,369,D200,2.057366791,2.0698680434514354,0.727484858120433,0.014545292431563245
angle_input,370,D200,2.058764596,2.068832349032203,0.7269843655296996,0.014359180683449336
angle_input,371,D200,2.057642712,2.0816794149390847,0.7331749789606958,0.014786777949046204
angle_input,372,D200,2.069375924,2.077831410904394,0.7313247589259136,0.014451133380843513
angle_input,373,D200,2.056356092,2.0816626950858863,0.7331669470225286,0.014407373197558014
angle_input,374,D400,2.0430377,2.062996213387959,0.7241593985992862,0.012297281477983101
angle_input,375,D400,2.067464556,2.017469497882677,0.7018440022782481,0.01321950384024401
angle_input,376,D400,2.05092407,2.0647229755360996,0.7249960651310133,0.012185706191395938
angle_input,377,D400,2.046116935,2.0427581605833165,0.7143009341753569,0.012518115953832142
angle_input,378,D400,2.040174013,2.057231568401225,0.7213611801252222,0.01215279461689407
angle_input,379,D600,2.030799499,2.024733043271116,0.7054378613847009,0.009697043174504595
angle_input,380,D600,2.029389278,2.0220787653235357,0.7041260740055283,0.009607230017552952
angle_input,381,D600,2.035717652,2.0223165732714854,0.7042436727703941,0.009694646575022114
angle_input,382,D600,2.032341943,2.0333602853827966,0.7096897375296011,0.01006136949119622
angle_input,383,D600,2.038835416,2.0238471848196076,0.705000247003492,0.009683490893175552
angle_input,384,D800,2.00530262,2.015181294164065,0.7007091636412413,0.010090465635392258
angle_input,385,D800,2.009512232,2.0026415667009085,0.6944670924433318,0.010311411849739075
angle_input,386,D800,2.00461922,1.9962933557989206,0.6912921389331156,0.011344743350749593
angle_input,387,D800,2.017234302,2.010777635334784,0.6985215305020929,0.010129042395910906
angle_input,388,D800,2.007206069,1.9930343753058373,0.6896582891029044,0.011005368403778543
angle_input,389,S50,2.034582604,2.0210904207290725,0.7036371780090123,0.01938852545780622
angle_input,390,S50,2.023307961,2.0210551905020404,0.7036197465602612,0.019391599132154866
angle_input,391,S50,2.025826924,2.021181867818275,0.703682423397096,0.01941387606589303
angle_input,392,S50,2.013036975,2.0215231435661556,0.7038512587426037,0.019459558791401845
angle_input,393,S50,2.03287125,2.0179875851030697,0.7021007698327456,0.01950877018230294
angle_input,394,S100,2.019725426,2.038995272656226,0.7124571731277501,0.011903771489464456
angle_input,395,S100,2.039797618,2.050821156717468,0.7182402771982974,0.012505920152353373
angle_input,396,S100,2.036185006,2.038033449753053,0.7119853476948168,0.011957974851091232
angle_input,397,S100,2.03838733,2.0366556294630915,0.7113090652518188,0.011839742782957413
angle_input,398,S100,2.036193882,2.038422533966882,0.7121762410671796,0.012247223068304966
angle_input,399,S200,2.012022796,2.01142960621028,0.6988457161255841,0.010005576957337831
angle_input,400,S200,2.023972604,2.013288564279053,0.6997694867461455,0.009980226993328638
angle_input,401,S200,2.013429352,2.010062315171034,0.6981657241630684,0.010107607183615466
angle_input,402,S200,2.013525821,2.0073837636205685,0.6968322641017105,0.010110940586369733
angle_input,403,S200,2.013365047,2.010454059830097,0.6983605969723117,0.01010961142913021
angle_input,404,S400,2.000918649,2.00787841267805,0.6970786485410149,0.009983332530841991
angle_input,405,S400,2.006587247,2.011630742372124,0.6989457077461835,0.00979079395510998
angle_input,406,S400,2.007552339,2.0160938796529515,0.7011619164130701,0.009812948975376701
angle_input,407,S400,2.016135748,2.003376864530794,0.6948341890260188,0.009835828104054456
angle_input,408,S400,2.007400124,2.0198783662780238,0.7030372948862851,0.010022667892006057
angle_input,409,S600,2.002293432,2.0052207771161146,0.6957541679713809,0.010054516412489745
angle_input,410,S600,2.009319501,2.010923950006376,0.6985942930721402,0.010025163501518863
angle_input,411,S600,2.017374996,2.006414018509179,0.696349058328577,0.010050867275221791
angle_input,412,S600,2.016442329,2.0048901434907487,0.6955892679810011,0.010077801592926155
angle_input,413,S600,2.004084507,2.000887392377305,0.6935907783445504,0.010051756235166097
angle_input,414,S800,2.007171096,2.0176410178018376,0.7019290160188121,0.010600103107146873
angle_input,415,S800,2.008164277,2.0139003730402,0.7000733258633938,0.010567901372765523
angle_input,416,S800,2.006201599,2.0171357407643087,0.7016785550538542,0.010577490616755808
angle_input,417,S800,2.010861938,2.016911203841913,0.7015672341268987,0.01062139405661179
angle_input,418,S800,2.001144559,2.0151880096999752,0.7007124961080221,0.010604841825952217
angle_input,419,D50,2.484568666,2.283197029077631,0.8255766665297211,0.05237393901158205
angle_input,420,D50,2.497363881,2.2875913727260633,0.827499461730905,0.05211968757574467
angle_input,421,D50,2.49842825,2.284511963711196,0.826152418913231,0.05220952608986308
angle_input,422,D50,2.461581844,2.294974218639382,0.8307216097410797,0.05179055786132599
angle_input,423,D50,2.435941445,2.3642334433913357,0.8604538439879746,0.04980531058771706
angle_input,424,D100,2.40022232,2.414139617812702,0.881342957710692,0.028149949135576936
angle_input,425,D100,2.377815583,2.379104501047492,0.8667241568157253,0.02765956762641559
angle_input,426,D100,2.394952399,2.381101390736053,0.8675631498555616,0.027693397398405754
angle_input,427,D100,2.394366926,2.381335575854709,0.8676614966139492,0.027793900855768237
angle_input,428,D100,2.379854414,2.383581788352668,0.8686043094657394,0.027700899807768485
angle_input,429,D200,2.376433228,2.3849550218261366,0.8691802653893673,0.014271199202187673
angle_input,430,D200,2.409641323,2.404189272491237,0.8772127458912211,0.014565454989386968
angle_input,431,D200,2.405379084,2.427039512241139,0.8866722068925925,0.014328081383587146
angle_input,432,D200,2.374945926,2.398256632952534,0.8747420704590081,0.014256514477535743
angle_input,433,D200,2.383753703,2.3908003637941317,0.8716281901321348,0.014286751724499818
angle_input,434,D400,2.422115978,2.374120493369414,0.8646270503204467,0.01407788551132388
angle_input,435,D400,2.412479091,2.4080584467050152,0.878820799039482,0.012897904252661636
angle_input,436,D400,2.389934264,2.3860534825694817,0.8696407385835536,0.013510988232896249
angle_input,437,D400,2.384713733,2.37513319876537,0.8650535196046553,0.013948565385632975
angle_input,438,D400,2.399226086,2.4160651967521782,0.8821402651191387,0.012701917022490922
angle_input,439,D600,2.360350625,2.327405108907959,0.8447539598032734,0.00969149299956232
angle_input,440,D600,2.354270436,2.3293216955230083,0.8455771073933123,0.009701898783960964
angle_input,441,D600,2.37100385,2.3293125594820383,0.8455731851961747,0.009722959944577418
angle_input,442,D600,2.328001537,2.3199486779289793,0.8415450638511963,0.009712272144915466
angle_input,443,D600,2.321628667,2.3135205131137,0.8387703960270131,0.009672808925964178
angle_input,444,D800,2.324864186,2.347858818278464,0.8535037716565532,0.010797556676192215
angle_input,445,D800,2.332444837,2.3450371751580783,0.8523012547184617,0.01092081692700329
angle_input,446,D800,2.333356188,2.3629648581660816,0.8599171263913004,0.010706980773473434
angle_input,447,D800,2.344244002,2.352725279889078,0.8555743498007348,0.010745440697289246
angle_input,448,D800,2.392456042,2.365348430501322,0.8609253389997417,0.010653658574834125
angle_input,449,S50,2.358059239,2.301329772125624,0.8334871176577165,0.018699137972163042
angle_input,450,S50,2.359048519,2.3133813064198554,0.838710223281052,0.018439098974132734
angle_input,451,S50,2.346389412,2.3104331035975973,0.8374349976944017,0.018489318738123248
angle_input,452,S50,2.368014463,2.315285114783019,0.8395328396881456,0.018420186596272318
angle_input,453,S50,2.377940402,2.315124607771162,0.8394635123406586,0.018418764423889622
angle_input,454,S100,2.355055985,2.358136725937764,0.8578717842924347,0.01170077827390369
angle_input,455,S100,2.34418626,2.3615662462219262,0.8593250625635431,0.011690317275378918
angle_input,456,S100,2.350460873,2.3608304407967453,0.8590134388352113,0.011706629686735878
angle_input,457,S100,2.354754656,2.357375466575472,0.8575489097719896,0.011779861347707535
angle_input,458,S100,2.348310931,2.359197154812344,0.8583213725213998,0.01175282425984501
angle_input,459,S200,2.31502858,2.310128376275264,0.8373030971346525,0.010089590011908239
angle_input,460,S200,2.327331882,2.3117634285127333,0.8380106222671029,0.010040936708871897
angle_input,461,S200,2.321342581,2.314430848659529,0.8391638036004329,0.010060798505740442
angle_input,462,S200,2.354421515,2.3315852552613987,0.8465484032978426,0.010059946420784983
angle_input,463,S200,2.346264224,2.329381910875392,0.8456029580837509,0.010084582426241773
angle_input,464,S400,2.302433632,2.2997475639949063,0.8327993621267836,0.00980133683958338
angle_input,465,S400,2.301666197,2.302978993704725,0.834203499522405,0.0097887889419929
angle_input,466,S400,2.301228007,2.3060022144862637,0.8355153821613513,0.00978287299533505
angle_input,467,S400,2.312349059,2.295899918867268,0.8311248881637526,0.009817151727515825
angle_input,468,S400,2.29357413,2.309317951030604,0.836952221641984,0.009787606493432233
angle_input,469,S600,2.306805401,2.2971654654508176,0.8316759565721827,0.0100378126997916
angle_input,470,S600,2.300352377,2.2989265745353036,0.8324423072698428,0.010026470783260908
angle_input,471,S600,2.312753062,2.3046943504236688,0.8349480648030041,0.01004701293577999
angle_input,472,S600,2.305671252,2.301150684299386,0.8334092953494965,0.010027413689847458
angle_input,473,S600,2.308124581,2.3015994169178082,0.8336042799174076,0.010051018447069581
angle_input,474,S800,2.283433535,2.300825014844591,0.8332677607232276,0.010726917331936524
angle_input,475,S800,2.28344892,2.301163978474293,0.8334150725185435,0.010932434626379186
angle_input,476,S800,2.305620968,2.300945281593959,0.8333200304984001,0.01082781045092031
angle_input,477,S800,2.285418849,2.310071454440779,0.8372784567136433,0.01055889136740651
angle_input,478,S800,2.29616334,2.3167888068110853,0.8401820918833133,0.010553563593228744
angle_input,479,D50,2.690730088,2.626954948052176,0.9658253609759039,0.05034837343437689
angle_input,480,D50,2.738434207,2.6787832382841397,0.9853626758608729,0.051314385231712924
angle_input,481,D50,2.817365633,2.6463665699441057,0.9731875934911873,0.051822218962418856
angle_input,482,D50,2.759699812,2.668254142700192,0.9814243794014532,0.051267958073044434
angle_input,483,D50,2.814001244,2.5764424956952925,0.94640956976948,0.054686383306680485
angle_input,484,D100,2.632649339,2.6602767399552896,0.9784301549592508,0.028119845200828237
angle_input,485,D100,2.670840698,2.6719179390564785,0.9827965437718349,0.028292529804131387
angle_input,486,D100,2.656750954,2.6632194436073946,0.9795357080958971,0.02810840381330303
angle_input,487,D100,2.667506004,2.680151176967098,0.985873202247901,0.028355071353076557
angle_input,488,D100,2.657418213,2.6718154251515123,0.9827581758750887,0.028334629025761636
angle_input,489,D200,2.588700967,2.647580920013149,0.9736463627149643,0.014398831766765508
angle_input,490,D200,2.613579889,2.688934932139108,0.9891451792026242,0.014213097644657611
angle_input,491,D200,2.697432993,2.744401946817969,1.0095631812127062,0.014425830914090672
angle_input,492,D200,2.669193554,2.7471352270611376,1.0105586330806735,0.014315096059027742
angle_input,493,D200,2.699238938,2.7495861131919797,1.0114503960577466,0.01437780951822054
angle_input,494,D400,2.610637885,2.6356670009285716,0.9691362812431985,0.011548162002817058
angle_input,495,D400,2.659162876,2.6355879956247814,0.9691063053441582,0.01155299897852363
angle_input,496,D400,2.621120179,2.6377759491841553,0.9699361186124338,0.01154677425171744
angle_input,497,D400,2.716696143,2.672300222275471,0.98293960799867,0.011751080867054247
angle_input,498,D400,2.661629247,2.6771249211233683,0.9847434280454108,0.011757263993101312
angle_input,499,D600,2.72971974,2.571653212881896,0.9445489655903212,0.009523678411779823
angle_input,500,D600,2.633703639,2.5781299094247574,0.9470642948008197,0.009485322996639704
angle_input,501,D600,2.607496322,2.583332725920684,0.9490803195696411,0.009553868198471567
angle_input,502,D600,2.586980655,2.58565705928567,0.9499796572035826,0.009541321426811123
angle_input,503,D600,2.621748382,2.6392822391968864,0.9705070011003156,0.010248518038336693
angle_input,504,D800,2.655372422,2.593622859168489,0.9530556856435347,0.01001818677860596
angle_input,505,D800,2.660303152,2.5982672668580995,0.9548447870365626,0.010003046338979778
angle_input,506,D800,2.611077525,2.58118056476588,0.9482468775168289,0.01013405330639067
angle_input,507,D800,2.607165303,2.595524900901024,0.9537887701135331,0.010015440030686036
angle_input,508,D800,2.65987949,2.5684118851920985,0.9432877643963294,0.010321520558920041
angle_input,509,S50,2.600572749,2.514141371592114,0.9219313423149679,0.01858747102542202
angle_input,510,S50,2.600756865,2.5103541560158744,0.9204238412045966,0.01844806501348573
angle_input,511,S50,2.611409827,2.513846806982878,0.921814172345942,0.01861322193973179
angle_input,512,S50,2.606183706,2.5070090738261874,0.919090438565772,0.018340478898969018
angle_input,513,S50,2.601032081,2.5123848462794607,0.9212324400082781,0.018372334885919137
angle_input,514,S100,2.602353853,2.6067016431006897,0.9580856838684069,0.011520751868018807
angle_input,515,S100,2.591555322,2.6106414378013465,0.9595959527498759,0.011543879220276634
angle_input,516,S100,2.593729911,2.606568318832703,0.9580345358292723,0.011560194311562846
angle_input,517,S100,2.590178255,2.608775366197205,0.958880902868356,0.01157653834516559
angle_input,518,S100,2.585105566,2.599910570651722,0.9554770485326998,0.011571881551039173
angle_input,519,S200,2.549463877,2.5792392614994113,0.9474944955698542,0.010285657090306889
angle_input,520,S200,2.553809437,2.574784065885222,0.9457656726907767,0.010319109626116584
angle_input,521,S200,2.557795714,2.577796039088364,0.9469347854400593,0.01035546497627453
angle_input,522,S200,2.566834809,2.5725980939904565,0.9449163197737859,0.010404401006520176
angle_input,523,S400,2.593864362,2.5884790367989496,0.9510704587367025,0.0098433461095468
angle_input,524,S400,2.570231272,2.5784728111926993,0.9471972900253991,0.009870689010905803
angle_input,525,S400,2.541498191,2.574933147370177,0.9458235715923371,0.009810981986632283
angle_input,526,S400,2.548421595,2.5782049958993807,0.9470934187720152,0.009834537792315834
angle_input,527,S400,2.588285054,2.583198675519144,0.9490284277330667,0.009833177479897261
angle_input,528,S600,2.580068962,2.6013235580228917,0.9560203762779902,0.01009309073504365
angle_input,529,S600,2.584900044,2.599243929357907,0.9552206063371594,0.010095148984127264
angle_input,530,S600,2.561216983,2.6081704515651594,0.958648999123948,0.01021593554472733
angle_input,531,S600,2.587510212,2.607952628635726,0.9585654800327721,0.010165734327345468
angle_input,532,S600,2.581396513,2.6086932015908078,0.9588494069023195,0.01020283278383323
angle_input,533,S800,2.560087009,2.5874112564980645,0.9506578609977527,0.010553046662818932
angle_input,534,S800,2.596600528,2.590381148279939,0.9518050263823012,0.010588321795297288
angle_input,535,S800,2.622113085,2.5904349040116257,0.9518257782218362,0.010513491053131836
angle_input,536,S800,2.569463249,2.5881232583450267,0.9509330023766429,0.010542854442721792
angle_input,537,S800,2.568817026,2.5929341672509816,0.9527901175921099,0.010532964793255387
angle_input,538,D50,2.984611462,2.8551238001751145,1.0491152047510715,0.053001566948168606
angle_input,539,D50,3.075366021,2.8382112561724484,1.0431740143650718,0.05692337510831923
angle_input,540,D50,3.115050296,2.835729676426039,1.0422992855181838,0.05708007939707712
angle_input,541,D50,3.094452059,2.835847475356327,1.0423408256144049,0.05669923231103873
angle_input,542,D50,3.004673665,2.9233821249726155,1.0727412079892238,0.05449034381102695
angle_input,543,D100,2.895548145,2.9371854680779235,1.0774517990404957,0.029597292807642853
angle_input,544,D100,3.084940581,2.9447532234623326,1.0800250185033544,0.029694484559403923
angle_input,545,D100,2.95128913,2.93658940282869,1.077248840886879,0.0306984270113142
angle_input,546,D100,2.944572615,2.925134570756306,1.073340486721699,0.030369685227697073
angle_input,547,D100,2.924704326,2.926628708459148,1.0738511491200287,0.03041668477315336
angle_input,548,D200,2.998124447,3.0298878480861555,1.108525605003297,0.015012570376161478
angle_input,549,D200,2.966529382,3.052523043836183,1.1159684761425106,0.01484568139694164
angle_input,550,D200,2.971769703,3.0422591748382293,1.1126003890370222,0.014806766502911375
angle_input,551,D200,2.937807548,3.037083463851995,1.1108976680211768,0.014841063297701587
angle_input,552,D200,2.99205482,3.050883739411498,1.115431299276435,0.014849359211506973
angle_input,553,D400,3.117623303,2.934454941949872,1.076521726306402,0.013899856368354415
angle_input,554,D400,3.108333693,2.911106409307173,1.0685332183060372,0.014270476146013704
angle_input,555,D400,3.026542576,2.9960704638772264,1.0973015846965646,0.012671843774635401
angle_input,556,D400,3.01931705,2.956399991401498,1.083972309020158,0.013561847746942053
angle_input,557,D400,2.919158592,2.9864461621103837,1.0940841059426454,0.012015948505553223
angle_input,558,D600,2.893907337,2.972786915837005,1.0894998683349777,0.010416270542979382
angle_input,559,D600,2.976918996,2.9681621095986626,1.087942942950579,0.010315709187167434
angle_input,560,D600,3.111563662,2.967639871966928,1.0877669810048456,0.010287898918028436
angle_input,561,D600,2.942187821,2.957421919002841,1.0843179155084823,0.010416134005304799
angle_input,562,D600,2.996728535,2.9600069883460165,1.0851916292608903,0.010241642214097417
angle_input,563,D800,2.883213228,2.9376249390154614,1.0776014109965946,0.01015908700549562
angle_input,564,D800,2.97817025,2.9400820226795052,1.078437479832004,0.010180205890752695
angle_input,565,D800,3.035298035,2.9332667866053987,1.076116746174188,0.010186328062725177
angle_input,566,D800,2.975689921,2.9270123175582032,1.0739822159544654,0.0101599232806332
angle_input,567,D800,2.974881534,2.928979062479432,1.0746539194688798,0.01016434346463127
angle_input,568,S50,2.764611869,2.683750501064572,0.9872152569139837,0.019906399392202963
angle_input,569,S50,2.784814878,2.69331288432324,0.990771991381829,0.019936814640392753
angle_input,570,S50,2.791268732,2.7019421823407375,0.9939708412116322,0.020489680440831534
angle_input,571,S50,2.77002425,2.702274389574526,0.994093784927816,0.020273096950345876
angle_input,572,S50,2.879657362,2.713130593233583,0.9981031686161828,0.01957846282147346
angle_input,573,S100,2.81862213,2.9246290328082383,1.0731676462503272,0.012077929520054579
angle_input,574,S100,2.834304486,2.941988783687798,1.0790858096933236,0.012067705721144512
angle_input,575,S100,2.875183276,2.9274783380719267,1.074141416999311,0.012121964557780888
angle_input,576,S100,2.824508975,2.934815834725102,1.0766447033471338,0.012149395460504357
angle_input,577,S100,2.820972955,2.9325962257265683,1.0758881145541377,0.012055058195626822
angle_input,578,S200,2.957256887,2.878656490451413,1.057323688933534,0.010048947668140958
angle_input,579,S200,2.7989606,2.8834431167640555,1.0589851067291223,0.01004023900870991
angle_input,580,S200,2.964542875,2.8850665800881883,1.0595479777139387,0.0100207709130416
angle_input,581,S200,3.094040534,2.882075922371559,1.0585108408707171,0.010018922670880429
angle_input,582,S200,2.961390736,2.891981329865789,1.0619418484892995,0.01000569325891656
angle_input,583,S400,2.87458441,2.885896999281075,1.0598357699299863,0.009901639226091958
angle_input,584,S400,2.947651822,2.8907070457019186,1.0615011246938135,0.010119170576756853
angle_input,585,S400,2.9562895,2.897406500326978,1.0638160266263759,0.00986410412804949
angle_input,586,S400,2.963229596,2.8922505105655794,1.0620349224557002,0.009889266435050498
angle_input,587,S400,3.031494443,2.8933773051658886,1.062424437526646,0.009784238620840668
angle_input,588,S600,2.826666765,2.9101455122041155,1.0682030841270873,0.01015461564674309
angle_input,589,S600,2.783083499,2.9066950757249588,1.0670167229636025,0.01009214875267731
angle_input,590,S600,2.952572722,2.915313949180088,1.069977515265557,0.010098882946998865
angle_input,591,S600,2.799750857,2.9073153920773933,1.067230109698361,0.010072079481275252
angle_input,592,S600,2.923157083,2.8994051335409967,1.0645055895859645,0.010158752332413023
angle_input,593,S800,2.859815802,2.9074774561337673,1.0672858516863033,0.011055204449104176
angle_input,594,S800,2.921387841,2.903877233302004,1.06604682103519,0.0107853729631847
angle_input,595,S800,2.794301319,2.919703322877515,1.0714820093641069,0.010746034087115993
angle_input,596,S800,2.886741594,2.9077394676506243,1.0673759640657616,0.010649378816846612
angle_input,597,S800,2.757657512,2.907091347585084,1.0671530444009192,0.01065802197770462
angle_input,598,D50,1.562679674,1.6111049038756842,0.47692021931607065,0.05357105495629285
angle_input,599,D50,1.567789136,1.6059560957298415,0.47371927749823795,0.054423519092322285
angle_input,600,D50,1.575701472,1.5902209253616117,0.4638729533482413,0.05682929500703381
angle_input,601,D50,1.570019941,1.5914980558766354,0.46467574617258856,0.0566647147981856
angle_input,602,D50,1.552722579,1.601071337110419,0.47067299086726494,0.05479589967245101
angle_input,603,D100,1.576622382,1.5570735454854026,0.4428081271154982,0.030644476467480086
angle_input,604,D100,1.574302539,1.5552465631567025,0.44163409457721337,0.03082682220693532
angle_input,605,D100,1.583288008,1.5656542042082997,0.4483037585036591,0.029562330699911044
angle_input,606,D100,1.57697478,1.5740983763639194,0.4536826489086444,0.02936364533469099
angle_input,607,D100,1.586395774,1.5618577203953796,0.4458759591735742,0.030146047962551863
angle_input,608,D200,1.573185206,1.5758380999494268,0.45478725770027234,0.014996886112459574
angle_input,609,D200,1.581615633,1.575752374788016,0.45473285649420253,0.014998958077859083
angle_input,610,D200,1.577652296,1.5758382967842601,0.45478738260829493,0.014998403142570657
angle_input,611,D200,1.575414512,1.5748633429334857,0.45416850212173765,0.014896179310753844
angle_input,612,D200,1.573976112,1.5778790252183184,0.4560815561251494,0.015251716458541058
angle_input,613,D400,1.570033462,1.5742800469818348,0.45379805474218077,0.01247173274243325
angle_input,614,D400,1.574157889,1.5748090358321432,0.4541340178358709,0.012434994654189973
angle_input,615,D400,1.57801922,1.5747010662731176,0.454065455071779,0.01245497908395564
angle_input,616,D400,1.577174853,1.5754766811856749,0.4545578812079586,0.012538506794255003
angle_input,617,D400,1.55836031,1.5799988079666598,0.4574240925871097,0.01364416214599637
angle_input,618,D600,1.568375759,1.56657752829195,0.44889332159429146,0.009976510778156339
angle_input,619,D600,1.564564806,1.5670331489383027,0.44918411754598636,0.010119097593637886
angle_input,620,D600,1.561426419,1.5782461791601552,0.45631421732818633,0.013407788709071469
angle_input,621,D600,1.562924626,1.5670390816259683,0.4491879034751094,0.009975877455021579
angle_input,622,D600,1.570899386,1.5663685844005875,0.4487599366689486,0.009763754533840643
angle_input,623,D800,1.560605139,1.5641993191980987,0.4473740759456032,0.01025336715520684
angle_input,624,D800,1.573095612,1.5637053329513586,0.44705821833114073,0.010615245190666126
angle_input,625,D800,1.568672064,1.5638589438081332,0.44715644867482357,0.011002657010036785
angle_input,626,D800,1.584954696,1.5645137483613998,0.44757507179122413,0.011227208206167967
angle_input,627,D800,1.571780184,1.5641020579099536,0.44731189441227126,0.01057552437110667
angle_input,628,S50,1.585030001,1.5766595473166156,0.45530839838153025,0.022307206775944614
angle_input,629,S50,1.575896097,1.5748230954220621,0.4541429456022469,0.020994422953088007
angle_input,630,S50,1.558030671,1.5760035376333417,0.4548922361243747,0.021003452377023477
angle_input,631,S50,1.559559837,1.575280599111921,0.45443341457561404,0.020564516340331743
angle_input,632,S50,1.558580143,1.5741348223419187,0.4537058021985697,0.020145694671523412
angle_input,633,S100,1.560233628,1.5677970338907599,0.4496714708780811,0.013354062448003167
angle_input,634,S100,1.565566604,1.5671424896205006,0.44925389071434185,0.013179491365680415
angle_input,635,S100,1.575050725,1.567027405486548,0.4491804523636104,0.013253226388262462
angle_input,636,S100,1.558494761,1.566551265530093,0.4488765570349095,0.011819748092381444
angle_input,637,S100,1.576208874,1.565871311209839,0.4484424174421338,0.012045632474774253
angle_input,638,S200,1.583216207,1.5625020916651808,0.4462884412932393,0.010073868275035942
angle_input,639,S200,1.5638467,1.5622406163080333,0.4461210832851123,0.010102898498311823
angle_input,640,S200,1.565238263,1.5625056697474307,0.4462907312601916,0.01014860360512807
angle_input,641,S200,1.556928929,1.5620020404163857,0.44596835770113896,0.010092211735056198
angle_input,642,S200,1.570737295,1.5617618524183503,0.4458145765533001,0.010145553279225927
angle_input,643,S400,1.54696515,1.564759918320663,0.4477324054002288,0.009822462377341629
angle_input,644,S400,1.570397211,1.564438375446334,0.4475268940549738,0.009889367843161545
angle_input,645,S400,1.560877234,1.5649961771978302,0.44788338130404065,0.009984466048015426
angle_input,646,S400,1.554539254,1.5653483013779472,0.4481083560210484,0.01020472900964468
angle_input,647,S400,1.553679247,1.565224893134252,0.4480295153512468,0.009883555235003642
angle_input,648,S600,1.563733267,1.5603010918570908,0.4448788102385742,0.010144482508851981
angle_input,649,S600,1.568274191,1.5604161990695544,0.44495257995353715,0.01010568273277924
angle_input,650,S600,1.574524496,1.559007628023123,0.44404948295855257,0.012260903565828988
angle_input,651,S600,1.565081714,1.5593190955476162,0.44424924876447314,0.011660930284356972
angle_input,652,S600,1.579240583,1.5682456480651519,0.4499575729646589,0.02278331397972673
angle_input,653,S800,1.566374266,1.5645755796044365,0.4476145920711293,0.010729823362136107
angle_input,654,S800,1.55938477,1.564955163564324,0.4478571741020471,0.010850161845952186
angle_input,655,S800,1.551797708,1.5650364760577276,0.4479091311056331,0.010925685123721988
angle_input,656,S800,1.559272305,1.5645648090570583,0.44760770804162575,0.010748564745359002
angle_input,657,S800,1.562510743,1.5648512455695545,0.44779076872022905,0.010875251864356183
angle_input,658,D50,1.976807007,1.8974142959114377,0.6404920624225032,0.05563254463125041
angle_input,659,D50,1.977099387,1.8972512870781923,0.6404061476931123,0.05764411490905376
angle_input,660,D50,1.941417591,1.9298270061588636,0.6574303647848384,0.05026991923100555
angle_input,661,D50,1.950789971,1.9208249214434638,0.652754740353162,0.050664601719880305
angle_input,662,D50,1.973459585,1.8971020339400781,0.6403274765069766,0.055094242614920075
angle_input,663,D100,1.916011638,1.8907305231503024,0.6369632745772122,0.02800822884531717
angle_input,664,D100,1.936770574,1.9217187137619542,0.6532199490375454,0.027852706729131337
angle_input,665,D100,1.935694889,1.923637803077074,0.6542180824829327,0.027817643815360397
angle_input,666,D100,1.935043626,1.9138089129795992,0.6490954515679812,0.02780771320764157
angle_input,667,D100,1.923452039,1.9206153988602548,0.6526456549237676,0.027808748010801552
angle_input,668,D200,1.935862752,1.9340153279466274,0.6595983225150152,0.014319013493927373
angle_input,669,D200,1.931989992,1.9314692081633529,0.6582809610677194,0.014336610302515393
angle_input,670,D200,1.931671261,1.9330387157958397,0.6590932288905126,0.014334250050133487
angle_input,671,D200,1.937569797,1.9307960148806809,0.6579323608289409,0.014337502019965823
angle_input,672,D200,1.924824304,1.9298370139012646,0.6574355505949758,0.014365388499712825
angle_input,673,D400,1.941402004,1.9146811107507473,0.6495510869651384,0.01476365288948173
angle_input,674,D400,1.936789975,1.9483813323240922,0.6669989418758633,0.012281969125162185
angle_input,675,D400,1.941163574,1.9358664049894223,0.6605549807861014,0.013085172987134758
angle_input,676,D400,1.937676406,1.9299029139778348,0.6574696980130962,0.01195139545078493
angle_input,677,D400,1.931018644,1.9241024425536495,0.6544595953965768,0.012159720954023585
angle_input,678,D600,1.927224159,1.917222447428243,0.6508774966784863,0.010424157360439048
angle_input,679,D600,1.910781866,1.915007966160809,0.6497217824990532,0.01011959541570415
angle_input,680,D600,1.92201239,1.917384868462311,0.650962209933735,0.010267863174644508
angle_input,681,D600,1.91966687,1.9167931690515778,0.6506535652074645,0.01021077087467947
angle_input,682,D600,1.913762311,1.9172567900418882,0.6508954092092468,0.01024603372855662
angle_input,683,D800,1.88915259,1.9053288452009607,0.6446546158339101,0.010116812915296902
angle_input,684,D800,1.900906673,1.9034989557299686,0.6436937482350471,0.010212754957818324
angle_input,685,D800,1.913404801,1.900802125535501,0.6422759684176242,0.010377065733159855
angle_input,686,D800,1.900392618,1.9028981301697445,0.6433780557039448,0.010475130955387092
angle_input,687,D800,1.904667126,1.905125819997587,0.644548053640469,0.010533185339801215
angle_input,688,S50,1.899997057,1.8985892334306016,0.6411111016555294,0.019251227493085995
angle_input,689,S50,1.916839241,1.9103217773732353,0.6472716976980095,0.019822048071932545
angle_input,690,S50,1.899315305,1.9030013349179744,0.6434322897945727,0.01937666894059414
angle_input,691,S50,1.899928153,1.899397635794952,0.6415368021144273,0.019236821782645103
angle_input,692,S50,1.912556384,1.899699721451107,0.6416958323410235,0.019306588683103653
angle_input,693,S100,1.901407517,1.9008198051140637,0.642285269489054,0.01175597222691886
angle_input,694,S100,1.901510538,1.9068503588070649,0.6454528541146788,0.011703296092573997
angle_input,695,S100,1.915035485,1.9069606498451852,0.6455106918197464,0.01172477888477458
angle_input,696,S100,1.913200167,1.9056818247133245,0.6448398577783422,0.011708983957966632
angle_input,697,S100,1.907698465,1.9062692899273217,0.6451480806285208,0.011704958796357611
angle_input,698,S200,1.905498373,1.9039526492548315,0.6439320669710837,0.009976466799257986
angle_input,699,S200,1.91729971,1.9015144951964233,0.6426506713896877,0.010106298644039046
angle_input,700,S200,1.910400488,1.9026030286594071,0.6432229636418945,0.010197229628109553
angle_input,701,S200,1.897281321,1.9031775524640244,0.6435248853090716,0.010380042893233268
angle_input,702,S200,1.895335741,1.9035311293455561,0.6437106504474642,0.010153738332831275
angle_input,703,S400,1.889473327,1.8983731874828635,0.6409973022948715,0.00978392288479368
angle_input,704,S400,1.893931912,1.897781788710812,0.6406857245112747,0.009788020826768077
angle_input,705,S400,1.893219697,1.9009736998639433,0.642366228515241,0.009775269922517723
angle_input,706,S400,1.907870918,1.8955584861525372,0.6395135107620409,0.010054338734298991
angle_input,707,S400,1.898590819,1.9005975338845664,0.6421683282484959,0.009775497459733048
angle_input,708,S600,1.902126597,1.905852055105366,0.6449291816030921,0.010390633451449199
angle_input,709,S600,1.88602699,1.9041553517911023,0.6440385253679604,0.01004165346208867
angle_input,710,S600,1.896243659,1.9037460851615566,0.6438235688424842,0.01003347451997975
angle_input,711,S600,1.896482114,1.9027831813387515,0.6433176466357023,0.01003249115693331
angle_input,712,S600,1.901931071,1.9022180475555037,0.643020598748773,0.010032811498670137
angle_input,713,S800,1.902341294,1.8949908492357563,0.6392140096233935,0.010625075473525876
angle_input,714,S800,1.900172569,1.892744574048709,0.6380279312945991,0.010758748840687692
angle_input,715,S800,1.905278369,1.8966719303420885,0.6401007346905787,0.010610949170094931
angle_input,716,S800,1.903246777,1.8942258031960575,0.6388102079301843,0.010580735751737505
angle_input,717,S800,1.900872555,1.8964873583772204,0.6400034163598866,0.010584864873211251
angle_input,718,D50,2.174585394,2.1252739572165575,0.7539007151098627,0.049617598140180276
angle_input,719,D50,2.186009433,2.092741638121381,0.7384749949086081,0.051814401058938815
angle_input,720,D50,2.184639492,2.096983412852472,0.7404998419469027,0.052260138581958916
angle_input,721,D50,2.192962284,2.1002292369535573,0.7420464992258834,0.051407386110722104
angle_input,722,D50,2.16369584,2.1205577039146233,0.7516791219718888,0.05031861318619804
angle_input,723,D100,2.11272867,2.121906447399375,0.7523149522262343,0.027605752004125073
angle_input,724,D100,2.124306279,2.1156856824909123,0.7493789597161515,0.027521100597210496
angle_input,725,D100,2.122002279,2.1161592294473164,0.7496027613762949,0.027500068523146872
angle_input,726,D100,2.124775808,2.116431119353331,0.7497312358488911,0.027527807450924133
angle_input,727,D100,2.117765849,2.117369427995653,0.7501744823585889,0.027592255404811104
angle_input,728,D200,2.109818744,2.1265951039791102,0.7545221579558468,0.014133731320763811
angle_input,729,D200,2.112322092,2.1228911033903803,0.7527788876657387,0.014136728605352354
angle_input,730,D200,2.111399747,2.1234014467992894,0.7530192589568517,0.014138065575032343
angle_input,731,D200,2.102545668,2.1278397258612283,0.7551072518484102,0.014125725073069336
angle_input,732,D200,2.107358134,2.127341593796985,0.7548731221937148,0.014126836535453623
angle_input,733,D400,2.146058733,2.1297179184481876,0.7559895382979226,0.01365705313660087
angle_input,734,D400,2.155542539,2.1311534351046943,0.7566633519814187,0.013000451709781627
angle_input,735,D400,2.156566308,2.1117459183576544,0.7475150547990027,0.014204852677017668
angle_input,736,D400,2.134518523,2.1113507793272133,0.7473279224362458,0.011897657522866882
angle_input,737,D400,2.110115309,2.108544823357114,0.7459980523883447,0.011784827151954313
angle_input,738,D600,2.109465836,2.1037841622626297,0.7437377051373798,0.00958102243097384
angle_input,739,D600,2.102792121,2.1078019230240033,0.7456456618543185,0.009667908095195712
angle_input,740,D600,2.123117965,2.099328192504743,0.7416173852167166,0.009496406424705457
angle_input,741,D600,2.104946989,2.097474420004542,0.7407339638162257,0.009522849961872071
angle_input,742,D600,2.118912553,2.1000552195766664,0.7419636394201767,0.009513137432028116
angle_input,743,D800,2.11901124,2.1127105116270437,0.7479717257587534,0.010139505812411763
angle_input,744,D800,2.086614536,2.112172903270888,0.7477172295721075,0.010125432633842104
angle_input,745,D800,2.095935746,2.11589441441021,0.7494776140791494,0.010536545956077606
angle_input,746,D800,2.099875733,2.1178306948130565,0.7503923076352471,0.010218023035822097
angle_input,747,D800,2.115936961,2.1070926622768344,0.7453091121544342,0.010522127774867938
angle_input,748,S50,2.102431834,2.0852098453414136,0.7348694954340521,0.018637517029167886
angle_input,749,S50,2.100273804,2.0853783550772755,0.7349503040528155,0.01856765734750772
angle_input,750,S50,2.105827904,2.0794678114078216,0.7321120010754122,0.018591575444765765
angle_input,751,S50,2.113033012,2.0821105741821606,0.733382078380092,0.01851806925977958
angle_input,752,S50,2.104644152,2.0833626258504134,0.7339832353895523,0.01855041136818284
angle_input,753,S100,2.072598857,2.0886743977554985,0.736529605301975,0.011624442066541719
angle_input,754,S100,2.084589502,2.0937469684249006,0.738955268673726,0.01169918509617931
angle_input,755,S100,2.093344018,2.092468858300097,0.7383446407379383,0.011769366617284465
angle_input,756,S100,2.07970639,2.0957976846257567,0.739934237289393,0.011680547530245207
angle_input,757,S100,2.09527821,2.08680715689317,0.7356352217620835,0.011947651529200964
angle_input,758,S200,2.089254246,2.0935153993616056,0.7388446622472873,0.01030766508605309
angle_input,759,S200,2.083163123,2.0919640701286792,0.7381033711644976,0.009932102650795091
angle_input,760,S200,2.090858734,2.090198105499696,0.7372588488051142,0.0099671979374994
angle_input,761,S200,2.098389623,2.0922749535864,0.7382519685350257,0.009928394284501518
angle_input,762,S200,2.085890942,2.0908796100530926,0.7375848434915544,0.009933933113067896
angle_input,763,S400,2.094851401,2.090504092344732,0.7374052294039237,0.009822171264381318
angle_input,764,S400,2.109402368,2.0886112488914024,0.7364993709012456,0.009794935418056561
angle_input,765,S400,2.105495945,2.092257601112483,0.738243674909064,0.00982727692176092
angle_input,766,S400,2.094026671,2.0912498480034136,0.7377619006367249,0.009807539431319177
angle_input,767,S400,2.100462011,2.0959769546502995,0.740019771479601,0.0097978325409597
angle_input,768,S600,2.067569824,2.0871601781025806,0.7358043755584215,0.01041552644405682
angle_input,769,S600,2.077971448,2.092563245082085,0.7383897475756744,0.010376759803446158
angle_input,770,S600,2.093497015,2.0907138259156803,0.7375055511643411,0.010414178134988775
angle_input,771,S600,2.071425418,2.088742569569319,0.736562243563542,0.010165086380822584
angle_input,772,S600,2.078372912,2.0869150368532603,0.7356869166066883,0.010113759276519928
angle_input,773,S800,2.107105097,2.098404178340063,0.7411771407713957,0.01053596356191628
angle_input,774,S800,2.096315821,2.086406544519552,0.7354432294973631,0.010584854652297623
angle_input,775,S800,2.091819696,2.0923897271090146,0.7383068228812643,0.010536622136872049
angle_input,776,S800,2.080625873,2.0984945391834366,0.7412202015405347,0.010644639613562271
angle_input,777,S800,2.078743065,2.094654947874297,0.7393888371238246,0.01056110666460122
angle_input,778,D50,2.463313831,2.331507643135925,0.8465151154662803,0.06066897405415905
angle_input,779,D50,2.456460946,2.3317351099012686,0.8466126728003374,0.06142050326067356
angle_input,780,D50,2.477797241,2.334544953761658,0.8478169915131736,0.06029285640757295
angle_input,781,D50,2.489735943,2.331049843103777,0.8463187425379163,0.05947472008753847
angle_input,782,D50,2.483038597,2.330387656677023,0.8460346299948478,0.06019279749108539
angle_input,783,D100,2.30928496,2.305360855865349,0.835237217716147,0.028179812203474746
angle_input,784,D100,2.322408306,2.310706906131956,0.8375534976896852,0.02824279644806247
angle_input,785,D100,2.340507982,2.3024737084086224,0.8339840703670917,0.028345831481752577
angle_input,786,D100,2.330253185,2.310941592246405,0.8376550571720791,0.028285009446614575
angle_input,787,D100,2.324213387,2.3113462338226896,0.8378301399849823,0.02827579218195803
angle_input,788,D200,2.298523459,2.3472984612342267,0.8532650759053617,0.014209238679998999
angle_input,789,D200,2.282325312,2.356916820822086,0.8573543330563883,0.014146517213869097
angle_input,790,D200,2.301963817,2.351717952028335,0.8551461044902999,0.014153710821442893
angle_input,791,D200,2.316246545,2.3525596318181408,0.855503940431647,0.01415870256608714
angle_input,792,D200,2.30111204,2.340635817214459,0.8504226092196131,0.014162763970739891
angle_input,793,D400,2.33591885,2.353903401625523,0.8560749721530684,0.014874410673397214
angle_input,794,D400,2.349718811,2.2908856592706153,0.8289384935705397,0.01453557238135804
angle_input,795,D400,2.335387295,2.3266523686751293,0.8444304828187201,0.012782724509334252
angle_input,796,D400,2.335258747,2.3112180740974737,0.8377746903614783,0.012762204683982627
angle_input,797,D400,2.348098119,2.2891689917084737,0.8281888659903696,0.014366059876730513
angle_input,798,D600,2.257288781,2.2594227890226253,0.8151093775759376,0.009465093169625297
angle_input,799,D600,2.292989259,2.2521883870610053,0.8119023600029556,0.009564321562150197
angle_input,800,D600,2.25613049,2.2534378750910617,0.8124569945817635,0.009540769591292261
angle_input,801,D600,2.235203325,2.244812479063454,0.8086219894487251,0.009761839432875044
angle_input,802,D600,2.28360844,2.2803982467029638,0.8243500973199529,0.009617291321034572
angle_input,803,D800,2.360326338,2.2810075690177536,0.8246172615859841,0.010524155234760267
angle_input,804,D800,2.292278272,2.2678873083830933,0.8188486969692573,0.010392346211527681
angle_input,805,D800,2.331007013,2.276792207776365,0.8227675259022169,0.01012146449037153
angle_input,806,D800,2.313535068,2.290758921521646,0.8288831694410631,0.010289097279362319
angle_input,807,D800,2.264275175,2.284171257427347,0.8260032703432869,0.010194949247628935
angle_input,808,S50,2.309719445,2.2699052726823994,0.8197381005267272,0.018488870729197394
angle_input,809,S50,2.330925835,2.2616293599711996,0.8160855092599189,0.018432619292740145
angle_input,810,S50,2.312834879,2.269637166380972,0.8196199801190704,0.018439553400292474
angle_input,811,S50,2.313376171,2.2640104886826977,0.8171377931405839,0.01843462490711396
angle_input,812,S50,2.324054228,2.2689518760826948,0.8193179962659066,0.018435030731163916
angle_input,813,S100,2.312044444,2.313953181488684,0.838957395847995,0.011628635241456685
angle_input,814,S100,2.3095972,2.31404860984857,0.8389986353998372,0.0116574664784487
angle_input,815,S100,2.314251368,2.306340925134586,0.8356622535621461,0.011653052467838937
angle_input,816,S100,2.299677968,2.312518806654808,0.8383373229788584,0.01161951873373933
angle_input,817,S100,2.298125383,2.3102476453078884,0.837354724548566,0.011648814653890727
angle_input,818,S200,2.276398727,2.262308563848091,0.8163857803482635,0.010048703686393523
angle_input,819,S200,2.272829187,2.278515223197956,0.8235240129362401,0.010013899891914256
angle_input,820,S200,2.286129747,2.2668489259846543,0.8183907288040009,0.009999046849028626
angle_input,821,S200,2.261135889,2.275411772548641,0.8221610349470646,0.010006942937169565
angle_input,822,S200,2.262462882,2.277565178467918,0.8231069681696638,0.010016826590376875
angle_input,823,S400,2.265209939,2.2756750454133146,0.8222767316478737,0.010424500488804795
angle_input,824,S400,2.260113665,2.2707987001448147,0.8201316198925751,0.0101652609457055
angle_input,825,S400,2.26545348,2.2740143462835123,0.8215467041402432,0.010437388506156949
angle_input,826,S400,2.262923493,2.2731307039315243,0.821158046046713,0.009905461563165614
angle_input,827,S400,2.264649093,2.271100264153146,0.8202644119300665,0.009947906531529785
angle_input,828,S600,2.256457642,2.2850782732097623,0.8264002789935025,0.010150683822031511
angle_input,829,S600,2.244555717,2.2748449597489007,0.8219119005197042,0.010197625320516684
angle_input,830,S600,2.251435767,2.2845644413996684,0.8261753897212551,0.010153020752266172
angle_input,831,S600,2.259728358,2.2886857962734197,0.8279777647391385,0.010132991902224693
angle_input,832,S600,2.239327466,2.27337587819203,0.8212658977593695,0.010278574189061175
angle_input,833,S800,2.303463897,2.262763445143977,0.8165868296559935,0.010722522591306833
angle_input,834,S800,2.318188487,2.262539342411705,0.8164877853520096,0.011284974744515999
angle_input,835,S800,2.293922562,2.25760492258669,0.8143044825652623,0.011546076268172145
angle_input,836,S800,2.312004574,2.2533026865265344,0.8123970006403685,0.011392927999288835
angle_input,837,S800,2.305107446,2.262756529493665,0.8165837733661746,0.011466694582271262
angle_input,838,D50,2.551150309,2.4348729413029755,0.889894575010072,0.056660668922271486
angle_input,839,D50,2.530407846,2.4356665571497635,0.8902204591771397,0.056249683205975856
angle_input,840,D50,2.50789591,2.453624800405066,0.8975664415289123,0.05477505330382757
angle_input,841,D50,2.579330174,2.430862461544198,0.8882461168285568,0.05606380368149995
angle_input,842,D50,2.550404569,2.433147798345106,0.8891858093238301,0.05654421328028127
angle_input,843,D100,2.406558707,2.3820864920226295,0.8679767809467003,0.02922746482127129
angle_input,844,D100,2.424481226,2.3937436868820665,0.8728585366094787,0.029214889402289886
angle_input,845,D100,2.437580559,2.3794054369086632,0.866850640049131,0.029215391119156303
angle_input,846,D100,2.421963301,2.377854023038606,0.8661984099413905,0.029178326128598633
angle_input,847,D100,2.433721572,2.3943319748878067,0.8731042670658278,0.029116765245667364
angle_input,848,D200,2.432216992,2.4976246641081827,0.9153401458536634,0.014507027718908104
angle_input,849,D200,2.439415531,2.499243202727255,0.915987967136439,0.014290501828626071
angle_input,850,D200,2.431978139,2.497258750059928,0.9151936303022208,0.014338590457523347
angle_input,851,D200,2.417912189,2.508709766907457,0.9197685838926729,0.014230885014876328
angle_input,852,D200,2.430729546,2.498325563106277,0.9156207327173493,0.014378423343017994
angle_input,853,D400,2.495810042,2.4853664419991257,0.9104201102462683,0.012727568441146777
angle_input,854,D400,2.500932047,2.47334127647245,0.9055699800177947,0.012097965081977856
angle_input,855,D400,2.493851185,2.477038604422952,0.9070637355383598,0.012050991136934733
angle_input,856,D400,2.539970885,2.4836816195453295,0.9097419833706601,0.014052681414567239
angle_input,857,D400,2.516497463,2.510183339760577,0.9203557942054428,0.013271845578494373
angle_input,858,D600,2.547285901,2.4294592800880497,0.8876687141092623,0.00960256260934374
angle_input,859,D600,2.436899708,2.4140544464756957,0.8813076768848259,0.009512134556783163
angle_input,860,D600,2.544729567,2.4200707632854472,0.8837967807681288,0.009446336028082895
angle_input,861,D600,2.494341893,2.4165939857934466,0.8823591049021255,0.009427405623032549
angle_input,862,D600,2.495167323,2.4087672172650496,0.8791150885216408,0.009467229261644373
angle_input,863,D800,2.523521034,2.4644382161835123,0.9019638773353605,0.010011746461294055
angle_input,864,D800,2.505860679,2.4642900822033034,0.9019037669087817,0.010041002457888004
angle_input,865,D800,2.435591109,2.4637070330293342,0.9016671396693348,0.010024997290624331
angle_input,866,D800,2.450759489,2.466798236476341,0.9029210492315647,0.010045470397070655
angle_input,867,D800,2.457880084,2.4621750708685175,0.9010451344414808,0.010095687489579851
angle_input,868,S50,2.458894978,2.3733692593886624,0.864310574024069,0.01905600517682238
angle_input,869,S50,2.443524954,2.375608397466722,0.8652535720357593,0.01952462325514529
angle_input,870,S50,2.4462853,2.373688046928712,0.864444883563625,0.019111283119735936
angle_input,871,S50,2.436664803,2.366848682665529,0.8615594005904119,0.01987018414960668
angle_input,872,S50,2.430834245,2.3721397109900377,0.8637923794810545,0.019073846818389095
angle_input,873,S100,2.423006829,2.4715022368392376,0.9048261588177702,0.012098966332641098
angle_input,874,S100,2.428058594,2.4600857790710595,0.9001962188774242,0.012010282828739794
angle_input,875,S100,2.427931445,2.460482690297554,0.900357546264626,0.011804326231693488
angle_input,876,S100,2.436739376,2.4497047824866294,0.8959675203520627,0.011786718294825277
angle_input,877,S100,2.434408586,2.4440911477859797,0.8936733351253742,0.011680457754989184
angle_input,878,S200,2.38490477,2.4289410407722247,0.887455376679835,0.01008217930016728
angle_input,879,S200,2.389709097,2.4319198933143515,0.8886810249571366,0.010101048940086807
angle_input,880,S200,2.417374609,2.434091506870404,0.8895735891217589,0.010004847012141573
angle_input,881,S200,2.404362305,2.429825558810944,0.8878194682781292,0.010129373506452355
angle_input,882,S200,2.419070098,2.4275741523972045,0.8868924675333605,0.01002035334661406
angle_input,883,S400,2.401888874,2.4393719946967938,0.8917406269547685,0.009805414563861449
angle_input,884,S400,2.395168219,2.4236211331783197,0.88526275779747,0.009925059990205938
angle_input,885,S400,2.432666343,2.4265038760872413,0.8864514872602678,0.00989121076718738
angle_input,886,S400,2.383491014,2.434829572838456,0.889876763464338,0.009768875380242154
angle_input,887,S400,2.407730185,2.4389997170905526,0.8915880032397431,0.009965202390061424
angle_input,888,S600,2.458733728,2.435251716795007,0.8900501256455842,0.010549230758805999
angle_input,889,S600,2.431071561,2.425684417794746,0.8861137187110465,0.010022052282555758
angle_input,890,S600,2.448813984,2.429515912154943,0.8876920244019291,0.010105006029156184
angle_input,891,S600,2.419401756,2.4283140739614084,0.8871972198404313,0.010160673199010086
angle_input,892,S600,2.467632558,2.4261051976969035,0.8862871721938064,0.010023996441399207
angle_input,893,S800,2.474028012,2.4272014331963927,0.8867389200850913,0.010564685291422128
angle_input,894,S800,2.376310192,2.4232838781712935,0.8851235947617675,0.010624291371726765
angle_input,895,S800,2.433759695,2.4238461448172597,0.8853555945826188,0.010623446137331133
angle_input,896,S800,2.403238898,2.4209057103190226,0.8841417306130237,0.010594828916020262
angle_input,897,S800,2.433044644,2.422856177084927,0.8849470826995488,0.010638554275016046
angle_input,898,D50,1.589431846,1.5681718512955074,0.4499105149631822,0.054191452582666236
angle_input,899,D50,1.562397952,1.5753257713793694,0.4544620898603939,0.05255772025213842
angle_input,900,D50,1.555646262,1.5755449292671706,0.45460119927425185,0.051827265292760834
angle_input,901,D50,1.539581805,1.5743076870975694,0.4538156118935577,0.05249199176056866
angle_input,902,D50,1.555216413,1.5755442038838774,0.45460073887261765,0.052357800838530325
angle_input,903,D100,1.549823783,1.5675694219509408,0.4495262808701989,0.02887277347387673
angle_input,904,D100,1.550599187,1.571340777185408,0.45192925311849175,0.02874087380011116
angle_input,905,D100,1.55695821,1.5650125396440053,0.44789383651209635,0.02880278038876871
angle_input,906,D100,1.546230414,1.5658028993488018,0.44839872716246326,0.028768890093253733
angle_input,907,D100,1.556457307,1.5707316353226222,0.4515415205710225,0.028775946666038964
angle_input,908,D200,1.549875433,1.5382567889740353,0.4306498200686944,0.014314692089710528
angle_input,909,D200,1.558093969,1.5375809558132654,0.4302103734998425,0.014253513121832297
angle_input,910,D200,1.554728738,1.538165347136266,0.43059037319583326,0.014294613211183877
angle_input,911,D200,1.561541857,1.5372411975063034,0.4299893797048173,0.014229675962211896
angle_input,912,D200,1.556081921,1.5368850731234398,0.4297576882561875,0.014274983942661143
angle_input,913,D400,1.542456238,1.5533071635452635,0.4403863118244748,0.01220171047412721
angle_input,914,D400,1.545031608,1.554863759266,0.4413879271728768,0.01227779131015862
angle_input,915,D400,1.537369758,1.557815524417719,0.4432845350579315,0.012700721073930785
angle_input,916,D400,1.544806451,1.5582142267913184,0.44354043914589497,0.01290676255636992
angle_input,917,D400,1.539156414,1.5580847139298797,0.44345731948120504,0.012755515452115215
angle_input,918,D600,1.542447237,1.5498728593731876,0.438172901355975,0.009533941962573154
angle_input,919,D600,1.546575518,1.5549239376211015,0.44142662972171587,0.01224758810848084
angle_input,920,D600,1.541695288,1.5514737952205213,0.43920531479944636,0.010006006386541288
angle_input,921,D600,1.550522448,1.5516322803583802,0.43930746092925094,0.010191845849108774
angle_input,922,D600,1.543662144,1.5522774806420852,0.4397231948536739,0.01034182265060951
angle_input,923,D800,1.54433342,1.5450716252410384,0.43507026865445886,0.010085663637659363
angle_input,924,D800,1.539910547,1.5451467319884238,0.4351188780009308,0.01013222080774647
angle_input,925,D800,1.545442519,1.544985809036318,0.4350147252177638,0.010111094132871565
angle_input,926,D800,1.539417335,1.5448219000405414,0.4349086286503633,0.010083955398503961
angle_input,927,D800,1.54238931,1.5451661497332918,0.4351314448481151,0.010073391261712724
angle_input,928,S50,1.548807985,1.5488779301640077,0.43753075275420417,0.019730846189845615
angle_input,929,S50,1.540683399,1.5472671149786796,0.43649022312320956,0.01976105220779378
angle_input,930,S50,1.556520847,1.5477893725597378,0.43682770167206175,0.019793557188505086
angle_input,931,S50,1.543026865,1.5485601718473323,0.43732557782749065,0.01967656080988703
angle_input,932,S50,1.533543839,1.5530077572443854,0.44019353916011844,0.019858538584356343
angle_input,933,S100,1.544624216,1.5421946564685876,0.43320650353495055,0.011659174730236008
angle_input,934,S100,1.556176022,1.5419626581492596,0.43305605834289373,0.011754378576382899
angle_input,935,S100,1.552243065,1.541874256019916,0.4329987257848965,0.011955066738910777
angle_input,936,S100,1.550063034,1.5426597347950979,0.4335080272187595,0.011591672796898734
angle_input,937,S100,1.562998247,1.5424272143826514,0.43335728889811104,0.011665391449889265
angle_input,938,S200,1.538695512,1.5473663090761034,0.43655433029447377,0.01015674358278303
angle_input,939,S200,1.535105888,1.5468995325715151,0.43625262608932985,0.010044220513181937
angle_input,940,S200,1.544362492,1.5470560995544531,0.43635383438168285,0.010075811300883211
angle_input,941,S200,1.539243373,1.5470825633445826,0.4363709401374445,0.010126643191442332
angle_input,942,S200,1.542617125,1.546769017062423,0.43616825020543964,0.0101261639075936
angle_input,943,S400,1.545529317,1.5447412047010454,0.43485639127130443,0.009876365634393905
angle_input,944,S400,1.546372452,1.5445498414293293,0.4347325031240865,0.010117916893331901
angle_input,945,S400,1.553085785,1.5581457800187326,0.4434965117610953,0.02228754160871022
angle_input,946,S400,1.547268342,1.5449048339981006,0.4349623123348558,0.010014847684290845
angle_input,947,S400,1.552784765,1.5444596148172125,0.4346740852957048,0.009850891384617725
angle_input,948,S600,1.540318569,1.546257266078862,0.4358373438752735,0.010660255082446092
angle_input,949,S600,1.54364548,1.5458254964758553,0.4355580695873782,0.015177775049575373
angle_input,950,S600,1.548861287,1.5458420768050098,0.4355687954036322,0.012103911497497611
angle_input,951,S600,1.544459836,1.5461659670665773,0.4357782969690592,0.010204128014061878
angle_input,952,S600,1.556102788,1.5460180114469273,0.4356826004511346,0.011682517082984985
angle_input,953,S800,1.559235426,1.5441429578879167,0.43446903662210473,0.01085874289570025
angle_input,954,S800,1.544798773,1.5444866419805332,0.4346915845728526,0.010704234723201396
angle_input,955,S800,1.559736863,1.544631589976861,0.4347854288258403,0.01067106370937379
angle_input,956,S800,1.545674012,1.545057301706027,0.4350609981448133,0.010693414711724858
angle_input,957,S800,1.527674983,1.5446199719438967,0.43477790724157844,0.010724960892165453
angle_input,958,D50,1.861633919,1.8299489665438506,0.6042880793299683,0.051820271779878004
angle_input,959,D50,1.858298087,1.8350910916014982,0.6070941214741765,0.050751430325890655
angle_input,960,D50,1.866432645,1.8213571370978567,0.5995819029318072,0.051812669402798
angle_input,961,D50,1.858334491,1.8336460544157627,0.6063063641599018,0.050766399145151735
angle_input,962,D50,1.842270226,1.8365932941477774,0.6079123849588741,0.050803880446406956
angle_input,963,D100,1.841506621,1.8240586337217612,0.6010640368162685,0.027944301985869696
angle_input,964,D100,1.843976596,1.8269102840992641,0.6026261706068254,0.028052063535419815
angle_input,965,D100,1.851759894,1.8271679213410608,0.6027671841416972,0.02787765224430098
angle_input,966,D100,1.838969233,1.8367736307604403,0.6080105709645165,0.028353420836977446
angle_input,967,D100,1.836763694,1.827650708103124,0.6030313760558906,0.027946855418878494
angle_input,968,D200,1.828959327,1.8280054782960038,0.6032254699071196,0.014545655444375293
angle_input,969,D200,1.829062221,1.8274321389242334,0.6029117786687459,0.014548704055595446
angle_input,970,D200,1.82885645,1.8273592742425337,0.602871905158347,0.014556915208694197
angle_input,971,D200,1.842479042,1.8277070591911346,0.6030622081065968,0.014663885876051927
angle_input,972,D200,1.838641851,1.8278528135480427,0.6031419520375182,0.014592234365592935
angle_input,973,D400,1.836794382,1.8289457610747815,0.6037397140071643,0.012038227500526601
angle_input,974,D400,1.844766925,1.8293037830501273,0.6039354480445341,0.011912867362814458
angle_input,975,D400,1.850348254,1.828343000066565,0.6034100922282781,0.011912206443307677
angle_input,976,D400,1.834540582,1.8266828237268928,0.60250165735866,0.011924848551720291
angle_input,977,D400,1.843996508,1.829034148366108,0.6037880397462508,0.011820292556975216
angle_input,978,D600,1.809627456,1.8145247537326799,0.5958235897563194,0.010783949321960801
angle_input,979,D600,1.819273655,1.8263247885350367,0.6023056352141669,0.010966697108965383
angle_input,980,D600,1.815949651,1.8228703108847613,0.6004123526748413,0.01058783828612981
angle_input,981,D600,1.821722597,1.8234159453011491,0.600711634948434,0.010162377206871898
angle_input,982,D600,1.816334794,1.8249995308392364,0.6015797299600307,0.010228339257638382
angle_input,983,D800,1.784705458,1.816134316874753,0.5967102404807293,0.010213196728068074
angle_input,984,D800,1.793779733,1.8174264530468625,0.5974214636077915,0.01012874984418406
angle_input,985,D800,1.822903868,1.8160585015394117,0.5966684941643069,0.010218813382890053
angle_input,986,D800,1.802357094,1.8095780419540421,0.5930936921074044,0.01026795650472861
angle_input,987,D800,1.813384683,1.821730124274738,0.5997866672711845,0.01011239647936872
angle_input,988,S50,1.831227016,1.8102722169418541,0.5934772300698465,0.019156970862988638
angle_input,989,S50,1.846071835,1.8088646514735793,0.5926993840858891,0.019080723151258576
angle_input,990,S50,1.828786354,1.810470350746903,0.5935866738104841,0.01940671490331115
angle_input,991,S50,1.827511566,1.8116782023160842,0.5942535993085727,0.01927338337812435
angle_input,992,S50,1.819777763,1.8117066445504622,0.5942692985707712,0.019097126789460295
angle_input,993,S100,1.811594519,1.8248480961580729,0.6014967485883536,0.011677735465092782
angle_input,994,S100,1.818458589,1.8267933774876854,0.6025621771238029,0.011656239329332579
angle_input,995,S100,1.80407353,1.8275374207183315,0.6029693888854162,0.01166038368658606
angle_input,996,S100,1.818628157,1.824888272045895,0.6015187643636155,0.011672561382357793
angle_input,997,S100,1.809708774,1.8249726321074424,0.6015649908165012,0.011700522472000994
angle_input,998,S200,1.810675917,1.8115696842857196,0.5941936983391699,0.009986461358674292
angle_input,999,S200,1.801129455,1.8095119709710683,0.5930571796234676,0.01004885250056238
angle_input,1000,S200,1.819134646,1.8101184750795447,0.5933922989806464,0.010005773264629206
angle_input,1001,S200,1.808303844,1.8103802885676024,0.5935369273899378,0.010006666317861549
angle_input,1002,S200,1.815022468,1.8120526596444944,0.5944602688124664,0.010130255255444523
angle_input,1003,S400,1.799772023,1.8091190629883667,0.5928400212668635,0.00982196256900391
angle_input,1004,S400,1.807563313,1.8080315611889997,0.5922387182274683,0.00996531017446949
angle_input,1005,S400,1.803653703,1.8077488048878394,0.5920823169679287,0.009892275108297542
angle_input,1006,S400,1.808822638,1.8099343702473132,0.5932905850884705,0.009881593585865399
angle_input,1007,S400,1.80385226,1.8138499718397894,0.5954516425613873,0.009866976310804224
angle_input,1008,S600,1.819705197,1.7987199526533022,0.5870752745091335,0.010078495725239106
angle_input,1009,S600,1.818966939,1.800872061212592,0.5882710260317657,0.01004205912253422
angle_input,1010,S600,1.824045849,1.8034617427249786,0.5897080083418842,0.010023296930532645
angle_input,1011,S600,1.815561419,1.8023609798831948,0.5890974609241887,0.010078993239676154
angle_input,1012,S600,1.81652825,1.8065383951461127,0.5914125252662805,0.010225962702629323
angle_input,1013,S800,1.817894711,1.8101913646241017,0.5934325660007602,0.010574532114893335
angle_input,1014,S800,1.809453289,1.8088716346629385,0.5927032446156828,0.010559679859619659
angle_input,1015,S800,1.801825915,1.8063971794747924,0.5913343530052614,0.010572657854732409
angle_input,1016,S800,1.802967307,1.8059946577171624,0.5911114969157576,0.010813381289863491
angle_input,1017,S800,1.796182709,1.811382832510772,0.5940905494437608,0.010579913251367512
angle_input,1018,D50,2.048716118,1.9457127378076584,0.6656283561190118,0.05508053232563733
angle_input,1019,D50,2.027640154,1.9762252956952346,0.6811886088664398,0.05096611030043528
angle_input,1020,D50,2.075518832,1.9386181410003673,0.661975420816744,0.05488776967871065
angle_input,1021,D50,2.072316368,1.938442475242184,0.6618848028070242,0.05527734588164982
angle_input,1022,D50,2.058495049,1.9424149195375466,0.6639320028345704,0.056769815715204605
angle_input,1023,D100,1.970485404,1.9538645987207315,0.6698092568085331,0.027376524521463726
angle_input,1024,D100,1.977013669,1.9514249490786213,0.668559848830143,0.02731253168734746
angle_input,1025,D100,1.978128464,1.951071587444693,0.6683787536611469,0.027324659610963673
angle_input,1026,D100,1.972137944,1.9491080205450837,0.6673718425632647,0.02731715454390538
angle_input,1027,D100,1.962600245,1.9485036310769368,0.6670617093191075,0.027333470574815527
angle_input,1028,D200,1.975250671,1.9795135641760173,0.6828511398649043,0.01411872232693368
angle_input,1029,D200,1.981161733,1.974137509145769,0.680131598740032,0.014217311034383163
angle_input,1030,D200,1.964957492,1.980359208603695,0.6832782467388149,0.014111789781993853
angle_input,1031,D200,1.960153436,1.9976087671147893,0.691950848797779,0.014400021814917261
angle_input,1032,D200,1.942723807,2.0066523245359384,0.6964678233858517,0.01529567259826368
angle_input,1033,D400,1.959613803,1.9488248820881262,0.6672265663542954,0.011723346115471702
angle_input,1034,D400,1.961783202,1.9505136447889677,0.6680927454740546,0.011856880946058163
angle_input,1035,D400,1.984038462,1.9563832336370843,0.6710974796387184,0.011853094026770232
angle_input,1036,D400,2.012992775,1.9723013331205106,0.6792010503488641,0.012441492988320412
angle_input,1037,D400,1.998116771,1.9787313024991533,0.6824558830208246,0.01381794398861116
angle_input,1038,D600,1.951705064,1.9551420609823993,0.670462856261465,0.009519151984472762
angle_input,1039,D600,1.947197559,1.9565474515632344,0.6711814156649135,0.009514004992527329
angle_input,1040,D600,1.954218438,1.9533310519156761,0.6695361469588715,0.009461167065304973
angle_input,1041,D600,1.954750676,1.956184271995864,0.6709957757621179,0.00947515118220789
angle_input,1042,D600,1.969541654,1.9687074392979431,0.6773772052237528,0.009822471793718961
angle_input,1043,D800,1.958691803,1.9319639185557191,0.6585370599201358,0.010668167818075485
angle_input,1044,D800,1.939747135,1.9301077134015996,0.6575758114121134,0.010517230487926684
angle_input,1045,D800,1.935442189,1.9448974495158111,0.6652092504957152,0.010166009943568793
angle_input,1046,D800,1.972016693,1.9570482454525704,0.6714373408707038,0.010254667277838189
angle_input,1047,D800,1.984965003,1.9643396312397001,0.6751561233116803,0.010139534058328738
angle_input,1048,S50,1.973547647,1.9466699541901153,0.6661201969668922,0.019743214684635003
angle_input,1049,S50,1.977099328,1.9418630899053215,0.6636478678501042,0.01820951941026234
angle_input,1050,S50,1.971799243,1.9400566954858898,0.6627171971254728,0.018218653648711076
angle_input,1051,S50,1.965956881,1.9411131865957412,0.6632616160342268,0.01821084034555431
angle_input,1052,S50,1.966607202,1.939263098575849,0.662308054820512,0.018223952339903586
angle_input,1053,S100,1.953922335,1.9739578066689927,0.6800405662483997,0.011524182468439963
angle_input,1054,S100,1.967330539,1.9741831598314035,0.6801547228423854,0.01150028390945626
angle_input,1055,S100,1.959074643,1.9712930875108676,0.6786897170198908,0.011529145281713218
angle_input,1056,S100,1.966565981,1.970812161246013,0.6784457223840843,0.011589809628147457
angle_input,1057,S100,1.955034403,1.968752729430311,0.677400209968146,0.011520882389485518
angle_input,1058,S200,1.969323837,1.97143803369833,0.6787632427983786,0.010254591789946012
angle_input,1059,S200,1.981766088,1.9719694689279803,0.6790327737725493,0.010328726846484674
angle_input,1060,S200,1.971328348,1.9624807180848445,0.6742093454464619,0.010099306540873619
angle_input,1061,S200,1.955312941,1.962744942384947,0.6743439742924734,0.009997859291000314
angle_input,1062,S200,1.967573296,1.960957193508656,0.6734327180665497,0.010008928908095262
angle_input,1063,S400,1.960705784,1.9546118748563441,0.6701916442424962,0.009973941524359414
angle_input,1064,S400,1.957890055,1.9559717886186347,0.6708871485120051,0.010043915390696677
angle_input,1065,S400,1.949374428,1.9512372120993489,0.668463639129347,0.00987725354490328
angle_input,1066,S400,1.961315049,1.9500341128843002,0.6678468662094615,0.010005850169051353
angle_input,1067,S400,1.956350003,1.9527470751523568,0.6692371376975752,0.009895652305274083
angle_input,1068,S600,1.952490208,1.9532444690939492,0.6694918202480347,0.010463744423240799
angle_input,1069,S600,1.945341136,1.9507434242092365,0.668210543105162,0.010218354569026889
angle_input,1070,S600,1.945316352,1.949104986610042,0.6673702859859119,0.010132665126362803
angle_input,1071,S600,1.946777397,1.9498664675560644,0.6677608920545408,0.010110572325454398
angle_input,1072,S600,1.941493302,1.9495137127144326,0.667579963380605,0.010109445756563149
angle_input,1073,S800,1.938492808,1.9469001596216176,0.6662384459903032,0.010861234532346272
angle_input,1074,S800,1.920010403,1.9440540083988986,0.6647754877505309,0.011011996667171639
angle_input,1075,S800,1.936963931,1.9442269079976873,0.6648644214477715,0.01128049117208206
angle_input,1076,S800,1.934103721,1.942596989761499,0.6640257323923356,0.01150994690702029
angle_input,1077,S800,1.956494024,1.9434502318055704,0.6644648634729089,0.011405755920748169
angle_input,1078,D50,2.173824888,2.120412726148226,0.7516107518812011,0.0527278403604129
angle_input,1079,D50,2.183314693,2.118879075993202,0.7508872111137757,0.052561944165665946
angle_input,1080,D50,2.208895721,2.1189552051716123,0.7509231394551725,0.053959107681639105
angle_input,1081,D50,2.207947518,2.1111349742447536,0.7472257053559561,0.052164630513901036
angle_input,1082,D50,2.204059039,2.1204057864762005,0.7516074790827991,0.05295390035375194
angle_input,1083,D100,2.110443847,2.0553780487527504,0.7204597963584574,0.02766647111676579
angle_input,1084,D100,2.110474752,2.075966757428407,0.7304269523760174,0.027609562027974717
angle_input,1085,D100,2.116896351,2.084184309742943,0.7343775603561933,0.02787286111219089
angle_input,1086,D100,2.13463104,2.083775748086091,0.7341815116165261,0.027914896366570033
angle_input,1087,D100,2.11252368,2.083220153023,0.7339148470554999,0.027666557599967802
angle_input,1088,D200,2.117708297,2.1264617960293575,0.7544594698926815,0.01415640092144024
angle_input,1089,D200,2.109405472,2.121286642533392,0.7520228114458104,0.01421507759053648
angle_input,1090,D200,2.100518085,2.1197553740993937,0.7513006924502741,0.014186784733210944
angle_input,1091,D200,2.117438459,2.1242735652209426,0.7534298922710484,0.014164402070725047
angle_input,1092,D200,2.134237176,2.1490210597047006,0.765012417381877,0.01406108871867406
angle_input,1093,D400,2.109788548,2.124440989505428,0.7535087040068877,0.011547863176668057
angle_input,1094,D400,2.13076654,2.120793953247829,0.7517905248229357,0.011546600177329587
angle_input,1095,D400,2.158121598,2.1362554262975975,0.7590544955486376,0.012091084797295797
angle_input,1096,D400,2.149065463,2.1429568832982544,0.7621865965028721,0.011949747816894325
angle_input,1097,D400,2.143923119,2.1437765927738437,0.7625690366476376,0.012179770333056785
angle_input,1098,D600,2.124680917,2.103274516656122,0.7434954239390906,0.009549346835028803
angle_input,1099,D600,2.099230499,2.1009399643403754,0.7423848466522996,0.0098041993733012
angle_input,1100,D600,2.120016659,2.1057635196558455,0.744678118544546,0.009572982387260362
angle_input,1101,D600,2.116318793,2.115018264913965,0.7490634483540798,0.011067048079427336
angle_input,1102,D600,2.121924309,2.1188383635436745,0.7508679967843119,0.010640924887454476
angle_input,1103,D800,2.078791987,2.0737818763177858,0.7293739337450839,0.010615504979682154
angle_input,1104,D800,2.120605244,2.0964842032552413,0.7402617527828556,0.01016299746672157
angle_input,1105,D800,2.132835138,2.1099376086096076,0.7466583776714596,0.010484703213598174
angle_input,1106,D800,2.088280708,2.105929621498126,0.7447569950613289,0.010119222816652007
angle_input,1107,D800,2.082623381,2.098571419519505,0.7412568368170986,0.010147780915695508
angle_input,1108,S50,2.13105359,2.082675722002926,0.7336534718125721,0.021276420925922284
angle_input,1109,S50,2.125737217,2.0823386092160154,0.7334915934799481,0.021288211289961
angle_input,1110,S50,2.127780473,2.0795772862152164,0.7321646452785168,0.020232967708589334
angle_input,1111,S50,2.115058345,2.0921580341552164,0.7381960854887176,0.020148484461492658
angle_input,1112,S50,2.120433061,2.0903043447295406,0.7373096748630497,0.01958437799556849
angle_input,1113,S100,2.10025556,2.107974790395497,0.7457276715921874,0.011751952093433837
angle_input,1114,S100,2.092586996,2.110913516828121,0.7471208001577785,0.011718761315508799
angle_input,1115,S100,2.097468661,2.110719241317705,0.7470287620665076,0.01172251775787719
angle_input,1116,S100,2.083759863,2.1065509499700896,0.7450519891703475,0.011833759036818391
angle_input,1117,S100,2.090691433,2.109800929340546,0.7465935967529832,0.011736663087305024
angle_input,1118,S200,2.095038662,2.107198406694988,0.7453592958823473,0.010157245686436441
angle_input,1119,S200,2.095806206,2.0953730439457483,0.7397316014585182,0.010020626710224167
angle_input,1120,S200,2.102775437,2.0835383406408488,0.7340675737465003,0.010300681333846227
angle_input,1121,S200,2.069632317,2.0819389324197504,0.7332996385521143,0.010347682733401023
angle_input,1122,S200,2.102405588,2.0833024335963977,0.733954343096478,0.010310978554122097
angle_input,1123,S400,2.104027112,2.096647637255742,0.7403397059724043,0.00996671606875107
angle_input,1124,S400,2.117542431,2.0943828496541026,0.739258927472144,0.009926116225560767
angle_input,1125,S400,2.103087168,2.096023533691791,0.7400419943021521,0.009949252566983502
angle_input,1126,S400,2.089959666,2.094314719363926,0.7392263969353552,0.010013075331879314
angle_input,1127,S400,2.102186006,2.0948220907383606,0.7394686288795075,0.009934547374837377
angle_input,1128,S600,2.087092666,2.092668627690118,0.7384401068442927,0.010177889320748267
angle_input,1129,S600,2.08206794,2.0927292580874886,0.738469079190067,0.010179911064120391
angle_input,1130,S600,2.097250237,2.0960779244827195,0.7400679434789429,0.010171561855344739
angle_input,1131,S600,2.113023395,2.0934486509323493,0.7388127783197158,0.010173123573370453
angle_input,1132,S600,2.105152683,2.0903946870911394,0.7373528936458059,0.010207025545978837
angle_input,1133,S800,2.055897074,2.090970859825304,0.737628484350013,0.01075971360487554
angle_input,1134,S800,2.081431625,2.083303964023362,0.7339550777120468,0.011895978199363819
angle_input,1135,S800,2.075425638,2.084158362166481,0.7343651105273266,0.011493307406875677
angle_input,1136,S800,2.073550491,2.0847505266675705,0.7346491966135721,0.011653046931552264
angle_input,1137,S800,2.050699731,2.0814464863855395,0.733063078163406,0.01240562164380991
angle_input,1138,D50,2.296855612,2.1651485875293743,0.7724889907526997,0.06004504545409957
angle_input,1139,D50,2.28927411,2.1828587839656834,0.7806353864995184,0.058093736553236096
angle_input,1140,D50,2.265432391,2.193355234356192,0.7854324418880444,0.05670711486281929
angle_input,1141,D50,2.309014532,2.166856222045197,0.773277371504492,0.06025491995855077
angle_input,1142,D50,2.323146548,2.1657487792809973,0.7727661581407173,0.06068472856508853
angle_input,1143,D100,2.172610234,2.1402213251605224,0.7609092466581799,0.028801206403720206
angle_input,1144,D100,2.167009878,2.145839263481946,0.7635307408823283,0.02867444165800485
angle_input,1145,D100,2.155731334,2.13693931809981,0.7593745800984693,0.028768264710151186
angle_input,1146,D100,2.160182521,2.1442581434621,0.7627936386949167,0.028704583827302243
angle_input,1147,D100,2.171657899,2.1401761812471767,0.7608881533306188,0.028575628194097247
angle_input,1148,D200,2.194175268,2.249897456781581,0.8108846404140259,0.014239711778143186
angle_input,1149,D200,2.227146471,2.2415885766065013,0.8071848004984437,0.014527590604481019
angle_input,1150,D200,2.219782185,2.2421105817238076,0.8074176462364074,0.014467475254197787
angle_input,1151,D200,2.209961444,2.2515797501302015,0.8116320810205706,0.014302981919460337
angle_input,1152,D200,2.223157782,2.239859864987742,0.8064133036366435,0.014397720807730956
angle_input,1153,D400,2.208759938,2.2126233743231123,0.7941788587512089,0.011897204539557253
angle_input,1154,D400,2.215521349,2.2132460748131217,0.7944602500128692,0.011894804304342955
angle_input,1155,D400,2.21109678,2.21142139583809,0.7936354743249459,0.011918707060879531
angle_input,1156,D400,2.238669537,2.232105851769357,0.8029454680224006,0.012409589912902775
angle_input,1157,D400,2.277323367,2.2401096853228877,0.8065248313301241,0.013209881125898127
angle_input,1158,D600,2.215719494,2.19151639387582,0.7845937215130497,0.009519991995912717
angle_input,1159,D600,2.228725024,2.185681399831592,0.7819276334012034,0.009455538718227133
angle_input,1160,D600,2.259070385,2.2025180694025135,0.7896012828365484,0.009886710599833396
angle_input,1161,D600,2.23342589,2.1857562342870533,0.7819618713163848,0.009619116762546606
angle_input,1162,D600,2.171001568,2.254641805487503,0.8129911157643369,0.018626253242793607
angle_input,1163,D800,2.175697215,2.201704777654855,0.7892319592191269,0.010073896497090503
angle_input,1164,D800,2.183416165,2.2227442714435357,0.7987425907774753,0.010563010053721275
angle_input,1165,D800,2.236248929,2.2101200566953216,0.793046838350676,0.01094125652814862
angle_input,1166,D800,2.214218214,2.20566842225752,0.7910306023071753,0.010048093052009691
angle_input,1167,D800,2.177187795,2.2039148306817706,0.7902352474776583,0.010041907362428305
angle_input,1168,S50,2.222032953,2.1497548893697145,0.7653538306961949,0.021063579802585313
angle_input,1169,S50,2.214924375,2.151652555451972,0.7662361773372501,0.02036188586069317
angle_input,1170,S50,2.215731321,2.1499439112005847,0.7654417539855969,0.020996878950245323
angle_input,1171,S50,2.19161935,2.152406080911017,0.7665863238061564,0.02055705962450774
angle_input,1172,S50,2.203313428,2.152453357193159,0.7666082879528718,0.021380981846554438
angle_input,1173,S100,2.14918061,2.1682625773986293,0.773926191279834,0.012414765640604102
angle_input,1174,S100,2.155837945,2.174880938494955,0.7769739221204487,0.012374607941069432
angle_input,1175,S100,2.162778819,2.1731847147697883,0.776193702157606,0.012642100509613913
angle_input,1176,S100,2.148500592,2.1759302232730096,0.7774562619689891,0.01216842978721445
angle_input,1177,S100,2.142818588,2.174391144588289,0.7767486918293194,0.012183344233694434
angle_input,1178,S200,2.206816048,2.1990089482271533,0.7880067807899716,0.010095914209225166
angle_input,1179,S200,2.196338291,2.1997079653093605,0.7883246085119332,0.010216286475581746
angle_input,1180,S200,2.191421843,2.1969028795789627,0.7870485864986272,0.010025113004206368
angle_input,1181,S200,2.189803313,2.2002518046640334,0.7885718104800754,0.010083299957426082
angle_input,1182,S200,2.18060903,2.2015460838253,0.7891598789154531,0.010382585577624129
angle_input,1183,S400,2.226271571,2.1655356522206777,0.7726677452731892,0.009902401394833154
angle_input,1184,S400,2.213920664,2.16861955653616,0.774090816062022,0.009865997840505998
angle_input,1185,S400,2.188920086,2.171049523338994,0.7752107019390644,0.009857515710074927
angle_input,1186,S400,2.195478145,2.1718647132011784,0.7755861133920006,0.009849613366529376
angle_input,1187,S400,2.199391193,2.170764015486607,0.7750791864558472,0.00985769411101269
angle_input,1188,S600,2.189764122,2.1937113772266508,0.7855948022544452,0.010555049674975359
angle_input,1189,S600,2.174324856,2.1937522138845247,0.7856134174096605,0.010575098583763777
angle_input,1190,S600,2.171721222,2.191629291077006,0.7846452357493201,0.01045143460772465
angle_input,1191,S600,2.179246712,2.1925033945783228,0.7850439935313367,0.010790367696689543
angle_input,1192,S600,2.180835264,2.192981251042635,0.7852619199430416,0.01040847165547103
angle_input,1193,S800,2.170123198,2.1895080630602006,0.783676889855961,0.010799455370043762
angle_input,1194,S800,2.144811587,2.1868355517770786,0.7824555453498885,0.011006129218025983
angle_input,1195,S800,2.141743393,2.188227748003508,0.7830919687239182,0.010893713640117035
angle_input,1196,S800,2.131005724,2.1847521339250635,0.7815023822615373,0.01121008231042393
angle_input,1197,S800,2.147763194,2.1845025426967255,0.7813881333806265,0.011127352906839796
angle_input,1198,D50,1.474887956,1.5360436558249826,0.4292100560826462,0.0558233248352928
angle_input,1199,D50,1.486720847,1.5396801624285847,0.43157470812097615,0.0568855704003486
angle_input,1200,D50,1.47655687,1.5305238236856045,0.4256100452316133,0.054661298128809654
angle_input,1201,D50,1.470630924,1.5320116217004753,0.426581657255994,0.05468473033753352
angle_input,1202,D50,1.469018895,1.5306018732390463,0.4256610392522358,0.054530161636620146
angle_input,1203,D100,1.51890701,1.5111204962254883,0.4128514261239559,0.03018247825209981
angle_input,1204,D100,1.499253844,1.507376521762051,0.4103707369855504,0.030440488353279796
angle_input,1205,D100,1.505115183,1.5083289636867736,0.4110023914763395,0.030277727877974742
angle_input,1206,D100,1.498529419,1.5060349317819006,0.4094803241830034,0.030651126357470686
angle_input,1207,D100,1.487426062,1.5007336413488377,0.40595408277312367,0.03095577949371813
angle_input,1208,D200,1.496959188,1.4782913087256757,0.39088689967179663,0.014543479090975085
angle_input,1209,D200,1.512561412,1.4777559897944803,0.3905247140347026,0.014537821183634796
angle_input,1210,D200,1.49550738,1.4768939236231,0.3899411821638522,0.014489027065488725
angle_input,1211,D200,1.499524673,1.4811660077717628,0.39282962067959376,0.014675570890711429
angle_input,1212,D200,1.507948275,1.4780106545629308,0.39069703127061617,0.014575556622430522
angle_input,1213,D400,1.480943664,1.4715466515629774,0.38631399159556046,0.012474911888494008
angle_input,1214,D400,1.488196875,1.4725977476244807,0.38702801642834406,0.012635116102605445
angle_input,1215,D400,1.495449395,1.4821093635333298,0.3934663187081135,0.013278433810808305
angle_input,1216,D400,1.489649011,1.4939296453997541,0.40140999416922846,0.014636583629108498
angle_input,1217,D400,1.488574134,1.4892406142714254,0.3982663351877975,0.013986584143653804
angle_input,1218,D600,1.454631794,1.4749168731284785,0.38860163100262496,0.010487392403101928
angle_input,1219,D600,1.449676887,1.4761403372989232,0.38943080112932954,0.00981672628085594
angle_input,1220,D600,1.464974381,1.4744280676594763,0.3882701638576886,0.010364235497029752
angle_input,1221,D600,1.454164751,1.4742112878121696,0.38812312665064935,0.010800382711456674
angle_input,1222,D600,1.463072572,1.4896654974388717,0.3985515963906647,0.01019998738976018
angle_input,1223,D800,1.471779432,1.4828599507866722,0.3939726222747314,0.011102250843156733
angle_input,1224,D800,1.476235518,1.4819786785294529,0.39337813981321756,0.010885796649266234
angle_input,1225,D800,1.473976524,1.4840393374318182,0.3947676520972473,0.013193186456826364
angle_input,1226,D800,1.46374932,1.481050036793756,0.39275132053110945,0.010581035229347191
angle_input,1227,D800,1.457317453,1.4562531990888998,0.3758668351287053,0.011023082260522616
angle_input,1228,S50,1.464285745,1.4886287667855294,0.3978554054818822,0.023722532497507928
angle_input,1229,S50,1.46329805,1.4856211898227734,0.39583299443253994,0.02356660427631693
angle_input,1230,S50,1.456338684,1.4841444636586225,0.39483848748608646,0.02324538889491787
angle_input,1231,S50,1.474668071,1.4791100781114364,0.3914406083501816,0.022582898263308056
angle_input,1232,S50,1.471097952,1.4739958367922952,0.3879769693345911,0.022027907144979285
angle_input,1233,S100,1.442874313,1.4629862623735412,0.3804797319553095,0.013926992165145273
angle_input,1234,S100,1.45146606,1.4659452213795938,0.38250023672239847,0.013330825670952189
angle_input,1235,S100,1.454374894,1.4676559053326441,0.38366650580470635,0.012889368871467256
angle_input,1236,S100,1.456256666,1.4643378510431915,0.3814031614857121,0.013520751661195688
angle_input,1237,S100,1.452714446,1.4658801273861004,0.38245583162607755,0.013187691450163203
angle_input,1238,S200,1.470202477,1.4682659590030858,0.38408208476587163,0.010049772281130033
angle_input,1239,S200,1.483981407,1.4812818835279504,0.39290785041425824,0.010974957755029281
angle_input,1240,S200,1.481539669,1.4745615867598292,0.3883607162950253,0.010252718791707246
angle_input,1241,S200,1.480093475,1.4733576507409192,0.38754391231306373,0.010164378394127052
angle_input,1242,S200,1.481454481,1.4743972574109125,0.3882492672326475,0.010264703991221273
angle_input,1243,S400,1.485518466,1.4714839726377482,0.3862713967786916,0.010050728161110824
angle_input,1244,S400,1.497415762,1.4671318648311336,0.38330938253166585,0.00987370924405483
angle_input,1245,S400,1.487051311,1.4676527159052393,0.38366433265849487,0.009912179164989234
angle_input,1246,S400,1.496107801,1.4658317298669004,0.3824228150667695,0.009869563828076938
angle_input,1247,S400,1.476622947,1.4681189010336064,0.3839819221668856,0.009958057104954949
angle_input,1248,S600,1.466414868,1.4692736513511129,0.38476816394860147,0.010117212534840308
angle_input,1249,S600,1.459969508,1.4690963141147468,0.3846474594500765,0.010086354953061875
angle_input,1250,S600,1.450253824,1.465420070574147,0.38214193896093795,0.010336055649475378
angle_input,1251,S600,1.462794051,1.4669936128183345,0.38321514524430067,0.010206441088319237
angle_input,1252,S600,1.466989729,1.4659088859995664,0.3824754501002143,0.010300674190361755
angle_input,1253,S800,1.470174519,1.4776601282693744,0.3904598422729539,0.010588481008690842
angle_input,1254,S800,1.467155176,1.469430766943049,0.3848750924243665,0.010939306917962448
angle_input,1255,S800,1.4584823,1.4714674060724893,0.3862601383084506,0.010775483301527012
angle_input,1256,S800,1.454521861,1.4730198710158788,0.3873146275564256,0.010702417220972264
angle_input,1257,S800,1.463400253,1.4695476768427527,0.3849546506123569,0.011186016934149237
angle_input,1258,D50,1.729470914,1.6746654081320576,0.5156133889840048,0.05707661655324536
angle_input,1259,D50,1.689766162,1.6869775783921106,0.5229385126587385,0.052334531519573825
angle_input,1260,D50,1.714578735,1.6739227053736436,0.5151697973893281,0.055339710294807005
angle_input,1261,D50,1.702565187,1.6870971454724986,0.5230093866554478,0.05198824429219782
angle_input,1262,D50,1.698018472,1.6902480719102262,0.5248753062752212,0.053992093613565204
angle_input,1263,D100,1.668958873,1.6607345513305547,0.5072600052953832,0.029225564302270236
angle_input,1264,D100,1.671957444,1.6653665238916446,0.5100452336758263,0.02911064200271765
angle_input,1265,D100,1.674909848,1.6658605475580823,0.510341835294067,0.029032284954697063
angle_input,1266,D100,1.670677177,1.6643683429757725,0.5094456778639174,0.029058374377490953
angle_input,1267,D100,1.665343864,1.6648202720562735,0.5097171728950107,0.02904185531195563
angle_input,1268,D200,1.682406209,1.6817051535310614,0.5198082510189256,0.014654083651083125
angle_input,1269,D200,1.685021577,1.681235981879138,0.5195292264174972,0.014606357507856833
angle_input,1270,D200,1.682213246,1.6826806738821738,0.5203881609510757,0.014654520183886828
angle_input,1271,D200,1.687370265,1.682887644099513,0.5205111536810074,0.014649578207677493
angle_input,1272,D200,1.677856605,1.6829414027395608,0.5205430974543269,0.014682933144804016
angle_input,1273,D400,1.664712711,1.6752180059782218,0.515943309630705,0.014220155754394054
angle_input,1274,D400,1.68152969,1.6762464349810298,0.5165570288291061,0.012649613379556468
angle_input,1275,D400,1.66376522,1.6745760371471365,0.5155600210877797,0.012522594992586872
angle_input,1276,D400,1.676002275,1.6695435855442315,0.5125502870055247,0.012753744289887977
angle_input,1277,D400,1.661059428,1.6664179455793333,0.5106763799772904,0.012049244099291001
angle_input,1278,D600,1.657446277,1.6597003236195098,0.5066370581312676,0.011186887374750286
angle_input,1279,D600,1.662346504,1.658732337047637,0.5060536582565007,0.011117210123089683
angle_input,1280,D600,1.663387642,1.6579476553018087,0.5055804852266764,0.010815746462587917
angle_input,1281,D600,1.662600791,1.6550362211467027,0.50382289447878,0.010645892059682766
angle_input,1282,D600,1.643923459,1.641074350007466,0.4953511188253221,0.009871414573081988
angle_input,1283,D800,1.6463813,1.6468254559960152,0.49884946864938473,0.010517037191174389
angle_input,1284,D800,1.645158439,1.649464567141575,0.5004507304867437,0.01059225389555555
angle_input,1285,D800,1.645998258,1.6473025287677059,0.49913911906808905,0.010852347822942315
angle_input,1286,D800,1.660498838,1.648022543157076,0.4995761104938894,0.01034226412410342
angle_input,1287,D800,1.666612787,1.6505013090246874,0.5010790654187558,0.01031575743279165
angle_input,1288,S50,1.678825145,1.6668966427011378,0.5109635998675333,0.01973023846105692
angle_input,1289,S50,1.665647429,1.6617059764721045,0.5078447713196972,0.019635032321743035
angle_input,1290,S50,1.668386105,1.659219041234031,0.5063470345808619,0.01978287958704925
angle_input,1291,S50,1.666702835,1.6616372433351452,0.5078034074686454,0.01964067121830966
angle_input,1292,S50,1.672894046,1.662510890824841,0.5083290443985,0.019615550810306703
angle_input,1293,S100,1.684319088,1.6628354436425539,0.5085242438069824,0.011726084449137156
angle_input,1294,S100,1.667581631,1.6615090999140514,0.5077262857244178,0.011729566831797971
angle_input,1295,S100,1.661599677,1.6611126736734707,0.5074876631730261,0.011746774306267447
angle_input,1296,S100,1.670694196,1.6649493792416876,0.5097947201123857,0.01176490662261261
angle_input,1297,S100,1.656714185,1.6647849030355355,0.5096959277209558,0.01168722882869364
angle_input,1298,S200,1.656880386,1.6496803326183453,0.5005815313358326,0.010029058781102773
angle_input,1299,S200,1.66193843,1.6490133255980695,0.5001771245624391,0.010017313461469092
angle_input,1300,S200,1.648533727,1.6503143343070052,0.5009657754092033,0.01008169756764405
angle_input,1301,S200,1.648155468,1.6476203223790395,0.49933201803821725,0.009996396280031713
angle_input,1302,S200,1.641284712,1.6472389270867704,0.49910050872926304,0.010014848628047919
angle_input,1303,S400,1.649160877,1.636877486822603,0.4927904555288437,0.009896424848364657
angle_input,1304,S400,1.649526937,1.6337315081450088,0.49086666723577843,0.010044352353713286
angle_input,1305,S400,1.63614477,1.6379657212493188,0.4934550580136827,0.00980823863492528
angle_input,1306,S400,1.648707247,1.6366061613727239,0.49262468384359326,0.009817935315170069
angle_input,1307,S400,1.638026635,1.636293876049771,0.4924338528861366,0.009818399968093292
angle_input,1308,S600,1.643608489,1.6383454886927968,0.4936868842480322,0.010071500823588592
angle_input,1309,S600,1.63892971,1.6383397571039213,0.49368338584129157,0.010061390613399435
angle_input,1310,S600,1.633105927,1.636942420285752,0.4928301238459778,0.010056736203825847
angle_input,1311,S600,1.63598518,1.6355740788217368,0.4919938612669303,0.01012146732360749
angle_input,1312,S600,1.633706334,1.636996287118447,0.49286303028529366,0.010052200669330626
angle_input,1313,S800,1.61739273,1.6439511727340435,0.49710259590949746,0.010621634425397044
angle_input,1314,S800,1.624811061,1.6410763929653425,0.49535236371505237,0.010851846931410055
angle_input,1315,S800,1.626210849,1.6407181285653607,0.4951340292647663,0.010763291796360108
angle_input,1316,S800,1.640387878,1.6397191203057022,0.49452495906177096,0.01089274293092884
angle_input,1317,S800,1.630202716,1.6377117240722638,0.49329997731248193,0.011391275962334219
angle_input,1318,D50,1.790464747,1.7787428889528911,0.5759068726362199,0.05510612199854149
angle_input,1319,D50,1.825534745,1.7662132322620832,0.5688378379631728,0.056518755553889743
angle_input,1320,D50,1.828657725,1.7668796633250774,0.5692150887689641,0.05605310400950881
angle_input,1321,D50,1.818651128,1.7655771542957612,0.5684776365335408,0.05630116810337156
angle_input,1322,D50,1.818651128,1.7655771542957612,0.5684776365335408,0.05630116810337156
angle_input,1323,D100,1.73642222,1.7527217679413964,0.561169875681761,0.028334796956585046
angle_input,1324,D100,1.748199464,1.7549497340598739,0.5624402149463263,0.028352693221587125
angle_input,1325,D100,1.739144831,1.7507481368113107,0.5600432033297684,0.028319476190521345
angle_input,1326,D100,1.750080305,1.7492703494939428,0.5591987578441424,0.028313854597681758
angle_input,1327,D100,1.750310728,1.7532233158432267,0.5614559884948631,0.028328576135067035
angle_input,1328,D200,1.734852865,1.7452024879663677,0.5568705878716003,0.014220701722880267
angle_input,1329,D200,1.74061346,1.7464463654193856,0.5575830750419133,0.014210638125588078
angle_input,1330,D200,1.743749892,1.7454476223858333,0.5570110398860497,0.01423027747039565
angle_input,1331,D200,1.742424891,1.7448294121733154,0.5566567928088912,0.014253057843016668
angle_input,1332,D200,1.73414359,1.739893366599257,0.553823827784878,0.014274532622538826
angle_input,1333,D400,1.740645841,1.7465107450841992,0.5576199375986435,0.011733466305551271
angle_input,1334,D400,1.746214007,1.7451369504377727,0.5568330342010995,0.011736632983075486
angle_input,1335,D400,1.738835295,1.7450390075678535,0.5567769093116249,0.011735735337560012
angle_input,1336,D400,1.749276228,1.746827982748566,0.5578015619356774,0.01177315522856927
angle_input,1337,D400,1.769148943,1.7574643853413707,0.5638720801112241,0.012170230656198091
angle_input,1338,D600,1.730542783,1.7349368466115886,0.5509710130888399,0.010500743465338908
angle_input,1339,D600,1.74540229,1.7353630954617651,0.5512166684266696,0.01040751910919882
angle_input,1340,D600,1.757779863,1.728011536654774,0.5469713466644235,0.011049766992671427
angle_input,1341,D600,1.748370119,1.7374200993132682,0.5524013113926692,0.010352107433605684
angle_input,1342,D600,1.746275065,1.7291783954135762,0.5476463797554824,0.010937483631184209
angle_input,1343,D800,1.725438872,1.7301582789898435,0.5482128950702388,0.010320035466007266
angle_input,1344,D800,1.725118598,1.728459816605792,0.5472307325569804,0.010192270886010834
angle_input,1345,D800,1.72499252,1.7328894379207818,0.5497902106144889,0.010143323348059233
angle_input,1346,D800,1.729433568,1.7314884331525005,0.5489814045911312,0.010168762157130242
angle_input,1347,D800,1.738769491,1.7438547406569387,0.556098031110189,0.010436459859638663
angle_input,1348,S50,1.748629463,1.7387800826144406,0.5531837653938102,0.018737557622188254
angle_input,1349,S50,1.756372992,1.739243639980775,0.5534503290552756,0.018792870084634497
angle_input,1350,S50,1.740802984,1.7326363808684357,0.5496441680997145,0.018896871670235543
angle_input,1351,S50,1.745758805,1.7337178651433314,0.5502681575902466,0.01891253240030805
angle_input,1352,S50,1.741539263,1.7335606397633259,0.5501774666463892,0.01885826267507428
angle_input,1353,S100,1.731218987,1.7430507917051714,0.5556369065064098,0.011672224268629397
angle_input,1354,S100,1.730916374,1.7395941382310702,0.5536518321283286,0.01158477018168159
angle_input,1355,S100,1.738408547,1.7401769416998636,0.5539867986884014,0.011586008891600488
angle_input,1356,S100,1.716852321,1.7380156090683554,0.5527440078548591,0.011602392994745163
angle_input,1357,S100,1.718301381,1.736024096839825,0.5515974968099249,0.011617974655191694
angle_input,1358,S200,1.720659702,1.728255694765077,0.5471126309427279,0.010056449066130426
angle_input,1359,S200,1.729430345,1.7300187581568125,0.5481322513161137,0.010160740704267717
angle_input,1360,S200,1.724092597,1.7318661876084178,0.5491995482690272,0.01017575359222934
angle_input,1361,S200,1.726380004,1.7280432963557582,0.5469897258294076,0.01004098932973497
angle_input,1362,S200,1.731441458,1.7290605132428543,0.5475782050724247,0.010054429835301654
angle_input,1363,S400,1.722319891,1.7283250504132563,0.5471527605698372,0.009771910162701295
angle_input,1364,S400,1.723230333,1.728598955373557,0.5473112280168597,0.009777641697518914
angle_input,1365,S400,1.725528541,1.728676873928124,0.5473563031328917,0.00982717467102533
angle_input,1366,S400,1.709170995,1.7309694441823287,0.5486816239194552,0.009807141959392645
angle_input,1367,S400,1.723136082,1.72832285061336,0.5471514877761022,0.009778354794325704
angle_input,1368,S600,1.737644411,1.7272746458784891,0.5465448171392099,0.010144277135640995
angle_input,1369,S600,1.729149565,1.7274429173633283,0.5466422326192842,0.01003617282388098
angle_input,1370,S600,1.723136082,1.7271102254943227,0.5464496219653002,0.010021996904833326
angle_input,1371,S600,1.744636921,1.7265744988482707,0.546139387133167,0.010020806288189651
angle_input,1372,S600,1.740173895,1.7261201846844005,0.5458762221515316,0.010037863898759871
angle_input,1373,S800,1.726003366,1.7259859181332693,0.5457984339566153,0.01055186039951583
angle_input,1374,S800,1.725344844,1.723732910935088,0.5444922361879578,0.010577398938770867
angle_input,1375,S800,1.72037826,1.7225304670710586,0.5437944114537843,0.010582260211103875
angle_input,1376,S800,1.718505501,1.7252275494339904,0.5453589544989627,0.010609897642973884
angle_input,1377,S800,1.741021878,1.7211238134437565,0.5429774573748012,0.010616415513137974
angle_input,1378,D50,1.890935262,1.8688338862077107,0.6253146460899621,0.05844912907216628
angle_input,1379,D50,1.90281035,1.8607825253025891,0.620997111778682,0.06800613549932796
angle_input,1380,D50,1.900928922,1.8579373565823054,0.6194669243132045,0.06153863401827148
angle_input,1381,D50,1.912294445,1.8560195928364887,0.6184341907934666,0.061499894144559634
angle_input,1382,D50,1.90491284,1.8549903165287474,0.617879475845637,0.061126784526148385
angle_input,1383,D100,1.840321892,1.8360382918586733,0.6076101481129876,0.031041353476871116
angle_input,1384,D100,1.871227712,1.8349406326007909,0.6070121281770617,0.03081209639027977
angle_input,1385,D100,1.871235522,1.8257394377890488,0.6019850763659511,0.02955749927978759
angle_input,1386,D100,1.850146182,1.8249437765312821,0.6015491791797783,0.028914835382099772
angle_input,1387,D100,1.86020318,1.8208195493905182,0.599286701596168,0.02924388804190649
angle_input,1388,D200,1.815573851,1.825188245713271,0.60168313005107,0.014258534286607264
angle_input,1389,D200,1.818119597,1.8198025268613007,0.598727993477406,0.014165072041519023
angle_input,1390,D200,1.831804801,1.8138441435620127,0.5954484293479292,0.01448377460700047
angle_input,1391,D200,1.845330448,1.8104091020140503,0.5935528429505189,0.014390444568598951
angle_input,1392,D200,1.809977806,1.8232022842405537,0.6005944518229239,0.01417981620556553
angle_input,1393,D400,1.832611478,1.8291108462915058,0.603829972433731,0.011638554520256961
angle_input,1394,D400,1.826254441,1.8290598886053637,0.6038021127793638,0.01162662740835114
angle_input,1395,D400,1.824627321,1.8246300269659028,0.6013772415327843,0.011845302712988276
angle_input,1396,D400,1.81936414,1.8232369298077138,0.6006134542332905,0.011638496550356493
angle_input,1397,D400,1.830170268,1.823309150096565,0.6006530644766704,0.011705706825417455
angle_input,1398,D600,1.806505961,1.8166838310146485,0.5970127682273526,0.00959936640156854
angle_input,1399,D600,1.814622772,1.8193286790566103,0.5984675753827807,0.009597902776088687
angle_input,1400,D600,1.828929893,1.8236134461815325,0.600819942756996,0.009693477794335686
angle_input,1401,D600,1.835355942,1.818080542109771,0.5977812973645894,0.009937744990670834
angle_input,1402,D600,1.83108934,1.8088363897487942,0.5926837599508576,0.01022864885682114
angle_input,1403,D800,1.797889951,1.817440148000286,0.5974289989343532,0.010130915634838136
angle_input,1404,D800,1.807596419,1.822341666466968,0.6001223040166102,0.010128281877491317
angle_input,1405,D800,1.824456516,1.8190325393606854,0.5983047879744938,0.010118305284192974
angle_input,1406,D800,1.815756719,1.822944573695625,0.6004530913372391,0.01014230205671879
angle_input,1407,D800,1.801076604,1.8236611999996792,0.6008461287850756,0.010145002782489173
angle_input,1408,S50,1.802804034,1.8261285209708598,0.6021981635792222,0.01870229028001659
angle_input,1409,S50,1.809305451,1.8252461966146865,0.6017148801905867,0.018859596392328627
angle_input,1410,S50,1.812438275,1.8228834040794466,0.6004195353842118,0.01874113966244586
angle_input,1411,S50,1.830297402,1.8213076035026545,0.5995547065803818,0.018883414177430335
angle_input,1412,S50,1.808132345,1.826519014984697,0.6024119778120388,0.0187020445209654
angle_input,1413,S100,1.838194388,1.819353150226851,0.5984810259516345,0.011522651199173582
angle_input,1414,S100,1.797916352,1.7938397628867153,0.5843584413011709,0.02148439335210279
angle_input,1415,S100,1.840538585,1.8179864399939907,0.5977295369782905,0.011591395022002637
angle_input,1416,S100,1.826153596,1.8190247985434287,0.5983005325070628,0.011499777517079118
angle_input,1417,S100,1.827035596,1.8200239731923618,0.598849673085668,0.011454584665174412
angle_input,1418,S200,1.809660246,1.8162659065662452,0.5967826937807267,0.01037412364052718
angle_input,1419,S200,1.810580824,1.8132850823997437,0.595140162874987,0.010634673229348923
angle_input,1420,S200,1.827443553,1.8169354883940376,0.5971512843225568,0.010274731675304561
angle_input,1421,S200,1.819873108,1.8180793069736227,0.5977806180016354,0.010145161466532543
angle_input,1422,S200,1.82116145,1.8178670939186388,0.5976638874276242,0.010096753670011154
angle_input,1423,S400,1.827366889,1.8138859331753159,0.5954714683350759,0.00991998444209836
angle_input,1424,S400,1.801485664,1.8102876653382607,0.5934857637756318,0.010703413012832574
angle_input,1425,S400,1.835738463,1.8107149026488127,0.5937217411352238,0.009917483084169893
angle_input,1426,S400,1.811037344,1.8147498445372825,0.5959476315166198,0.00999046709129431
angle_input,1427,S400,1.809516659,1.8143523496557392,0.5957285718914768,0.00996729784895688
angle_input,1428,S600,1.842325226,1.8101832094207957,0.5934280608297403,0.010137217940237581
angle_input,1429,S600,1.813712362,1.8096455698231448,0.5931310083256622,0.01021150468087349
angle_input,1430,S600,1.81941482,1.808395692747351,0.5924400946324191,0.010072892913559306
angle_input,1431,S600,1.824800504,1.8091912414768871,0.5928799175070731,0.010073476473459601
angle_input,1432,S600,1.810243275,1.8079449955510294,0.5921908386925054,0.010075289078355221
angle_input,1433,S800,1.782843619,1.8079228483922212,0.5921785887100589,0.011034612537946391
angle_input,1434,S800,1.812439986,1.8105926367351688,0.5936542152969122,0.011105759181411068
angle_input,1435,S800,1.788621446,1.8064173307617055,0.59134550845587,0.011391329287675552
angle_input,1436,S800,1.805524812,1.8096806925595215,0.5931504167645989,0.010920563260275922
angle_input,1437,S800,1.798149608,1.810209389497473,0.593442523391997,0.011018528994137623
angle_input,1438,D50,1.98171331,1.9217669265490305,0.6532450370912503,0.06140394781135977
angle_input,1439,D50,1.977918113,1.9241512295650998,0.6544849507996295,0.06425770523353282
angle_input,1440,D50,1.975119796,1.92134051602867,0.6530231278532279,0.06122092148829414
angle_input,1441,D50,1.985368784,1.9207297204311764,0.6527051765587184,0.06097056266004554
angle_input,1442,D50,1.982776136,1.9310155101008533,0.6580460355740645,0.05773461965062902
angle_input,1443,D100,1.901575873,1.903042167620581,0.6434537465659318,0.03033567528476887
angle_input,1444,D100,1.936489464,1.9021018564029188,0.64295951495164,0.03081141623325588
angle_input,1445,D100,1.927870888,1.9049212218601734,0.644440654369351,0.03140425222914427
angle_input,1446,D100,1.909319154,1.9073361262796125,0.6457075702787013,0.030527250489295894
angle_input,1447,D100,1.915467843,1.9018245504670357,0.6428137151086812,0.030238116292415056
angle_input,1448,D200,1.88462312,1.8770392254060921,0.6296956553114752,0.014382746496062563
angle_input,1449,D200,1.896441345,1.8741414052397691,0.6281506373408166,0.014509227689230242
angle_input,1450,D200,1.898457048,1.900672751184991,0.6422079030720648,0.015120588619922356
angle_input,1451,D200,1.880764078,1.8955661032268045,0.6395175291339449,0.014522260409885876
angle_input,1452,D200,1.876312808,1.8859982680896086,0.6344572659126514,0.01436479513492522
angle_input,1453,D400,1.879603373,1.8678133349791102,0.6247684070721657,0.012221150618185272
angle_input,1454,D400,1.86098472,1.8662297819803346,0.6239202363124248,0.012374254010396251
angle_input,1455,D400,1.86673485,1.869801632642209,0.6258323464387836,0.01180596105164246
angle_input,1456,D400,1.888753096,1.8821141536434318,0.6323956948196964,0.012256277344574552
angle_input,1457,D400,1.885233324,1.8809642761692358,0.6317845582029971,0.012073521213474868
angle_input,1458,D600,1.822471144,1.8550669799857264,0.6179208032165442,0.009534551373952387
angle_input,1459,D600,1.842546204,1.8528115767645708,0.6167042566307811,0.009823795806124727
angle_input,1460,D600,1.867332114,1.859440982600543,0.6202758955628568,0.009825780478682863
angle_input,1461,D600,1.877333081,1.8602548053654744,0.6207134704745201,0.00976465604373974
angle_input,1462,D600,1.866049127,1.8597042424019528,0.6204174656204495,0.009933966525844606
angle_input,1463,D800,1.857228637,1.849437046070885,0.6148812933606267,0.010220697879405025
angle_input,1464,D800,1.855300706,1.845626008579704,0.6128185199864482,0.01032724754612113
angle_input,1465,D800,1.878267981,1.860119872664305,0.6206409333174292,0.010280848515557111
angle_input,1466,D800,1.876924281,1.8638782523118351,0.6226593988469132,0.011114115505811933
angle_input,1467,D800,1.82775045,1.8488191519548516,0.6145471390518404,0.010376025121081588
angle_input,1468,S50,1.877396422,1.8823070879921593,0.6324981989426476,0.019696130143035964
angle_input,1469,S50,1.888569121,1.8832378123276756,0.6329925360859335,0.01974372970833495
angle_input,1470,S50,1.895854585,1.8824806670874237,0.6325904108316993,0.019607663939960947
angle_input,1471,S50,1.882504687,1.8782446403170792,0.6303376387116595,0.02045573222565885
angle_input,1472,S50,1.867779812,1.8786956195839615,0.6305777166675759,0.020301803360246055
angle_input,1473,S100,1.883443029,1.8806596748679534,0.631622606181257,0.011864741885003187
angle_input,1474,S100,1.893646428,1.8803242815661974,0.6314442521619205,0.011525136941424317
angle_input,1475,S100,1.88819627,1.8814224028511872,0.6320280880277066,0.01155869358097926
angle_input,1476,S100,1.881334885,1.8801230196610488,0.6313372106909364,0.011583773877563852
angle_input,1477,S100,1.877746376,1.880391355283687,0.6314799228820566,0.011634572389204758
angle_input,1478,S200,1.893085265,1.8656035936515136,0.6235846434433611,0.010324126406914482
angle_input,1479,S200,1.879307862,1.8636752442229432,0.6225504758821421,0.010251782631808865
angle_input,1480,S200,1.887049371,1.8630580140320039,0.6222192312484052,0.010213336516870952
angle_input,1481,S200,1.878233348,1.8628752133295279,0.6221211078031001,0.01023022303707096
angle_input,1482,S200,1.860544951,1.8649368020924388,0.6232271662441133,0.010252095540185276
angle_input,1483,S400,1.824360742,1.8267326939224686,0.6025289579464732,0.019245283182225383
angle_input,1484,S400,1.861976236,1.8398807827906618,0.6097007775602076,0.010431624197904115
angle_input,1485,S400,1.847779778,1.8508667372699619,0.6156540360076798,0.009895349993307524
angle_input,1486,S400,1.845557556,1.8447859711322654,0.6123632659570524,0.01012134401159597
angle_input,1487,S400,1.849355485,1.8376686506074404,0.6084977305365906,0.01061932646873007
angle_input,1488,S600,1.852619799,1.848585812291572,0.6144209209795191,0.010108462134969201
angle_input,1489,S600,1.836251919,1.8546930075832506,0.6177191877993766,0.010102468126526572
angle_input,1490,S600,1.81680461,1.8597215541137448,0.6204267744292492,0.011816445943928552
angle_input,1491,S600,1.826380347,1.846251948933865,0.6131576104804254,0.010323623853246214
angle_input,1492,S600,1.827097635,1.8469172295886707,0.6135178867796379,0.010285417120344831
angle_input,1493,S800,1.860479626,1.853336490719471,0.616987523218544,0.010684395508672838
angle_input,1494,S800,1.853817398,1.8496157105184328,0.6149778934685156,0.010656035259118556
angle_input,1495,S800,1.864159369,1.854008479918589,0.617350040983575,0.010698191060982415
angle_input,1496,S800,1.842760175,1.8541196594893117,0.617410006317337,0.010700344958642406
angle_input,1497,S800,1.851627686,1.8524236693122371,0.6164948731892511,0.010664372741568418
