sample,cond,gly,We,Re,beta,Physics: Laan 2014 (A refit),"Physics: power law in We, Re",M1 XGB raw,M2 XGB Re/We/Oh+geo,M2b XGB Re/We only,M3 XGB hybrid,M4 MLP logRe/logWe+geo,M5 Power-law + XGB residual (geo),M5b Power-law + XGB residual (no geo)
D50,D50|0|0,0,9.813564425,1403.137456,1.560186908,1.5503707042314783,1.7231887673871706,1.6211702823638916,1.5728651285171509,1.7034094333648682,1.6259160041809082,1.5851170155608854,1.5955639242995365,1.6186450304256073
D50,D50|0|0,0,9.117049816,1345.3331,1.561484361,1.5097217679572328,1.6969018832611356,1.5660852193832397,1.5642602443695068,1.5711034536361694,1.566912293434143,1.5670542716980185,1.5657088933348031,1.5701094331583905
D50,D50|0|0,0,9.335398427,1364.054232,1.560393514,1.522735205894639,1.7053412867111377,1.5612082481384277,1.567662239074707,1.5695456266403198,1.569516897201538,1.5728397360535313,1.570843766511965,1.5799037011022532
D50,D50|0|0,0,8.923631648,1330.085602,1.558472561,1.4981223514351931,1.689414771138052,1.571082592010498,1.5659723281860352,1.574252963066101,1.566912293434143,1.5618353576907615,1.5604925445854896,1.5711284603638829
D50,D50|0|0,0,9.269964776,1358.736271,1.561608985,1.5188808518024985,1.7028509515353927,1.5620722770690918,1.5610439777374268,1.5694440603256226,1.5666730403900146,1.5711188878519677,1.5641876664910142,1.5741718046460356
D100,D100|0|0,0,9.185695473,1350.579846,1.561041612,1.5195304958023448,1.695441676268072,1.5605894327163696,1.5637903213500977,1.57145094871521,1.5653711557388306,1.5494115113007845,1.5692924147923393,1.5805654358866053
D100,D100|0|0,0,9.254773228,1357.599961,1.556557304,1.523747621617665,1.6982335350023428,1.565761923789978,1.5651286840438843,1.571273684501648,1.566328763961792,1.5514442530706205,1.5688811660288793,1.5734878068552212
D100,D100|0|0,0,9.529199845,1378.037605,1.560626044,1.5396934962160198,1.7085804883913698,1.56382417678833,1.568495750427246,1.5711126327514648,1.567832350730896,1.559268355741878,1.5787037685201828,1.5897068974235573
D100,D100|0|0,0,9.24749013,1357.549194,1.555448691,1.5233596994508505,1.6979959351498937,1.56456458568573,1.565040946006775,1.571273684501648,1.5659233331680298,1.5512429351160022,1.5686616638662643,1.573267660177492
D100,D100|0|0,0,9.704710081,1392.944357,1.570784601,1.5498738997266586,1.7152338412331827,1.562384843826294,1.5680912733078003,1.5584957599639893,1.5673178434371948,1.564210209828483,1.5860379206405326,1.5994159998340394
D200,D200|0|0,0,9.104963026,1347.604189,1.559258194,1.5139410630667813,1.6927213903606357,1.5803252458572388,1.5694332122802734,1.576277494430542,1.5712673664093018,1.5413471616498895,1.5745032182029965,1.5789648543053831
D200,D200|0|0,0,8.868726744,1330.83058,1.557328689,1.4998582448190345,1.6836122096653883,1.5766547918319702,1.5710865259170532,1.5766706466674805,1.573195457458496,1.5340541459830224,1.57358675343128,1.575025286560111
D200,D200|0|0,0,9.072354799,1346.897804,1.560386696,1.5121418828256374,1.6916052794030578,1.5788108110427856,1.5697087049484253,1.576277494430542,1.569824457168579,1.5404578942446034,1.573465055452419,1.577923749735218
D200,D200|0|0,0,9.227646501,1356.77618,1.56406944,1.521191072011368,1.6974228212337321,1.577486276626587,1.5685060024261475,1.575873851776123,1.5695574283599854,1.545110769206432,1.576990821319503,1.5775280567691004
D200,D200|0|0,0,9.093278763,1346.505423,1.559799742,1.513228914803519,1.6922529199702234,1.5803252458572388,1.5694332122802734,1.576277494430542,1.5712673664093018,1.5409715110283473,1.574067465372355,1.578527866691263
D400,D400|0|0,0,8.535831207,1305.700843,1.57747785,1.4767254731084365,1.6698482360556373,1.5617135763168335,1.570380687713623,1.5839436054229736,1.5729711055755615,1.5729353573112932,1.5736332912209472,1.5817840602011564
D400,D400|0|0,0,8.825707996,1327.730311,1.582462146,1.4945264734517452,1.6813851168955767,1.5581231117248535,1.5635449886322021,1.577797293663025,1.5654741525650024,1.577044871673274,1.5706125580678139,1.574931267968335
D400,D400|0|0,0,8.718587882,1319.822169,1.571871059,1.488014817426041,1.677172914937359,1.561047911643982,1.570380687713623,1.5839436054229736,1.5704225301742554,1.575548188711554,1.580535929608617,1.5887224513980516
D400,D400|0|0,0,8.594539988,1309.816081,1.578362744,1.4803366245418756,1.6721786760686943,1.5620754957199097,1.570380687713623,1.5839436054229736,1.5729711055755615,1.5737635123402496,1.575829453667663,1.5839915978601569
D400,D400|0|0,0,8.595763022,1308.707833,1.571060369,1.4803165393227762,1.672128749376275,1.5588819980621338,1.5697814226150513,1.5839436054229736,1.5699695348739624,1.5737348995256273,1.575782403700118,1.5839443041932584
D600,D600|0|0,0,8.815447588,1328.955057,1.562491354,1.4950032585395359,1.6805775749596215,1.5771113634109497,1.5663784742355347,1.5779136419296265,1.567053198814392,1.5734217308510317,1.5785265493599592,1.5798166417440536
D600,D600|0|0,0,8.793256391,1325.941911,1.560566365,1.4935474144434953,1.679593309395499,1.571951150894165,1.5663784742355347,1.5779136419296265,1.5660792589187622,1.5731739898491786,1.5776020521229748,1.5788913889373606
D600,D600|0|0,0,8.875600725,1333.852732,1.566691898,1.4986767011174744,1.6829704333141025,1.577516794204712,1.5622286796569824,1.5773183107376099,1.5658292770385742,1.5740915361553987,1.5741018950791854,1.57586760195017
D600,D600|0|0,0,9.201042343,1359.130182,1.559224889,1.5181618083441497,1.6956211351197477,1.5749647617340088,1.5602376461029053,1.5712627172470093,1.560082197189331,1.5776434988320986,1.5757613558161023,1.5708803301011918
D600,D600|0|0,0,9.217697297,1361.623057,1.58159802,1.519242133378729,1.6963563509623596,1.573422908782959,1.5597505569458008,1.5712627172470093,1.560082197189331,1.5778216581066686,1.5764446008458888,1.5715614587340077
D800,D800|0|0,0,9.172520989,1363.517698,1.644690279,1.518691713400325,1.6951612579920894,1.6089770793914795,1.5777312517166138,1.569635272026062,1.5796557664871216,1.560304816910098,1.5797604251865718,1.5693719495359209
D800,D800|0|0,0,8.940112469,1345.992744,1.57983316,1.504827626711317,1.6861645039321491,1.6124635934829712,1.5796916484832764,1.573559284210205,1.5801347494125366,1.5587176208589426,1.5782823200340073,1.5701209547310984
D800,D800|0|0,0,8.692134098,1325.053001,1.564816559,1.4895776054349956,1.6761954182022922,1.619773030281067,1.581132173538208,1.5762172937393188,1.5824288129806519,1.556832854658313,1.576789527613757,1.5721967093908311
D800,D800|0|0,0,8.902141484,1344.527154,1.566544735,1.5026499728165827,1.6847921908678445,1.6215605735778809,1.5881015062332153,1.5732933282852173,1.591174602508545,1.5583535269546964,1.577947996347647,1.5725642021033095
D800,D800|0|0,0,8.844633247,1339.803103,1.592458478,1.4991395908886278,1.6825020722907924,1.6200999021530151,1.5881015062332153,1.5732933282852173,1.5889180898666382,1.5579134885169952,1.5758031098508758,1.570426633735908
S50,S50|0|0,0,7.955368754,1261.187877,1.575816199,1.443683333838136,1.645923263678049,1.5353659391403198,1.558807611465454,1.5809249877929688,1.5560214519500732,1.5601147419582395,1.5228549756241607,1.487464107813983
S50,S50|0|0,0,8.570554519,1316.981636,1.602076658,1.4835706816464265,1.6721735482522802,1.5510435104370117,1.5601011514663696,1.5747538805007935,1.554054856300354,1.5631093437420402,1.5575191564339408,1.5671703350934014
S50,S50|0|0,0,8.763465091,1332.639357,1.579807863,1.4955304197159383,1.6799772155928707,1.5566725730895996,1.569179892539978,1.5747538805007935,1.5635944604873657,1.5640216465003334,1.5626015215235527,1.575359450913283
S50,S50|0|0,0,8.379595842,1300.740148,1.580573721,1.471489056764863,1.664262776648875,1.5499191284179688,1.5600136518478394,1.5809249877929688,1.5545654296875,1.5621928381503913,1.5398232141772366,1.5040380076432696
S50,S50|0|0,0,8.589470381,1318.148284,1.592722949,1.484722238628292,1.6729138822058722,1.5508407354354858,1.5603721141815186,1.5747538805007935,1.5542099475860596,1.5632038355371285,1.5582087285875508,1.567864180185823
S100,S100|0|0,0,9.433814042,1379.369782,1.567218001,1.5360539655748253,1.7061161256215802,1.5832496881484985,1.574894905090332,1.579543948173523,1.5708657503128052,1.569511906962501,1.580149083085786,1.6025005741693483
S100,S100|0|0,0,9.473879013,1383.021445,1.570607716,1.5384264609048852,1.7076741622100575,1.5825284719467163,1.5752265453338623,1.579543948173523,1.571392297744751,1.5701193508226683,1.5815920857335688,1.6039639883473849
S100,S100|0|0,0,9.660129968,1396.189355,1.571419163,1.5490599499534958,1.7145523695073281,1.5846158266067505,1.5757570266723633,1.7259180545806885,1.602890968322754,1.5728357021196837,1.5888985656987429,1.6499301008373275
S100,S100|0|0,0,9.559126235,1388.669176,1.566838091,1.5432808390252621,1.7108038450919845,1.5853378772735596,1.574894905090332,1.579543948173523,1.5696501731872559,1.5713603824107216,1.5844906958937794,1.6069035998661663
S100,S100|0|0,0,9.277348112,1364.687488,1.564440461,1.5266886444189114,1.6999517705020375,1.5622460842132568,1.5677107572555542,1.580237865447998,1.562244176864624,1.5671092681890837,1.5737365615501737,1.5807652756357637
S200,S200|0|0,0,9.035750832,1353.487173,1.56406097,1.5119058810600385,1.691371845734978,1.580508828163147,1.5852749347686768,1.5758464336395264,1.5782380104064941,1.5728149498854482,1.5666645937004966,1.5758821844258732
S200,S200|0|0,0,8.698463341,1325.417821,1.580191426,1.4912664072689275,1.6778877606265334,1.5742844343185425,1.5696073770523071,1.5748155117034912,1.5679877996444702,1.5658717453599797,1.5669650759926337,1.5718979644948228
S200,S200|0|0,0,9.042468938,1354.434088,1.583074977,1.512342534311045,1.6916681890073078,1.5812543630599976,1.5852749347686768,1.5758464336395264,1.5793286561965942,1.5729593543116258,1.5669390871618316,1.576158292890441
S200,S200|0|0,0,8.901873101,1343.927612,1.572904736,1.5039040620247766,1.686192252225666,1.5816693305969238,1.585235834121704,1.5749776363372803,1.5793581008911133,1.5701199119306326,1.5688896781921138,1.5724710694501036
S200,S200|0|0,0,8.81812186,1336.692324,1.585051572,1.498755408511314,1.682821088520645,1.5758854150772095,1.5677125453948975,1.5749776363372803,1.5683295726776123,1.568389211609182,1.5657530347083577,1.569327265776751
S400,S400|0|0,0,8.993445408,1348.789346,1.562576774,1.5100330851956156,1.6889342991958731,1.5735604763031006,1.5674771070480347,1.575974464416504,1.567092776298523,1.5431723259120138,1.5720742748779448,1.5723787965730263
S400,S400|0|0,0,8.955992344,1345.934645,1.582775974,1.507780556320634,1.6874685480688598,1.5742096900939941,1.5674771070480347,1.575974464416504,1.567092776298523,1.5426530830655012,1.5707099413800414,1.5710141987942576
S400,S400|0|0,0,8.965503508,1347.622098,1.570456464,1.5084301444998847,1.6879195792817936,1.571531057357788,1.5706173181533813,1.575974464416504,1.5687167644500732,1.542820266541624,1.5711297650329554,1.5714341037699262
S400,S400|0|0,0,9.018946862,1351.827634,1.5750196,1.5116506358479131,1.690018807126365,1.5708829164505005,1.571094036102295,1.5763994455337524,1.5687167644500732,1.5435647324159918,1.5737275284120755,1.5748253163263553
S400,S400|0|0,0,9.132007074,1361.503762,1.577183511,1.5184827513777215,1.69449374437526,1.5844401121139526,1.5828906297683716,1.5733870267868042,1.577126383781433,1.5451560150411041,1.5711702854827336,1.5753485419771998
S600,S600|0|0,0,9.107647422,1358.07798,1.555828114,1.5173790387166304,1.69409014456419,1.577837586402893,1.5829882621765137,1.578054666519165,1.589340329170227,1.5260910616480106,1.5812548132354762,1.5826971492955804
S600,S600|0|0,0,9.10863275,1358.009859,1.56117239,1.5174262314314078,1.6941166796233071,1.577837586402893,1.5829882621765137,1.578054666519165,1.589340329170227,1.5261008650100132,1.5812795809198188,1.5827219395716796
S600,S600|0|0,0,9.158675554,1361.451125,1.561823954,1.5203701509745557,1.6960196045009546,1.577837586402893,1.5829882621765137,1.578054666519165,1.5905581712722778,1.5269450462224845,1.583055760972374,1.584499739760672
S600,S600|0|0,0,9.090920795,1357.265257,1.559846724,1.516419455548143,1.6934797360102718,1.5785928964614868,1.5848815441131592,1.580349087715149,1.5898939371109009,1.5258250975257936,1.5853693492586567,1.5823087700138303
S600,S600|0|0,0,9.009511288,1350.394738,1.561648453,1.5114974121264526,1.690260348780285,1.577837586402893,1.5787148475646973,1.5761727094650269,1.5828516483306885,1.5243774382107698,1.5776068586971603,1.572122776485576
S800,S800|0|0,0,9.074826434,1356.367227,1.589227754,1.516596382879571,1.6921921404443414,1.5639714002609253,1.5744885206222534,1.5684866905212402,1.5788214206695557,1.78957671507602,1.5779217736529805,1.5662806260345958
S800,S800|0|0,0,9.249596423,1369.704849,1.580440672,1.526965921270934,1.6989407617759595,1.5661969184875488,1.584424614906311,1.5667113065719604,1.588754415512085,1.7944331381887704,1.5855356728218093,1.5680931216027258
S800,S800|0|0,0,9.273861026,1372.510181,1.59815524,1.5284713841504605,1.699947267396729,1.5931086540222168,1.5893250703811646,1.5667113065719604,1.589048147201538,1.7952083338546232,1.5864749937225318,1.569022108990805
S800,S800|0|0,0,9.04946375,1354.957682,1.615199232,1.515122200923588,1.6912477548617117,1.5640770196914673,1.5744885206222534,1.5684866905212402,1.578681468963623,1.7889255253997443,1.5770411605488657,1.5654065096702505
S800,S800|0|0,0,9.064718163,1356.207807,1.584848504,1.516041442902397,1.691848599934909,1.5709224939346313,1.5795644521713257,1.5684866905212402,1.578681468963623,1.7893624892249906,1.5776014317503035,1.565962647460342
D50,D50|0|1,0,32.98773303,2575.598999,2.044100443,2.316645279456703,2.2073239919520207,2.1104397773742676,2.1095962524414062,2.4373116493225098,2.148683547973633,2.1371171121558374,2.1471840354380665,2.2572204234755713
D50,D50|0|1,0,32.32697777,2543.126812,2.04957737,2.3016961229502315,2.197857130746554,2.011833429336548,2.1434130668640137,2.4307661056518555,2.0506927967071533,2.126032274419773,2.136534994520536,2.242637189105138
D50,D50|0|1,0,32.0192091,2560.813087,1.999572687,2.297491480141796,2.195238317792521,2.063383102416992,2.071324110031128,2.4400641918182373,2.020167350769043,2.1235762604391195,2.1339892487383727,2.240279312416247
D50,D50|0|1,0,32.08951474,2564.696446,2.017631508,2.2991396284452543,2.1962813043559235,2.062574863433838,2.071324110031128,2.4400641918182373,2.0176055431365967,2.124803650144895,2.1350031350644447,2.241343698547894
D50,D50|0|1,0,32.26879889,2574.484704,2.006211894,2.3033211199993793,2.198927213717886,2.0618345737457275,2.071263551712036,2.4307661056518555,2.034796714782715,2.1279160844674103,2.1375752212410575,2.243729074393479
D100,D100|0|1,0,27.70769315,2379.551678,2.016437285,2.2029808800512707,2.1330768920931007,1.9217822551727295,1.9575895071029663,1.9425100088119507,1.938918113708496,1.9914754014839928,1.9349471521377328,1.9313432051191528
D100,D100|0|1,0,29.24808005,2446.156795,1.994408192,2.2406989818354544,2.1571939643987976,1.9469726085662842,1.9559152126312256,1.9155974388122559,1.9523299932479858,2.029567515885595,1.9496480124118782,1.9296753562056326
D100,D100|0|1,0,28.06617674,2396.857924,1.97356662,2.21204978347405,2.1388781174460787,1.9222742319107056,1.9342433214187622,1.9425100088119507,1.9404160976409912,2.0001757916980263,1.9402095336849068,1.936595785187115
D100,D100|0|1,0,28.1072115,2395.708878,1.983306755,2.2128128205054787,2.139357260795965,1.9247416257858276,1.9575895071029663,1.9425100088119507,1.9408358335494995,2.0011090945774157,1.9406441720534369,1.937029614017436
D100,D100|0|1,0,29.43250116,2458.682349,1.971798525,2.2455079099231976,2.160280186758763,1.9428551197052002,1.949079990386963,1.8638691902160645,1.947840690612793,2.034254554886296,1.9499184494126633,1.9146262581725821
D200,D200|0|1,0,31.39357402,2540.920213,1.964318123,2.2897389659127514,2.1886516925367183,2.012538194656372,1.9701343774795532,2.078624963760376,1.9717049598693848,1.9997146188095816,2.021216971204804,2.0482265186993276
D200,D200|0|1,0,31.04867112,2525.694787,1.961302475,2.281822716182057,2.1835887470675552,1.9909744262695312,1.9555163383483887,2.0097076892852783,1.9698823690414429,1.9947146906257431,1.9791157405518713,1.9929879948404372
D200,D200|0|1,0,29.30006149,2453.656512,1.966048011,2.2411083816813107,2.157577659708955,1.9507685899734497,1.9464586973190308,1.8932068347930908,1.9553295373916626,1.9690034419287916,1.9599313270710026,1.9201246153437403
D200,D200|0|1,0,30.92507221,2525.229035,1.959125658,2.2793991968089675,2.182044518433496,1.9867233037948608,1.9544544219970703,2.0097076892852783,1.9626946449279785,1.9931598994181496,1.9777161147291142,1.991578558593295
D200,D200|0|1,0,29.89559435,2478.945472,1.970214261,2.255237165568844,2.166600821549403,1.951882004737854,1.9476217031478882,1.8683375120162964,1.9544926881790161,1.977916528032306,1.9607060124317577,1.9134993365973558
D400,D400|0|1,0,29.19840015,2439.356091,1.964858008,2.234455101826157,2.1529893298988467,1.993496060371399,2.000570297241211,1.9355676174163818,1.9659754037857056,2.0152508735032506,1.9569121079826286,1.9372763589199427
D400,D400|0|1,0,29.28460779,2447.973946,1.951867166,2.2369434329949334,2.154583146348009,1.9845489263534546,1.9615415334701538,1.9422121047973633,1.9550660848617554,2.016819651654018,1.9580551251204883,1.942056167464341
D400,D400|0|1,0,28.6516497,2419.961419,1.959093971,2.2215982079561156,2.1448208965147804,1.9602165222167969,1.9857590198516846,1.9413752555847168,1.9533774852752686,2.0071392214637855,1.9494875908377713,1.9388021046513688
D400,D400|0|1,0,30.86213586,2518.126425,1.953838928,2.274185793817018,2.1782927611586986,1.992689847946167,1.962323784828186,2.0142600536346436,1.9499467611312866,2.0408228976154765,1.9727495887733775,2.003114939092717
D400,D400|0|1,0,31.03603736,2525.833788,1.947956474,2.2782030579072527,2.180851567969721,2.0105762481689453,1.964598298072815,2.0142600536346436,1.9510176181793213,2.043465718055666,1.975066947199299,2.005467967225944
D600,D600|0|1,0,28.27059515,2406.862061,1.954137272,2.213713633859746,2.1395591991326524,1.943522334098816,1.9482448101043701,1.9564169645309448,1.941001296043396,1.9566302597661687,1.9611073130169163,1.9597596006422033
D600,D600|0|1,0,29.82297086,2479.823057,1.941923138,2.2516519231091543,2.163755546916394,1.9415348768234253,1.9477407932281494,1.9673724174499512,1.9369707107543945,1.978822772071976,1.957279410743774,1.963581008087331
D600,D600|0|1,0,29.20946562,2452.604052,1.944425234,2.2369727140164777,2.1543946589178278,1.9294319152832031,1.944606065750122,1.9386656284332275,1.9373420476913452,1.9701824902315037,1.9544133695961425,1.9433811155957406
D600,D600|0|1,0,28.64397793,2426.18954,1.943606342,2.22312703189762,2.1455655439115007,1.9253734350204468,1.944069743156433,1.9390307664871216,1.9368150234222412,1.9620760351602948,1.9461031563568576,1.938514164803861
D600,D600|0|1,0,29.51054802,2465.401166,1.939217447,2.24415657771302,2.158974268055521,1.9423168897628784,1.944704294204712,1.8817224502563477,1.9363139867782593,1.97443259969831,1.9461559619274595,1.9152598769636777
D800,D800|0|1,0,28.25396732,2416.254946,1.937833439,2.216222273265025,2.1412304764054912,1.94366455078125,1.9423006772994995,1.9543161392211914,1.9500144720077515,1.7979878168688868,1.9497967006406947,1.9511390843920173
D800,D800|0|1,0,28.79032421,2440.233383,1.931115531,2.2294029799332993,2.149651225461513,1.9334274530410767,1.9422917366027832,1.9436182975769043,1.949356198310852,1.8093992619774992,1.9537885774880868,1.9386387092830553
D800,D800|0|1,0,28.31263534,2419.038769,1.937390462,2.217686691855242,2.1421663175042394,1.94366455078125,1.9423006772994995,1.9543161392211914,1.9500144720077515,1.799248783136338,1.9506488741487638,1.9519918445991358
D800,D800|0|1,0,28.15378128,2410.973826,1.939430677,2.2136712535900305,2.1395988683825307,1.94366455078125,1.9423006772994995,1.9543161392211914,1.9500144720077515,1.7958104028894795,1.9483109642965866,1.9496523251575093
D800,D800|0|1,0,29.39911029,2466.348539,1.930410702,2.244052801039134,2.1590120964417334,1.947826623916626,1.945933222770691,1.929276943206787,1.9527759552001953,1.8222272312216992,1.949369148756476,1.9332805526920729
S50,S50|0|1,0,31.60038287,2532.222529,2.018231427,2.2945175646808003,2.191358349498926,1.9754055738449097,2.0018885135650635,2.014216423034668,1.9874560832977295,1.9952486448806561,2.023429473295107,2.0087364460316155
S50,S50|0|1,0,31.55709631,2531.646954,2.016383376,2.293647757660814,2.190801298296603,1.9966474771499634,2.0018885135650635,2.014216423034668,1.9896678924560547,1.9940507484313816,2.0229151102192677,2.008225817976342
S50,S50|0|1,0,31.36146534,2515.341942,2.019922289,2.288515000715261,2.1875048699962343,1.966012716293335,1.996486783027649,2.0303330421447754,1.9812434911727905,1.9875075844830912,2.0729239612993138,2.0055803975439463
S50,S50|0|1,0,31.74902897,2537.709663,2.023950784,2.297801389701914,2.1934638967706577,1.9754055738449097,2.001995325088501,2.014216423034668,1.9874560832977295,1.9996422372153946,2.0253736675926817,2.01066652266401
S50,S50|0|1,0,31.50126567,2529.765633,2.020788185,2.2924256471309987,2.190017971929278,1.9966474771499634,2.0018885135650635,2.014216423034668,1.9896678924560547,1.992411563202922,2.0221918119694777,2.0075077719189536
S100,S100|0|1,0,29.63295674,2477.266743,1.928651999,2.2525760633452947,2.1649379009637664,1.9468590021133423,1.9566538333892822,1.9006390571594238,1.9449470043182373,1.9725039147978836,1.9421745045851921,1.9241986670352758
S100,S100|0|1,0,29.22575241,2459.215669,1.93017593,2.2428045403800785,2.1586804848717795,1.9271514415740967,1.9538298845291138,1.9502668380737305,1.9424636363983154,1.9570587667818429,1.9475744934477874,1.9436911831468464
S100,S100|0|1,0,29.96882342,2492.040895,1.932332607,2.2605519654927915,2.170046602344562,1.945015788078308,1.9561129808425903,2.0716328620910645,1.9456307888031006,1.9851724726071507,1.9556335732694434,2.0072595033749026
S100,S100|0|1,0,29.82118626,2486.215211,1.936713222,2.257111500966388,2.167843923061206,1.945015788078308,1.9564757347106934,2.030728816986084,1.9449470043182373,1.9796584901657264,1.9530137050564003,1.9910486229867963
S100,S100|0|1,0,30.23973842,2503.943233,1.941062316,2.266936457977365,2.174136847380348,1.948909878730774,1.9561129808425903,2.0716328620910645,1.9456307888031006,1.9953495136484902,1.959319678676691,2.0110429166943877
S200,S200|0|1,0,29.77186057,2482.029002,1.935150704,2.2545038439944203,2.1665646926326416,1.9444009065628052,1.933337926864624,1.9904965162277222,1.9294514656066895,1.9604161860467997,1.937831637064069,1.9673914276320033
S200,S200|0|1,0,30.34125448,2509.186407,1.934574776,2.268118844868426,2.175280793812062,1.9384067058563232,1.938368320465088,2.090437173843384,1.9311025142669678,1.9793991488548932,1.9497639860898575,2.032313254061391
S200,S200|0|1,0,30.11419764,2498.702409,1.931366726,2.2627416335001334,2.1718386752479217,1.9359149932861328,1.938368320465088,2.090437173843384,1.930433988571167,1.972460005788598,1.9466787205777893,2.029097364324372
S200,S200|0|1,0,29.8982764,2487.36858,1.93014659,2.2574836696814344,2.168471000111092,1.9359149932861328,1.9384689331054688,2.0391035079956055,1.930433988571167,1.9648079078460494,1.9441156610819683,2.009592508881584
S200,S200|0|1,0,29.88014913,2487.086768,1.934298104,2.257098454350623,2.1682253798521636,1.9359149932861328,1.933337926864624,1.9904965162277222,1.9294514656066895,1.9642156328792026,1.9393169987724919,1.9688994471297712
S400,S400|0|1,0,27.6032746,2393.80262,1.928885505,2.20310188009434,2.133351755193606,1.6778812408447266,1.6314220428466797,1.7409107685089111,1.6217310428619385,1.8040891076477759,2.023550976926137,2.1469817862213523
S400,S400|0|1,0,27.6803607,2375.73064,1.934057083,2.203192004110485,2.1333422836677127,1.9446287155151367,1.6668694019317627,2.024148941040039,1.864978551864624,1.8043887919705113,2.075076098866445,2.2138149316709304
S400,S400|0|1,0,27.98390307,2412.794825,1.924819553,2.2128085782941276,2.1395709644092147,1.9376319646835327,1.935475468635559,1.974966287612915,1.937015175819397,1.8151958229447902,1.9388043310440735,1.9727004783752646
S400,S400|0|1,0,27.62123835,2394.147275,1.919839737,2.203514958297689,2.133614685076682,1.6755738258361816,1.6314728260040283,1.7409107685089111,1.6236344575881958,1.8045659176852777,2.023800374157731,2.1472463959692027
S400,S400|0|1,0,28.39444221,2427.682581,1.9194336,2.22269303855175,2.1458904238225505,1.928077220916748,1.9249324798583984,1.9484407901763916,1.9250608682632446,1.8265968658522447,1.9249193805801277,1.9448038812600215
S600,S600|0|1,0,28.84007039,2452.368465,1.925053088,2.2346037037580904,2.1535624318083024,1.9268633127212524,1.9167418479919434,1.9509880542755127,1.929080843925476,1.938506638674004,1.9258252060699264,1.944761986243404
S600,S600|0|1,0,29.36361421,2476.617838,1.926645985,2.2473603524000736,2.1617302694887672,1.926269292831421,1.9201277494430542,1.9349650144577026,1.9295061826705933,1.9517874412718195,1.9224926751020226,1.9416875928825579
S600,S600|0|1,0,29.07832507,2464.483852,1.921919857,2.2405220849924317,2.1573538630281712,1.9268633127212524,1.9154932498931885,1.9435385465621948,1.929080843925476,1.9446404027503281,1.9186006033285379,1.938257255437672
S600,S600|0|1,0,28.51392577,2434.107218,1.927081693,2.2263011998708797,2.14823992071086,1.9463422298431396,1.9224079847335815,1.9430421590805054,1.931767225265503,1.9299496734078476,1.9210655455745327,1.9393238772914232
S600,S600|0|1,0,27.90276627,2409.276327,1.924848505,2.211364000825369,2.1386899607333896,1.9391754865646362,1.9185664653778076,1.9569361209869385,1.9301611185073853,1.9144075042610753,1.916534345689808,1.9538775051965533
S800,S800|0|1,0,29.20033253,2474.754616,1.92363974,2.245243679958379,2.1597436886327337,1.9383848905563354,1.9286247491836548,1.9600882530212402,1.936126708984375,2.1684499652675755,1.9183252482866349,1.9520590139997616
S800,S800|0|1,0,29.31287457,2480.728938,1.912130921,2.248040884218216,2.1615393460604335,1.9383848905563354,1.9336549043655396,1.9618237018585205,1.9362791776657104,2.1709642426625058,1.9195265857895816,1.95314371364978
S800,S800|0|1,0,28.91125921,2463.421375,1.917343839,2.2383658742700834,2.155336898147589,1.9414020776748657,1.9285296201705933,1.947874903678894,1.936126708984375,2.162386040876003,1.917467694785964,1.945312639461284
S800,S800|0|1,0,28.97528457,2464.597549,1.910109237,2.2397797767665475,2.156239843407128,1.9414020776748657,1.9285296201705933,1.947874903678894,1.936126708984375,2.1635923775301986,1.918270988399512,1.9461275982863442
S800,S800|0|1,0,29.45895575,2487.379954,1.916211727,2.251566082757443,2.1638004457302653,1.9383848905563354,1.9337652921676636,2.081666946411133,1.9357706308364868,2.1741038255400764,1.9278752034278674,2.0044271225403167
D50,D50|0|2,0,50.58595711,3167.25537,2.401662904,2.6304157930082472,2.407567339634888,2.390390634536743,2.472273349761963,2.6118052005767822,2.4274256229400635,2.3997884775637224,2.439482802045586,2.479759850415828
D50,D50|0|2,0,51.09489823,3197.096252,2.408329379,2.639274077739874,2.4131783339717137,2.3835065364837646,2.4482953548431396,2.398101806640625,2.4135735034942627,2.4104925021520254,2.4091957851560455,2.392621920941115
D50,D50|0|2,0,50.84154899,3191.572639,2.409795375,2.6356825750691177,2.4108489345221016,2.3981773853302,2.4092485904693604,2.3986074924468994,2.4126758575439453,2.4059660999756045,2.404057489365564,2.391020794368811
D50,D50|0|2,0,51.72886649,3217.163799,2.433450011,2.6487408282684815,2.41927593940707,2.4479963779449463,2.4683189392089844,2.395900249481201,2.482698917388916,2.4212804618485126,2.489110885994593,2.401043425114908
D50,D50|0|2,0,50.9839366,3193.064549,2.434746684,2.6375629645271594,2.4120800439392953,2.3835065364837646,2.4482953548431396,2.3986074924468994,2.4135735034942627,2.408555656543025,2.4080993076683557,2.393288576388121
D100,D100|0|2,0,50.61963061,3188.792532,2.383093911,2.640099331570477,2.4153233452502167,2.397634983062744,2.3958067893981934,2.3844079971313477,2.4005649089813232,2.4225913231735894,2.393959158897023,2.3862926179104487
D100,D100|0|2,0,51.10312293,3200.83367,2.377584742,2.6470993118790807,2.4199291695797216,2.3972115516662598,2.4045093059539795,2.377960205078125,2.4098639488220215,2.4301424937944267,2.402459083893853,2.3836615665204124
D100,D100|0|2,0,51.30402822,3207.624125,2.412540012,2.6501483819443576,2.421921482435573,2.404074192047119,2.4045188426971436,2.384782075881958,2.4089548587799072,2.433366555699491,2.405707795181309,2.3887483556891134
D100,D100|0|2,0,51.15566074,3201.549428,2.430015758,2.647805140371664,2.4203986400857644,2.3972115516662598,2.4047205448150635,2.377960205078125,2.4098639488220215,2.4309273966783196,2.4041951475837977,2.3826242013037797
D100,D100|0|2,0,50.69971418,3187.170584,2.430136719,2.6409472814274313,2.41591037368745,2.38720440864563,2.40046763420105,2.38474440574646,2.40409517288208,2.4236437932131203,2.394540994909419,2.385682002922928
D200,D200|0|2,0,50.37858216,3181.689776,2.428161204,2.635133950052996,2.4117089771649405,2.402804136276245,2.4055111408233643,2.390326738357544,2.3995437622070312,2.4215440114054525,2.4098781891764465,2.3906600902633053
D200,D200|0|2,0,50.62352781,3191.649031,2.404430077,2.6390354061065824,2.414238680338158,2.403202533721924,2.4124674797058105,2.387716770172119,2.4009346961975098,2.4279289703356524,2.4134286681447388,2.387839823184261
D200,D200|0|2,0,50.6686509,3192.677113,2.384685146,2.639682514965299,2.41466418544519,2.4120709896087646,2.4124674797058105,2.387716770172119,2.403167724609375,2.4290303512414444,2.4138540304886185,2.3882606755414924
D200,D200|0|2,0,49.96282302,3170.596487,2.384331984,2.6289857377011288,2.4076813704983935,2.388293504714966,2.409977674484253,2.3798274993896484,2.3916337490081787,2.411207056432478,2.401015664799849,2.376621432164184
D200,D200|0|2,0,50.56188429,3190.492025,2.388001759,2.6381721357265744,2.413669085071169,2.416435480117798,2.4124674797058105,2.3894214630126953,2.4009346961975098,2.4264461947896714,2.412859263985247,2.392229902646893
D400,D400|0|2,0,50.93213201,3211.038631,2.4082186,2.64097076816525,2.414070869162431,2.413677215576172,2.408874273300171,2.3891043663024902,2.411302089691162,2.4531702408815974,2.405745834885163,2.390508620636389
D400,D400|0|2,0,50.87473104,3206.636954,2.417180474,2.639883540731368,2.4133841129195583,2.413691997528076,2.4106225967407227,2.3853142261505127,2.415278911590576,2.451949671056676,2.406389028476284,2.3866213122593978
D400,D400|0|2,0,50.83345912,3207.246912,2.394055265,2.6394277062743954,2.413073220862341,2.4122066497802734,2.408874273300171,2.3891043663024902,2.4066851139068604,2.451329628671168,2.4047516270210605,2.389520709762606
D400,D400|0|2,0,50.90336113,3209.032502,2.419993966,2.640443235529076,2.4137364360060904,2.413888931274414,2.408874273300171,2.3891043663024902,2.4130208492279053,2.4525722379945645,2.4054125550369236,2.390177451674669
D400,D400|0|2,0,50.44880369,3194.880839,2.429802299,2.6336002079295824,2.4092883435289925,2.409299850463867,2.4065558910369873,2.3875491619110107,2.4033262729644775,2.4443005449166937,2.3944967644040545,2.38926509881406
D600,D600|0|2,0,51.01391207,3212.095826,2.420626025,2.643289475194591,2.4160139399625797,2.4181268215179443,2.386573076248169,2.389228105545044,2.3929591178894043,2.4194694712076292,2.3942941433939002,2.3954348121686504
D600,D600|0|2,0,50.99461625,3211.855239,2.394758376,2.643031537574482,2.415842938076133,2.4137303829193115,2.386573076248169,2.389228105545044,2.3927688598632812,2.4190774807298823,2.3941246788024686,2.3952652668423733
D600,D600|0|2,0,50.04905392,3182.353477,2.384010172,2.6287562875935353,2.4065403686498037,2.4015138149261475,2.383530378341675,2.3810174465179443,2.380784511566162,2.3988300503845807,2.383202090260801,2.3783177813210523
D600,D600|0|2,0,50.81378126,3203.745884,2.418643886,2.6401035125457555,2.413953540257622,2.4115092754364014,2.385852813720703,2.387007236480713,2.3903093338012695,2.415089177010423,2.3947617272078725,2.389483816750993
D600,D600|0|2,0,49.89086129,3173.868388,2.39934375,2.6260407307828193,2.4047983359463805,2.4106972217559814,2.3820173740386963,2.3810174465179443,2.3713014125823975,2.395234935525781,2.3814769515371026,2.378273796233303
D800,D800|0|2,0,48.73632278,3157.391312,2.360297782,2.612145996787554,2.39637029495141,2.3668601512908936,2.342710018157959,2.4227616786956787,2.347926616668701,2.2229183027005415,2.375161898150953,2.431218272490739
D800,D800|0|2,0,48.71017774,3156.443787,2.375450943,2.6117288098532607,2.396099076717304,2.3668601512908936,2.342710018157959,2.4227616786956787,2.347926616668701,2.2224376316508656,2.3748930802570367,2.43094311020552
D800,D800|0|2,0,49.59366329,3184.407726,2.371242957,2.625385660720501,2.4050089680105424,2.3922336101531982,2.3766796588897705,2.388734817504883,2.401088237762451,2.2383778324649923,2.3856811272557437,2.3763433274577195
D800,D800|0|2,0,48.87213021,3159.7469,2.383375605,2.6140889429315406,2.3976514447446626,2.3727450370788574,2.3541078567504883,2.4227616786956787,2.349155902862549,2.225270234702343,2.376431709490698,2.4325180527432804
D800,D800|0|2,0,49.49581266,3182.024677,2.365110163,2.6239438161975843,2.404062693933501,2.395946741104126,2.3766796588897705,2.388734817504883,2.4002163410186768,2.2366597632526295,2.384742457904886,2.375408332154653
S50,S50|0|2,0,49.86507612,3179.490376,2.38150949,2.6302074780853872,2.408463078967653,2.343137502670288,2.37351393699646,2.3819804191589355,2.3907856941223145,2.3991379675409106,2.3720555160653083,2.378228836941957
S50,S50|0|2,0,50.38530021,3197.714675,2.394125437,2.638284410783382,2.4137293541247593,2.349120855331421,2.3805792331695557,2.3927180767059326,2.391756534576416,2.405465439512233,2.389549210497369,2.390651826197734
S50,S50|0|2,0,50.73721473,3210.832662,2.396222224,2.6437814468941245,2.41730846404652,2.3914384841918945,2.384428024291992,2.392477512359619,2.3937125205993652,2.409767077730706,2.392518007608548,2.3944442507263473
S50,S50|0|2,0,50.38040435,3198.799719,2.392269046,2.638317572804079,2.4137415253895345,2.3660812377929688,2.381103277206421,2.3927180767059326,2.39522647857666,2.4054795945017386,2.389561259833424,2.391364385127735
S50,S50|0|2,0,50.5816166,3206.706861,2.369866879,2.6414994373098795,2.415810046642401,2.3901922702789307,2.385293483734131,2.3927180767059326,2.3953640460968018,2.4079653899886653,2.39283789967826,2.397243668787814
S100,S100|0|2,0,50.72358768,3211.540312,2.374401007,2.644875080889809,2.418722104567385,2.3913071155548096,2.3755385875701904,2.3992443084716797,2.400233030319214,2.429594116262083,2.374662773237136,2.3971682623229116
S100,S100|0|2,0,50.84879371,3216.924579,2.370325356,2.6468868228443334,2.4200283547337076,2.3885011672973633,2.3755385875701904,2.3992443084716797,2.4019362926483154,2.4317488526589317,2.3771785229652984,2.398462872164799
S100,S100|0|2,0,51.47311104,3240.484327,2.391706078,2.656580584557077,2.426347620149955,2.4027020931243896,2.375328540802002,2.4200258255004883,2.4094080924987793,2.4421499496827384,2.3888961244781304,2.4118267449851616
S100,S100|0|2,0,51.5478052,3241.302463,2.424080577,2.657561506989898,2.4270026565851794,2.414304256439209,2.375328540802002,2.421477794647217,2.4254777431488037,2.4432078966178192,2.393846873892666,2.4138418663391605
S100,S100|0|2,0,50.3266303,3197.859183,2.379081599,2.6387671058139706,2.4147318338226036,2.3895487785339355,2.3742892742156982,2.3834457397460938,2.3936798572540283,2.423052226665149,2.3637820367097495,2.3852254774447257
S200,S200|0|2,0,50.09576507,3207.146081,2.41122508,2.6353591782763597,2.4124915304479178,2.3618366718292236,2.359750270843506,2.396085500717163,2.3584930896759033,2.4056781145634103,2.366765360400798,2.3939234792084463
S200,S200|0|2,0,50.279087,3214.530797,2.384056674,2.6382852207334504,2.414391435556695,2.374945878982544,2.3646628856658936,2.403254747390747,2.3622183799743652,2.409214497182257,2.369412839060601,2.399059376677307
S200,S200|0|2,0,50.70482398,3230.654013,2.375336473,2.6449622377568227,2.4187347837624205,2.388056993484497,2.369844675064087,2.4432475566864014,2.3681652545928955,2.4173207069689973,2.3854742567621434,2.4197987423300495
S200,S200|0|2,0,50.50811064,3225.318489,2.354090276,2.6420641917705385,2.4168340227252907,2.387838840484619,2.369844675064087,2.444720506668091,2.3681652545928955,2.413744313741357,2.3835996334868805,2.4198038509859807
S200,S200|0|2,0,50.37079749,3220.754239,2.349382093,2.6399637840894594,2.4154631895310095,2.387838840484619,2.369844675064087,2.4454658031463623,2.3681652545928955,2.4111779417182295,2.379609492853796,2.421961834923013
S400,S400|0|2,0,49.61348986,3188.820783,2.333697666,2.6287264493547746,2.408420002244261,2.3668620586395264,2.366223096847534,2.394634246826172,2.3690760135650635,2.3659379212340332,2.371332074991025,2.395537697898808
S400,S400|0|2,0,49.03118507,3167.655677,2.347239773,2.6195102452001944,2.402407564104993,2.3275673389434814,2.317340135574341,2.2151882648468018,2.3230302333831787,2.3531236466386214,2.350673055589375,2.369739709554831
S400,S400|0|2,0,49.61439163,3189.660582,2.35748471,2.6288103212584484,2.408468890128458,2.3668620586395264,2.366223096847534,2.394634246826172,2.3690760135650635,2.3660197962256255,2.3713802100371417,2.3955863242884976
S400,S400|0|2,0,49.12836908,3172.410127,2.334848634,2.6211595806335586,2.403474734175683,2.3236453533172607,2.317340135574341,2.2151882648468018,2.3200008869171143,2.3553615080931727,2.3517172447471113,2.3707923682839938
S400,S400|0|2,0,49.53472384,3186.111197,2.323961879,2.627497757637485,2.4076172077981433,2.333711624145508,2.366223096847534,2.394634246826172,2.3143396377563477,2.364220663633574,2.370541642999126,2.3947391974887693
S600,S600|0|2,0,49.83231482,3196.45485,2.352788986,2.6327473566019,2.4108619510928535,2.3764374256134033,2.370093584060669,2.4006526470184326,2.3978612422943115,2.31256501087409,2.367351029927074,2.3983923639654043
S600,S600|0|2,0,49.95957908,3202.261126,2.360231398,2.634846420725399,2.4122219542806045,2.3764374256134033,2.371772050857544,2.400017261505127,2.3975892066955566,2.314048960511452,2.3722322374772937,2.3961180602991927
S600,S600|0|2,0,49.78827726,3195.016782,2.337840207,2.632069430075334,2.410418747373174,2.3722124099731445,2.370093584060669,2.4006526470184326,2.397130250930786,2.3120748580017203,2.3669158250901585,2.397951452607341
S600,S600|0|2,0,49.97245967,3204.550624,2.352483628,2.6352054700556042,2.4124426863490407,2.3855650424957275,2.376952648162842,2.400017261505127,2.3974320888519287,2.3142702742981296,2.371752777986872,2.3987445538561607
S600,S600|0|2,0,49.90874756,3201.848568,2.358437625,2.6341730011564484,2.4117723350803084,2.3823609352111816,2.376836061477661,2.400017261505127,2.400712728500366,2.3135364510499934,2.3717900720456933,2.3956714427380787
S800,S800|0|2,0,49.17275932,3194.051024,2.327082283,2.625624592765966,2.4059337785415216,2.2812960147857666,2.3233911991119385,2.419952869415283,2.2727434635162354,2.564486672686581,2.3142708463896104,2.4034313642890286
S800,S800|0|2,0,49.41274615,3202.306388,2.375686483,2.629384613125503,2.4083921822368324,2.3104798793792725,2.33418869972229,2.419952869415283,2.2835419178009033,2.568592133105305,2.3165804643950914,2.4062910209731636
S800,S800|0|2,0,49.29228746,3197.658473,2.357065093,2.6274556867872745,2.407134622686008,2.30438494682312,2.3242175579071045,2.419952869415283,2.284749984741211,2.5664874179978163,2.315425939941823,2.4046309594342583
S800,S800|0|2,0,49.34878929,3198.251711,2.344086808,2.6282244649543975,2.407647166706623,2.30438494682312,2.3242175579071045,2.419952869415283,2.284749984741211,2.567331855575788,2.3159189567052016,2.4051429703572986
S800,S800|0|2,0,49.41431113,3198.238494,2.371926086,2.629054651163035,2.408206673706822,2.3025660514831543,2.3242175579071045,2.419952869415283,2.284749984741211,2.568247014816283,2.3164571472200284,2.4057018954136784
D50,D50|0|3,0,72.38056453,3793.211936,2.712659774,2.911501896252316,2.5904765642549488,2.728177309036255,2.7188217639923096,2.709932327270508,2.7056221961975098,2.7173693257837237,2.734283914455185,2.735644217531159
D50,D50|0|3,0,72.3657263,3791.245077,2.725048716,2.9112014597286904,2.5902981125651645,2.730116605758667,2.7188217639923096,2.709932327270508,2.710618019104004,2.7170749920815314,2.734095556223492,2.735455765591465
D50,D50|0|3,0,72.30027806,3792.127153,2.731434141,2.910698000934957,2.5899348795991743,2.728177309036255,2.7188217639923096,2.709932327270508,2.7036495208740234,2.716437518413164,2.733712158793918,2.735072177422114
D50,D50|0|3,0,70.51949432,3740.123026,2.738759908,2.8902662052297146,2.576557067626773,2.7829318046569824,2.7338976860046387,2.713958740234375,2.7352757453918457,2.693663341354168,2.7077645927649923,2.726438363197525
D50,D50|0|3,0,68.14966927,3670.615572,2.737732498,2.862438917525523,2.558360588573209,2.690776824951172,2.747610092163086,2.683133602142334,2.706564426422119,2.6628004875747893,2.710801050865721,2.68610435223092
D100,D100|0|3,0,72.61413251,3800.844135,2.675096745,2.921786203872146,2.6019411498358296,2.7883036136627197,2.7485909461975098,2.722492218017578,2.758742570877075,2.8062577621889737,2.740235713024937,2.73950555976629
D100,D100|0|3,0,71.37563257,3764.974204,2.867247482,2.9076808146788884,2.59253765121426,2.764113664627075,2.7458980083465576,2.742962121963501,2.759852647781372,2.7854306081354916,2.732887676621691,2.754758541485501
D100,D100|0|3,0,71.79380961,3781.772712,2.696871146,2.9128690762665395,2.5959348499038133,2.779815435409546,2.7497615814208984,2.742962121963501,2.748492956161499,2.792804302726369,2.736468786592984,2.758368310509603
D100,D100|0|3,0,71.87553265,3783.309937,2.647227765,2.913729658976025,2.596519241074794,2.779815435409546,2.7497615814208984,2.742962121963501,2.758791208267212,2.7941233560062635,2.7370848144561672,2.758989268345673
D100,D100|0|3,0,71.42731233,3763.996604,2.657785564,2.908058888840309,2.592821622612657,2.772329330444336,2.7458980083465576,2.742962121963501,2.760978937149048,2.7861337615511648,2.733187021140305,2.7550602816106275
D200,D200|0|3,0,68.69729006,3712.284845,2.748276141,2.877299395175162,2.571307549078984,2.7302181720733643,2.761380910873413,2.7103779315948486,2.7577106952667236,2.805067829671382,2.7847213355693294,2.732937213896055
D200,D200|0|3,0,69.28723553,3728.489035,2.682650303,2.8841592485001737,2.575871555857913,2.7264904975891113,2.749474048614502,2.742393732070923,2.741590738296509,2.8168054607119783,2.777897614773771,2.7589214377478677
D200,D200|0|3,0,69.68969547,3746.761321,2.701945369,2.8894345225417455,2.5792917055900166,2.7601025104522705,2.7464051246643066,2.740586280822754,2.7500524520874023,2.825626418145506,2.761686805985626,2.7440103451398374
D200,D200|0|3,0,68.82415627,3721.172584,2.740214864,2.8792436533836625,2.5725337663337218,2.739678144454956,2.7407279014587402,2.7005515098571777,2.7345328330993652,2.80822352696851,2.7506856844676544,2.7074029049274957
D200,D200|0|3,0,69.75823477,3743.234443,2.744762506,2.889759805347764,2.5795762952578802,2.7475342750549316,2.738213539123535,2.740586280822754,2.742527723312378,2.8263556701355523,2.7619915204656342,2.744313109263432
D400,D400|0|3,0,71.99595575,3794.511837,2.766825409,2.91074538636345,2.5915522531265602,2.7217047214508057,2.6926681995391846,2.7136611938476562,2.7379491329193115,2.780273865761541,2.7110719858850922,2.7224078150028643
D400,D400|0|3,0,69.22958172,3712.053915,2.901334736,2.878587639429506,2.5703139490514415,2.678882122039795,2.732654094696045,2.701748847961426,2.722886562347412,2.739375478172664,2.7439308520443184,2.7179482954328207
D400,D400|0|3,0,65.57453669,3601.221136,2.782567861,2.8344210857906207,2.541216611985186,2.645045757293701,2.6396114826202393,2.3032724857330322,2.6627941131591797,2.6837794651469293,2.5962714057498193,2.545616766491045
D400,D400|0|3,0,66.25531838,3624.003868,2.801594694,2.8429703050474155,2.546819490336132,2.6606359481811523,2.7023067474365234,2.568305253982544,2.670816659927368,2.6944369107136805,2.657587785878395,2.6039156641199233
D400,D400|0|3,0,65.29818095,3591.046654,2.750904643,2.8308514978957016,2.53888809301284,2.6398258209228516,2.6396114826202393,2.3032724857330322,2.6620094776153564,2.6793597232338713,2.593892440022484,2.543284215653332
D600,D600|0|3,0,68.98926492,3733.87902,2.782887365,2.8794876695955276,2.5714006742917146,2.7305569648742676,2.692260265350342,2.7055726051330566,2.6925647258758545,2.7607717938800285,2.709691418477319,2.7164155668927963
D600,D600|0|3,0,68.83861258,3730.65295,2.84132757,2.877812981623855,2.570277593404248,2.707695722579956,2.692260265350342,2.7055726051330566,2.6782734394073486,2.7582586515370213,2.7085079379433634,2.7152291495304244
D600,D600|0|3,0,68.72254838,3727.682882,2.766425103,2.876479249117851,2.5693895905947115,2.707695722579956,2.679650068283081,2.695834159851074,2.6718623638153076,2.7562940437158505,2.6983300294820065,2.7067647841571323
D600,D600|0|3,0,67.81455743,3698.678177,2.732959456,2.8654897492019638,2.562147503787636,2.7148027420043945,2.6579678058624268,2.6725056171417236,2.6580984592437744,2.740547982327289,2.6909483923849753,2.6754663607034983
D600,D600|0|3,0,68.42239044,3718.330992,2.763235638,2.872878695885042,2.567013675552398,2.706907272338867,2.6814441680908203,2.7014243602752686,2.6863327026367188,2.7511139182933775,2.6989222370136785,2.71358663214886
D800,D800|0|3,0,68.22450177,3708.430147,2.63522,2.8723963772179952,2.5680352946816662,2.7732105255126953,2.7702925205230713,2.7143678665161133,2.776275634765625,2.494937146376023,2.7916102191913494,2.7082858403894865
D800,D800|0|3,0,68.82754998,3720.197638,2.651727808,2.8790319184638067,2.5725145137617065,2.765289306640625,2.7665584087371826,2.7290027141571045,2.767507791519165,2.502011014250632,2.7736023038276283,2.7366298413155956
D800,D800|0|3,0,68.25909882,3705.481892,2.695769239,2.8724665794286874,2.5681305743790372,2.744332790374756,2.75762677192688,2.715132474899292,2.7684614658355713,2.4951037691456737,2.7861064417957793,2.707977926228941
D800,D800|0|3,0,68.50700368,3713.504472,2.623911376,2.8754730454430737,2.5701175503081855,2.7718517780303955,2.7771451473236084,2.7077510356903076,2.7820818424224854,2.498226617313647,2.7870812709893333,2.705469714922976
D800,D800|0|3,0,67.59044325,3684.937074,2.604061726,2.864411093940681,2.5627946987408072,2.7476940155029297,2.727468490600586,2.704995632171631,2.7581982612609863,2.4867201687433558,2.760799316834739,2.6940269784263298
S50,S50|0|3,0,68.20375706,3706.866314,2.731521141,2.873936785390766,2.5693792716773425,2.6289103031158447,2.6579508781433105,2.685753107070923,2.6573808193206787,2.642132356597102,2.6684359368567785,2.679082712040874
S50,S50|0|3,0,68.55099231,3719.442717,2.632174683,2.878263942987582,2.572225249237198,2.64023494720459,2.6820783615112305,2.740049123764038,2.676833391189575,2.6472343968454366,2.6901290662720916,2.749442648583507
S50,S50|0|3,0,69.79062954,3752.684658,2.697323437,2.8925815970306896,2.5817823007627343,2.642003297805786,2.675584077835083,2.7283618450164795,2.679300308227539,2.664376920527212,2.6880727418821206,2.7376878126255693
S50,S50|0|3,0,68.73308201,3722.108689,2.665334753,2.880188627007846,2.5735373186133725,2.6561970710754395,2.6697170734405518,2.740049123764038,2.6841416358947754,2.6495806931771857,2.685233259937697,2.7454002139605596
S50,S50|0|3,0,68.38167572,3712.993728,2.709654543,2.876128719514796,2.570824579149667,2.6319198608398438,2.6746559143066406,2.6889114379882812,2.6673812866210938,2.6447222695642227,2.6783638652443558,2.6839115158833855
S100,S100|0|3,0,68.08298379,3712.107971,2.644428335,2.8744796456874395,2.5705363087101682,2.6402347087860107,2.700438976287842,2.7014946937561035,2.6933202743530273,2.687220565054786,2.6934755240018213,2.7020877899410927
S100,S100|0|3,0,68.39504883,3720.810468,2.67892849,2.878150501394226,2.572983963060565,2.6451475620269775,2.664680242538452,2.6937129497528076,2.6765379905700684,2.6915549417289264,2.6608403346372618,2.675659991624361
S100,S100|0|3,0,68.36686944,3721.914547,2.651410329,2.8779820418866997,2.5728482073194856,2.645476818084717,2.666001558303833,2.6937129497528076,2.6765542030334473,2.6913290997906887,2.6606999434196297,2.67551881849221
S100,S100|0|3,0,67.37935335,3691.946274,2.645760415,2.8661090533911957,2.564963542190336,2.6427013874053955,2.6402928829193115,2.689028263092041,2.6737661361694336,2.677233797399422,2.655931508335186,2.6818028007198422
S100,S100|0|3,0,67.84547814,3712.776282,2.649109535,2.872303991779814,2.5689963281557344,2.685263156890869,2.6792399883270264,2.680030584335327,2.6855990886688232,2.684473407546953,2.680884730437061,2.6826236078707506
S200,S200|0|3,0,68.34030071,3722.329603,2.67459967,2.8764123098812413,2.571701865981438,2.662856101989746,2.6783666610717773,2.695615768432617,2.661649227142334,2.6915615626617635,2.660647544940219,2.6840839592474177
S200,S200|0|3,0,68.14556563,3728.563522,2.653136363,2.8751220402987308,2.570699683075009,2.711402416229248,2.697525978088379,2.7213611602783203,2.680936813354492,2.6898745915235622,2.659375958542047,2.6887447172356818
S200,S200|0|3,0,68.08271063,3722.711161,2.703511806,2.874030633599897,2.570023387940261,2.6830759048461914,2.6768062114715576,2.6868767738342285,2.65449595451355,2.6886851643239704,2.657373952924249,2.6750938192848763
S200,S200|0|3,0,68.23867495,3726.335019,2.650051828,2.875804394232632,2.5712130114865475,2.683166027069092,2.6814000606536865,2.695615768432617,2.6559641361236572,2.690743550561658,2.660141782772034,2.683573742054088
S200,S200|0|3,0,68.25052576,3729.062975,2.691075341,2.876149176918089,2.5714131185978304,2.7091591358184814,2.701603412628174,2.7302117347717285,2.682659864425659,2.691100646357054,2.661652509865762,2.69676839233723
S400,S400|0|3,0,67.85819884,3718.040968,2.800140568,2.8725471307188895,2.5696496307539682,2.6890664100646973,2.668802499771118,2.6572749614715576,2.6638221740722656,2.7259910543065584,2.684261543641851,2.661057647372055
S400,S400|0|3,0,67.41670412,3705.839876,2.686679766,2.867328623707065,2.5661668449831003,2.6890664100646973,2.6813998222351074,2.672133207321167,2.6672701835632324,2.717929556283616,2.6965421049979694,2.6732699312675856
S400,S400|0|3,0,67.87711555,3725.669174,2.64679232,2.873378796185165,2.570117402215851,2.704378843307495,2.665036916732788,2.657980442047119,2.6684682369232178,2.726875670218574,2.685600388407387,2.658772672761332
S400,S400|0|3,0,67.98414322,3724.433073,2.721755729,2.874280571239846,2.570770874679904,2.694122076034546,2.6730034351348877,2.657980442047119,2.668081283569336,2.7285020433934806,2.686283223324485,2.6594486865217646
S400,S400|0|3,0,67.84360826,3718.708625,2.689948259,2.8724668895295893,2.5695828969218186,2.695509672164917,2.668802499771118,2.6572749614715576,2.6648216247558594,2.7258064603136902,2.6841918333369303,2.6609885396726023
S600,S600|0|3,0,67.11648311,3711.225868,2.647347587,2.865555189652413,2.564492346610331,2.704716920852661,2.7124252319335938,2.6831507682800293,2.697359085083008,2.532404889574508,2.6962826583843027,2.688241228067707
S600,S600|0|3,0,66.99065352,3710.493765,2.628741468,2.8642927178208133,2.563617952806659,2.7343413829803467,2.72441029548645,2.671992063522339,2.708596706390381,2.530730476128134,2.7122163368738024,2.6947368346216134
S600,S600|0|3,0,67.32262096,3718.767686,2.6300257,2.868160969662468,2.566206492191375,2.711458921432495,2.6943552494049072,2.663414478302002,2.6913933753967285,2.5353795719500365,2.676808766873817,2.6699574799142742
S600,S600|0|3,0,66.6107301,3699.618447,2.653703494,2.859727114579196,2.5605809680377214,2.5514090061187744,2.7086598873138428,2.6728906631469727,2.655663251876831,2.52534068360191,2.702466187598245,2.692062215721791
S600,S600|0|3,0,66.16014276,3687.562399,2.628540977,2.8543586095373525,2.5570009707178523,2.568915843963623,2.6803109645843506,2.674240827560425,2.6487786769866943,2.5189562530914094,2.6882922955845756,2.688620280042127
S800,S800|0|3,0,66.66665377,3700.408376,2.664593931,2.8617906102096993,2.5621864609408904,2.630587577819824,2.6160497665405273,2.6471643447875977,2.6249828338623047,2.831135186060157,2.6033293586256625,2.6835082535168944
S800,S800|0|3,0,67.01332265,3712.225016,2.656532806,2.8661171534833985,2.565048649777632,2.6805272102355957,2.618623733520508,2.642397403717041,2.6239829063415527,2.836158824009183,2.5968831585457552,2.674903237459529
S800,S800|0|3,0,66.93337261,3708.793914,2.702334908,2.8650604366270547,2.5643577930585733,2.6768741607666016,2.608015298843384,2.642397403717041,2.620297908782959,2.8349407012023233,2.5961837276874564,2.6741827930833213
S800,S800|0|3,0,66.22266374,3690.766598,2.646022521,2.856695299296216,2.55875276504412,2.5014092922210693,2.610579252243042,2.656419515609741,2.5847725868225098,2.8251538617494205,2.596328138320293,2.678872741758629
S800,S800|0|3,0,66.69640771,3703.690723,2.700193466,2.8623566525750044,2.5625345168732014,2.6805272102355957,2.6266908645629883,2.6471643447875977,2.6326050758361816,2.8317627235575036,2.6036830035460623,2.6838727902051023
D50,D50|0|4,0,92.92860353,4308.078122,2.994801895,3.1163749934017266,2.72648614675247,2.8390464782714844,2.9913222789764404,3.322788953781128,2.9813830852508545,3.022518316000127,3.0628733591910318,3.2146364291770504
D50,D50|0|4,0,97.43208906,4434.860357,3.017042885,3.1577310355063606,2.753912787938196,2.985624074935913,2.9469900131225586,2.9753291606903076,2.9677834510803223,3.081418884496275,2.9602134422800237,3.008621737213513
D50,D50|0|4,0,84.89332373,4098.649716,3.041828615,3.0401472862894305,2.6758033307908455,2.9145398139953613,2.807443141937256,2.5545644760131836,2.9512264728546143,2.899677636399198,2.86333586155303,2.757342112293897
D50,D50|0|4,0,89.9631782,4233.116303,2.99137326,3.0890433539278623,2.7082572968320764,2.871001720428467,2.9901504516601562,3.2733349800109863,2.984816551208496,2.978506145164609,3.055602279779738,3.1846768355056545
D50,D50|0|4,0,84.51575858,4085.271283,2.98648365,3.036130750761133,2.6731885609788812,2.8390462398529053,2.814147472381592,2.554349899291992,2.914562225341797,2.8934435897394746,2.8612099094478194,2.7587734699199236
D100,D100|0|4,0,92.44679987,4320.155194,2.991563797,3.12168114007147,2.7366972980265447,3.0251033306121826,3.055487632751465,3.2142200469970703,3.0369229316711426,3.0831330059957818,3.085970869286092,3.192122429847103
D100,D100|0|4,0,94.31441741,4375.70821,3.009996481,3.1393277765484267,2.748554454872018,3.0333163738250732,3.0592586994171143,3.0089380741119385,3.0294833183288574,3.1078185088232178,3.037633392337494,3.0261376789784737
D100,D100|0|4,0,93.79153958,4358.309111,2.962123796,3.1342578665634435,2.7451762938248447,3.0303142070770264,3.056675434112549,3.0015900135040283,3.0309784412384033,3.100781562276748,3.034302124426805,3.001897123863288
D100,D100|0|4,0,93.48617398,4348.213169,2.956168224,3.1312929094278923,2.7431998245727067,3.044219970703125,3.053868532180786,3.0834381580352783,3.0652899742126465,3.096667609543527,3.045276897330263,3.0753423204220787
D100,D100|0|4,0,94.06520884,4361.973089,2.915595762,3.136454969769534,2.7467234887277465,3.0326294898986816,3.041907548904419,3.001420497894287,3.0187573432922363,3.104018390403165,3.02442893308201,3.009738563795262
D200,D200|0|4,0,92.38132493,4351.028057,3.125488432,3.1224135095129153,2.735621314703553,3.1115424633026123,3.0882270336151123,2.9982352256774902,3.0767974853515625,3.0869680184459782,3.1159817578218636,3.017655561363812
D200,D200|0|4,0,92.75811808,4363.598836,2.986670763,3.1261083912450744,2.738075722789707,3.115769386291504,3.0646259784698486,2.8873047828674316,3.057410478591919,3.0909227305755502,3.0515806223273634,2.899235769805026
D200,D200|0|4,0,88.05663186,4239.645884,3.122846689,3.0819762800517827,2.7082893910475043,3.110332727432251,3.080786943435669,2.9629805088043213,3.0888543128967285,3.0447539313691903,3.0804358801041674,3.0101113385667935
D200,D200|0|4,0,91.89489666,4343.450022,3.025946716,3.118353144907517,2.732795350209724,3.133882522583008,3.1011953353881836,3.013028144836426,3.0783019065856934,3.0828495950220147,3.0943611679664387,3.0151138922204126
D200,D200|0|4,0,92.95231577,4370.032922,3.063166499,3.128004664446147,2.7393360938750613,3.0806710720062256,3.0647358894348145,2.8953707218170166,3.0519306659698486,3.09295217493118,3.052045806957272,2.9109286276103323
D400,D400|0|4,0,86.74462743,4183.216385,3.154841788,3.063829632884095,2.693782857150547,2.9752564430236816,2.981238603591919,2.9279563426971436,3.043675661087036,2.994659771402849,3.008527349551479,2.977051102017318
D400,D400|0|4,0,87.67573743,4205.166949,3.024652821,3.0725904267645645,2.699698838013014,3.0320611000061035,3.0763895511627197,3.227782964706421,3.0965261459350586,3.006060075930782,3.072354822796097,3.1623289286122387
D400,D400|0|4,0,87.14655342,4196.102867,3.205285799,3.0679088611732883,2.696483561366763,3.030315637588501,3.0756688117980957,2.9841763973236084,3.094524383544922,2.999769705740752,3.046445237318145,3.015403850647786
D400,D400|0|4,0,86.42374517,4173.114577,3.203743204,3.060578708975201,2.6916280198887335,2.931441307067871,2.962784767150879,2.936108350753784,3.010855197906494,2.9905800650891345,3.007950001913285,2.9798734920803898
D400,D400|0|4,0,87.49978783,4201.52097,3.038918026,3.070982922256633,2.698605164872233,3.0547282695770264,3.0763895511627197,3.044015645980835,3.1040284633636475,3.003937783148306,3.066234516164708,3.0395180738500462
D600,D600|0|4,0,91.01948052,4326.004792,3.342236258,3.108267116025821,2.724423665122987,3.0327799320220947,3.0488457679748535,2.995161771774292,3.034407138824463,3.1100710103184004,3.080206048038597,2.9897167890844814
D600,D600|0|4,0,88.21496699,4251.08394,3.081920399,3.0816924507450008,2.706547708659165,3.0967676639556885,3.1040568351745605,2.9747095108032227,3.0614140033721924,3.066474263854019,3.0797764293517895,3.0036336740215823
D600,D600|0|4,0,91.21575481,4331.774855,3.123416728,3.110147761912808,2.7256813001310767,3.030792474746704,3.0488457679748535,2.995161771774292,3.0337321758270264,3.1131300031085662,3.0816279175546097,2.991096887395313
D600,D600|0|4,0,90.05210282,4299.946913,3.124444876,3.0991532724466233,2.718293837417573,3.034668207168579,3.075990676879883,3.0820765495300293,3.0324904918670654,3.095096367714309,3.0801898932467564,3.050300549630304
D600,D600|0|4,0,90.87139381,4323.355813,3.296475183,3.106988883106701,2.7235428135819846,3.031062364578247,3.0537359714508057,2.9672021865844727,3.0305235385894775,3.1078684288809253,3.067868412990393,2.948475300741904
D800,D800|0|4,0,90.09313413,4324.554391,3.007268472,3.103760235192415,2.722825745303781,3.071744441986084,3.1044209003448486,3.0863077640533447,3.1237552165985107,2.7428462178282915,3.118747783081434,3.070439305858597
D800,D800|0|4,0,90.68662461,4341.842905,3.095796473,3.1094660869917017,2.726655302131027,3.089428424835205,3.105832576751709,3.0326709747314453,3.1069185733795166,2.749086664978993,3.0779184833457567,3.027072387991551
D800,D800|0|4,0,89.5217081,4312.45764,2.985437636,3.0986200109923994,2.719307268760763,3.0654561519622803,3.0748894214630127,2.9445745944976807,3.0943796634674072,2.737099517743882,3.0625783959058044,2.9542140105816883
D800,D800|0|4,0,91.28053021,4360.789954,3.011094667,3.1152852711356434,2.7305364107822934,3.1050827503204346,3.005958080291748,2.941573143005371,3.0579309463500977,2.755410061256856,2.9841004867874728,2.936906123535965
D800,D800|0|4,0,89.97596009,4325.190874,3.168463788,3.1029684769382455,2.7222325972013373,3.0648326873779297,3.085845708847046,3.002485990524292,3.100571870803833,2.7418643102464935,3.095123199340994,3.0176302165622912
S50,S50|0|4,0,91.08014822,4369.205919,2.959020881,3.1164590076073173,2.731543691241828,3.0855839252471924,2.971224784851074,2.9678354263305664,3.020453691482544,2.9426250744383227,2.9619891002817464,2.9814035368556357
S50,S50|0|4,0,91.03090087,4349.449207,2.959927376,3.1144614368195893,2.7304823082502288,3.0073912143707275,3.035895824432373,3.058272361755371,3.0306243896484375,2.9406409399248985,3.0270176251344494,3.087297083793999
S50,S50|0|4,0,88.72107228,4279.98706,3.018549894,3.091972904320954,2.7154103228591038,3.020139694213867,2.99259352684021,3.001183271408081,3.0057661533355713,2.9113060097912182,2.9698016807505248,3.0356792734376574
S50,S50|0|4,0,91.17445709,4351.389149,2.976615558,3.1156465771884942,2.731313159547229,2.9943482875823975,3.0088982582092285,3.058272361755371,3.007882595062256,2.942273050633764,3.027938708384938,3.0882365093227944
S50,S50|0|4,0,89.6484152,4311.468913,2.981243906,3.1013540508946185,2.7216419846602147,3.020876407623291,2.962777614593506,2.981386184692383,3.0028181076049805,2.923402120007061,2.946282192220872,2.958257132999107
S100,S100|0|4,0,90.28881473,4318.001484,2.939393159,3.1077613307292213,2.7272543019067914,2.9774625301361084,2.9918463230133057,3.093280553817749,3.0086889266967773,2.950698672032879,2.9858457890081955,3.0555782006548933
S100,S100|0|4,0,91.35895912,4354.298398,2.929744229,3.118445967949854,2.7343656905832345,2.959665536880493,2.947254180908203,3.0386428833007812,2.9938712120056152,2.963469238166573,2.9696837010302786,3.0485250573886207
S100,S100|0|4,0,90.85829195,4340.828917,3.000321687,3.113752575129489,2.731189806002781,2.949306011199951,2.986306667327881,3.0565390586853027,2.9922332763671875,2.9577362276245815,3.0028873554842077,3.050204687000496
S100,S100|0|4,0,90.21513621,4315.807716,3.087471777,3.107047897110171,2.726775001428144,2.977867364883423,2.9918463230133057,3.093280553817749,2.993107795715332,2.9498363303605313,2.9853210424472176,3.0550411989924178
S100,S100|0|4,0,90.24319357,4318.071971,3.109757546,3.1074394533104948,2.7270162190342213,2.977867364883423,2.9918463230133057,3.093280553817749,2.993107795715332,2.9502589209714,2.9855851317082873,3.055311455879804
S200,S200|0|4,0,90.33115445,4343.843743,2.983634778,3.1088481436230158,2.7273034897904638,2.9262759685516357,2.9248743057250977,3.0162267684936523,2.9414186477661133,2.958960672814389,2.969041848238593,3.0165945367208455
S200,S200|0|4,0,90.17475509,4346.883514,3.076031721,3.1079755024276006,2.726601982479331,2.883213758468628,2.890190839767456,2.9004476070404053,2.866800308227539,2.957795242647206,2.922653793598658,2.894034348685115
S200,S200|0|4,0,90.09806323,4341.687953,2.978891815,3.1069902458065606,2.725985247857253,2.898493766784668,2.915860414505005,2.9694736003875732,2.900932550430298,2.956692568393415,2.9389638940801017,2.9598125301764333
S200,S200|0|4,0,90.35093417,4349.111393,3.074036077,3.109429069902569,2.7276223137024993,2.8932251930236816,2.8961901664733887,2.9461138248443604,2.898846387863159,2.9595565201204383,2.952040781145266,2.949232392205951
S200,S200|0|4,0,90.5555821,4349.955539,3.157526941,3.110969205261785,2.728734689039504,2.9326016902923584,2.89997935295105,2.9461138248443604,2.9248604774475098,2.9614613683803372,2.9532446785258823,2.950435144273092
S400,S400|0|4,0,89.66677895,4322.625903,2.893415666,3.103329482930388,2.7246659025781126,3.055783271789551,3.0692877769470215,3.024245262145996,3.0479393005371094,3.0812003603425784,3.0625490323910225,3.023927711212115
S400,S400|0|4,0,89.49692163,4321.820234,2.835511238,3.1020313701226536,2.723728702936525,3.012019395828247,3.0499982833862305,2.966846227645874,3.005701780319214,3.0789324265666576,3.0811132840500517,3.023360004317429
S400,S400|0|4,0,89.5844266,4327.736768,2.874224375,3.1031594816034644,2.724436955814568,3.009351968765259,3.0223121643066406,3.0522985458374023,2.9871439933776855,3.080477257275742,3.0453616564721533,3.0586889296600113
S400,S400|0|4,0,90.22560421,4344.662207,2.877137236,3.1092019961068558,2.7285324829132627,3.0190889835357666,3.0220799446105957,2.9772181510925293,2.9757344722747803,3.0899702264739832,2.9966606509919025,2.9628209085787574
S400,S400|0|4,0,89.32345153,4312.483932,2.934912279,3.0999922947718406,2.7224210861177367,3.0429091453552246,3.0756819248199463,2.9818100929260254,3.0506527423858643,3.076031185910096,3.061534939615068,3.0199285338702215
S600,S600|0|4,0,90.13075411,4336.345864,2.909473986,3.1084534866919955,2.7276377189898384,2.98553729057312,2.9401309490203857,3.0247857570648193,2.9492945671081543,2.857966250500039,2.946166859806568,3.0202502828228166
S600,S600|0|4,0,89.87464676,4326.161835,3.056239128,3.1057556804940054,2.7258642859326883,2.980534553527832,2.926682710647583,2.9715559482574463,2.983598470687866,2.854270575739794,2.9322305311457697,3.018418855312059
S600,S600|0|4,0,90.01725706,4338.504447,3.048550845,3.107815407923619,2.7271248054763375,2.9448397159576416,2.9269721508026123,2.9969701766967773,2.924962282180786,2.8566170431136477,2.9069352214935043,3.01023367951134
S600,S600|0|4,0,89.18056307,4311.150752,3.107367274,3.0994696313352033,2.7215562362267796,2.8887076377868652,2.9129350185394287,2.9151718616485596,2.8751778602600098,2.844771720374268,2.9335419250026264,2.958216163736127
S600,S600|0|4,0,89.81352252,4333.104359,2.952127628,3.10589365302507,2.7258237911768686,2.962064266204834,2.9000942707061768,2.9085693359375,2.941317319869995,2.8537924091319673,2.872350246618772,2.9402286728380336
S800,S800|0|4,0,90.85417381,4382.556289,2.823288905,3.1189778680362035,2.7349815358291862,2.9699997901916504,2.9960391521453857,2.998474359512329,2.9494078159332275,3.0795693642167916,2.9915425517119663,2.9962430012742836
S800,S800|0|4,0,90.74981754,4378.494964,2.863719184,3.117893443460218,2.734265803855257,2.9699997901916504,2.9960391521453857,2.998474359512329,2.944476842880249,3.078559637112195,2.9907596789109694,2.9954588983874526
S800,S800|0|4,0,90.17455806,4358.874818,2.851970661,3.112129441281711,2.730422244134041,2.9346981048583984,2.967862129211426,2.954179525375366,2.941695213317871,3.073158613337326,2.952641934756751,2.958237462500914
S800,S800|0|4,0,90.05854234,4358.770563,2.838814561,3.111284061831332,2.729801782705644,2.9346981048583984,2.9993062019348145,2.9563019275665283,2.970876693725586,3.072315686907512,2.9700596461058972,2.976985837095285
S800,S800|0|4,0,89.75326285,4343.62802,2.819979547,3.1078179059022215,2.727560397408149,2.9346981048583984,2.9804530143737793,2.988879680633545,2.9514551162719727,3.069131944298873,2.95100514716168,2.994384130628188
D50,D50|20|0,20,11.0100735,880.8510817,1.552767498,1.5504340309902949,1.7052079364869202,1.6075527667999268,1.6583962440490723,1.4808874130249023,1.5699301958084106,1.6115465525817028,1.6791670825922542,1.7285652339949327
D50,D50|20|0,20,10.93914055,877.7018968,1.548674901,1.546984032870388,1.7029204952143295,1.6078518629074097,1.6583962440490723,1.4808874130249023,1.5704213380813599,1.6099263205891607,1.6769145736717233,1.7262464602113954
D50,D50|20|0,20,10.40463969,855.0093466,1.557422765,1.520612823155765,1.685466421194473,1.603037714958191,1.6695071458816528,1.5663514137268066,1.5671509504318237,1.5974300704765194,1.5670490863048583,1.573296694446022
D50,D50|20|0,20,11.15882179,886.9023231,1.562692913,1.5575405445349573,1.7099015667095216,1.6075527667999268,1.6583962440490723,1.4837156534194946,1.569685935974121,1.6149133383193761,1.6835835678313587,1.731467839154366
D50,D50|20|0,20,10.97827184,879.5330232,1.558102838,1.5489024115147907,1.7041955152999186,1.6075527667999268,1.6583962440490723,1.4808874130249023,1.5699301958084106,1.6108216795418702,1.6781701224593837,1.7275389450429728
D100,D100|20|0,20,10.02682709,845.5463726,1.572517305,1.507718999204794,1.6699798946698146,1.5782274007797241,1.5709741115570068,1.5691728591918945,1.568750023841858,1.5602849781285864,1.5703402050906377,1.5783143385429277
D100,D100|20|0,20,10.00360038,844.4449572,1.578127171,1.5065018179993492,1.6691622622912246,1.5782274007797241,1.5668543577194214,1.5691728591918945,1.5693864822387695,1.5596592835666452,1.5695713569139729,1.577541586181714
D100,D100|20|0,20,9.738034035,833.449844,1.571879021,1.4926652515942116,1.6599230921455885,1.5815784931182861,1.5735039710998535,1.566165804862976,1.5708494186401367,1.5524678805676257,1.5700176028071169,1.5722584750778206
D100,D100|20|0,20,9.682943773,831.4751788,1.585865962,1.4898039529810287,1.6580236578938299,1.5815784931182861,1.5733168125152588,1.5629838705062866,1.570271372795105,1.5509653299838428,1.5666489239594508,1.5699647309306224
D100,D100|20|0,20,9.644096128,829.3921162,1.566831298,1.4876830717404028,1.656589958897122,1.584032416343689,1.5733168125152588,1.5756371021270752,1.5704454183578491,1.5498812952196557,1.5641231752139009,1.5651560991245201
D200,D200|20|0,20,10.0585001,848.6096051,1.566116653,1.5085957870853024,1.6714864604953774,1.5910626649856567,1.5711573362350464,1.5686757564544678,1.571470856666565,1.5408368344264485,1.5700176691369,1.5787044648164403
D200,D200|20|0,20,10.07357325,849.0883619,1.576968715,1.509349743212202,1.6719840834645334,1.589181900024414,1.5711573362350464,1.5686757564544678,1.571470856666565,1.541244721715363,1.570485083544739,1.579174465394829
D200,D200|20|0,20,9.963524101,844.4731349,1.576836284,1.5036700761544175,1.6681950813642914,1.5898101329803467,1.5724530220031738,1.567791223526001,1.5721131563186646,1.5382442725587964,1.5765119538365582,1.5768399805826774
D200,D200|20|0,20,10.2087998,854.4954629,1.583116266,1.516231896661924,1.6765660515518799,1.5898271799087524,1.5624220371246338,1.5645908117294312,1.5677056312561035,1.5448926983508218,1.5637654976716124,1.5549150976794033
D200,D200|20|0,20,10.2287788,854.3945697,1.576286602,1.5171175610123457,1.6771248484089687,1.589457631111145,1.5624220371246338,1.5645908117294312,1.5677056312561035,1.545419605210086,1.5642866982795538,1.555433348462794
D400,D400|20|0,20,10.12433402,855.6796744,1.567755435,1.509967992398409,1.673884915672207,1.5837557315826416,1.5692824125289917,1.5719590187072754,1.5703123807907104,1.5716680269903587,1.5683812389297633,1.5442742940651
D400,D400|20|0,20,10.0529918,852.6666488,1.562605939,1.5063043572178292,1.6714479511600604,1.5801523923873901,1.5697757005691528,1.5708239078521729,1.5705509185791016,1.570340854395031,1.5701603263187573,1.5719393488969886
D400,D400|20|0,20,10.05856882,852.9387579,1.567598269,1.5065964658745215,1.6716435237997624,1.5801523923873901,1.5697757005691528,1.5708239078521729,1.5705509185791016,1.570445847868445,1.570344047504667,1.5721232782426209
D400,D400|20|0,20,10.26485002,860.0742092,1.55788804,1.5169174894565902,1.6784553915481557,1.5847023725509644,1.5678249597549438,1.5757633447647095,1.5702182054519653,1.5742189311946018,1.5655588351343186,1.507495550874801
D400,D400|20|0,20,10.25225976,857.3247507,1.555636875,1.5159710097202617,1.6777507762027513,1.57887601852417,1.571212887763977,1.5745704174041748,1.5707125663757324,1.5739302465184182,1.5721962406020318,1.551175775054673
D600,D600|20|0,20,9.202562385,821.3591876,1.568956739,1.4626473491759864,1.6414456597583795,1.5696617364883423,1.5700626373291016,1.8763231039047241,1.5779441595077515,1.575438191895198,1.550470118725315,1.539570304559681
D600,D600|20|0,20,9.160447459,818.8812845,1.571242561,1.46023847802459,1.6398139576740056,1.5702935457229614,1.5697360038757324,1.8751552104949951,1.57694673538208,1.5745761270827057,1.54666400862859,1.537225792239838
D600,D600|20|0,20,9.586993204,838.595619,1.573089533,1.483563233253474,1.6554147000515964,1.578909158706665,1.5711023807525635,1.5711263418197632,1.5738939046859741,1.581952611199988,1.5649874178863143,1.552020745263599
D600,D600|20|0,20,9.691216179,843.0720393,1.568257404,1.4891045857341674,1.659107708913025,1.5801069736480713,1.5711023807525635,1.5653949975967407,1.572705864906311,1.5830237608183726,1.569792456204703,1.5644060870544771
D600,D600|20|0,20,9.343514003,827.2013234,1.575665406,1.4703214334783923,1.6465536882993166,1.5676440000534058,1.5700626373291016,1.8714497089385986,1.5747607946395874,1.5782472251252664,1.5552950397156844,1.5409477226674453
D800,D800|20|0,20,9.999222501,855.5435468,1.561065551,1.5067274497700305,1.6697720067735826,1.5737297534942627,1.5693705081939697,1.5679993629455566,1.5683190822601318,1.5895650697688266,1.5648934217016697,1.5191907070899933
D800,D800|20|0,20,10.10728723,860.0187668,1.571763461,1.512284275223983,1.673476105471053,1.5730500221252441,1.5678925514221191,1.5692545175552368,1.5683190822601318,1.5894361508652648,1.5683648655044709,1.5240170728241629
D800,D800|20|0,20,10.00720436,855.7360114,1.576918877,1.5071203541307088,1.670029133734256,1.5737297534942627,1.5693705081939697,1.5679993629455566,1.5683190822601318,1.5895652687692008,1.565134398486325,1.5194246461473095
D800,D800|20|0,20,10.00360622,855.7735949,1.581314446,1.5069603693192728,1.6699289490226767,1.5737297534942627,1.5693705081939697,1.5679993629455566,1.5683190822601318,1.5895564357192575,1.5650405063887995,1.519333496168626
D800,D800|20|0,20,9.850138946,849.0572997,1.566478551,1.4989477181318949,1.6645749809640025,1.5747795104980469,1.5703707933425903,1.5571584701538086,1.5717427730560303,1.5887760947860892,1.5756354152794603,1.5620367162184299
S50,S50|20|0,20,11.44480623,906.7756237,1.553567545,1.5779598450218568,1.7167417560436335,1.5755562782287598,1.5314958095550537,1.528329849243164,1.5609320402145386,1.5832922291539684,1.6545807873404148,1.6791780635989597
S50,S50|20|0,20,10.13355697,848.8054559,1.564751479,1.513265971919455,1.6734395595674907,1.578216791152954,1.589269757270813,1.5699348449707031,1.5594905614852905,1.5789028137726284,1.5619687938462743,1.5866216115785572
S50,S50|20|0,20,10.24429203,854.2516123,1.551504027,1.5190274295111725,1.6773162013921115,1.578216791152954,1.5889568328857422,1.5703595876693726,1.5583784580230713,1.5792811668321953,1.5559822271830346,1.5634806148617062
S50,S50|20|0,20,10.30484218,857.5508156,1.564022461,1.5222044783806246,1.679464169379642,1.5791561603546143,1.532766342163086,1.5146276950836182,1.5585525035858154,1.5794760571016007,1.563805765156049,1.6225760437048622
S50,S50|20|0,20,10.19104032,852.3269423,1.570885043,1.5163594217735683,1.6755443290165113,1.5791561603546143,1.5519492626190186,1.5699348449707031,1.5583388805389404,1.5790780971781795,1.5556051828594624,1.57765123531521
S100,S100|20|0,20,9.969396199,846.0453181,1.566786998,1.5062637457513313,1.668793820192029,1.5588889122009277,1.571010708808899,1.5685667991638184,1.5706770420074463,1.5714902264989448,1.5685580654348683,1.5756642484930203
S100,S100|20|0,20,9.910137964,843.6045388,1.57161871,1.5031919404107283,1.6667422848330902,1.5598087310791016,1.571010708808899,1.5685667991638184,1.5713454484939575,1.5713922068822392,1.5666297551218435,1.5737272021781994
S100,S100|20|0,20,9.792936537,838.7551528,1.576159572,1.497074630200247,1.662655934259937,1.5603289604187012,1.5714995861053467,1.5562877655029297,1.5700163841247559,1.5711966182028376,1.5675148273039654,1.5652638241046992
S100,S100|20|0,20,9.824703301,840.6531638,1.574140115,1.4988189735711048,1.66384206119445,1.5598124265670776,1.5714995861053467,1.5562877655029297,1.5692678689956665,1.5712386939355376,1.565054037136163,1.564969343637536
S100,S100|20|0,20,9.701520872,835.0954609,1.575161986,1.4922839068196165,1.6594601464206755,1.5617644786834717,1.5716416835784912,1.5599459409713745,1.5709308385849,1.571039668804229,1.5636296092016388,1.5676575835415227
S200,S200|20|0,20,10.09042605,851.4209714,1.55049502,1.5115764573952288,1.6731989921510753,1.5733240842819214,1.5705891847610474,1.57188880443573,1.5700714588165283,1.5777340165088847,1.5691003676827908,1.5685853597341857
S200,S200|20|0,20,10.18133061,856.1372662,1.55748727,1.5163573214544346,1.6764228081487644,1.5729352235794067,1.5701261758804321,1.5755198001861572,1.5700603723526,1.5793975841723396,1.5648613392841373,1.5443171556854882
S200,S200|20|0,20,10.12784792,853.7296843,1.552948023,1.513599249481996,1.6745753664399157,1.5738580226898193,1.5698853731155396,1.57188880443573,1.5705289840698242,1.578432953351511,1.5703911103935022,1.5698756787991128
S200,S200|20|0,20,9.946794911,846.7732333,1.570748186,1.5043514305158263,1.6684219072814566,1.5724270343780518,1.570635199546814,1.5718241930007935,1.570163369178772,1.5751763601617081,1.5698109593272944,1.5718315964064171
S200,S200|20|0,20,10.01423882,849.5406505,1.560910389,1.507834855793081,1.6707459182308328,1.5730458498001099,1.570635199546814,1.5721176862716675,1.5699424743652344,1.5764013382911641,1.5700275366177234,1.57849976346033
S400,S400|20|0,20,9.834958605,842.4660959,1.569008578,1.4993128795770532,1.6638974713015813,1.5692218542099,1.5707870721817017,1.5593783855438232,1.5680785179138184,1.5419738961503329,1.5725700452722737,1.5663739243892238
S400,S400|20|0,20,9.507562516,827.6193256,1.576788168,1.4818176037103965,1.6521551334028548,1.569197416305542,1.5704596042633057,1.568687081336975,1.5668513774871826,1.5388945664035059,1.5638319999941959,1.5491917522097758
S400,S400|20|0,20,9.750110443,838.6162147,1.590173634,1.494818352640401,1.6608811342295553,1.5711549520492554,1.5713430643081665,1.5671218633651733,1.5684970617294312,1.541184845908605,1.5707227926446814,1.5741261840365355
S400,S400|20|0,20,9.716958097,837.223878,1.579849587,1.4930702547616013,1.6597119090383303,1.5711549520492554,1.5711569786071777,1.566698431968689,1.5684970617294312,1.5408765405555072,1.569051078290813,1.57184100453714
S400,S400|20|0,20,9.811830534,841.4054158,1.569267854,1.4980889051409032,1.6630756701839515,1.5692218542099,1.5707870721817017,1.5593783855438232,1.5680785179138184,1.5417592595883691,1.5717933508887278,1.565600290277813
S600,S600|20|0,20,9.740689499,842.3240734,1.587079653,1.4953315251787416,1.6617614563076757,1.5931214094161987,1.5669317245483398,1.5706746578216553,1.5718787908554077,1.5017857587192136,1.5719992640912415,1.5712992869191214
S600,S600|20|0,20,9.618233691,836.6884517,1.567946889,1.488779085963863,1.6573658449226076,1.5718785524368286,1.5677034854888916,1.5596351623535156,1.5721677541732788,1.499810779661743,1.5736129967854042,1.5524729388213234
S600,S600|20|0,20,9.671226665,839.3014816,1.571871059,1.4916458560743184,1.6592952937109362,1.5957785844802856,1.5669317245483398,1.5596351623535156,1.5721677541732788,1.500681859425575,1.5691841686342058,1.5523483289300604
S600,S600|20|0,20,9.862206831,848.0849624,1.569880939,1.5017999907014616,1.6661060780489598,1.5876466035842896,1.5644887685775757,1.5685653686523438,1.5684086084365845,1.503739752533552,1.5730981971957976,1.5713317125229929
S600,S600|20|0,20,9.701597562,840.6667576,1.566603451,1.4932656563309172,1.6603807216261766,1.5938503742218018,1.5669317245483398,1.5701617002487183,1.5721677541732788,1.5011687832224907,1.5706931115776042,1.568432916863505
S800,S800|20|0,20,9.820082623,850.5851979,1.561161878,1.5012294854352688,1.6645346063583328,1.623940348625183,1.569627285003662,1.5604743957519531,1.5707886219024658,1.7333702473234374,1.5669195451561488,1.5549099888331057
S800,S800|20|0,20,9.722786393,846.1186026,1.567127956,1.496056989812069,1.6610629898138987,1.6273527145385742,1.5711854696273804,1.5670832395553589,1.5744986534118652,1.730896784143627,1.5703777615655963,1.5621350270049894
S800,S800|20|0,20,9.757561353,846.3854161,1.5717416,1.497726989376049,1.6621371113943537,1.5897711515426636,1.5711854696273804,1.5670832395553589,1.5753523111343384,1.7315516945007412,1.5713932418053633,1.5631451771042815
S800,S800|20|0,20,9.803197227,848.7045141,1.580639482,1.5001823299823633,1.6637931678343052,1.6061406135559082,1.5705530643463135,1.5604743957519531,1.5732473134994507,1.7327504168892447,1.5718824973308079,1.5607715128549475
D50,D50|20|1,20,34.86539403,1515.89235,2.106587464,2.2281668468844966,2.152982964151051,2.0454599857330322,2.0223937034606934,2.025888442993164,2.0212299823760986,2.049778607810502,2.058244207066306,2.054056871448749
D50,D50|20|1,20,30.37714359,1407.771902,2.117544335,2.1377947251992255,2.092559981129816,1.9784131050109863,2.010230779647827,1.9197871685028076,1.9591569900512695,1.983018643625943,1.9837587400455288,1.944662160545988
D50,D50|20|1,20,31.40073747,1432.869412,2.118184975,2.159305137801432,2.106917494646895,2.0053486824035645,2.0109949111938477,1.8756344318389893,1.9670255184173584,1.997345012942855,1.995338956721633,1.9495321436200181
D50,D50|20|1,20,31.32771541,1433.852202,2.099811401,2.1582095251679454,2.1061692655868636,1.9930623769760132,2.0109949111938477,1.8756344318389893,1.9614336490631104,1.996682951724722,1.9946303525186562,1.948839806778624
D50,D50|20|1,20,35.4313608,1531.691524,2.091618493,2.2392646133186878,2.1603979610191097,2.0444767475128174,2.0317752361297607,2.010878324508667,2.022679090499878,2.0586594621921686,2.073578045505948,2.0733265581782607
D100,D100|20|1,20,35.23670414,1548.939203,2.060357876,2.2452769832838797,2.1633208668544066,2.0715928077697754,2.119772434234619,2.1561007499694824,2.080808401107788,2.087888228705889,2.098588929905226,2.135952895670913
D100,D100|20|1,20,35.44616723,1549.087566,2.051589607,2.2485146580035944,2.1655747116175394,2.086451768875122,2.1177005767822266,2.1381702423095703,2.0699639320373535,2.0907841442854145,2.1005129178243314,2.1346820121103294
D100,D100|20|1,20,35.04770649,1543.525185,2.058574592,2.2415486787963768,2.1607982101792604,2.069160223007202,2.096209764480591,2.032478094100952,2.068084478378296,2.0848304989997537,2.085763439520302,2.1110149722349174
D100,D100|20|1,20,34.77859038,1537.781174,2.052924413,2.23650945962338,2.1573685904553606,2.069160223007202,2.0959584712982178,2.040320873260498,2.068084478378296,2.080619199442912,2.0642814624309533,2.080498102169007
D100,D100|20|1,20,34.77719136,1535.113249,2.049683521,2.23608731456233,2.1571100057132355,2.069160223007202,2.092271566390991,2.040320873260498,2.068084478378296,2.080379779854622,2.0688744521529316,2.0802487312142146
D200,D200|20|1,20,34.34960201,1536.451759,2.057366791,2.2284076382729796,2.1519084317131485,2.055100440979004,2.0461742877960205,2.044961452484131,2.0483922958374023,1.9854071643654976,2.0461560061212007,2.0434641350589002
D200,D200|20|1,20,34.74027977,1548.477515,2.058764596,2.2363300475237526,2.157246402044029,2.0624430179595947,2.0685274600982666,2.1686387062072754,2.053114891052246,1.9901255649186809,2.073786458830641,2.110116118988794
D200,D200|20|1,20,34.722856,1542.750989,2.057642712,2.2352051090711327,2.156539525363861,2.0639400482177734,2.048539161682129,2.0576975345611572,2.0502984523773193,1.9898453793647943,2.06747714497518,2.0823258023979005
D200,D200|20|1,20,34.97259629,1551.574607,2.069375924,2.240408049135528,2.16003469506448,2.0628538131713867,2.0690135955810547,2.167393922805786,2.0531928539276123,1.9928568265077904,2.0888143357106403,2.135583885763993
D200,D200|20|1,20,35.33572721,1560.670744,2.056356092,2.2473715474189286,2.164749083231472,2.0644760131835938,2.0690135955810547,2.167393922805786,2.056910276412964,1.9971553166293639,2.0933732817358215,2.1402449087668494
D400,D400|20|1,20,34.5395316,1544.162951,2.0430377,2.229468921771669,2.152373090695936,2.067183494567871,2.0481245517730713,2.065519094467163,2.0564887523651123,2.0339901947188896,2.0593918216074694,2.07211769035301
D400,D400|20|1,20,31.94655768,1481.782942,2.067464556,2.1780371637553686,2.1177278135065456,2.0128629207611084,2.0352559089660645,2.004053831100464,2.023709297180176,1.9835239667027287,2.014990367937366,2.0031828967138314
D400,D400|20|1,20,34.67643698,1548.088827,2.05092407,2.2321970279990877,2.15420666579964,2.067183494567871,2.0481245517730713,2.065519094467163,2.0564887523651123,2.0367170416543696,2.061146187330212,2.073882897056903
D400,D400|20|1,20,33.38576094,1517.010237,2.046116935,2.2070421625761263,2.1372502025427247,2.0343477725982666,2.0385332107543945,2.034923791885376,2.038189649581909,2.011245675843669,2.0340194295628153,2.0346602014595825
D400,D400|20|1,20,34.27651949,1539.351678,2.040174013,2.2246107405631084,2.14908202195182,2.0387938022613525,2.0481245517730713,2.065519094467163,2.0443897247314453,2.0289640598081786,2.056242925124198,2.0689493354825976
D600,D600|20|1,20,33.09951934,1525.935228,2.030799499,2.20475671202861,2.135457881039064,2.0564839839935303,2.02462100982666,1.999197244644165,2.0348212718963623,2.008162825842314,2.0263908089816884,2.0111916664963894
D600,D600|20|1,20,32.90915106,1522.069342,2.029389278,2.201066482677789,2.1329626540988564,2.0437333583831787,2.02462100982666,2.0108301639556885,2.0153303146362305,2.0052796830544524,2.0210342195544895,2.010448366967651
D600,D600|20|1,20,33.31521983,1532.838283,2.035717652,2.209289144652474,2.1385000069792945,2.054992914199829,2.0401906967163086,2.0039186477661133,2.0348212718963623,2.011463372430234,2.024415170839217,2.004928520457712
D600,D600|20|1,20,33.50999766,1532.879767,2.032341943,2.212453676735693,2.1406779548576758,2.056875467300415,2.045994520187378,2.045358419418335,2.0416736602783203,2.0143115156975524,2.032500786228185,2.029468251333653
D600,D600|20|1,20,33.19366532,1528.86905,2.038835416,2.206725937500579,2.1367802760930448,2.047811269760132,2.02462100982666,1.999197244644165,2.0348212718963623,2.009603819683994,2.0276456635995306,2.01243710895442
D800,D800|20|1,20,32.44082732,1514.58012,2.00530262,2.1940914769775217,2.1282323038296327,2.020418405532837,2.020777702331543,2.0067994594573975,2.0109481811523438,1.8317123594542244,2.0172152821489577,2.0060498492695826
D800,D800|20|1,20,31.51032315,1492.999094,2.009512232,2.1752086118652927,2.115471841446344,1.9842880964279175,2.000915288925171,2.0260443687438965,1.9799827337265015,1.8139529298346433,2.0177657130577042,1.99991121936358
D800,D800|20|1,20,30.2842287,1458.121868,2.00461922,2.1487262146390633,2.097640999893832,1.9719769954681396,1.9801301956176758,1.9061468839645386,1.9652146100997925,1.790552817124518,2.0092062590787942,1.9612395771356594
D800,D800|20|1,20,31.99730768,1503.480603,2.017234302,2.1850231711608363,2.122108946049328,1.9770419597625732,2.000915288925171,1.9558663368225098,1.9774442911148071,1.8232368310929683,2.021600041582402,1.9745364275265906
D800,D800|20|1,20,30.37357312,1463.001145,2.007206069,2.1510266507269558,2.0991748257359015,1.9653315544128418,1.9699987173080444,1.9061468839645386,1.9643020629882812,1.7923727977519375,2.0106754201422836,1.9626736642583142
S50,S50|20|1,20,32.91539881,1498.727642,2.034582604,2.2011617518335163,2.133158395757555,2.039513349533081,2.066763162612915,1.9910690784454346,2.0610625743865967,1.9217269428433446,2.0558123421607712,2.0100062892893766
S50,S50|20|1,20,32.95439457,1500.032799,2.023307961,2.2019958918266602,2.1337202496802496,2.0410947799682617,2.066763162612915,1.9910690784454346,2.0610625743865967,1.922890975916636,2.056353823858082,2.010535706101801
S50,S50|20|1,20,33.0548852,1503.264102,2.025826924,2.204122432855545,2.135153749471483,2.0410947799682617,2.066763162612915,1.9910690784454346,2.061959743499756,1.9258692605225816,2.0577353464722314,2.011886446675874
S50,S50|20|1,20,33.17336422,1506.950727,2.013036975,2.2066052775939413,2.136828508728619,2.0372636318206787,2.074709892272949,2.0426242351531982,2.060964584350586,1.9293581959882513,2.069026693527449,2.0350738847283987
S50,S50|20|1,20,32.97492796,1502.583623,2.03287125,2.2027136700605547,2.134187800850802,2.0372636318206787,2.066763162612915,1.9910690784454346,2.060964584350586,1.923765488770838,2.0568044221206976,2.0109762644753584
S100,S100|20|1,20,33.39179132,1509.39832,2.019725426,2.211550148457402,2.1405587322058333,2.0177855491638184,2.031000852584839,2.036372184753418,2.021960735321045,1.9833345320843563,2.0251387191793717,2.036814610534669
S100,S100|20|1,20,33.66825112,1511.942824,2.039797618,2.2163854598041017,2.1438813636024237,2.018414258956909,2.030433416366577,2.036372184753418,2.0250351428985596,1.9897571441957234,2.028282192605052,2.0399762075850907
S100,S100|20|1,20,33.28243302,1506.467393,2.036185006,2.2093394099142785,2.139061162669024,2.0177855491638184,2.030653715133667,2.0499141216278076,2.021960735321045,1.9805666945640394,2.0240502066523414,2.04715016330732
S100,S100|20|1,20,33.32252681,1508.437317,2.03838733,2.2102847672358386,2.1396931971113293,2.017268657684326,2.0293831825256348,2.036372184753418,2.0261905193328857,1.9816838596174566,2.024319854176363,2.035991024384057
S100,S100|20|1,20,33.09182686,1500.270042,2.036193882,2.2053099792931197,2.136341811506985,2.01859712600708,2.029432535171509,2.0108113288879395,2.022470712661743,1.9756069717680493,2.0134682758104465,2.0238879174096245
S200,S200|20|1,20,32.37505944,1500.569315,2.012022796,2.1923951515397655,2.12787267501577,2.014136552810669,2.0202269554138184,1.9778145551681519,2.0105791091918945,1.9471025039035759,2.0052849680369857,1.9938820916169668
S200,S200|20|1,20,32.42501754,1501.016113,2.023972604,2.193293468071466,2.1284869021765465,2.0164806842803955,2.0202269554138184,2.0266802310943604,2.0105791091918945,1.9487710087898862,2.0053842493656955,2.0099237027438233
S200,S200|20|1,20,32.43328621,1503.264295,2.013429352,2.1937645757960382,2.1287884559340187,2.01499605178833,2.018406867980957,2.0266802310943604,2.0095973014831543,1.9492782576148355,2.005668362533107,2.0102084590390934
S200,S200|20|1,20,32.25005434,1498.976024,2.013525821,2.1900716049681868,2.126288847465776,2.015920877456665,2.018406867980957,1.9778145551681519,2.0095973014831543,1.9428723312578797,2.0037923855083144,1.9923979965274337
S200,S200|20|1,20,32.46223787,1503.959108,2.013365047,2.1943492071373405,2.1291840687195474,2.01499605178833,2.018406867980957,2.027484893798828,2.0095973014831543,1.9502909903032033,2.0060410947534164,2.0105820349882477
S400,S400|20|1,20,31.78672514,1491.250574,2.000918649,2.1819915091150186,2.120457829729137,1.982952356338501,2.022282123565674,2.0203897953033447,1.996277928352356,1.7999186975796109,2.0192529932069565,2.0222395684835996
S400,S400|20|1,20,32.24257938,1503.546179,2.006587247,2.191491491502454,2.1268847041239947,2.0154054164886475,2.0216712951660156,1.940915584564209,2.012364387512207,1.8114976073911622,2.0118175015256896,1.9801681861203164
S400,S400|20|1,20,32.49997,1509.172726,2.007552339,2.1966173833222884,2.1303642628749553,2.010197162628174,2.0220510959625244,2.009504795074463,2.0131237506866455,1.817811626331766,2.017296289323032,2.010514689551809
S400,S400|20|1,20,31.70594866,1491.160627,2.016135748,2.180606843301461,2.119505280601808,1.9880059957504272,2.022282123565674,2.0203897953033447,1.9950175285339355,1.7981588167158566,2.018345907176021,2.0213311408274577
S400,S400|20|1,20,32.54042186,1508.280008,2.007400124,2.197157136681719,2.1307462276779185,2.0121781826019287,2.0220510959625244,2.009504795074463,2.0131237506866455,1.8185465814994792,2.0176579815430427,2.0108751658612514
S600,S600|20|1,20,32.17745645,1503.636642,2.002293432,2.190935594777274,2.1265633464831515,2.00327205657959,1.9932100772857666,1.9414654970169067,2.015841484069824,1.9357500221050234,2.005329755310424,1.9782109396511351
S600,S600|20|1,20,32.49469306,1510.270769,2.009319501,2.197214597060237,2.130824521906824,2.008148670196533,2.0111448764801025,2.0131478309631348,2.019679307937622,1.9433929371479666,2.012137333284452,2.005463621428557
S600,S600|20|1,20,32.25751958,1505.482119,2.017374996,2.1925500332743146,2.1276573123425444,2.00327205657959,1.9932100772857666,1.9354147911071777,2.015841484069824,1.9377059373833605,2.006195223176156,1.9667074416326606
S600,S600|20|1,20,32.18913448,1504.233237,2.016442329,2.1912196569703917,2.1267530993592283,2.00327205657959,1.9937396049499512,1.9354147911071777,2.0149221420288086,1.9360720627535069,2.0053426292187835,1.9658716292145646
S600,S600|20|1,20,31.80697314,1494.287151,2.004084507,2.183305556837257,2.1214010204133493,1.9885315895080566,2.0103721618652344,2.0230700969696045,2.0061392784118652,1.9265742118347744,2.011065562968767,2.020991776167935
S800,S800|20|1,20,32.5964796,1519.398157,2.007171096,2.2014871688885034,2.133121230517535,2.0196828842163086,1.9874402284622192,2.010141134262085,2.007293462753296,2.101893617672023,2.0109661709609026,2.0066168312937287
S800,S800|20|1,20,32.31759921,1512.5104,2.008164277,2.195826250024696,2.129281591474685,2.0136563777923584,1.9863566160202026,1.9617817401885986,2.009167432785034,2.096268047993795,2.0073464122179834,1.9801572692384084
S800,S800|20|1,20,32.41785867,1513.704591,2.006201599,2.1976765011107875,2.1305474951422405,2.021433115005493,1.9904536008834839,2.0126819610595703,2.007748603820801,2.0981060076444784,2.008539822800903,2.003863777629515
S800,S800|20|1,20,32.59958903,1519.967209,2.010861938,2.2016226221707176,2.133208799674712,2.0194976329803467,1.9874402284622192,2.010141134262085,2.006779909133911,2.1020281747292264,2.011048725393432,2.006699207176627
S800,S800|20|1,20,32.47700726,1516.998049,2.001144559,2.199147617368183,2.1315294804295837,2.0139076709747314,1.9874402284622192,2.010141134262085,2.006779909133911,2.0995677919634423,2.0094655738388543,2.005119479679577
D50,D50|20|2,20,49.16971066,1830.044779,2.484568666,2.4637851358405234,2.311997817646696,2.2099297046661377,2.3116860389709473,2.1987011432647705,2.268747568130493,2.26764310726722,2.299675084432092,2.2631562695302625
D50,D50|20|2,20,49.63363762,1839.785421,2.497363881,2.4704488814289567,2.3165271944051393,2.2288639545440674,2.320368766784668,2.2267515659332275,2.297386884689331,2.27321626679179,2.30364500023278,2.2773538527853208
D50,D50|20|2,20,49.36445309,1834.3988,2.49842825,2.4666272146446326,2.313924547800604,2.2099297046661377,2.3116860389709473,2.1987011432647705,2.2672512531280518,2.2700163381259144,2.3015915452935802,2.2650422970144706
D50,D50|20|2,20,50.37392935,1854.998991,2.461581844,2.480937957970853,2.323665649827195,2.237110137939453,2.32295560836792,2.24033784866333,2.3022778034210205,2.2820027031179047,2.3119420716962775,2.292356607722871
D50,D50|20|2,20,57.97312346,2004.729643,2.435941445,2.581521372678072,2.392434857873457,2.3950560092926025,2.419184684753418,2.3066885471343994,2.3952276706695557,2.3869290994209114,2.419359207271777,2.3811102606197756
D100,D100|20|2,20,56.85649712,1989.357192,2.40022232,2.5749923998088184,2.3904047365925547,2.4737892150878906,2.452789306640625,2.3716888427734375,2.4486324787139893,2.422833436411555,2.4133769470290356,2.442036643176811
D100,D100|20|2,20,57.72039338,2011.66433,2.377815583,2.5867184777663255,2.398445821237942,2.4786150455474854,2.470366954803467,2.335101366043091,2.4491546154022217,2.4357470128740384,2.4041561560088316,2.4095159565102886
D100,D100|20|2,20,57.53497852,2007.705257,2.394952399,2.584333056448968,2.396791641449692,2.4786150455474854,2.470366954803467,2.335101366043091,2.4491546154022217,2.4330589423784224,2.4024980378700556,2.4078541417803367
D100,D100|20|2,20,56.68307235,1990.89006,2.394366926,2.5734994267000637,2.389249360880502,2.4766974449157715,2.452789306640625,2.3716888427734375,2.4490840435028076,2.4207628971557122,2.412210467952944,2.4408563117533166
D100,D100|20|2,20,57.54477933,2015.634352,2.379854414,2.5855794249516793,2.3974769628685144,2.437546730041504,2.484102249145508,2.335101366043091,2.443638563156128,2.433885242352312,2.40318499093496,2.408542626331194
D200,D200|20|2,20,53.56970682,1954.55886,2.376433228,2.5352702456782246,2.3618573044894724,2.3598718643188477,2.3799924850463867,2.3636348247528076,2.3758647441864014,2.3145625820280413,2.373872959807541,2.367693664951752
D200,D200|20|2,20,53.05607211,1935.847999,2.409641323,2.5271532397344716,2.356422700159583,2.377500057220459,2.382736921310425,2.342221975326538,2.3814666271209717,2.3039903126773904,2.368442731056226,2.3613054339068476
D200,D200|20|2,20,55.166824,1977.833102,2.405379084,2.555142686251918,2.3758097553720594,2.369724750518799,2.3909053802490234,2.381491184234619,2.381544828414917,2.3434332246086016,2.3978291513255847,2.4016837563769373
D200,D200|20|2,20,54.49847339,1972.046868,2.374945926,2.5474542218407223,2.370315400401041,2.372967004776001,2.3853394985198975,2.381491184234619,2.3751323223114014,2.3318242257562045,2.3922838737681333,2.3961295645668286
D200,D200|20|2,20,53.43020501,1949.012644,2.383753703,2.5330041565716983,2.3603487480859284,2.3561513423919678,2.386059045791626,2.3576486110687256,2.3814666271209717,2.311647228177792,2.372356728810897,2.3661813807705254
D400,D400|20|2,20,52.81912507,1930.643442,2.422115978,2.5207087266135293,2.350965408173587,2.340388536453247,2.352895498275757,2.368168354034424,2.378004312515259,2.3701568862509896,2.352085875324022,2.3849241386934055
D400,D400|20|2,20,55.52461981,1985.525657,2.412479091,2.5567004650968164,2.375762773294111,2.365081548690796,2.373352289199829,2.381479024887085,2.382765054702759,2.415749590335644,2.3900457709240834,2.397732737962327
D400,D400|20|2,20,53.77873395,1950.737145,2.389934264,2.5337203931954613,2.359911411989894,2.366514205932617,2.369236469268799,2.3533318042755127,2.3795549869537354,2.3868997403859784,2.3667771086596647,2.375637669295236
D400,D400|20|2,20,52.91731162,1933.006153,2.384713733,2.5220925927357887,2.3519101364570107,2.340388536453247,2.3730697631835938,2.34328031539917,2.3792381286621094,2.3719145186634556,2.349942222680638,2.3546928041063198
D400,D400|20|2,20,56.1779681,1998.434146,2.399226086,2.5651446190963996,2.381594668581583,2.365081548690796,2.416351795196533,2.3836636543273926,2.3997855186462402,2.4258630293370933,2.4030717567336173,2.4250391543616265
D600,D600|20|2,20,52.39911909,1957.362162,2.360350625,2.521161283591389,2.350963380996955,2.425034284591675,2.3545310497283936,2.3460299968719482,2.3560991287231445,2.3625568792078093,2.3427217328442858,2.335456078560244
D600,D600|20|2,20,52.59322135,1961.424793,2.354270436,2.5238211462360702,2.3527939239979054,2.4422683715820312,2.3575875759124756,2.3660225868225098,2.3567678928375244,2.366524795156511,2.363053976027249,2.3638558537438747
D600,D600|20|2,20,52.50209061,1959.032747,2.37100385,2.5225041403307924,2.3518975459580065,2.4265224933624268,2.3545310497283936,2.3460299968719482,2.3560991287231445,2.3646215743251866,2.3436526229525736,2.3363840816309427
D600,D600|20|2,20,51.72821252,1943.618962,2.328001537,2.511953022331923,2.3446219366451855,2.387669324874878,2.3532729148864746,2.331847906112671,2.319608449935913,2.348809590383721,2.3362341201780525,2.3262168145405306
D600,D600|20|2,20,51.36281459,1937.302967,2.321628667,2.5070670224039038,2.3412346314360373,2.363090753555298,2.351214647293091,2.3286898136138916,2.314424753189087,2.3413837891922573,2.3330549985385636,2.3217306411278327
D800,D800|20|2,20,51.98716317,1941.351325,2.324864186,2.5163853644817413,2.3484522852520406,2.1897761821746826,2.3556346893310547,2.3383877277374268,2.370845317840576,2.1656048007131328,2.349013319738292,2.3370210676160026
D800,D800|20|2,20,51.70365814,1935.006322,2.332444837,2.5124035057544116,2.345712436384641,2.194143772125244,2.3535542488098145,2.3459384441375732,2.3678009510040283,2.161520342723793,2.340963467985221,2.3363822780136205
D800,D800|20|2,20,53.05364183,1961.85123,2.333356188,2.5307390449017615,2.3584025364571057,2.196082592010498,2.3592734336853027,2.371258020401001,2.3736746311187744,2.180485215200261,2.373908443407725,2.3706395880396607
D800,D800|20|2,20,52.34080322,1948.30887,2.344244002,2.521192507603108,2.3517802620378525,2.190711736679077,2.355952262878418,2.3417885303497314,2.3693833351135254,2.17057641891095,2.3528273844303533,2.340332845296061
D800,D800|20|2,20,53.28409649,1966.780607,2.392456042,2.5338834529748473,2.3605726913430902,2.199704885482788,2.3592734336853027,2.371258020401001,2.3752942085266113,2.1837321232522626,2.37609286651943,2.3728210032159778
S50,S50|20|2,20,51.31170862,1906.686695,2.358059239,2.505685649281696,2.341510265935241,2.3754663467407227,2.3896644115448,2.3495054244995117,2.3962624073028564,2.3030582761606624,2.4604890535177137,2.3399891482248636
S50,S50|20|2,20,53.03512287,1942.208161,2.359048519,2.529355788457808,2.357886658487911,2.385922431945801,2.390646457672119,2.352954387664795,2.386667251586914,2.327065652701921,2.4819093096816007,2.3663452589152856
S50,S50|20|2,20,52.58054163,1932.824586,2.346389412,2.523166998514676,2.3536032695035276,2.3803420066833496,2.396810531616211,2.352954387664795,2.3861093521118164,2.3207075773151677,2.4769965956316247,2.3632908378926354
S50,S50|20|2,20,53.28947197,1947.336136,2.368014463,2.532783515383527,2.360262278474065,2.387782573699951,2.390646457672119,2.352954387664795,2.38429856300354,2.330593623221123,2.485163381052669,2.3687294011177884
S50,S50|20|2,20,53.29276438,1947.475637,2.377940402,2.5328383956535947,2.360298728575305,2.387782573699951,2.390646457672119,2.352954387664795,2.38429856300354,2.330648324617975,2.4852017600318463,2.368765981978852
S100,S100|20|2,20,53.38274971,1950.214018,2.355055985,2.53525732310604,2.362569833056064,2.3669798374176025,2.3425188064575195,2.369030237197876,2.379221200942993,2.339754601984585,2.3414514597720864,2.378540526281123
S100,S100|20|2,20,53.67566432,1955.875063,2.34418626,2.5391493273492314,2.365276787644336,2.3672165870666504,2.3425188064575195,2.369030237197876,2.3802008628845215,2.342739650226341,2.344134217624813,2.381265779562919
S100,S100|20|2,20,53.54920037,1953.061512,2.350460873,2.5374174463271086,2.3640803096929934,2.3672165870666504,2.3425188064575195,2.369030237197876,2.3802008628845215,2.341421030010552,2.3429484346665452,2.3800612135618415
S100,S100|20|2,20,53.05114153,1942.184457,2.354754656,2.5305966299303817,2.3593645514234156,2.375110149383545,2.3410842418670654,2.361992597579956,2.379807233810425,2.3362240999530024,2.333583161719194,2.373398771688199
S100,S100|20|2,20,53.19920367,1953.112423,2.348310931,2.533742781615507,2.361375533269655,2.323620080947876,2.340628147125244,2.369030237197876,2.3603694438934326,2.338423412176275,2.3397408714405166,2.376530254197025
S200,S200|20|2,20,51.53213585,1936.035737,2.31502858,2.512212269777066,2.346299452949681,2.328889846801758,2.31115984916687,2.3260366916656494,2.313992738723755,2.3264697861608483,2.3018407484368697,2.321166947372499
S200,S200|20|2,20,51.5596324,1935.584748,2.327331882,2.512447085170298,2.3464825764936044,2.3454694747924805,2.31115984916687,2.328763246536255,2.3160645961761475,2.326889460535254,2.3020204020760806,2.3238359614800648
S200,S200|20|2,20,51.78425102,1940.212032,2.321342581,2.51555255949001,2.348628650091798,2.327025890350342,2.31115984916687,2.3271641731262207,2.313753604888916,2.330870958488087,2.304692627111748,2.325246817914741
S200,S200|20|2,20,52.58083853,1949.627099,2.354421515,2.525480665355115,2.355638760544374,2.3619024753570557,2.3216497898101807,2.3525774478912354,2.3479394912719727,2.3424874627165737,2.3282688005635763,2.354583040224594
S200,S200|20|2,20,52.37127789,1944.957218,2.346264224,2.5225656598832757,2.3536300306278912,2.348329782485962,2.32021427154541,2.345233917236328,2.348417282104492,2.339189665739498,2.325737552089762,2.352575210555223
S400,S400|20|2,20,50.86437644,1922.459729,2.302433632,2.50384465215347,2.340664499821999,2.2696189880371094,2.339228630065918,2.3693180084228516,2.2811810970306396,2.2631037098922233,2.330636757341411,2.346379012761018
S400,S400|20|2,20,51.11602547,1927.530764,2.301666197,2.507342744498869,2.3430886842514793,2.2636609077453613,2.3368589878082275,2.3676273822784424,2.280477523803711,2.2685477298674503,2.336134645222898,2.348193778193414
S400,S400|20|2,20,51.34369319,1932.002463,2.301228007,2.5104796184345934,2.3452653704484625,2.298415422439575,2.3368589878082275,2.3676273822784424,2.3082830905914307,2.273446480903557,2.339116903858189,2.350375206928566
S400,S400|20|2,20,50.60091435,1917.504834,2.312349059,2.500219246577222,2.33814541213808,2.1338183879852295,2.3395183086395264,2.3688580989837646,2.2034599781036377,2.2574399326179653,2.3281284617904876,2.3446180489284356
S400,S400|20|2,20,51.49638137,1933.890119,2.29357413,2.512417829093954,2.3466337013296914,2.3147799968719482,2.341212749481201,2.3629229068756104,2.3063693046569824,2.276572998420552,2.340481647453811,2.35062727722693
S600,S600|20|2,20,51.14869064,1939.462094,2.306805401,2.509954637423072,2.3445588508389212,2.271583318710327,2.305699348449707,2.3334734439849854,2.29567813873291,2.2342394975511826,2.3023977216252574,2.320010963529229
S600,S600|20|2,20,51.2805317,1942.57621,2.300352377,2.5118463838514056,2.345859110572837,2.2845020294189453,2.303422451019287,2.3334734439849854,2.299858570098877,2.235871398414061,2.3036745993832275,2.3212976093462196
S600,S600|20|2,20,51.66279321,1948.782326,2.312753062,2.5169079953980864,2.349394789070818,2.3002357482910156,2.3089072704315186,2.3442232608795166,2.3109564781188965,2.240266371944962,2.3131336069854735,2.3266144811396994
S600,S600|20|2,20,51.43129706,1945.290928,2.305671252,2.513884378825267,2.3472767745574217,2.291158437728882,2.303422451019287,2.3313872814178467,2.300826072692871,2.237637759347878,2.3047630285979483,2.323152195037571
S600,S600|20|2,20,51.44526012,1944.520724,2.308124581,2.5139268978181253,2.3473278494031153,2.3002357482910156,2.305699348449707,2.3313872814178467,2.3109564781188965,2.23768463256184,2.3048131783788866,2.32320274495191
S800,S800|20|2,20,50.94807605,1939.208817,2.283433535,2.5089932579499656,2.3437134491106457,2.2496120929718018,2.3067431449890137,2.3481521606445312,2.2595808506011963,2.4489337982734005,2.3058587104742383,2.3233022965235297
S800,S800|20|2,20,51.13922732,1944.951937,2.28344892,2.5119180986059644,2.345703378916497,2.29945969581604,2.3067431449890137,2.338646173477173,2.297302007675171,2.4520983553534466,2.3084533562056704,2.3234785554768282
S800,S800|20|2,20,51.04415925,1942.167081,2.305620968,2.510474635170491,2.344719978451804,2.253823757171631,2.3067431449890137,2.3481521606445312,2.2599036693573,2.4505348877422537,2.307485572246445,2.324017612824037
S800,S800|20|2,20,51.39838716,1944.791778,2.285418849,2.514736777527155,2.34777062632628,2.3250885009765625,2.3067431449890137,2.3357315063476562,2.3044111728668213,2.4553207811708573,2.3104877755035718,2.3255262163484742
S800,S800|20|2,20,51.86211822,1953.220075,2.29616334,2.5209914707903947,2.3521313892787763,2.32456374168396,2.309605836868286,2.3549814224243164,2.30535626411438,2.462218174804756,2.3151334291066066,2.3370306674463093
D50,D50|20|3,20,81.34344019,2326.895298,2.690730088,2.8196544155858576,2.5603483169151273,2.649407148361206,2.745016574859619,2.4848265647888184,2.697770357131958,2.673025065848376,2.6929167058918484,2.6229218320317855
D50,D50|20|3,20,82.69485263,2334.479383,2.738434207,2.830085854312775,2.568144489580311,2.5847010612487793,2.7431771755218506,2.4758691787719727,2.6914730072021484,2.6872913368068776,2.6934714498525043,2.603835681835838
D50,D50|20|3,20,78.11952878,2262.247304,2.817365633,2.787355240932874,2.5379836733387227,2.581660032272339,2.6327719688415527,2.5824193954467773,2.6246726512908936,2.6327908160816955,2.673394712306591,2.6392787329940104
D50,D50|20|3,20,81.7237109,2320.512605,2.759699812,2.8213675827997236,2.5619422338764126,2.5847010612487793,2.745016574859619,2.4740498065948486,2.6914730072021484,2.6760333388435193,2.689197520851107,2.60159693028504
D50,D50|20|3,20,68.61355783,2103.657756,2.814001244,2.690823881516561,2.4703802608379064,2.5583579540252686,2.5598254203796387,2.608701705932617,2.536458730697632,2.517356060038634,2.5445949647737085,2.5383832391999475
D100,D100|20|3,20,80.31338452,2321.815605,2.632649339,2.8183919829227646,2.5646648605799793,2.7460405826568604,2.751796007156372,2.6004741191864014,2.758363723754883,2.751252631288223,2.649326908744867,2.6496671883228173
D100,D100|20|3,20,79.49911867,2306.710046,2.670840698,2.8104273905950543,2.5590189800538,2.7396621704101562,2.703335762023926,2.6062686443328857,2.7205018997192383,2.742046409255989,2.665834720857027,2.675622838622693
D100,D100|20|3,20,80.87249347,2330.479268,2.656750954,2.823578311932565,2.5683955976119894,2.7460405826568604,2.751796007156372,2.6004741191864014,2.758363723754883,2.7574231123247146,2.6531808009864135,2.6535215755583264
D100,D100|20|3,20,79.75894599,2309.708911,2.667506004,2.812710422752078,2.5606938506404666,2.7396621704101562,2.703335762023926,2.6062686443328857,2.7205018997192383,2.744651217036681,2.6675795020398474,2.677374026100532
D100,D100|20|3,20,79.04257804,2299.255663,2.657418213,2.8060831380655107,2.5559086998039686,2.7396621704101562,2.7064807415008545,2.5761616230010986,2.720881462097168,2.737380115817874,2.6650784317952314,2.672370835829501
D200,D200|20|3,20,73.53314854,2262.469053,2.588700967,2.7585885753025066,2.519762151012094,2.6197288036346436,2.6460673809051514,2.611997127532959,2.643589496612549,2.6426186207300066,2.6471520074647708,2.606669020969472
D200,D200|20|3,20,75.22676955,2281.84168,2.613579889,2.774293550330904,2.531185519660833,2.64029598236084,2.6320619583129883,2.5913426876068115,2.627683401107788,2.665216701936246,2.650955204587516,2.6050067148544267
D200,D200|20|3,20,76.31982278,2288.259527,2.697432993,2.783401202831809,2.53802236242076,2.6175434589385986,2.667848825454712,2.648825168609619,2.6364355087280273,2.6787842170468945,2.6678245674949976,2.7030136273346885
D200,D200|20|3,20,77.5003002,2309.33972,2.669193554,2.795144120521433,2.546337712557576,2.6159579753875732,2.6753475666046143,2.7151217460632324,2.651881456375122,2.6949341143683756,2.676601008560181,2.713455877333697
D200,D200|20|3,20,77.07000554,2300.864212,2.699238938,2.7907654102437482,2.5432605002477664,2.6144802570343018,2.670819044113159,2.6537301540374756,2.6391170024871826,2.689201722369237,2.6727212073102846,2.705433752878719
D400,D400|20|3,20,73.51075489,2279.095474,2.610637885,2.757568521927627,2.5168220775722068,2.6241376399993896,2.6456797122955322,2.5911126136779785,2.6294987201690674,2.6613398361056015,2.63410474642899,2.591976534549233
D400,D400|20|3,20,73.51048868,2279.68762,2.659162876,2.757650628937966,2.5168626642594534,2.627763509750366,2.6379284858703613,2.5911126136779785,2.6331169605255127,2.6613900198435205,2.634147224435867,2.5920183331896283
D400,D400|20|3,20,73.66094085,2281.205271,2.621120179,2.7590293832399193,2.517865542244388,2.604766845703125,2.6440083980560303,2.5886199474334717,2.6294987201690674,2.6634215180446006,2.635196836040813,2.591982313268425
D400,D400|20|3,20,76.06170418,2311.376408,2.716696143,2.7815653460842236,2.534090754252869,2.6216249465942383,2.6225738525390625,2.629948377609253,2.6525886058807373,2.696055765854817,2.653385879394814,2.627922952807235
D400,D400|20|3,20,76.41256088,2316.626837,2.661629247,2.784930598429297,2.5364902952099078,2.6243443489074707,2.652552366256714,2.6937663555145264,2.6571896076202393,2.7008515093077996,2.662465625058548,2.6938063054918464
D600,D600|20|3,20,73.04778253,2274.282022,2.72971974,2.754399292010646,2.515374428644694,2.6220767498016357,2.6326420307159424,2.589273691177368,2.6182048320770264,2.7212662388414537,2.6328954908932305,2.5859956138653066
D600,D600|20|3,20,73.56495543,2282.913326,2.633703639,2.7596391698650273,2.51908545762868,2.628943920135498,2.6357898712158203,2.599743366241455,2.632920265197754,2.729476983596893,2.6353453778383296,2.593904200332746
D600,D600|20|3,20,73.57629,2281.484306,2.607496322,2.759523700367538,2.519051321966958,2.628363847732544,2.6382853984832764,2.599743366241455,2.628368616104126,2.729513875488438,2.635309666759904,2.5938690508160622
D600,D600|20|3,20,73.76662033,2284.686326,2.586980655,2.7614484960949732,2.520414131877446,2.628309965133667,2.635549783706665,2.5966076850891113,2.62811541557312,2.732529941248938,2.6374624779829303,2.594618242805493
D600,D600|20|3,20,75.01100362,2295.153763,2.621748382,2.772452553280769,2.5285203104188105,2.657114028930664,2.660858154296875,2.6350936889648438,2.645005941390991,2.7512249474127746,2.6587664418643624,2.656787297725286
D800,D800|20|3,20,72.27777312,2264.226354,2.655372422,2.7489170048637606,2.512529345781186,2.6346752643585205,2.6403205394744873,2.619985818862915,2.639474391937256,2.4161696778318813,2.601122233310468,2.587392680960273
D800,D800|20|3,20,72.60598421,2269.379283,2.660303152,2.752226469204072,2.5148891205371426,2.6354761123657227,2.638319253921509,2.6044938564300537,2.6382715702056885,2.419847194437324,2.599186063250822,2.5771491007781204
D800,D800|20|3,20,70.95475999,2241.073389,2.611077525,2.7351183818707296,2.5027666542681426,2.608076810836792,2.667048931121826,2.6623950004577637,2.629302740097046,2.400993483617777,2.5981349034782806,2.601375017435847
D800,D800|20|3,20,72.29191328,2263.788086,2.607165303,2.7489658020001912,2.5125837403531746,2.6346752643585205,2.644102096557617,2.619985818862915,2.639474391937256,2.416258904989085,2.6011785458589394,2.587448696273162
D800,D800|20|3,20,69.69811068,2219.48737,2.65987949,2.721888479514804,2.493402149420689,2.5790398120880127,2.6710898876190186,2.6761081218719482,2.6166043281555176,2.386466710935233,2.589961274445032,2.6194881736301117
S50,S50|20|3,20,72.00421725,2214.085263,2.600572749,2.7412108023803365,2.508511873107423,2.629873752593994,2.5974481105804443,2.625542640686035,2.533836603164673,2.531369721245962,2.7009553330763834,2.5999917588226436
S50,S50|20|3,20,72.25694022,2220.028674,2.600756865,2.7440566104316426,2.510484632211314,2.625528573989868,2.6791903972625732,2.6515161991119385,2.6005070209503174,2.5349680018925875,2.703495723599294,2.6020364600924464
S50,S50|20|3,20,71.86789021,2211.651024,2.611409827,2.739784952337065,2.5075024267500003,2.6326539516448975,2.5974481105804443,2.625542640686035,2.5343384742736816,2.5295234253260377,2.699868445845844,2.598945500186833
S50,S50|20|3,20,73.03970727,2236.131034,2.606183706,2.7524910628784394,2.5163950362426415,2.63089919090271,2.6696202754974365,2.5986075401306152,2.6054160594940186,2.545779591164039,2.7165014368780525,2.581097818653889
S50,S50|20|3,20,73.03680419,2234.007859,2.601032081,2.752160762970403,2.516222419766733,2.630310535430908,2.6696202754974365,2.5986075401306152,2.6058363914489746,2.5454798216436547,2.716315093757008,2.5809207637785554
S100,S100|20|3,20,74.70590784,2265.323039,2.602353853,2.7705773057983833,2.5300581343653588,2.583646297454834,2.599750518798828,2.6425437927246094,2.5951874256134033,2.611322461190549,2.5845563055128102,2.66829160103526
S100,S100|20|3,20,74.66383032,2262.880192,2.591555322,2.7699048256227194,2.5296315180092694,2.584054946899414,2.5815536975860596,2.5972611904144287,2.593783378601074,2.6105617475138616,2.5739372694702976,2.6110286053290173
S100,S100|20|3,20,74.17991386,2254.589381,2.593729911,2.7650215058054313,2.5261546001892583,2.580449104309082,2.5815536975860596,2.5972611904144287,2.589951753616333,2.6044072154133313,2.570399454458072,2.607439809165704
S100,S100|20|3,20,74.21118228,2254.439192,2.590178255,2.7652384464590662,2.526329796673944,2.5883584022521973,2.5815536975860596,2.5972611904144287,2.5905425548553467,2.6047151367963415,2.57057771945762,2.6076206430262134
S100,S100|20|3,20,73.56866158,2244.694096,2.585105566,2.7589023447567245,2.52178174014457,2.5795533657073975,2.5820162296295166,2.6066880226135254,2.578193187713623,2.596677201058882,2.5636845341713346,2.606037957292757
S200,S200|20|3,20,73.43651507,2271.719886,2.549463877,2.7605696232193253,2.522070661884257,2.5764102935791016,2.563261032104492,2.6134934425354004,2.5718514919281006,2.612285182668695,2.5760359955026106,2.60703014166643
S200,S200|20|3,20,73.11805505,2267.053002,2.553809437,2.7574336118058937,2.5198207538481774,2.5775625705718994,2.562751531600952,2.6096482276916504,2.57551646232605,2.6085755603239473,2.572757786005439,2.6021151146486527
S200,S200|20|3,20,73.37431402,2271.445442,2.557795714,2.760049043990756,2.5216776715348015,2.5821986198425293,2.562751531600952,2.6096482276916504,2.57551646232605,2.611630158376954,2.574653714288805,2.6040326770671873
S200,S200|20|3,20,73.00570644,2266.101959,2.566834809,2.756424194363691,2.519075516682784,2.5788283348083496,2.558926582336426,2.6108832359313965,2.57610821723938,2.6073396523621537,2.570675585017316,2.5986587798479825
S400,S400|20|3,20,73.76404006,2288.197563,2.593864362,2.7663646634485963,2.526469012879629,2.5859622955322266,2.5924153327941895,2.5975873470306396,2.5824697017669678,2.6881205921702773,2.5929493646959223,2.592043720717597
S400,S400|20|3,20,72.96756122,2275.273645,2.570231272,2.758350909331298,2.5207440283697875,2.582127571105957,2.592364549636841,2.6189029216766357,2.580216884613037,2.6754749944723,2.586491073611044,2.599473406825048
S400,S400|20|3,20,72.89052495,2275.805632,2.541498191,2.7578261741908574,2.520316270159321,2.5902252197265625,2.592364549636841,2.6189029216766357,2.5816216468811035,2.6744548871123155,2.5860521584413227,2.5990322886154464
S400,S400|20|3,20,73.04289564,2277.307026,2.548421595,2.7592272954142585,2.5213458011734957,2.595797300338745,2.592115640640259,2.60847544670105,2.5799405574798584,2.676768141038778,2.587730416956041,2.5969317002930765
S400,S400|20|3,20,73.40561857,2282.900649,2.588285054,2.7628405589023886,2.523935511072306,2.601365089416504,2.589878559112549,2.6071982383728027,2.581634759902954,2.6824987967978444,2.5873401310110133,2.600910265581658
S600,S600|20|3,20,74.30632405,2300.518044,2.580068962,2.7728340789201105,2.530715694521179,2.5770370960235596,2.5944247245788574,2.6261069774627686,2.5955584049224854,2.557792305489689,2.583314442887984,2.606219259476759
S600,S600|20|3,20,74.15476915,2298.2246,2.584900044,2.7713464401110723,2.529648304707326,2.577404499053955,2.5944247245788574,2.6261069774627686,2.5961318016052246,2.555831335767309,2.5822248682951967,2.6051200242302808
S600,S600|20|3,20,74.6090734,2306.9972,2.561216983,2.7760683508788992,2.532978651846826,2.574620246887207,2.622420072555542,2.669321060180664,2.6256113052368164,2.561815112616208,2.5741906214988424,2.612214554636791
S600,S600|20|3,20,74.66529908,2307.165578,2.587510212,2.7765210038655965,2.533324413622987,2.5767464637756348,2.622420072555542,2.669321060180664,2.6256113052368164,2.5624998009983564,2.5745420088746567,2.6125711324324494
S600,S600|20|3,20,74.66410851,2307.668303,2.581396513,2.776583315910127,2.5333531932572146,2.5767464637756348,2.622420072555542,2.669321060180664,2.6256113052368164,2.562515329667269,2.5745712567581576,2.6126008123428397
S800,S800|20|3,20,73.25475967,2279.836626,2.560087009,2.7630822964228603,2.524180952645614,2.578347682952881,2.5651450157165527,2.6063032150268555,2.5790491104125977,2.7585123739718234,2.5646371380724804,2.5955819914962097
S800,S800|20|3,20,73.41156821,2281.521063,2.596600528,2.7645379940147343,2.525248604607372,2.5705978870391846,2.5651450157165527,2.6063032150268555,2.5723860263824463,2.760522043081382,2.565721901773273,2.596679843931163
S800,S800|20|3,20,73.52693817,2285.199098,2.622113085,2.7659552180290072,2.526208294073942,2.571701765060425,2.5610158443450928,2.607461452484131,2.57174015045166,2.762296271005738,2.562725439438156,2.5973823967196155
S800,S800|20|3,20,73.31907681,2281.088375,2.569463249,2.76375969551089,2.5246593986228145,2.572709560394287,2.5651450157165527,2.6063032150268555,2.575059652328491,2.759405364868605,2.5651232523189273,2.5960739711861067
S800,S800|20|3,20,73.66589448,2286.764651,2.568817026,2.767251809419395,2.527157116129096,2.5696194171905518,2.5610384941101074,2.6054012775421143,2.5726115703582764,2.764082244523105,2.5648243320180555,2.5972444919602333
D50,D50|20|3,20,97.30031654,2655.112204,2.984611462,2.9680633734079294,2.6630386846584213,2.9612209796905518,2.922499179840088,2.934507131576538,2.9227218627929688,2.8906837625275403,2.916023943842673,2.9583501106808585
D50,D50|20|3,20,87.63050424,2488.793055,3.075366021,2.8850748878749517,2.604640258071507,2.8959174156188965,2.7193357944488525,2.138275384902954,2.921316146850586,2.7633020700745186,2.5831954505344323,2.49528915853178
D50,D50|20|3,20,87.23304824,2482.299702,3.115050296,2.881568110647716,2.6021665537486807,2.9084742069244385,2.7202091217041016,2.1349098682403564,2.928781032562256,2.7573615655706485,2.5827106575796,2.4912463865163037
D50,D50|20|3,20,87.6352082,2489.817783,3.094452059,2.8852490058951346,2.6047339093416415,2.892697334289551,2.7193357944488525,2.138275384902954,2.9169063568115234,2.763507059608442,2.583288330744741,2.495378878023109
D50,D50|20|3,20,102.1244489,2713.416662,3.004673665,3.003817714608192,2.6890470121251036,2.897942066192627,2.941740036010742,2.9522793292999268,2.938687324523926,2.9465491291704535,2.989758961756005,2.9991029472368425
D100,D100|20|3,20,101.0257457,2727.413719,2.895548145,3.006302314618768,2.697594642264739,2.977907657623291,3.0221502780914307,2.9635119438171387,2.97879695892334,3.002382471545981,2.993647380685742,3.0101858331747646
D100,D100|20|3,20,100.8005169,2722.643603,3.084940581,3.0043703670340385,2.6962366334162384,2.977907657623291,3.0221502780914307,2.9635119438171387,2.9767425060272217,3.0002844644261857,2.9921403345311544,3.008670461319766
D100,D100|20|3,20,89.68093191,2549.857762,2.95128913,2.913573967405704,2.6305239276648815,2.9908859729766846,3.0021004676818848,2.2431275844573975,2.986262083053589,2.8675041705909186,2.744761860385589,2.525048441599297
D100,D100|20|3,20,90.35107042,2562.284176,2.944572615,2.919559998312519,2.6347785201962575,2.9955685138702393,3.0183370113372803,2.4211196899414062,3.0125808715820312,2.87628262128393,2.8200253917449136,2.6655269963190724
D100,D100|20|3,20,90.22785035,2560.091931,2.924704326,2.918474640249058,2.6340041082705814,3.0028836727142334,3.016723394393921,2.322693347930908,3.0114803314208984,2.874683693488883,2.7719624774080915,2.5936500583516184
D200,D200|20|4,20,92.22183973,2631.063466,2.998124447,2.9395152111371132,2.6470294694075855,3.0363943576812744,3.0384268760681152,2.7997653484344482,3.042560338973999,2.8434896241733085,3.0474668436455827,2.8541154821117964
D200,D200|20|4,20,97.95752081,2723.715113,2.966529382,2.9868030686874762,2.681034664811107,2.9940545558929443,2.996652126312256,2.973052978515625,2.969182014465332,2.893447721093009,3.038341655567485,2.9864935385099654
D200,D200|20|4,20,98.49310648,2735.753655,2.971769703,2.9915663577342397,2.6843523964411964,2.9796454906463623,2.9699010848999023,2.8897643089294434,2.934654474258423,2.89842433523153,2.95689361677594,2.8804117584194855
D200,D200|20|4,20,94.99970828,2676.801856,2.937807548,2.9628039567840427,2.663737415941241,3.0230703353881836,3.032491683959961,2.871870517730713,2.9913971424102783,2.868021489853893,3.025081120565269,2.8831895912255465
D200,D200|20|4,20,99.15233172,2744.893737,2.99205482,2.9966414310386686,2.6880578185307242,2.990586519241333,2.9749739170074463,2.889127492904663,2.9512975215911865,2.9032535525159213,2.987476719180989,2.9165486035934345
D400,D400|20|4,20,93.74347932,2654.259265,3.117623303,2.9488193978013952,2.65141923155604,2.9710519313812256,2.938854455947876,2.739888906478882,2.9530937671661377,2.907478360901051,2.9434553056671406,2.8137591617561903
D400,D400|20|4,20,91.8395088,2624.590081,3.108333693,2.932980835822741,2.640062588328228,2.9752120971679688,2.947047472000122,2.7339816093444824,2.985942840576172,2.8927333496818504,2.9499393479952007,2.799625306269014
D400,D400|20|4,20,98.67489855,2734.143289,3.026542576,2.9891429771012876,2.680278890825222,2.9596798419952393,2.9826817512512207,2.9026570320129395,2.989583730697632,2.9403094528115523,2.967501975427787,2.909305030507642
D400,D400|20|4,20,95.52189955,2681.982619,3.01931705,2.9633954680787586,2.6618797867103723,2.965622901916504,2.959798812866211,2.904831886291504,2.9504497051239014,2.9192755156938457,2.9773718651934247,2.8929026553050416
D400,D400|20|4,20,97.7268795,2728.342669,2.919158592,2.9827941386470918,2.67541762437059,2.9474427700042725,2.986482858657837,2.908111095428467,2.9840102195739746,2.9355144344597868,2.953481742047846,2.9010437852225284
D600,D600|20|4,20,95.81094367,2706.163501,2.893907337,2.9695166787146188,2.666928677486797,2.988086462020874,2.9397778511047363,2.9444987773895264,2.953397512435913,3.061841550963342,2.9772628541325363,2.909524023980254
D600,D600|20|4,20,95.69154005,2705.701245,2.976918996,2.9687348547460877,2.6663196172423125,2.980026960372925,2.9397778511047363,2.9444987773895264,2.952741861343384,3.060324046271474,2.9765829212730117,2.9088595609864223
D600,D600|20|4,20,95.83229558,2708.280704,3.111563662,2.9699292283743786,2.667166872548327,2.980026960372925,2.9397778511047363,2.9444987773895264,2.952741861343384,3.062282498544358,2.977528766496342,2.9097838862929453
D600,D600|20|4,20,93.76958403,2675.857077,2.942187821,2.9530177041828067,2.6550050806666134,2.9855751991271973,2.920633316040039,2.879733085632324,2.946643114089966,3.0338790654263725,2.9564124045479563,2.8870663434154995
D600,D600|20|4,20,94.82829402,2693.621611,2.996728535,2.961883366089058,2.6613424539315482,2.9749178886413574,2.9737308025360107,2.9284331798553467,2.962427854537964,3.0485920168153706,3.0024721325272092,2.9347413076814908
D800,D800|20|4,20,94.1725228,2697.245508,2.883213228,2.9603669637699217,2.661397355664274,3.0052638053894043,2.9145352840423584,2.8950648307800293,2.976658344268799,2.6516180644456218,2.9151626173989453,2.882798589391997
D800,D800|20|4,20,94.61535023,2705.761232,2.97817025,2.964216240944835,2.6641232678017635,3.0136024951934814,2.986766815185547,2.9443609714508057,3.0103349685668945,2.656005996572594,2.9734278557152396,2.931119702876682
D800,D800|20|4,20,94.23517766,2701.491539,3.035298035,2.96131917409281,2.6619776668618598,2.979076385498047,2.9350554943084717,2.896543502807617,2.9960951805114746,2.6525339340187224,2.9286464183947754,2.890751527246728
D800,D800|20|4,20,93.24634485,2682.73663,2.975689921,2.9527153907514543,2.6558779624585376,3.0194129943847656,2.9521164894104004,2.845141649246216,3.0281074047088623,2.642721996156247,2.946221508995523,2.866350217226821
D800,D800|20|4,20,93.68226299,2691.620652,2.974881534,2.956599062613319,2.658612034278303,3.0086116790771484,2.95513653755188,2.9107437133789062,3.0055601596832275,2.6471146685715343,2.937245947471074,2.8980377484487048
S50,S50|20|4,20,91.64621505,2646.671288,2.764611869,2.939565292538674,2.6469665565635925,2.899348735809326,2.9033875465393066,2.8650732040405273,2.897165060043335,2.7895456453697007,2.9162790383716475,2.9343830026069866
S50,S50|20|4,20,92.59634863,2660.188562,2.784814878,2.9473357133133398,2.6526174676614085,2.927908420562744,2.8960635662078857,2.8582167625427246,2.9042508602142334,2.800368562787572,2.8987304625907475,2.916484762271853
S50,S50|20|4,20,93.64716079,2679.280973,2.791268732,2.9564157967636113,2.659086159530523,2.959892749786377,2.928750514984131,2.9185895919799805,2.937624931335449,2.812748392644474,2.8932279093169693,2.9236222818286643
S50,S50|20|4,20,93.60921735,2677.044875,2.77002425,2.9558810415058523,2.658753814133496,2.959348678588867,2.928750514984131,2.9185895919799805,2.93924617767334,2.8121231387889445,2.8928662997561942,2.923256873432803
S50,S50|20|4,20,94.28151145,2679.408958,2.879657362,2.960325930072842,2.6622325377813074,2.896879196166992,2.8674938678741455,2.9069666862487793,2.8766634464263916,2.8188623242600186,2.86898491331112,2.9164443059061047
S100,S100|20|4,20,94.98269737,2678.042575,2.81862213,2.9655135473773826,2.6674024698301384,2.8508005142211914,2.8316261768341064,2.9296491146087646,2.9000160694122314,2.860735845334881,2.9014538874837825,2.9307311820724284
S100,S100|20|4,20,96.39620352,2699.99626,2.834304486,2.9769911824556545,2.675719937121948,2.8561370372772217,2.859908103942871,2.9595260620117188,2.889770030975342,2.8756204330797686,2.9156579703953462,2.9561168484671816
S100,S100|20|4,20,95.13844618,2679.634128,2.875183276,2.9666724803781412,2.6682697004259777,2.8829190731048584,2.8419928550720215,2.9441163539886475,2.9091811180114746,2.862296980914723,2.9078160673610283,2.949121629232309
S100,S100|20|4,20,95.68620555,2687.531545,2.824508975,2.9710475445997386,2.671460205737066,2.8515825271606445,2.89227557182312,2.981605052947998,2.8955917358398438,2.8680120397487157,2.960726402712189,2.9981900566512816
S100,S100|20|4,20,95.65425679,2688.766405,2.820972955,2.9710224048662037,2.6713840007542378,2.8536813259124756,2.89227557182312,2.981605052947998,2.8955917358398438,2.8678536674081765,2.9606419462399596,2.9981045315061596
S200,S200|20|4,20,93.5454507,2695.397229,2.957256887,2.957830930573726,2.6603256781428177,2.8778038024902344,2.8643646240234375,2.859936237335205,2.8621268272399902,2.835840898349057,2.864639928828728,2.8584224866833816
S200,S200|20|4,20,93.86716379,2699.795351,2.7989606,2.9604026747671917,2.6622029911401794,2.909724473953247,2.856309175491333,2.885404109954834,2.895122766494751,2.8389040964133208,2.8657115638719826,2.879484958673061
S200,S200|20|4,20,93.84974293,2698.719077,2.964542875,2.9601515158041956,2.662047804935324,2.871772050857544,2.856309175491333,2.885404109954834,2.8723244667053223,2.838657107633487,2.8655445146637564,2.879317106580579
S200,S200|20|4,20,93.59674328,2694.909779,3.094040534,2.9580824322670067,2.6605491524410465,2.8583717346191406,2.8643646240234375,2.859936237335205,2.8487048149108887,2.8362143795697077,2.864880566057107,2.8586626016303978
S200,S200|20|4,20,94.2405233,2703.503619,2.961390736,2.9631920283751203,2.6642866556331386,2.8788232803344727,2.9056038856506348,2.9218294620513916,2.896641492843628,2.842315700182519,2.9099838584433395,2.922261620051321
S400,S400|20|4,20,93.28909401,2686.263735,2.87458441,2.955952093696146,2.660077514720559,2.9389405250549316,2.9347121715545654,2.8732128143310547,2.9425206184387207,2.9829308788655537,2.926141457367075,2.8820938552878914
S400,S400|20|4,20,93.57666246,2686.609386,2.947651822,2.957775234998619,2.6615333171081574,2.8676881790161133,2.952059745788574,2.894704580307007,2.913435459136963,2.985112271573845,2.9379262734443814,2.904540538493755
S400,S400|20|4,20,94.20930272,2700.84384,2.9562895,2.96357404064874,2.6655898074149458,2.88865065574646,2.947518825531006,2.908634901046753,2.8973336219787598,2.9917413990851456,2.915164098005443,2.8973665063759975
S400,S400|20|4,20,93.78507546,2693.863186,2.963229596,2.960032581293703,2.6630367195555866,2.890648603439331,2.9319849014282227,2.92075252532959,2.913498640060425,2.9876505802595705,2.9370569239977726,2.9315340947262047
S400,S400|20|4,20,94.06293055,2702.926942,3.031494443,2.962954702279011,2.664997937164064,2.8897085189819336,2.874825954437256,2.880121946334839,2.842475414276123,2.990945545442837,2.885534359657096,2.861072671714858
S600,S600|20|4,20,94.09459879,2699.305544,2.826666765,2.963223010929577,2.664931445189156,2.9602930545806885,2.945805788040161,2.940797805786133,2.9734716415405273,2.8213424362284147,2.9167333296448423,2.934914418403332
S600,S600|20|4,20,93.90035501,2698.344217,2.783083499,2.961900874667559,2.6639068213377355,2.964571952819824,2.9479427337646484,2.9437437057495117,2.9806699752807617,2.8189626340416565,2.916142856363655,2.9358850781087793
S600,S600|20|4,20,94.7517225,2712.59262,2.952572722,2.9690210393074876,2.669028131889888,2.9327359199523926,2.9565060138702393,2.964867115020752,2.98191237449646,2.830031257991513,2.9118618615890317,2.950940499333814
S600,S600|20|4,20,94.06466122,2702.252606,2.799750857,2.963433863106157,2.664971976107549,2.9701130390167236,2.9464032649993896,2.9437437057495117,2.998491048812866,2.8211788943834777,2.9198351331548826,2.9343872145416374
S600,S600|20|4,20,93.26120723,2686.434944,2.923157083,2.9563608877048533,2.6599623416488565,2.927084445953369,2.932692527770996,2.877750873565674,2.9402174949645996,2.810538377346133,2.884679890997258,2.8851447481932144
S800,S800|20|4,20,93.31755499,2700.595125,2.859815802,2.959924384235131,2.6627517547355053,2.819537878036499,2.910816192626953,2.9185805320739746,2.8368546962738037,2.930907094976872,2.911682905630914,2.9103116307328074
S800,S800|20|4,20,92.61660193,2687.053979,2.921387841,2.9537571127201456,2.658365837404764,2.8336095809936523,2.9139835834503174,2.917020797729492,2.830045223236084,2.927094858568936,2.8769619178688015,2.907851613946529
S800,S800|20|4,20,93.65522001,2701.384714,2.794301319,2.9621169094725874,2.664489101236376,2.884690046310425,2.9343173503875732,2.9480066299438477,2.9090187549591064,2.931953102215867,2.9273081780728805,2.9281311622034183
S800,S800|20|4,20,92.65796528,2685.372516,2.886741594,2.953789851730011,2.6584658373961454,2.828683376312256,2.9139835834503174,2.917020797729492,2.834439516067505,2.92697969808569,2.877070140808979,2.9079609988672352
S800,S800|20|4,20,92.62790853,2685.10455,2.757657512,2.9535665768641914,2.65829738919077,2.828683376312256,2.9139835834503174,2.917020797729492,2.834439516067505,2.9268587578103595,2.8768878411927337,2.9077767419154736
D50,D50|60|0,60,13.97454198,172.7835959,1.562679674,1.427207832301577,1.5981084767415938,1.5775315761566162,1.5879802703857422,1.583246111869812,1.5776478052139282,1.6269988204805619,1.5910709651323884,1.5924264393436065
D50,D50|60|0,60,13.44111394,169.1774616,1.567789136,1.4105701598625782,1.5852921061605938,1.5838085412979126,1.5879802703857422,1.583246111869812,1.5791614055633545,1.6188489318485786,1.5783110333714463,1.5796556370691435
D50,D50|60|0,60,11.74729684,157.7613811,1.575701472,1.3542821712909372,1.5420377427202463,1.5765860080718994,1.5834918022155762,1.5845906734466553,1.5765503644943237,1.5912075564476582,1.5816522622679419,1.5960930203716552
D50,D50|60|0,60,11.88858182,158.7149657,1.570019941,1.3592017123337623,1.545811161548154,1.5765860080718994,1.5845392942428589,1.6033803224563599,1.577190637588501,1.5936313906831794,1.5882817695020182,1.6039462544318854
D50,D50|60|0,60,12.96988527,166.1085379,1.552722579,1.3955578678601466,1.5737357626271113,1.5868905782699585,1.5879802703857422,1.5743491649627686,1.5808613300323486,1.611496790375162,1.584607034710956,1.5836896515313812
D100,D100|60|0,60,11.55439364,158.595118,1.576622382,1.353352778584529,1.5354354064064506,1.567168951034546,1.5686862468719482,1.5691853761672974,1.569664716720581,1.5572262839366213,1.5867671782187518,1.597922622158777
D100,D100|60|0,60,11.51706974,158.4553763,1.574302539,1.3521220342939828,1.5344801395163337,1.5668164491653442,1.5686862468719482,1.5691853761672974,1.568312406539917,1.5563422948779144,1.5857799754088178,1.5969284790202587
D100,D100|60|0,60,12.70820063,166.2577902,1.583288008,1.392706138688853,1.565966294888725,1.566910982131958,1.5735079050064087,1.5836700201034546,1.5720690488815308,1.5837518159570518,1.5735564246914147,1.5886857212766474
D100,D100|60|0,60,12.75095362,166.016679,1.57697478,1.3936707312199281,1.566737304614874,1.5663015842437744,1.573903203010559,1.5836700201034546,1.572231650352478,1.5846309598151096,1.574331171448124,1.5894679170026325
D100,D100|60|0,60,11.83092127,160.2593746,1.586395774,1.3628995524529353,1.5428368060263333,1.566543459892273,1.568310022354126,1.5729936361312866,1.5698363780975342,1.563771506179692,1.5808507781808512,1.576852714796628
D200,D200|60|0,60,13.30019172,169.7586007,1.573185206,1.4107460487094308,1.581021492353322,1.5776289701461792,1.5761889219284058,1.5872927904129028,1.5730671882629395,1.619311135841161,1.5951693652000438,1.6086110317808575
D200,D200|60|0,60,13.32492879,170.0442897,1.581615633,1.4116344694377305,1.5817062778651738,1.5779720544815063,1.5761889219284058,1.5872927904129028,1.5730671882629395,1.6198208696375174,1.5958602785592373,1.6093077671093123
D200,D200|60|0,60,13.31519805,169.9048838,1.577652296,1.4112624494201664,1.5814207083809053,1.5776289701461792,1.5761889219284058,1.5872927904129028,1.5730671882629395,1.6196219935968306,1.5955721536380112,1.6090172143085084
D200,D200|60|0,60,13.12221466,168.4996143,1.575414512,1.4049901196820485,1.5765508435547022,1.5775712728500366,1.5761889219284058,1.5872927904129028,1.5730671882629395,1.615574420456229,1.5906587105121612,1.6040623681406354
D200,D200|60|0,60,13.55300743,171.3213677,1.573976112,1.4186358929974234,1.5871637692598253,1.577039361000061,1.5753735303878784,1.5782153606414795,1.5730671882629395,1.6245606023783812,1.5912865389174575,1.5965259945098924
D400,D400|60|0,60,12.0754531,162.9513048,1.570033462,1.3695075480326637,1.5508739018898299,1.569724678993225,1.5721831321716309,1.5843006372451782,1.5704976320266724,1.548968022085165,1.5819680749561056,1.6001878586235796
D400,D400|60|0,60,12.13554776,163.701795,1.574157889,1.3718498769678298,1.552673075893743,1.5683939456939697,1.5732334852218628,1.5865861177444458,1.5695397853851318,1.5505663787338722,1.5843667446714904,1.6029023333133903
D400,D400|60|0,60,12.13802976,163.5181065,1.57801922,1.371768274450112,1.5526158446355165,1.56992506980896,1.5732334852218628,1.5865861177444458,1.5706508159637451,1.5506094735479257,1.5843083451901716,1.6028432506135135
D400,D400|60|0,60,12.26254756,164.3986796,1.577174853,1.3760368723755718,1.5559121278305508,1.5700559616088867,1.5732334852218628,1.586205005645752,1.5706508159637451,1.5538299382566716,1.5862709889501845,1.606429237121619
D400,D400|60|0,60,12.8600986,167.6267184,1.55836031,1.3952558184040706,1.5708047552979252,1.569448471069336,1.5748023986816406,1.5791919231414795,1.5733095407485962,1.5688334322235937,1.585921625354369,1.593076246012579
D600,D600|60|0,60,11.1725375,157.3615934,1.568375759,1.3387404781630043,1.5261654209543665,1.5688523054122925,1.5691289901733398,1.5774465799331665,1.5681872367858887,1.5068827775135345,1.5713941704459002,1.5384346250533445
D600,D600|60|0,60,11.12913461,156.9782306,1.564564806,1.337086048648719,1.5248902213527737,1.5688523054122925,1.5691289901733398,1.5774465799331665,1.5686570405960083,1.5059455528999621,1.5700811796045506,1.5371491738211198
D600,D600|60|0,60,10.85226021,152.7589413,1.561426419,1.3249387012723484,1.5155412124641374,1.5871909856796265,1.5733859539031982,1.5810884237289429,1.5721566677093506,1.4990395166401338,1.5738042008009803,1.5358860773017347
D600,D600|60|0,60,11.38699634,158.5974326,1.562924626,1.3463026922111725,1.532005242164876,1.5702779293060303,1.5693976879119873,1.5697050094604492,1.5697394609451294,1.5111619348181045,1.5707872953010673,1.538047531116395
D600,D600|60|0,60,11.44910777,159.1693825,1.570899386,1.3486499019774127,1.5338149162729227,1.570436954498291,1.5693976879119873,1.5697050094604492,1.5686570405960083,1.5124908114973985,1.5708534594924382,1.5217165206305838
D800,D800|60|0,60,11.20855201,157.7370629,1.560605139,1.3413506843413188,1.5268295020701879,1.566512107849121,1.5689564943313599,1.5709530115127563,1.5625865459442139,1.599162469637779,1.5618932539377577,1.5444954300336151
D800,D800|60|0,60,10.98931695,156.3625997,1.573095612,1.3334286192964846,1.5207071699073453,1.5658479928970337,1.5689564943313599,1.575839877128601,1.5622632503509521,1.5951591808125785,1.5627057748711586,1.5137238084725078
D800,D800|60|0,60,10.76832906,154.7375897,1.568672064,1.3251222800946496,1.5142948141137538,1.5667898654937744,1.5689564943313599,1.5511726140975952,1.5631093978881836,1.5907214759821817,1.5568394789836755,1.5337620567181098
D800,D800|60|0,60,10.63100413,153.4753587,1.584954696,1.3196875137823851,1.5101019494714227,1.5666733980178833,1.5700924396514893,1.5511726140975952,1.5630947351455688,1.587919016421637,1.5525288142806228,1.5295152900796556
D800,D800|60|0,60,10.95042812,155.886101,1.571780184,1.3318180783463247,1.5194653191427279,1.5662201642990112,1.5689564943313599,1.575839877128601,1.562248706817627,1.5943799378735715,1.5614296269053973,1.5124876605104476
S50,S50|60|0,60,12.03928862,161.2537832,1.585030001,1.3699365982528302,1.548352144334073,1.5558615922927856,1.5646144151687622,1.587661623954773,1.561294436454773,1.619092960196848,1.566948742869366,1.5975735486874016
S50,S50|60|0,60,11.77562772,159.8696182,1.575896097,1.3611299405292054,1.5415109439698476,1.5612071752548218,1.5625920295715332,1.5738807916641235,1.5617573261260986,1.6143830643874766,1.5725638535057087,1.5857947480672174
S50,S50|60|0,60,12.04798434,161.7947352,1.558030671,1.3706410120538024,1.5488841097747803,1.5612071752548218,1.5646144151687622,1.587661623954773,1.5620390176773071,1.6191729124383523,1.5674870975205455,1.598122425065427
S50,S50|60|0,60,11.90086383,161.0028224,1.559559837,1.3657315572415312,1.5450708270038858,1.5623998641967773,1.5577456951141357,1.5827378034591675,1.5624306201934814,1.6165607412096694,1.565156581250073,1.586775322195979
S50,S50|60|0,60,11.56866099,159.0632094,1.558580143,1.3543429680142598,1.5362385035672552,1.5588575601577759,1.5588523149490356,1.5676642656326294,1.5673787593841553,1.6105771102208302,1.552737952340984,1.5771132576435212
S100,S100|60|0,60,10.53618537,151.5262278,1.560233628,1.3166575569388033,1.5067883157374278,1.5669070482254028,1.5686684846878052,1.6537514925003052,1.570030689239502,1.5447204603152656,1.524313609040149,1.5076620028101515
S100,S100|60|0,60,10.60440202,152.2106399,1.565566604,1.319431259965499,1.5089313566750815,1.5592483282089233,1.5686684846878052,1.6537514925003052,1.566624402999878,1.5455747916265525,1.526481575457115,1.5098062863557709
S100,S100|60|0,60,10.57843731,152.0839626,1.575050725,1.318489078846141,1.5082031378998597,1.5588408708572388,1.5686684846878052,1.6537514925003052,1.566624402999878,1.5452165943045804,1.5257448868474175,1.5090776453345551
S100,S100|60|0,60,11.57191675,159.089948,1.558494761,1.3551221519638772,1.536550683631785,1.5592577457427979,1.5681190490722656,1.5702286958694458,1.5663928985595703,1.5578257188657054,1.565488056435491,1.57080166732081
S100,S100|60|0,60,11.42370589,158.2537096,1.576208874,1.3499846943675557,1.5325665563800857,1.558621883392334,1.566240906715393,1.5660662651062012,1.5656639337539673,1.5559625807534225,1.5501563609676547,1.5681959635266878
S200,S200|60|0,60,11.69958892,160.1355829,1.583216207,1.3590473285358502,1.540548046080721,1.5641871690750122,1.5666391849517822,1.5709246397018433,1.5658626556396484,1.5363425962583146,1.5728764580522687,1.57614042752408
S200,S200|60|0,60,11.7668476,160.6989555,1.5638467,1.3614959418705135,1.5424426629885897,1.564044713973999,1.5669149160385132,1.5712937116622925,1.5658626556396484,1.5368518372146214,1.5758232409678696,1.5784344284565568
S200,S200|60|0,60,11.83696768,161.1053941,1.565238263,1.363886852658372,1.5442971884507966,1.5641871690750122,1.5675379037857056,1.569940447807312,1.5662481784820557,1.537337595587781,1.5696019076650576,1.5766026559992756
S200,S200|60|0,60,11.70927722,160.3866972,1.556928929,1.3595426387753033,1.5409274661273615,1.564044713973999,1.5666391849517822,1.5709246397018433,1.5658626556396484,1.5364562751190296,1.5732638402313524,1.57652861358296
S200,S200|60|0,60,11.6674286,160.2112742,1.570737295,1.3581610867641092,1.5398548388014346,1.5643953084945679,1.5666391849517822,1.569214940071106,1.5658626556396484,1.536179909615661,1.569503707123651,1.5775071411822865
S400,S400|60|0,60,11.64191045,160.910708,1.54696515,1.3585428870295235,1.538911657868201,1.5657917261123657,1.5698742866516113,1.5627431869506836,1.5648490190505981,1.560242809836509,1.563093641231061,1.5654671505224116
S400,S400|60|0,60,11.62132698,160.9341444,1.570397211,1.3579514089240812,1.5384495912325802,1.5646708011627197,1.5686770677566528,1.5627431869506836,1.564195990562439,1.560149460522745,1.562624313822778,1.5649971104549925
S400,S400|60|0,60,11.30091625,158.6427939,1.560877234,1.3464132690068276,1.529512369563483,1.5638538599014282,1.570198893547058,1.5713801383972168,1.5648319721221924,1.5582927644468656,1.5662562955806687,1.5509662917699225
S400,S400|60|0,60,11.1191561,157.4129933,1.554539254,1.3398174768868678,1.5244059586760437,1.562299370765686,1.5685774087905884,1.573027491569519,1.5640798807144165,1.557229257049695,1.5647714398115162,1.5535836416874544
S400,S400|60|0,60,11.38330908,159.0428541,1.553679247,1.3492462648415688,1.5317093005317939,1.5644444227218628,1.5697745084762573,1.5704694986343384,1.5648490190505981,1.5587472114981975,1.5582677771552873,1.525963707138327
S600,S600|60|0,60,11.56441563,160.3350247,1.563733267,1.3560936318424361,1.5375060414659505,1.558733344078064,1.563288927078247,1.568156361579895,1.5630069971084595,1.484307000838473,1.566393774055373,1.5549764013707703
S600,S600|60|0,60,11.61120357,160.6998131,1.568274191,1.3577899388660024,1.5388192869484987,1.5591278076171875,1.563450813293457,1.5686357021331787,1.5630069971084595,1.4840014717864876,1.5677316937071932,1.5688943462760914
S600,S600|60|0,60,11.39414293,158.3330694,1.574524496,1.349315495665108,1.5322715921507912,1.5608303546905518,1.5631273984909058,1.5677556991577148,1.5653133392333984,1.4858279721239385,1.5633555638480117,1.5515383099419768
S600,S600|60|0,60,11.62439884,160.1317028,1.565081714,1.3577088636172825,1.538771052236596,1.5611870288848877,1.5629420280456543,1.5686357021331787,1.5656254291534424,1.484309825911555,1.5719305590751271,1.5798867201984814
S600,S600|60|0,60,11.0067146,152.4305264,1.579240583,1.3324789001696806,1.5192755349865315,1.584318995475769,1.5733823776245117,1.5721526145935059,1.5678834915161133,1.490203786490555,1.5711566278301483,1.5533674688186119
S800,S800|60|0,60,11.73712152,161.6667771,1.566374266,1.3631072106059423,1.5417812387235648,1.5619851350784302,1.5682251453399658,1.56647527217865,1.5666520595550537,1.6387589939546996,1.5662160017454323,1.5733159889246988
S800,S800|60|0,60,11.83240649,162.4081394,1.55938477,1.3665188502519514,1.5444273967826545,1.5668636560440063,1.566185474395752,1.5710594654083252,1.5658290386199951,1.6401834467268552,1.5691419674109768,1.5800121955061317
S800,S800|60|0,60,11.77640039,162.1415195,1.551797708,1.3646565219692952,1.542978518507569,1.5657447576522827,1.566185474395752,1.5729529857635498,1.5660455226898193,1.6393394681342746,1.5678981698619876,1.5790596735919937
S800,S800|60|0,60,11.67100505,161.3024785,1.559272305,1.3608527533019958,1.5400292648270275,1.5667668581008911,1.566185474395752,1.5661182403564453,1.565674901008606,1.6380455509242593,1.5647098047028074,1.5778558326929661
S800,S800|60|0,60,11.70499139,161.6448205,1.562510743,1.3621416781584974,1.5410268305765153,1.5655603408813477,1.566185474395752,1.5661182403564453,1.5658913850784302,1.6384025714243964,1.5657233574609979,1.5788779008914564
D50,D50|60|1,60,34.94171613,284.3900165,1.976807007,1.850354041088882,1.9319562982256229,1.9022397994995117,1.9045603275299072,1.889954686164856,1.913811445236206,1.889558781581618,1.8592910568105385,1.8308020638702902
D50,D50|60|1,60,34.4911548,281.7326368,1.977099387,1.843454925054883,1.9264810039566111,1.9016261100769043,1.9045603275299072,1.889954686164856,1.9135618209838867,1.884708081483468,1.8522723080954495,1.8210528549801215
D50,D50|60|1,60,40.01289702,307.5216578,1.941417591,1.918723590413516,1.9875050550866933,1.9384021759033203,1.9342714548110962,1.9292327165603638,1.9525991678237915,1.9403013377355691,1.9538055679062543,1.9569357562563687
D50,D50|60|1,60,38.87729143,302.8217335,1.950789971,1.9043739902584527,1.975727117147062,1.9332207441329956,1.9145203828811646,1.8508621454238892,1.9505035877227783,1.9267223011302848,1.9471887852739322,1.9547695115226797
D50,D50|60|1,60,35.04890826,285.0673613,1.973459585,1.85202083034012,1.9332712843904194,1.905011534690857,1.9045603275299072,1.889954686164856,1.9161115884780884,1.890104908253335,1.8605565833746132,1.832048199399692
D100,D100|60|1,60,37.14176602,298.2410315,1.916011638,1.8882195785744413,1.96164007861829,1.9335302114486694,1.918053388595581,1.8578753471374512,1.925995111465454,1.9597033936290704,1.9312534642079018,1.9256442069192292
D100,D100|60|1,60,39.1382031,305.786823,1.936770574,1.9135550555504606,1.982876100945826,1.9419443607330322,1.9310013055801392,1.9155341386795044,1.9431747198104858,1.9873179239036323,1.9424929385858984,1.9546271284021295
D100,D100|60|1,60,39.48797522,307.2355001,1.935694889,1.9179860668594675,1.9865695925509677,1.9413481950759888,1.930970549583435,1.9290705919265747,1.9416699409484863,1.9920592186948418,1.9461112087129586,1.9582680008129127
D100,D100|60|1,60,39.60903312,308.186195,1.935043626,1.9198545133170366,1.9880309689381137,1.9407124519348145,1.930970549583435,1.9290705919265747,1.9416873455047607,1.9937240093424464,1.9475428227766378,1.9597085577542968
D100,D100|60|1,60,39.45931044,307.2404293,1.923452039,1.9177182352908047,1.9863197413989953,1.9417414665222168,1.930970549583435,1.9290705919265747,1.9416699409484863,1.9916803096046987,1.9458664460179156,1.9580217091563263
D200,D200|60|1,60,38.13624896,305.2436661,1.935862752,1.902619370316907,1.9734623583271647,1.929092526435852,1.9275550842285156,1.8926823139190674,1.9307870864868164,1.9776657881597712,1.9326443139969571,1.933747542533727
D200,D200|60|1,60,38.26520672,306.0656221,1.931989992,1.9045055748015178,1.9749686731466347,1.9292778968811035,1.9281861782073975,1.9159457683563232,1.9304239749908447,1.9785756340955463,1.9343162963389577,1.940377913587394
D200,D200|60|1,60,38.43908832,306.7855401,1.931671261,1.9067487990796361,1.9768317064286782,1.9292778968811035,1.9281861782073975,1.9159457683563232,1.9304239749908447,1.9796706525372627,1.9361409813008397,1.94203381282318
D200,D200|60|1,60,38.18380233,305.723072,1.937569797,1.9034485347037289,1.974092088747221,1.923858642578125,1.9275550842285156,1.9026720523834229,1.9251629114151,1.9780598457803427,1.933261019408407,1.9363834970446896
D200,D200|60|1,60,38.28138734,306.2733559,1.924824304,1.9048208001927645,1.9752011644807042,1.9297380447387695,1.9281861782073975,1.9159457683563232,1.929544448852539,1.9787241330166003,1.934544002115947,1.9406063329318943
D400,D400|60|1,60,36.36868837,296.4175382,1.941402004,1.8760276752882992,1.952458797239708,1.9244589805603027,1.9118058681488037,1.8997138738632202,1.9148041009902954,1.9064576943591751,1.8981090584340035,1.8963783203167528
D400,D400|60|1,60,39.93784564,312.295703,1.936789975,1.923117996299245,1.9911865447825792,1.9282423257827759,1.953410267829895,1.9512914419174194,1.9440971612930298,1.9412642996445615,1.9465688503995582,1.9567144306075137
D400,D400|60|1,60,38.51252744,305.9009836,1.941163574,1.9046707873070041,1.9760072961749797,1.931607723236084,1.9267820119857788,1.9236005544662476,1.932627558708191,1.9276706539203479,1.933024596858956,1.9420977185294903
D400,D400|60|1,60,38.18600554,305.7234814,1.937676406,1.901343549526236,1.9730105544078131,1.9189633131027222,1.9258129596710205,1.9202207326889038,1.923340916633606,1.9245709887469142,1.9300930411113728,1.9361083114552702
D400,D400|60|1,60,37.54942953,302.8442749,1.931018644,1.8928673130502627,1.9660522919490153,1.9193118810653687,1.9206340312957764,1.8937873840332031,1.9187254905700684,1.918326805585165,1.9229952815743878,1.9270731147294977
D600,D600|60|1,60,37.23921927,301.887477,1.927224159,1.8897651481786844,1.9633703588532874,1.9261966943740845,1.9140278100967407,1.880033254623413,1.919901728630066,2.017996136689858,1.9268353120044799,1.925117955560111
D600,D600|60|1,60,37.41713719,303.0592444,1.910781866,1.8924367703046174,1.9654936069926772,1.924930453300476,1.921593427658081,1.8999332189559937,1.9205251932144165,2.020463636391672,1.926878955562973,1.9267954257960684
D600,D600|60|1,60,37.70273621,304.1720278,1.92201239,1.8961278773301398,1.9685661074048217,1.924930453300476,1.921593427658081,1.8904255628585815,1.9205251932144165,2.0243276370834455,1.9298910927503223,1.929807432407952
D600,D600|60|1,60,37.81004391,304.7906118,1.91966687,1.897660073942469,1.969799862240631,1.9246327877044678,1.921593427658081,1.89102303981781,1.9205251932144165,2.0257945132311566,1.9311006088845835,1.9310168961099623
D600,D600|60|1,60,37.91692195,305.265523,1.913762311,1.8990767309359837,1.9709673572882696,1.9243355989456177,1.921593427658081,1.8705484867095947,1.919759750366211,2.0272379928035464,1.9322451669894867,1.9317517559908672
D800,D800|60|1,60,36.47288138,300.0747134,1.88915259,1.8819011176009475,1.9561452193018072,1.9076673984527588,1.9118127822875977,1.9037505388259888,1.8997175693511963,1.8207842138652928,1.9039805803670513,1.8971434295751763
D800,D800|60|1,60,36.38927207,300.0623493,1.900906673,1.8810308925634907,1.9553557614669221,1.907461166381836,1.9118127822875977,1.9056801795959473,1.899757742881775,1.820046683362153,1.9001560459061446,1.897590351947568
D800,D800|60|1,60,36.14440955,299.3191092,1.913404801,1.87793774026909,1.9527369172368048,1.9074833393096924,1.9108847379684448,1.9023969173431396,1.900416612625122,1.817736142054536,1.8978775534022414,1.8915824817903153
D800,D800|60|1,60,36.44191285,300.7390648,1.900392618,1.8820829190942256,1.9561349042861842,1.9079580307006836,1.912366271018982,1.9037505388259888,1.9008210897445679,1.8206459397979724,1.9036571337987889,1.8971334256838894
D800,D800|60|1,60,36.72688319,301.9933986,1.904667126,1.8859500970984266,1.9593268109603756,1.908203363418579,1.9141366481781006,1.9368771314620972,1.9028385877609253,1.8233949737497546,1.9166478573283392,1.9083078916539917
S50,S50|60|1,60,36.31793035,296.1551374,1.899997057,1.8784280619388707,1.953355276165022,1.931580901145935,1.93561589717865,1.901466727256775,1.938249111175537,1.8744451760686145,1.9482580124717783,1.9062268935181852
S50,S50|60|1,60,36.54928953,296.2040021,1.916839241,1.880839307781292,1.9555445283430093,1.940775990486145,1.93561589717865,1.9003543853759766,1.9442768096923828,1.8769840402947744,1.9504415518151481,1.9071133413812578
S50,S50|60|1,60,36.38950473,296.083295,1.899315305,1.8791093237175964,1.9539965213459491,1.9369856119155884,1.93561589717865,1.9034024477005005,1.9423161745071411,1.8752359669577392,1.9488975843289538,1.9068526674488868
S50,S50|60|1,60,36.3998394,296.49429,1.899928153,1.8795294113474972,1.9542693999514051,1.9369885921478271,1.93561589717865,1.9034024477005005,1.9415420293807983,1.8753306855874907,1.9491697508600498,1.9071189623429765
S50,S50|60|1,60,37.04990812,299.811222,1.912556384,1.8886792581660627,1.9617385180151152,1.9294514656066895,1.93540358543396,1.8679323196411133,1.9412899017333984,1.8822740867859753,1.9621699850196215,1.923259261580438
S100,S100|60|1,60,36.17106232,295.8607317,1.901407517,1.8774044226109194,1.9525221372878518,1.9028947353363037,1.902962565422058,1.9023610353469849,1.9015309810638428,1.8793516764618778,1.8941671843517465,1.8992478429321353
S100,S100|60|1,60,36.74378636,298.185749,1.901510538,1.8850538493226106,1.9588887331825195,1.9075877666473389,1.902962565422058,1.8986893892288208,1.9067740440368652,1.8848436385434266,1.9030152951990684,1.9033355647715124
S100,S100|60|1,60,36.85620916,298.8328658,1.915035485,1.8866899237767092,1.960211472283029,1.9057341814041138,1.902962565422058,1.8584774732589722,1.9062138795852661,1.8858932900965684,1.913975636415377,1.9221356988140323
S100,S100|60|1,60,36.58702907,297.4683622,1.913200167,1.882907564999254,1.9571186093620476,1.9075877666473389,1.902962565422058,1.9026603698730469,1.9034433364868164,1.883356129215683,1.8962618349008094,1.8998786723119312
S100,S100|60|1,60,36.65085347,297.7411659,1.907698465,1.8837675611735836,1.9578317323649717,1.9075877666473389,1.902962565422058,1.9026603698730469,1.9067740440368652,1.8839644419849324,1.8969527832815392,1.9005709385739296
S200,S200|60|1,60,36.70257864,301.4081057,1.905498373,1.886281483808314,1.9598342098032009,1.9014391899108887,1.8988478183746338,1.8799015283584595,1.900649905204773,1.9456556261052496,1.908095579874139,1.9123052500255322
S200,S200|60|1,60,36.49000824,300.8568944,1.91729971,1.883686938071695,1.9576144725533402,1.8941583633422852,1.8988478183746338,1.8950413465499878,1.898336410522461,1.9431265640754645,1.8902997487005007,1.894265217575058
S200,S200|60|1,60,36.60536478,301.4584527,1.910400488,1.8853243195344827,1.9589478465700598,1.8941110372543335,1.8988478183746338,1.892809510231018,1.898020625114441,1.9445860861977742,1.8949557513914492,1.8955554430292028
S200,S200|60|1,60,36.6669377,301.9133969,1.897281321,1.8862974401633679,1.9597147230931125,1.8941110372543335,1.9095659255981445,1.9381834268569946,1.899717926979065,1.9454016611385103,1.9053484955259956,1.912188661049859
S200,S200|60|1,60,36.69552533,301.7648821,1.895335741,1.8864781500558678,1.9599188976871735,1.8961126804351807,1.9112001657485962,1.9381834268569946,1.899717926979065,1.9456781624861377,1.9055470059270425,1.9123878840995394
S400,S400|60|1,60,36.11701718,299.0021145,1.889473327,1.879037646208499,1.953324627313684,1.9022479057312012,1.9121874570846558,1.907052755355835,1.8983473777770996,1.7951675941032876,1.8967759262964081,1.8871313282011455
S400,S400|60|1,60,36.04970429,298.7902942,1.893931912,1.8781781783332148,1.9525969235050236,1.9006799459457397,1.9121874570846558,1.907052755355835,1.896941065788269,1.7948243956266814,1.8960692894955198,1.886428284459326
S400,S400|60|1,60,36.37193818,300.1791534,1.893219697,1.8825637595412363,1.956230543836794,1.9022479057312012,1.9069812297821045,1.9075307846069336,1.8983473777770996,1.7962858330870477,1.9021199004351832,1.896570769529809
S400,S400|60|1,60,35.85582312,297.310723,1.907870918,1.8750379045858485,1.9501251998923448,1.90199613571167,1.9121874570846558,1.904212474822998,1.9136080741882324,1.7942410885993876,1.8993012465527603,1.8888404247161987
S400,S400|60|1,60,36.33369466,300.0159276,1.898590819,1.8820460425406909,1.9558011820313865,1.9022479057312012,1.9069812297821045,1.9085506200790405,1.8983473777770996,1.7961123956690768,1.9035311244961197,1.8961545021055766
S600,S600|60|1,60,36.62040282,301.7566191,1.902126597,1.8866696450552465,1.9597751929352925,1.8953486680984497,1.8913028240203857,1.900610327720642,1.9003068208694458,1.931536972259802,1.8976502897892449,1.8973220489004021
S600,S600|60|1,60,36.5719917,300.7310264,1.88602699,1.8854000487884621,1.9588886680541937,1.8967334032058716,1.895229458808899,1.9042178392410278,1.8998368978500366,1.9314483018574284,1.8967918677602351,1.896463775354604
S600,S600|60|1,60,36.5313284,300.5961924,1.896243659,1.8848810801722196,1.958450519547995,1.8967334032058716,1.895229458808899,1.9042178392410278,1.8998368978500366,1.9312384979735908,1.896367608568285,1.8960395895477318
S600,S600|60|1,60,36.4382205,300.1940069,1.896482114,1.8836204513285872,1.9574063851109609,1.8967334032058716,1.895229458808899,1.9042178392410278,1.8999446630477905,1.930774673748008,1.895356573208638,1.8950287290691714
S600,S600|60|1,60,36.38360704,299.958179,1.901931071,1.8828799263767253,1.9567930837461824,1.8967334032058716,1.895229458808899,1.9054800271987915,1.8999446630477905,1.9305020556893773,1.8951544869667705,1.8949460620862268
S800,S800|60|1,60,36.04872481,298.5423551,1.902341294,1.8791991635941483,1.9533039910691918,1.9028561115264893,1.901257038116455,1.9140772819519043,1.898071050643921,1.9831749164561763,1.8893364083724458,1.8814098940854524
S800,S800|60|1,60,35.83134773,297.3944526,1.900172569,1.8760634945963843,1.9507454572655492,1.9027531147003174,1.901257038116455,1.9149718284606934,1.9196898937225342,1.981589728832356,1.8917701478417106,1.8896439708030675
S800,S800|60|1,60,36.18358877,299.7033221,1.905278369,1.8814766368392797,1.9550761469498739,1.9032331705093384,1.894331932067871,1.9023690223693848,1.898460865020752,1.9840795753546128,1.8881629919880794,1.891929410453787
S800,S800|60|1,60,35.96148578,298.5260205,1.903246777,1.8782786387319395,1.9524674540080726,1.90261971950531,1.901257038116455,1.9140772819519043,1.9204986095428467,1.9824658555353885,1.8885272665625934,1.8806041469458599
S800,S800|60|1,60,36.19255443,299.2528786,1.900872555,1.8812291344260663,1.9549700257167706,1.9028561115264893,1.894653558731079,1.9033976793289185,1.8987597227096558,1.984227120826346,1.8880605027907544,1.891826716815846
D50,D50|60|2,60,63.11706772,368.5407267,2.174585394,2.1346218414664464,2.1747029955805686,2.192103385925293,2.177513837814331,2.103131055831909,2.202340602874756,2.137726574476287,2.143507550416818,2.1414399435216986
D50,D50|60|2,60,56.08967115,345.2081201,2.186009433,2.073224374742733,2.1220392110724258,2.1325936317443848,2.125584840774536,2.284752368927002,2.105193614959717,2.0877387212975895,2.088973289959256,2.1046539421695805
D50,D50|60|2,60,56.15663484,345.086968,2.184639492,2.0735705853984254,2.122425570942877,2.132338762283325,2.125584840774536,2.27139949798584,2.105193614959717,2.0881827839357427,2.0893536295144695,2.1050371367025558
D50,D50|60|2,60,57.33139359,349.3312471,2.192962284,2.0844847016118133,2.1316752881382524,2.149094343185425,2.124950408935547,2.1993753910064697,2.1174960136413574,2.0965458163530273,2.0965553829812222,2.1003951951933812
D50,D50|60|2,60,61.13269121,361.7900042,2.16369584,2.1177118254664844,2.160212716940158,2.1513619422912598,2.116778612136841,2.0779597759246826,2.125908851623535,2.122590155399614,2.1251985879336623,2.120188972740177
D100,D100|60|2,60,61.76078404,366.1406003,2.11272867,2.1291482848621275,2.17259119217469,2.172584056854248,2.185007333755493,2.098275899887085,2.215991258621216,2.228305448594432,2.1381010873728084,2.1357805096223776
D100,D100|60|2,60,62.27683491,368.0641902,2.124306279,2.1336760066152114,2.1764916754298085,2.1717262268066406,2.188981771469116,2.0964019298553467,2.207517623901367,2.232925079420574,2.141939650061954,2.140413258492989
D100,D100|60|2,60,63.01457982,370.4387973,2.122002279,2.139816115385408,2.1818843021467944,2.2064268589019775,2.184589385986328,2.117769241333008,2.201695442199707,2.239420567501361,2.148959432563277,2.145809871037134
D100,D100|60|2,60,62.23747375,367.9072005,2.124775808,2.133323857065821,2.1761910378825515,2.1729960441589355,2.1895318031311035,2.0964019298553467,2.2146730422973633,2.2325720358941594,2.141643785166151,2.140117604436778
D100,D100|60|2,60,61.28205934,364.7491586,2.117765849,2.1252219149827556,2.1691039286144886,2.170656204223633,2.185007333755493,2.080629348754883,2.2168872356414795,2.224059000490723,2.13227437045556,2.1264156544132105
D200,D200|60|2,60,59.93918295,343.8866171,2.109818744,2.100053587789279,2.1519187421104196,2.129706621170044,2.116056203842163,2.0910167694091797,2.1217141151428223,2.1172305371842635,2.1141197505718368,2.1072250285831946
D200,D200|60|2,60,59.96436254,344.1909252,2.112322092,2.1004492450008776,2.152199778165121,2.1216394901275635,2.116056203842163,2.077698230743408,2.113666296005249,2.117435020568931,2.1143958501578672,2.107500227733057
D200,D200|60|2,60,60.15514001,344.8133041,2.111399747,2.1021025631228323,2.1536444041680447,2.1216039657592773,2.1256489753723145,2.094867467880249,2.113297462463379,2.118963770489358,2.1162411517122575,2.1089148499540227
D200,D200|60|2,60,60.36108221,345.252151,2.102545668,2.103697290187189,2.155105912634115,2.1290059089660645,2.1259288787841797,2.0999114513397217,2.1218793392181396,2.1206763986916606,2.117764883391053,2.111511726977794
D200,D200|60|2,60,60.38752435,345.3718029,2.107358134,2.10395214533453,2.15531892296327,2.1290059089660645,2.1258442401885986,2.0999114513397217,2.1218793392181396,2.120917421327402,2.1179742029387554,2.1117204284645013
D400,D400|60|2,60,61.86762304,348.1663363,2.146058733,2.1129295715411263,2.1637328996753493,2.108389377593994,2.1074979305267334,2.0783684253692627,2.108506202697754,2.1937245791853095,2.1202263975332607,2.123567456294082
D400,D400|60|2,60,62.41790606,350.2537653,2.155542539,2.1178118682307443,2.167902230846186,2.104245901107788,2.106908082962036,2.073629379272461,2.107135057449341,2.1986257964669047,2.124161874350321,2.127659392036349
D400,D400|60|2,60,59.44453739,340.8751511,2.156566308,2.092563240956515,2.1458244202599146,2.121114492416382,2.0816354751586914,2.073169231414795,2.109933853149414,2.173271175434294,2.101876706195063,2.100078544597547
D400,D400|60|2,60,60.75658773,346.8255206,2.134518523,2.1052617446606203,2.1563900678082986,2.1083412170410156,2.1074979305267334,2.0792341232299805,2.106417655944824,2.1842081418522,2.112396909274772,2.1126076998917136
D400,D400|60|2,60,60.53751507,346.4504436,2.110115309,2.1036466992713985,2.154885869490514,2.1083412170410156,2.1074979305267334,2.0728354454040527,2.106417655944824,2.182552567576927,2.1109233985566234,2.1111340421357467
D600,D600|60|2,60,60.2095477,345.9999337,2.109465836,2.1020186335188735,2.153765494362242,2.1177480220794678,2.1144840717315674,2.1048970222473145,2.107825517654419,2.2447660757912278,2.1156878420065257,2.109073991516102
D600,D600|60|2,60,60.76429792,347.7026435,2.102792121,2.106714314200094,2.157895064965807,2.117872714996338,2.1153125762939453,2.078817844390869,2.108074426651001,2.250859726294618,2.120213354162721,2.118452924437421
D600,D600|60|2,60,59.89521088,345.2815003,2.123117965,2.0995387082180184,2.1515125900569005,2.117872714996338,2.1137828826904297,2.1055305004119873,2.106980085372925,2.2414141312112714,2.113023491019757,2.10725473639735
D600,D600|60|2,60,59.45367996,343.7563345,2.104946989,2.0956275925010934,2.148125641773873,2.117396831512451,2.104188919067383,2.0957553386688232,2.1067259311676025,2.236441199415824,2.1105222115261535,2.1043525596497923
D600,D600|60|2,60,59.89025091,345.1773777,2.118912553,2.0994258699721713,2.151439657385645,2.117872714996338,2.113001585006714,2.1055305004119873,2.106980085372925,2.241317122825693,2.112951863064458,2.1071833039931653
D800,D800|60|2,60,59.79433142,344.4603518,2.11901124,2.0995379296456504,2.151743487919193,2.1164519786834717,2.1024036407470703,2.1004745960235596,2.109724998474121,2.023324098989923,2.11184562149491,2.1058900231045086
D800,D800|60|2,60,59.77240078,344.4344614,2.086614536,2.0993835758855965,2.151595108102555,2.1164519786834717,2.1024036407470703,2.1004745960235596,2.109724998474121,2.0231532621585346,2.1116999929532905,2.105744805248736
D800,D800|60|2,60,59.33439073,342.4062022,2.095935746,2.0950862730998367,2.1480105813844657,2.1163713932037354,2.0920073986053467,2.086515188217163,2.1098835468292236,2.0193353241772156,2.1078110239391625,2.102236664480305
D800,D800|60|2,60,60.18536633,345.4069689,2.099875733,2.1026673168655727,2.1545782411342342,2.1165385246276855,2.111346483230591,2.1060774326324463,2.109724998474121,2.026489307539367,2.1141056450091265,2.109783573295597
D800,D800|60|2,60,58.4913038,340.0761767,2.115936961,2.0880086834638436,2.1416994611939817,2.1072006225585938,2.0910613536834717,2.0485785007476807,2.1005473136901855,2.01234517419524,2.099279115783122,2.0920636589012966
S50,S50|60|2,60,58.84013953,359.6207573,2.102431834,2.1065000978370985,2.1521121687163514,2.157212495803833,2.1527347564697266,2.100698471069336,2.1379647254943848,2.0968468595025778,2.1566731459530324,2.104905361626945
S50,S50|60|2,60,59.16151281,360.7867202,2.100273804,2.109398835416973,2.154613769392862,2.1564509868621826,2.1530635356903076,2.1056923866271973,2.1356687545776367,2.10115967572205,2.1591800482787353,2.1086222125639478
S50,S50|60|2,60,59.74557838,363.4572206,2.105827904,2.1150545429529144,2.1593482858142226,2.139023780822754,2.1525096893310547,2.1232972145080566,2.1555001735687256,2.109168855980618,2.163021074117359,2.113007134239629
S50,S50|60|2,60,59.16709792,361.0761868,2.113033012,2.109653547433554,2.1547614636333083,2.15047287940979,2.1530635356903076,2.1056923866271973,2.1320950984954834,2.1013352181743055,2.1593280555279915,2.1087667541799426
S50,S50|60|2,60,59.02981378,360.4659768,2.104644152,2.1083317283651444,2.1536507069960686,2.1549530029296875,2.1530635356903076,2.1037936210632324,2.1352663040161133,2.099452731291821,2.158214944861156,2.1066749742360513
S100,S100|60|2,60,57.88375772,357.4204757,2.072598857,2.099477903302951,2.1460126408334173,2.1198744773864746,2.108656167984009,2.2025091648101807,2.0913681983947754,2.09948901067406,2.086115010300693,2.111212686831646
S100,S100|60|2,60,58.8165113,360.6266241,2.084589502,2.1078238979152757,2.1532683772456105,2.118549346923828,2.108304738998413,2.13277268409729,2.084956407546997,2.112726630503434,2.093190049550655,2.105670425929653
S100,S100|60|2,60,58.7878683,360.6961151,2.093344018,2.1076965639791583,2.1531119716951688,2.1178781986236572,2.108304738998413,2.13277268409729,2.084956407546997,2.112373224679656,2.0930380078705104,2.1055174777205505
S100,S100|60|2,60,59.04218879,361.2823997,2.07970639,2.1097370507634263,2.154965048182058,2.118549346923828,2.1064062118530273,2.1237709522247314,2.0847387313842773,2.115874680588281,2.0948393816817834,2.107054332371577
S100,S100|60|2,60,58.29688184,359.4739191,2.09527821,2.1036680471762716,2.149482864721181,2.1192026138305664,2.1100852489471436,2.127727508544922,2.087080240249634,2.105560664301576,2.0895101565877905,2.100187095122432
S200,S200|60|2,60,58.6700829,341.0280216,2.089254246,2.0908731206692988,2.144272188078501,2.087181568145752,2.0858659744262695,2.092046022415161,2.0911684036254883,2.1466506433162382,2.085839254632344,2.099027566599207
S200,S200|60|2,60,59.05068356,343.0689618,2.083163123,2.0948583149527074,2.147526587056466,2.077664613723755,2.0861916542053223,2.083428382873535,2.089425802230835,2.150452151024908,2.087957908001189,2.09982976137482
S200,S200|60|2,60,58.73435686,341.9528297,2.090858734,2.092010159539291,2.1450592529752264,2.0829763412475586,2.0861916542053223,2.087257146835327,2.087031841278076,2.1475767859696733,2.0851911732481048,2.0997980242510454
S200,S200|60|2,60,59.11416032,343.3085491,2.098389623,2.09544089130621,2.1480269069795006,2.077664613723755,2.0883593559265137,2.104351282119751,2.0903096199035645,2.15103548158734,2.0903247614897396,2.105186632215805
S200,S200|60|2,60,59.00172439,343.1381393,2.085890942,2.0946107771503093,2.147243610443407,2.0757765769958496,2.0861916542053223,2.083428382873535,2.0820729732513428,2.1501254700059937,2.0876827806707166,2.0995530697066207
S400,S400|60|2,60,59.2790439,343.6424922,2.094851401,2.0973093108057244,2.1496672282337395,2.089686632156372,2.0970094203948975,2.090867280960083,2.088747262954712,2.0526255344790036,2.104934685993924,2.1048488387924027
S400,S400|60|2,60,59.08320293,343.1848951,2.109402368,2.095738238104262,2.148236277822487,2.0877060890197754,2.0970094203948975,2.0869569778442383,2.085472822189331,2.049433656625834,2.102485849261159,2.098112861194474
S400,S400|60|2,60,59.494473,344.2632684,2.105495945,2.0991261251719497,2.151285071496904,2.089686632156372,2.1010966300964355,2.1052701473236084,2.088747262954712,2.0561634051825304,2.1065188634686556,2.1064212830393756
S400,S400|60|2,60,59.39496053,344.0460454,2.094026671,2.098342868644573,2.1505665217712804,2.088719606399536,2.0985565185546875,2.1045830249786377,2.088747262954712,2.0545494410362988,2.1058152660833436,2.1068327887193887
S400,S400|60|2,60,60.06977489,346.3380184,2.100462011,2.104284272044994,2.1557539070972256,2.0924816131591797,2.1088593006134033,2.1049177646636963,2.089320659637451,2.065609910808612,2.1111063347078027,2.1104887976100204
S600,S600|60|2,60,58.05684852,341.0154045,2.067569824,2.0879699779328758,2.1412059209273027,2.083979606628418,2.103104591369629,2.156903028488159,2.0878853797912598,2.0941115383400706,2.084145821445871,2.1081246706928205
S600,S600|60|2,60,58.71743309,342.9621409,2.077971448,2.093648423465574,2.146240422834344,2.083293914794922,2.103320360183716,2.1008524894714355,2.0883564949035645,2.101505693232001,2.089197497358248,2.0978244361420533
S600,S600|60|2,60,58.47537214,342.2787249,2.093497015,2.0915972417349167,2.144412506369197,2.083293914794922,2.103104591369629,2.0865776538848877,2.0883564949035645,2.0988105931724235,2.0874181633825497,2.1030373941463614
S600,S600|60|2,60,58.38803277,341.6682572,2.071425418,2.0905657972685843,2.143603449971694,2.082638740539551,2.0898380279541016,2.0865776538848877,2.0883564949035645,2.097738640928216,2.086630610141589,2.102243947991357
S600,S600|60|2,60,58.19584833,340.9689781,2.078372912,2.088805638063857,2.1420827130475066,2.082638740539551,2.0898380279541016,2.156903028488159,2.0883564949035645,2.095549371348854,2.084999248300215,2.108987916530881
S800,S800|60|2,60,59.75372962,345.3148648,2.107105097,2.1027329986640306,2.1545459817782313,2.0907459259033203,2.0971438884735107,2.1110081672668457,2.0998940467834473,2.107964516838363,2.095580861446981,2.1081124343845814
S800,S800|60|2,60,58.18600824,340.3406326,2.096315821,2.089075225953593,2.1425057563869996,2.0875396728515625,2.082707643508911,2.0956759452819824,2.0833580493927,2.098923103802548,2.0820528045985136,2.0932270982772367
S800,S800|60|2,60,59.00608035,343.0987493,2.091819696,2.0963786316838235,2.1488959601856488,2.084566116333008,2.084789514541626,2.0934200286865234,2.0889453887939453,2.102991121009761,2.0879483838002257,2.097164809082652
S800,S800|60|2,60,59.87490751,346.1049967,2.080625873,2.104099713075279,2.155631450203436,2.091299057006836,2.096501588821411,2.1110081672668457,2.099382162094116,2.1090013868541533,2.096636623021253,2.1091745094127585
S800,S800|60|2,60,59.33454238,344.2579632,2.078743065,2.099325687012203,2.1514598018288362,2.0855824947357178,2.0857346057891846,2.096127510070801,2.095698833465576,2.105282902775164,2.0925791433626926,2.1059396431567787
D50,D50|60|3,60,76.62136571,426.1631651,2.463313831,2.2485153178877564,2.26962899337657,2.281520366668701,2.3226232528686523,2.466156244277954,2.3301684856414795,2.256061551293826,2.287230059552879,2.340856574778314
D50,D50|60|3,60,76.28052064,424.8291906,2.456460946,2.2459169751540062,2.2674305635080896,2.2817795276641846,2.3226232528686523,2.466156244277954,2.3314807415008545,2.252448291070288,2.285014580770364,2.3385891517647557
D50,D50|60|3,60,77.20922728,428.0076915,2.477797241,2.252654792404273,2.2732468616089885,2.2937896251678467,2.3226232528686523,2.466156244277954,2.334913730621338,2.2621151968124074,2.290875984502216,2.3445879822741
D50,D50|60|3,60,77.21805094,428.461201,2.489735943,2.2530171395347915,2.2734478457550606,2.2931439876556396,2.3226232528686523,2.466156244277954,2.333742380142212,2.2623509973222977,2.291078527288606,2.3447952738892197
D50,D50|60|3,60,76.72842498,426.7075603,2.483038597,2.24941826674517,2.2703614078233127,2.281520366668701,2.3226232528686523,2.466156244277954,2.3301684856414795,2.257237281089375,2.2879681539037753,2.341611974527843
D100,D100|60|3,60,86.72244444,464.4866443,2.30928496,2.3254592082705123,2.341198232559561,2.388730764389038,2.4514172077178955,2.352285623550415,2.3848350048065186,2.3939207408492145,2.3906696247508568,2.3436924829291557
D100,D100|60|3,60,86.66022995,464.0842808,2.322408306,2.324918568585169,2.3407729893851967,2.390127420425415,2.4514172077178955,2.352285623550415,2.3952150344848633,2.3935210091191914,2.3902353958479186,2.3432667867120163
D100,D100|60|3,60,82.86735727,453.1043403,2.340507982,2.3007849354648986,2.3189379700563797,2.3864119052886963,2.4041829109191895,2.310304641723633,2.39223051071167,2.3738663934553075,2.3645050604761746,2.3222906216167867
D100,D100|60|3,60,85.80869846,461.5551154,2.330253185,2.3195280741545763,2.3359100290944568,2.3894758224487305,2.4019200801849365,2.3293673992156982,2.3896291255950928,2.3891391197603893,2.3728800597613713,2.322314113398964
D100,D100|60|3,60,86.10094826,462.4046536,2.324213387,2.321370068105031,2.337576811872924,2.3894758224487305,2.4019200801849365,2.3293673992156982,2.3896291255950928,2.3906396290396836,2.3745732224130647,2.3239711948456776
D200,D200|60|3,60,82.90746712,411.9136644,2.298523459,2.2705794851052623,2.3039544124310942,2.316272258758545,2.3017983436584473,2.2713210582733154,2.3135199546813965,2.3197239665523104,2.3031101298202232,2.2671909034080526
D200,D200|60|3,60,85.76064745,419.9341083,2.282325312,2.288826376506358,2.320486873567654,2.3195559978485107,2.3341240882873535,2.319580316543579,2.3176724910736084,2.3396632885778246,2.3196355644644746,2.310668810742439
D200,D200|60|3,60,84.59564354,416.7455217,2.301963817,2.2814968272652556,2.3138155749736407,2.3110768795013428,2.327194929122925,2.2925775051116943,2.3189566135406494,2.3316171628036386,2.3162194187026475,2.2821929624486033
D200,D200|60|3,60,85.82547099,420.4095097,2.316246545,2.289454012716229,2.320962888480281,2.3040292263031006,2.3341240882873535,2.319580316543579,2.3176279067993164,2.3402512607604917,2.3201114047431344,2.3111428116189727
D200,D200|60|3,60,84.35069871,416.702452,2.30111204,2.280414897932074,2.3126305188056926,2.308974504470825,2.3195691108703613,2.2921900749206543,2.3188960552215576,2.330217380311257,2.313835822549558,2.281024102287124
D400,D400|60|3,60,86.85874428,419.6898766,2.33591885,2.2911936001002076,2.3230290367058855,2.322577476501465,2.358396053314209,2.348374605178833,2.3573265075683594,2.3520419728202433,2.325953658962242,2.3267212996112923
D400,D400|60|3,60,79.83620611,402.576875,2.349718811,2.2478088968769336,2.2830902573653833,2.3026654720306396,2.2585906982421875,2.3213934898376465,2.261579751968384,2.3099724778719666,2.2791454896291565,2.3019649394757273
D400,D400|60|3,60,85.39158656,418.1043388,2.335387295,2.283848860173404,2.3155936991032324,2.316502571105957,2.3026275634765625,2.3142571449279785,2.3088455200195312,2.344100228793649,2.3035270123340155,2.2988670383512746
D400,D400|60|3,60,83.65103367,413.8326402,2.335258747,2.2731981281228126,2.305790184268544,2.2973403930664062,2.287443161010742,2.278106689453125,2.293574333190918,2.333775096758183,2.2920547124950397,2.268472515046543
D400,D400|60|3,60,79.7621069,402.5288515,2.348098119,2.2474357907848383,2.282704149394912,2.303880214691162,2.2585906982421875,2.3213934898376465,2.261814832687378,2.3095581525924516,2.2787600487835435,2.3015756394872535
D600,D600|60|3,60,81.88740302,413.0939486,2.257288781,2.265621058571057,2.298507818167178,2.312285900115967,2.2989916801452637,2.2947134971618652,2.3012502193450928,2.4298739214348095,2.309002699612519,2.298127364329601
D600,D600|60|3,60,80.82138877,410.505267,2.292989259,2.2589270899884335,2.292333514153497,2.3049416542053223,2.3001627922058105,2.3589534759521484,2.2757530212402344,2.42116926093474,2.323980070960906,2.33579096340161
D600,D600|60|3,60,81.01611014,410.9958455,2.25613049,2.2601681833088376,2.2934720492633063,2.3049416542053223,2.298095703125,2.3585541248321533,2.2751152515411377,2.4227438435499353,2.317035028376612,2.334462566871222
D600,D600|60|3,60,79.63982117,407.4755082,2.235203325,2.25130632014628,2.2853633131920463,2.2835960388183594,2.3001627922058105,2.3589534759521484,2.266631603240967,2.4115195701268393,2.3169136436609565,2.328688623223653
D600,D600|60|3,60,84.20026378,417.923221,2.28360844,2.2793289268882195,2.3114277605717457,2.307565212249756,2.3291127681732178,2.300705909729004,2.316899538040161,2.4482019602433636,2.3202837338422544,2.2915855859861014
D800,D800|60|3,60,81.0736669,413.0808485,2.360326338,2.263242146663555,2.2961447870661478,2.2872872352600098,2.299234390258789,2.322418451309204,2.2922017574310303,2.1657014706807525,2.2935596216320917,2.309933248453743
D800,D800|60|3,60,79.59713074,408.8500487,2.292278272,2.253401603923751,2.287257977324182,2.2488248348236084,2.2851171493530273,2.44293475151062,2.242027997970581,2.1605938517266963,2.3058478269912523,2.379941379821001
D800,D800|60|3,60,81.1906988,412.2729072,2.331007013,2.263165457760998,2.2964325421768783,2.2915165424346924,2.2973740100860596,2.320793867111206,2.2945058345794678,2.1659413019363725,2.293600398528601,2.3102227315479418
D800,D800|60|3,60,82.65165609,416.5919104,2.313535068,2.272860251433214,2.305153987009814,2.305455207824707,2.297490119934082,2.288170576095581,2.310232162475586,2.1722659771135837,2.2950191068518784,2.282052456293402
D800,D800|60|3,60,81.94280803,414.5192017,2.264275175,2.2681897042123156,2.3009444586796075,2.3114914894104004,2.3114066123962402,2.2928452491760254,2.326842784881592,2.1685242258838415,2.3011926947081722,2.2892510331174676
S50,S50|60|3,60,84.14185251,460.6686317,2.309719445,2.3118213153814375,2.3280047427451063,2.3529491424560547,2.3854453563690186,2.3121888637542725,2.3623547554016113,2.3219179144584623,2.4109448626584804,2.3132655278611156
S50,S50|60|3,60,81.77493659,453.6287052,2.330925835,2.296395477244777,2.3141143432639786,2.363478899002075,2.3850674629211426,2.3404622077941895,2.3751585483551025,2.310311900727901,2.3971002814517393,2.3687205041182864
S50,S50|60|3,60,83.43094556,458.4093743,2.312834879,2.307124693728679,2.3238147133131255,2.3558084964752197,2.3884408473968506,2.311262845993042,2.364043712615967,2.318404717103997,2.416868879649629,2.3240058573208304
S50,S50|60|3,60,82.46329724,455.6899394,2.313376171,2.3009260302112375,2.318187858916627,2.356234550476074,2.3906900882720947,2.3169901371002197,2.3728525638580322,2.3137170398229427,2.405498281399337,2.3456821497776943
S50,S50|60|3,60,83.20215897,457.7227311,2.324054228,2.305634354183432,2.3224741667676327,2.3558084964752197,2.3884408473968506,2.3129477500915527,2.364043712615967,2.317284128960073,2.4156349548716474,2.337420757473399
S100,S100|60|3,60,84.38780021,461.1093891,2.312044444,2.3139198793661393,2.33048991482143,2.308826446533203,2.320694923400879,2.3048572540283203,2.321098804473877,2.306991251584188,2.3009027836265328,2.3067776206654993
S100,S100|60|3,60,83.97823973,459.7034034,2.3095972,2.3111524113523214,2.328046309567881,2.3124325275421143,2.320694923400879,2.3048572540283203,2.320723056793213,2.304742378501816,2.2988733244918933,2.3067000773956448
S100,S100|60|3,60,83.1325234,457.4487429,2.314251368,2.3058487424694776,2.323187624004855,2.3101015090942383,2.321171998977661,2.3069911003112793,2.3237268924713135,2.3002909676452754,2.295301284599067,2.314313319396772
S100,S100|60|3,60,84.46061802,461.4824147,2.299677968,2.3144946363186913,2.3309638926849345,2.308826446533203,2.320694923400879,2.3048572540283203,2.321098804473877,2.30743127843245,2.301370744023434,2.307246775893878
S100,S100|60|3,60,83.63602632,458.8484847,2.298125383,2.309050526958755,2.3261034278467165,2.3101015090942383,2.321171998977661,2.3048572540283203,2.3215558528900146,2.302964268754488,2.298002264044401,2.305281070245533
S200,S200|60|3,60,81.56786349,411.5111105,2.276398727,2.265267893235388,2.299153748045884,2.258357524871826,2.2603602409362793,2.309800386428833,2.255324602127075,2.2922293676349885,2.261765743903205,2.311823940700573
S200,S200|60|3,60,83.63206983,417.4972507,2.272829187,2.2788017585791347,2.311376418325907,2.2579901218414307,2.26558256149292,2.2993509769439697,2.257127523422241,2.302520697075313,2.264357039153386,2.28785267632507
S200,S200|60|3,60,82.17579439,413.5970452,2.286129747,2.2695216057370566,2.3028929007848653,2.257441282272339,2.2556509971618652,2.2863316535949707,2.2508997917175293,2.295325130548564,2.262112990663134,2.284519684016263
S200,S200|60|3,60,83.29610475,416.2774258,2.261135889,2.2764334526188126,2.309313481805712,2.258695125579834,2.2522289752960205,2.2890260219573975,2.2509195804595947,2.300540322315145,2.2635312466678967,2.2803402776639303
S200,S200|60|3,60,83.56997235,416.8389022,2.262462882,2.278042180116437,2.3108398971583832,2.258695125579834,2.26558256149292,2.2993509769439697,2.259216785430908,2.3019955460227517,2.2638314322151545,2.287321615534066
S400,S400|60|3,60,82.54832581,413.5478851,2.265209939,2.271709096774627,2.305535989833212,2.281907320022583,2.270004987716675,2.2829291820526123,2.2610690593719482,2.315410598347231,2.2751832029492376,2.2885081966343743
S400,S400|60|3,60,82.17752151,413.0829571,2.260113665,2.269728909749906,2.3035513117207307,2.2791450023651123,2.2724711894989014,2.283332109451294,2.2644495964050293,2.3121727279232314,2.287132146582676,2.289265687918308
S400,S400|60|3,60,82.33004066,412.9785445,2.26545348,2.2703232060799508,2.3042612615962206,2.280866861343384,2.2771413326263428,2.283332109451294,2.266956090927124,2.313378312884817,2.2878370361045346,2.2899712349933097
S400,S400|60|3,60,82.57262409,414.785642,2.262923493,2.272740437549332,2.3061027245901737,2.2788541316986084,2.270967721939087,2.2952957153320312,2.258302688598633,2.316141707717648,2.276795652414549,2.2906525713317674
S400,S400|60|3,60,82.31687056,413.98497,2.264649093,2.271017452675301,2.3045613334485986,2.2788541316986084,2.278107166290283,2.295700788497925,2.2652456760406494,2.3137035465545206,2.289193485000825,2.291852137342721
S600,S600|60|3,60,82.58564185,415.4122399,2.256457642,2.273615780883898,2.3067091777479467,2.2721264362335205,2.2750840187072754,2.2955756187438965,2.273027181625366,2.283080961380938,2.278112649267261,2.2923486990196382
S600,S600|60|3,60,81.58308112,412.5262767,2.244555717,2.267029620122079,2.3007449450048245,2.2728030681610107,2.280515432357788,2.319969892501831,2.2824652194976807,2.2773570054092707,2.2809501811365687,2.313419243846017
S600,S600|60|3,60,82.54044178,415.2765994,2.251435767,2.2733160351945974,2.3064394031968534,2.2721264362335205,2.2750840187072754,2.2955756187438965,2.273027181625366,2.2828197880025645,2.2778462191410775,2.2920806039571167
S600,S600|60|3,60,82.86373693,416.2941697,2.259728358,2.2754925527148684,2.3083837316051983,2.2706069946289062,2.2689008712768555,2.2973196506500244,2.2700917720794678,2.284720629331935,2.2781426016851185,2.2949628895567775
S600,S600|60|3,60,81.87166549,412.7650323,2.239327466,2.268489445576438,2.30225278502543,2.270094156265259,2.269037961959839,2.3169772624969482,2.2742247581481934,2.2785724426179415,2.2792770728423366,2.31924672400181
S800,S800|60|3,60,81.89722557,414.1790341,2.303463897,2.2704872144928587,2.304035275784217,2.250239372253418,2.260312795639038,2.2810583114624023,2.269554376602173,2.2653329192148877,2.257114421907448,2.2809172155378112
S800,S800|60|3,60,82.30188729,416.2305674,2.318188487,2.2738044823003305,2.3067675677740733,2.254193067550659,2.260312795639038,2.2806003093719482,2.272203207015991,2.2688679273568297,2.2597910717487,2.283622092456598
S800,S800|60|3,60,81.71442443,415.0479622,2.293922562,2.27032294873167,2.303446397902648,2.2589588165283203,2.260312795639038,2.3071351051330566,2.2587859630584717,2.2652640562715853,2.256869243701207,2.3086238339960325
S800,S800|60|3,60,80.99435633,412.9969638,2.312004574,2.265579763517886,2.2991345884250314,2.254265069961548,2.2666995525360107,2.31656813621521,2.2639858722686768,2.260311796132847,2.2600273292169115,2.3103282162266723
S800,S800|60|3,60,82.4407689,416.8199775,2.305107446,2.274854882808017,2.307661702587718,2.254193067550659,2.280158042907715,2.297412872314453,2.2850303649902344,2.2699809743206703,2.2609019287109615,2.292564092146204
D50,D50|60|4,60,98.65261874,451.4652428,2.551150309,2.359092750567413,2.3791752537601822,2.4811129570007324,2.373713254928589,2.5476739406585693,2.4084510803222656,2.406287661360197,2.404886522358545,2.472779995339476
D50,D50|60|4,60,99.46090207,453.6816832,2.530407846,2.3636381802633712,2.383268766817328,2.4824914932250977,2.3822546005249023,2.535947322845459,2.407123327255249,2.411254516043413,2.4319529071829624,2.484797805935452
D50,D50|60|4,60,106.7595317,472.137926,2.50789591,2.4023650180226497,2.418678300873211,2.4858529567718506,2.4436187744140625,2.370892286300659,2.4695794582366943,2.457460169756758,2.447524744522439,2.390569114277279
D50,D50|60|4,60,98.79864163,452.2390187,2.579330174,2.3601868646280493,2.380044230965971,2.4842607975006104,2.373713254928589,2.5476739406585693,2.4079906940460205,2.407384271581103,2.405764890426276,2.4736831610257717
D50,D50|60|4,60,98.48852595,451.1555611,2.550404569,2.3582684286934854,2.378389331220097,2.4817113876342773,2.373713254928589,2.5476739406585693,2.4093284606933594,2.4053503278618797,2.4040921065115906,2.471963151968254
D100,D100|60|4,60,108.3643243,482.3938065,2.406558707,2.4192399408517686,2.4400754596580403,2.471635103225708,2.5003652572631836,2.4082624912261963,2.479940891265869,2.544636287703242,2.474473724967055,2.4195284475337884
D100,D100|60|4,60,107.3696879,479.4539837,2.424481226,2.4138516410404924,2.435181612221981,2.4832873344421387,2.473966121673584,2.386993646621704,2.4689035415649414,2.538975521502663,2.469316389416807,2.405851238294333
D100,D100|60|4,60,108.2787427,482.2946283,2.437580559,2.418886217101892,2.439706202724283,2.4723122119903564,2.5003652572631836,2.4082624912261963,2.479940891265869,2.5442316342285367,2.4740992625393754,2.4191622999820237
D100,D100|60|4,60,107.8682451,481.3448154,2.421963301,2.416851680471212,2.4377760527452375,2.4723122119903564,2.498467445373535,2.4103143215179443,2.4797701835632324,2.542037532466282,2.478306518383914,2.420158236498531
D100,D100|60|4,60,101.5731259,464.9332826,2.433721572,2.38356051564212,2.4068776453282665,2.4999818801879883,2.5116043090820312,2.547752857208252,2.51676082611084,2.5013171053393,2.493809612569936,2.538702603623832
D200,D200|60|4,60,105.9221745,479.6239318,2.432216992,2.408305484447944,2.4283475479153864,2.4795830249786377,2.4788215160369873,2.3971869945526123,2.4662725925445557,2.4886166041696387,2.465644065970095,2.404642769285112
D200,D200|60|4,60,104.7538179,476.2671179,2.439415531,2.4019416973023837,2.422552170110793,2.488011598587036,2.4825289249420166,2.437128782272339,2.4751384258270264,2.48056473322804,2.4817427167170845,2.433343990642265
D200,D200|60|4,60,104.8978259,476.8057074,2.431978139,2.4028170141988943,2.4233101271488224,2.4871649742126465,2.481215238571167,2.424099922180176,2.472784996032715,2.4816322693168504,2.480434338278105,2.4146899157628425
D200,D200|60|4,60,105.0849656,476.5359871,2.417912189,2.403269061424542,2.4239744370866694,2.4859235286712646,2.482805013656616,2.424099922180176,2.472723960876465,2.482458293160292,2.4811143078629447,2.4253111672981613
D200,D200|60|4,60,105.2780835,477.7918091,2.430729546,2.4048167732638177,2.425164421813673,2.486560821533203,2.481036901473999,2.4233860969543457,2.473816156387329,2.4841952445789577,2.4771921080332286,2.4266842316993507
D400,D400|60|4,60,103.7722017,476.7163415,2.495810042,2.3968108203270777,2.4157764150713392,2.472501277923584,2.4567017555236816,2.46386981010437,2.48395037651062,2.439730153789737,2.4677245147332925,2.459273365904228
D400,D400|60|4,60,102.9435545,475.837319,2.500932047,2.3932926866625284,2.412124391646676,2.465841770172119,2.4573235511779785,2.469406843185425,2.4880449771881104,2.4363525848840886,2.463993959340336,2.4626925187441615
D400,D400|60|4,60,103.5374429,477.3784064,2.493851185,2.3964557165298848,2.4150415656613107,2.4582107067108154,2.4567017555236816,2.4710869789123535,2.4692392349243164,2.4390463804925773,2.4669738633516283,2.4656708488197556
D400,D400|60|4,60,102.4885402,472.1188296,2.539970885,2.389073397946954,2.4090481020140464,2.463238000869751,2.468550682067871,2.5394675731658936,2.487884998321533,2.433522070250339,2.461525244559893,2.5254000231703566
D400,D400|60|4,60,106.7267397,483.0012323,2.516497463,2.4113591022984235,2.429647598677178,2.4315640926361084,2.4580516815185547,2.4023830890655518,2.4623863697052,2.4525403647322426,2.4529407504349927,2.41147594546401
D600,D600|60|4,60,104.810469,482.2510947,2.547285901,2.4049904624822007,2.42364350608229,2.466689109802246,2.460599422454834,2.4253480434417725,2.456282615661621,2.613026389385831,2.4557220958598562,2.42171091471407
D600,D600|60|4,60,103.5014346,479.7552099,2.436899708,2.398697687562664,2.4175298234188474,2.475764036178589,2.5062830448150635,2.4982478618621826,2.4956862926483154,2.6046271946717177,2.500517307208991,2.497614060872874
D600,D600|60|4,60,104.9828336,483.3874029,2.544729567,2.406376892394482,2.4247060455492653,2.4667513370513916,2.4555718898773193,2.426466464996338,2.4570937156677246,2.6147939381477414,2.4555962612300797,2.4207789018935055
D600,D600|60|4,60,105.113507,484.0044212,2.494341893,2.407256621958694,2.4254315256302976,2.464522123336792,2.45743727684021,2.4276821613311768,2.4588115215301514,2.615931074857318,2.457550839981286,2.424063632822843
D600,D600|60|4,60,103.5954174,480.4171376,2.495167323,2.399488303022052,2.418127482227533,2.4669034481048584,2.4913434982299805,2.472562789916992,2.4764244556427,2.6056315181644134,2.4954203747064896,2.461714328334803
D800,D800|60|4,60,104.0821023,481.3344532,2.523521034,2.4030835654557725,2.422450437646249,2.480968952178955,2.500241994857788,2.4782187938690186,2.475032329559326,2.314052439387303,2.4960892683140106,2.4470861396406205
D800,D800|60|4,60,103.4480702,479.5518281,2.505860679,2.3996265558839274,2.4192844758114505,2.474848508834839,2.490070104598999,2.4897449016571045,2.4736404418945312,2.3101560480779293,2.479631558272583,2.4853704534246956
D800,D800|60|4,60,104.8658891,483.5559777,2.435591109,2.407347741256903,2.4263510074787336,2.4816064834594727,2.4790992736816406,2.4277877807617188,2.4650540351867676,2.3188512838692383,2.4762255671876345,2.41265792716731
D800,D800|60|4,60,105.470802,484.9992484,2.450759489,2.4104338129779177,2.4292592680879275,2.5008203983306885,2.4869182109832764,2.431426525115967,2.486440658569336,2.3224717340416623,2.4785727266480233,2.4234648563458157
D800,D800|60|4,60,105.5284298,485.460292,2.457880084,2.410952056031489,2.429640551493124,2.500131607055664,2.4869182109832764,2.431426525115967,2.485992908477783,2.3228952856681384,2.478961750027149,2.423845230291463
S50,S50|60|4,60,102.9200023,471.2229854,2.458894978,2.39296991876486,2.4149448125941264,2.4782633781433105,2.4852681159973145,2.4879519939422607,2.470400333404541,2.3920956215128206,2.5041654891800817,2.4939611580410883
S50,S50|60|4,60,106.2418648,479.7528034,2.443524954,2.4104459833280147,2.431213736759113,2.4567506313323975,2.462660789489746,2.3662261962890625,2.459819793701172,2.4062765168856597,2.4852935982122055,2.3903018503172238
S50,S50|60|4,60,103.5482221,472.8531981,2.4462853,2.396319502545038,2.418055627074362,2.4717068672180176,2.496748447418213,2.48756742477417,2.4675891399383545,2.3948083874353556,2.4985475794040712,2.495921867401911
S50,S50|60|4,60,106.6045324,481.2469695,2.436664803,2.4127249366520704,2.433152663599693,2.44110107421875,2.465606212615967,2.392467975616455,2.4515488147735596,2.4079888099001283,2.48821746113413,2.409052043470764
S50,S50|60|4,60,103.1411708,471.8807605,2.430834245,2.3942103907725794,2.4160694004539374,2.4765048027038574,2.4852681159973145,2.4879519939422607,2.4693853855133057,2.393079760373455,2.5053316251900655,2.4951225421135304
S100,S100|60|4,60,105.3435431,476.0983051,2.423006829,2.405497780325357,2.4276814986421185,2.411419153213501,2.4032256603240967,2.429116725921631,2.404482126235962,2.4000007657727562,2.40141723729065,2.4325315898891695
S100,S100|60|4,60,103.8241509,472.6778865,2.428058594,2.397843927086534,2.4203883245364652,2.4129648208618164,2.4175543785095215,2.479820489883423,2.420156240463257,2.394576242837855,2.4188208702492884,2.459010744411825
S100,S100|60|4,60,106.0644716,478.807199,2.427931445,2.409867068733113,2.431474569297596,2.400799036026001,2.3990132808685303,2.395501136779785,2.4009411334991455,2.4031504011656173,2.3964421921267416,2.398737838625998
S100,S100|60|4,60,103.8299195,473.3944981,2.436739376,2.3983723031606488,2.4206501853540043,2.415314197540283,2.4175543785095215,2.479820489883423,2.4209554195404053,2.3945914117999854,2.419082561484593,2.4592767837730882
S100,S100|60|4,60,105.7284023,478.9692797,2.434408586,2.408839153739384,2.430179307476083,2.4042351245880127,2.399031400680542,2.420710563659668,2.401413679122925,2.4018218588684297,2.4024151886401284,2.4240812684053914
S200,S200|60|4,60,104.959694,479.5362352,2.38490477,2.4058425856742174,2.426636526418719,2.4172017574310303,2.4122653007507324,2.4448401927948,2.414034843444824,2.398516318376479,2.405507110768032,2.4392004318503973
S200,S200|60|4,60,105.5537537,480.9330622,2.389709097,2.408859607046682,2.429488240373252,2.4206879138946533,2.4148709774017334,2.4686198234558105,2.417933464050293,2.4011441006860568,2.4153224659309207,2.4433171895850383
S200,S200|60|4,60,104.1008463,476.423513,2.417374609,2.4006876608212635,2.4221329329808876,2.4255197048187256,2.422003746032715,2.469553232192993,2.4195897579193115,2.394680340188722,2.4239725002745343,2.4658003509823523
S200,S200|60|4,60,105.3520303,480.5731852,2.404362305,2.407916913298621,2.42855871616272,2.430030345916748,2.4114649295806885,2.45302414894104,2.422628402709961,2.4002840075580667,2.4125115012544134,2.44062072577745
S200,S200|60|4,60,104.2753871,477.6884566,2.419070098,2.4021829740448264,2.423258684938693,2.4239726066589355,2.419848680496216,2.4427711963653564,2.422222852706909,2.395735311770504,2.416022656410595,2.440088539306012
S400,S400|60|4,60,104.9383609,483.4325541,2.401888874,2.409077486289707,2.4289823843752516,2.4465103149414062,2.4530088901519775,2.4567201137542725,2.442955493927002,2.4593756827015345,2.447603522489798,2.4450652635103065
S400,S400|60|4,60,105.1029472,485.0172884,2.395168219,2.410748232660201,2.4301657589866683,2.443635940551758,2.4440362453460693,2.451901435852051,2.429084300994873,2.4611925282848874,2.451126592217369,2.4462564735308927
S400,S400|60|4,60,105.3688679,485.5256637,2.432666343,2.4120160166019504,2.4314064996694187,2.442854881286621,2.4415104389190674,2.442551374435425,2.4246349334716797,2.4623348468407937,2.4471228324187346,2.4364619978125233
S400,S400|60|4,60,104.8156526,483.4233235,2.383491014,2.4086479402558223,2.428481941365509,2.43866229057312,2.4610254764556885,2.4723711013793945,2.440976619720459,2.459044202177455,2.456927976221182,2.4635852631898474
S400,S400|60|4,60,103.6538536,479.8815211,2.407730185,2.4021427256481207,2.422590061643149,2.444652557373047,2.4555349349975586,2.4868175983428955,2.438990592956543,2.453713429562758,2.4499170224443834,2.476597081907746
S600,S600|60|4,60,104.1140076,480.5743924,2.458733728,2.404579041575771,2.4249240656693556,2.4428861141204834,2.4269049167633057,2.472125291824341,2.4432058334350586,2.40919991613943,2.4360669809133815,2.4596680957130608
S600,S600|60|4,60,105.2287036,484.8418096,2.431071561,2.4114084750462266,2.4308401677796154,2.420015811920166,2.418199062347412,2.4426164627075195,2.4239389896392822,2.416326910403159,2.4219542479315455,2.436943487378502
S600,S600|60|4,60,104.7172302,482.9397667,2.448813984,2.4083206819269933,2.428149608121765,2.4314589500427246,2.4337105751037598,2.470921516418457,2.4359395503997803,2.413102495079166,2.4269702115427028,2.4543119790634607
S600,S600|60|4,60,104.1785135,481.4984979,2.419401756,2.405449192211646,2.425489351419222,2.4399497509002686,2.4403293132781982,2.499675750732422,2.449134588241577,2.4100938203794247,2.448462460359145,2.475699240455955
S600,S600|60|4,60,105.3020061,485.0064491,2.467632558,2.411774926190316,2.43118984887334,2.4335598945617676,2.418199062347412,2.4426164627075195,2.4309709072113037,2.4167120476100203,2.422302650768389,2.4372940464466404
S800,S800|60|4,60,104.2505672,481.9548376,2.474028012,2.4068436917202396,2.427397086284596,2.4314496517181396,2.430114984512329,2.4623067378997803,2.433840036392212,2.41315638184475,2.4335979592020087,2.4459675851575198
S800,S800|60|4,60,104.8649318,484.266985,2.376310192,2.410581540578957,2.4306546916487934,2.4301464557647705,2.4136102199554443,2.428257703781128,2.423177480697632,2.417453651067957,2.413881550248519,2.4275495148419797
S800,S800|60|4,60,104.9366124,484.4199044,2.433759695,2.410935169997259,2.4309957714484667,2.429570198059082,2.4136102199554443,2.428257703781128,2.423177480697632,2.4178715695574984,2.414220276369684,2.427890158910042
S800,S800|60|4,60,104.3736337,483.0435178,2.403238898,2.408030341478844,2.4282551678471576,2.4183290004730225,2.4272525310516357,2.466723918914795,2.4240477085113525,2.414460672415759,2.4328282239658425,2.4494594662903726
S800,S800|60|4,60,104.8760711,484.3513032,2.433044644,2.4106787051092473,2.4307274515409762,2.4301464557647705,2.4136102199554443,2.428257703781128,2.423177480697632,2.41756133448407,2.4139538080488316,2.427622181782938
D50,D50|78|0,78,12.88432682,40.41249681,1.589431846,1.1972406762336543,1.4340488440526176,1.5655335187911987,1.5499961376190186,1.5317823886871338,1.563372015953064,1.5099840416963979,1.5433673126540213,1.5269701150528225
D50,D50|78|0,78,14.11815958,42.42133874,1.562397952,1.2275319157334186,1.461340383890391,1.5809181928634644,1.547851324081421,1.5510214567184448,1.563738465309143,1.5192898893910458,1.5465482267875224,1.5186365231618348
D50,D50|78|0,78,14.39229617,42.9240583,1.555646262,1.2341758935218532,1.4672958276952761,1.5824506282806396,1.547851324081421,1.5510214567184448,1.5630555152893066,1.5221838372240593,1.5528509206415428,1.524825467622303
D50,D50|78|0,78,14.0235629,42.28688359,1.539581805,1.225348064733368,1.459353637048654,1.5809181928634644,1.547851324081421,1.5510214567184448,1.563738465309143,1.5183390815308224,1.544445636700342,1.5165718800784036
D50,D50|78|0,78,14.2044913,42.57301815,1.555216413,1.2296122726178793,1.4632099266007363,1.5809181928634644,1.547851324081421,1.5510214567184448,1.563738465309143,1.5201962269977933,1.5485267788041928,1.5205793667818703
D100,D100|78|0,78,12.69316462,40.45818045,1.549823783,1.1965912902441365,1.4282555241500394,1.5612208843231201,1.5541671514511108,1.5453999042510986,1.556426763534546,1.5323246326428173,1.5486350491831264,1.5427091037201792
D100,D100|78|0,78,13.23424926,41.30117719,1.550599187,1.2101615336240001,1.4406354066982008,1.5612863302230835,1.5535253286361694,1.5257728099822998,1.5554776191711426,1.5416649529390964,1.533195533638891,1.5166393880009814
D100,D100|78|0,78,12.8998024,40.83666036,1.55695821,1.2020159752658113,1.4331560987090168,1.5606368780136108,1.5544297695159912,1.5354048013687134,1.556890845298767,1.535950418477183,1.5440565387923642,1.5313912478328158
D100,D100|78|0,78,13.00252019,40.99578568,1.546230414,1.204590640568024,1.435505323711341,1.560907244682312,1.5544297695159912,1.5354048013687134,1.5557799339294434,1.5377244272703723,1.5464219018982608,1.5339014995848685
D100,D100|78|0,78,13.07070544,41.04045078,1.556457307,1.2060856478615223,1.436918834571753,1.5612863302230835,1.5544297695159912,1.5354048013687134,1.5553205013275146,1.5388740153420133,1.5479446299000355,1.5354118990188879
D200,D200|78|0,78,12.49800931,40.89712693,1.549875433,1.1935157055791437,1.4260770412690909,1.5500415563583374,1.5489996671676636,1.543984055519104,1.5480036735534668,1.5351007199945073,1.5426835399498073,1.5466280877923775
D200,D200|78|0,78,12.45794358,40.86733742,1.558093969,1.1925895071423764,1.4252115121322444,1.5494730472564697,1.5489996671676636,1.543984055519104,1.5467517375946045,1.5342108288375578,1.541747238814511,1.545689392592111
D200,D200|78|0,78,12.52356506,40.94712383,1.554728738,1.1942079027724881,1.4266980845864263,1.5500415563583374,1.5489996671676636,1.543327808380127,1.5480036735534668,1.5356768571503088,1.5424825360020744,1.54611348137559
D200,D200|78|0,78,12.49018687,40.94663588,1.561541857,1.1935184113208248,1.4260332429381173,1.548559308052063,1.5489448308944702,1.543984055519104,1.5463759899139404,1.5349445277109603,1.5426361603466618,1.5465805870424727
D200,D200|78|0,78,12.27582402,40.59374185,1.556081921,1.1878886314171244,1.4209375083755347,1.5501832962036133,1.5509577989578247,1.5467088222503662,1.5499703884124756,1.5300927869862588,1.5439486114417234,1.5501008181373037
D400,D400|78|0,78,12.35699488,40.69135191,1.542456238,1.1884488659451138,1.42381191137192,1.5536441802978516,1.550980806350708,1.5477159023284912,1.5489470958709717,1.5676451325502843,1.5507034300545859,1.5472762094579835
D400,D400|78|0,78,12.67412879,41.32159728,1.545031608,1.197065476956199,1.4315168344598301,1.5511524677276611,1.5499769449234009,1.5397273302078247,1.5488646030426025,1.5742674731055837,1.5462411456252805,1.5299688048805564
D400,D400|78|0,78,13.06385544,41.90816329,1.537369758,1.2068202447458838,1.4403831742425242,1.5523440837860107,1.550560712814331,1.5399569272994995,1.549166202545166,1.5824146217845059,1.5514199451809645,1.5359817638764923
D400,D400|78|0,78,13.18910112,42.22994821,1.544806451,1.2103451423309077,1.4434864856151293,1.550912618637085,1.5494191646575928,1.5399569272994995,1.5489099025726318,1.5848430132175426,1.5547624857254958,1.5392910427969841
D400,D400|78|0,78,13.12878661,42.06217165,1.539156414,1.208608583113092,1.4419663884487695,1.5505353212356567,1.54998779296875,1.5399569272994995,1.5488646030426025,1.58369003245827,1.5531252067675936,1.537670056403501
D600,D600|78|0,78,12.1695772,40.86617648,1.542447237,1.185585143450375,1.4199973936457766,1.5511137247085571,1.5438313484191895,1.5446025133132935,1.5460777282714844,1.4703946307870044,1.5410770835940226,1.543368923278577
D600,D600|78|0,78,11.61460127,39.3045997,1.546575518,1.1684104002850757,1.404953701323736,1.5784969329833984,1.5415358543395996,1.5169793367385864,1.5520577430725098,1.4608264374117597,1.5184045340448715,1.488790095812919
D600,D600|78|0,78,11.90035186,40.49256689,1.541695288,1.1785883527906407,1.413632549427462,1.551157832145691,1.5408412218093872,1.5182652473449707,1.5482336282730103,1.465621950034882,1.5306724364693358,1.5206673464601164
D600,D600|78|0,78,11.85755032,40.44563488,1.550522448,1.1775052142196198,1.412639216098101,1.5512909889221191,1.5408412218093872,1.5182652473449707,1.5484497547149658,1.464848679528308,1.5295968613857718,1.5195988017674227
D600,D600|78|0,78,11.82947188,40.13315986,1.543662144,1.1758685592651048,1.4113489888730222,1.5562448501586914,1.5404664278030396,1.5204828977584839,1.5469697713851929,1.4644718890212065,1.5299164244811134,1.5213977975522333
D800,D800|78|0,78,12.15000584,40.80835871,1.54433342,1.1858762932708098,1.418742373884852,1.5504789352416992,1.5423558950424194,1.5395179986953735,1.544060230255127,1.671548536227053,1.5421968249472031,1.5403875014079675
D800,D800|78|0,78,12.05424101,40.63382032,1.539910547,1.1832616412415038,1.4163891475288,1.5504789352416992,1.5420849323272705,1.539699912071228,1.5442607402801514,1.6718119982144346,1.5403294114977493,1.5372797016075428
D800,D800|78|0,78,12.49491109,41.44143986,1.545442519,1.1951807027654922,1.4271195648213868,1.5509002208709717,1.5429856777191162,1.5474324226379395,1.541311502456665,1.6706069730610018,1.5439657821854302,1.5472578886587403
D800,D800|78|0,78,12.34287108,41.12400254,1.539417335,1.1909775565528644,1.4233614483684254,1.5508559942245483,1.5447444915771484,1.5480663776397705,1.5449345111846924,1.6710595729603535,1.5472178366078726,1.5496259054644985
D800,D800|78|0,78,12.15135285,40.83633259,1.54238931,1.1859966994785172,1.4188327860435928,1.5506551265716553,1.5423558950424194,1.5395179986953735,1.544234275817871,1.6715181293749695,1.542295104484569,1.5404856656426187
S50,S50|78|0,78,12.49223826,40.38198831,1.548807985,1.1923658683949991,1.4244382780183478,1.5511341094970703,1.5469468832015991,1.5493069887161255,1.543922781944275,1.609687726958155,1.5479210616814283,1.5588812077097913
S50,S50|78|0,78,12.24030469,39.98863501,1.540683399,1.1858115616903697,1.4184756848755815,1.5547425746917725,1.547313928604126,1.5489554405212402,1.5458083152770996,1.60361304593884,1.5445160727435758,1.5527002939097072
S50,S50|78|0,78,12.42652867,40.29734075,1.556520847,1.1907265954712922,1.4229326024279507,1.5547425746917725,1.5469468832015991,1.5493069887161255,1.5460692644119263,1.6082181638022868,1.5462848609457407,1.5567603326563677
S50,S50|78|0,78,12.27314004,40.01181649,1.543026865,1.1865772022167413,1.4191931216648723,1.5511341094970703,1.5486894845962524,1.5489554405212402,1.5462161302566528,1.6043858116112844,1.5452972582542281,1.5534856188366488
S50,S50|78|0,78,12.53048853,40.33917955,1.533543839,1.1930070872115224,1.42510120202765,1.5506482124328613,1.5469468832015991,1.5493069887161255,1.5435765981674194,1.6100872054708284,1.5481433500440738,1.5594162591324168
S100,S100|78|0,78,12.25865921,39.96752298,1.544624216,1.186616745375569,1.418823659329567,1.554985761642456,1.546993374824524,1.5417989492416382,1.5451475381851196,1.5567123284782494,1.5419986655819409,1.5277197851088136
S100,S100|78|0,78,12.1069353,39.71081175,1.556176022,1.1825565369389794,1.41514482469306,1.554985761642456,1.5465456247329712,1.5392961502075195,1.545689582824707,1.5538830712008225,1.5369189278554156,1.5217600262048356
S100,S100|78|0,78,12.17682404,39.73601568,1.552243065,1.1841175345151806,1.4166280932640039,1.557138204574585,1.546815276145935,1.542704463005066,1.5467944145202637,1.5551426281336374,1.539779340436862,1.527908425120769
S100,S100|78|0,78,12.50926607,40.37398919,1.550063034,1.1931809897982102,1.424789322243343,1.554635763168335,1.548673391342163,1.5473570823669434,1.5464916229248047,1.5613135208245386,1.5526754472651811,1.5548797362037123
S100,S100|78|0,78,12.27537292,40.03799701,1.562998247,1.1872037681504646,1.4193241988655063,1.554985761642456,1.546993374824524,1.5417989492416382,1.5462833642959595,1.5570435749556786,1.5425426593978138,1.5282587415515365
S200,S200|78|0,78,12.63436875,41.34158829,1.538695512,1.1984215575379806,1.4300048006070176,1.5535058975219727,1.548554539680481,1.5422279834747314,1.5483299493789673,1.5265884163638943,1.5182236331395824,1.5334760825954055
S200,S200|78|0,78,12.36324193,40.79896315,1.535105888,1.1910330203521418,1.4233761647169718,1.5506569147109985,1.54949152469635,1.549027681350708,1.5498046875,1.5253747096086883,1.5542305743624407,1.5491150719317768
S200,S200|78|0,78,12.50537842,41.05447695,1.544362492,1.1948255052719678,1.426798692777001,1.5494468212127686,1.5488147735595703,1.5476608276367188,1.549497365951538,1.5259784798122884,1.55637759417643,1.551514447844657
S200,S200|78|0,78,12.57261036,41.1604256,1.539243373,1.196558739678048,1.4283743417582782,1.5492212772369385,1.548554539680481,1.5422279834747314,1.549497365951538,1.5262443446638285,1.51925173323862,1.5331348048050322
S200,S200|78|0,78,12.38930449,40.81456424,1.542617125,1.1916273572510911,1.4239350893740348,1.5518428087234497,1.54949152469635,1.549027681350708,1.549731731414795,1.5254478391403319,1.5548408823135684,1.5497233711514724
S400,S400|78|0,78,12.15666721,40.53392198,1.545529317,1.1862286787761485,1.4176889355797497,1.5489983558654785,1.545157551765442,1.5396099090576172,1.5433238744735718,1.5241333401316324,1.541098702259815,1.5384332075922893
S400,S400|78|0,78,11.94501637,40.09803121,1.546372452,1.180262261162205,1.4123440108983016,1.5471298694610596,1.5434703826904297,1.542202115058899,1.542203426361084,1.5231630611341074,1.5359330014988832,1.5378468010675221
S400,S400|78|0,78,11.57109024,38.53908744,1.553085785,1.1668680429316751,1.4008872408292776,1.602683424949646,1.5479471683502197,1.5206408500671387,1.555867314338684,1.5187466388828357,1.510912378250585,1.4731992124059974
S400,S400|78|0,78,11.96524314,40.19091849,1.547268342,1.1810057966784115,1.412974861016344,1.5471153259277344,1.5450859069824219,1.5475512742996216,1.5427836179733276,1.5234255051868884,1.5393979736275496,1.5422985057666962
S400,S400|78|0,78,12.2196274,40.61476313,1.552784765,1.1878270303408351,1.419155244277359,1.5470125675201416,1.545157551765442,1.5446891784667969,1.5433894395828247,1.5242609847460404,1.5426926530724971,1.5440188275653202
S600,S600|78|0,78,12.4238157,41.39204697,1.540318569,1.194912776025833,1.4258318664761476,1.5507076978683472,1.5426547527313232,1.5464750528335571,1.5456598997116089,1.5763131046025138,1.54394399016766,1.5482482013496315
S600,S600|78|0,78,12.4650507,41.70560377,1.54364548,1.196793980473621,1.4273578054517404,1.553442120552063,1.542973279953003,1.5464750528335571,1.5442490577697754,1.5764155205773804,1.5442514342082718,1.5475058055398527
S600,S600|78|0,78,12.27792386,41.25007085,1.548861287,1.1913955460583672,1.4225717023993842,1.5491005182266235,1.5426547527313232,1.5455811023712158,1.5453029870986938,1.5759903839026705,1.5411894388876173,1.5448326068461922
S600,S600|78|0,78,12.25954037,41.06231821,1.544459836,1.190393285304744,1.4217776542424678,1.5474337339401245,1.5427833795547485,1.546350359916687,1.5454552173614502,1.5761190108807563,1.5454031762339724,1.5439703153482371
S600,S600|78|0,78,12.35217822,41.34983729,1.556102788,1.1932801237458002,1.4242961165712096,1.5496166944503784,1.5426547527313232,1.5464750528335571,1.5453583002090454,1.5760890407884414,1.54239053693742,1.5467052233447844
S800,S800|78|0,78,12.34541699,41.08206839,1.559235426,1.1928493208505788,1.4230367471829657,1.5500383377075195,1.5417673587799072,1.5481369495391846,1.541114091873169,1.639701143818022,1.541493594979424,1.5463876858889323
S800,S800|78|0,78,12.33527096,41.11211396,1.544798773,1.19273608002187,1.4228992152300182,1.5486360788345337,1.5417673587799072,1.5481369495391846,1.5408228635787964,1.6396201735712579,1.5413446145507783,1.546238232462044
S800,S800|78|0,78,12.35297915,41.15981214,1.559736863,1.1932633071444032,1.4233643555449393,1.5487406253814697,1.5417673587799072,1.5481369495391846,1.5408228635787964,1.6398208454507066,1.541848474214021,1.5467436918302777
S800,S800|78|0,78,12.51011365,41.46353779,1.545674012,1.197525835000589,1.4272037514093758,1.5488662719726562,1.5409823656082153,1.547127604484558,1.5407222509384155,1.6415201329799352,1.5427320129920206,1.5498767018768373
S800,S800|78|0,78,12.44987397,41.31353943,1.527674983,1.1957861664723592,1.4256607376972061,1.5487406253814697,1.5416301488876343,1.5481369495391846,1.5408228635787964,1.640851086239464,1.5443360124918286,1.5492391277980349
D50,D50|78|1,78,41.80182912,75.29843734,1.861633919,1.612549208707071,1.8275791347425276,1.8787184953689575,1.914181113243103,1.9036473035812378,1.8784347772598267,1.7478904397936332,1.8587537889340906,1.827105497514643
D50,D50|78|1,78,43.09485338,76.63720302,1.858298087,1.6243029535759874,1.839267191557464,1.8787184953689575,1.914181113243103,1.9036473035812378,1.8784347772598267,1.758849392869478,1.870641219402649,1.83879052524114
D50,D50|78|1,78,40.61915628,74.24101836,1.866432645,1.6020435000466713,1.8169259019678985,1.8787184953689575,1.8193116188049316,1.83610999584198,1.8523045778274536,1.737965066907451,1.8502041224254588,1.8429001245194698
D50,D50|78|1,78,42.87819861,76.44356885,1.858334491,1.6224411128288718,1.8373743491247005,1.8787184953689575,1.914181113243103,1.9036473035812378,1.8784347772598267,1.7570849457027051,1.8687160890611658,1.8368981733593057
D50,D50|78|1,78,43.27745344,76.78660262,1.842270226,1.625826651084477,1.840835738600676,1.8787184953689575,1.914181113243103,1.9036473035812378,1.8784347772598267,1.7603067538865542,1.8722365225576623,1.8403586657781388
D100,D100|78|1,78,40.25896015,74.52062726,1.841506621,1.603612345964962,1.8179897756584351,1.847334861755371,1.8390958309173584,1.8389309644699097,1.84275484085083,1.815559138757701,1.8403263700276096,1.843806913616853
D100,D100|78|1,78,40.26723448,74.47835349,1.843976596,1.6035423250155656,1.8179879844154503,1.847334861755371,1.8390958309173584,1.8389309644699097,1.8402570486068726,1.8155548118672309,1.8403245567766529,1.8438050969365594
D100,D100|78|1,78,40.80722027,75.04067781,1.851759894,1.6086274918467023,1.8231132044960197,1.8497240543365479,1.8396636247634888,1.8389309644699097,1.84275484085083,1.821578935462053,1.8455127474874893,1.84900309988734
D100,D100|78|1,78,40.70371885,74.75930848,1.838969233,1.6071511900708888,1.8218599863594052,1.8490798473358154,1.8396636247634888,1.8389309644699097,1.8384813070297241,1.820098071110088,1.844244131780686,1.8477320848929224
D100,D100|78|1,78,40.64384112,74.86095474,1.836763694,1.607066438259756,1.8215524810346584,1.8497240543365479,1.8396636247634888,1.8389309644699097,1.84275484085083,1.8197437300279224,1.843932848314941,1.8474202127078674
D200,D200|78|1,78,38.59363793,73.32178253,1.828959327,1.588597296159627,1.8028722898130816,1.8328417539596558,1.8288533687591553,1.8159369230270386,1.8280298709869385,1.8865591778069422,1.8295155987978187,1.8266973643140618
D200,D200|78|1,78,38.51715515,73.24703358,1.829062221,1.5878639250365305,1.8021296111470977,1.8328417539596558,1.8288533687591553,1.8163249492645264,1.8280298709869385,1.8860907357499934,1.8287619446360739,1.825944871101231
D200,D200|78|1,78,38.52539439,73.25898829,1.82885645,1.5879543641947313,1.802215893346509,1.8328417539596558,1.8288533687591553,1.8163249492645264,1.8280298709869385,1.8861472567950521,1.8288495019359523,1.826032293525516
D200,D200|78|1,78,38.79046716,73.56358978,1.842479042,1.5906234968030635,1.8048574419377763,1.8329087495803833,1.8285831212997437,1.817082166671753,1.8277250528335571,1.8878375935516514,1.8314201434094333,1.83013996655774
D200,D200|78|1,78,38.67272077,73.42025204,1.838641851,1.5894161501185904,1.8036728556985357,1.8325072526931763,1.8288533687591553,1.8159369230270386,1.8280298709869385,1.8870754488384118,1.8303279956512062,1.827508509729731
D400,D400|78|1,78,39.13624927,73.67777613,1.836794382,1.591788277136232,1.8076968923637255,1.8309016227722168,1.8264745473861694,1.8244491815567017,1.8284785747528076,1.8260278534394294,1.8299460284594733,1.83176070564198
D400,D400|78|1,78,39.14115564,73.7408515,1.844766925,1.5920043675579696,1.8078360680896093,1.8301383256912231,1.8264745473861694,1.8244491815567017,1.828418493270874,1.8261952192442552,1.8300869171604024,1.8319017340560522
D400,D400|78|1,78,39.00140465,73.60631473,1.850348254,1.590683593097311,1.8064994346709293,1.8301383256912231,1.8264745473861694,1.8244491815567017,1.828418493270874,1.8255466665027063,1.828733832455576,1.8305473075564942
D400,D400|78|1,78,38.76563458,73.37311657,1.834540582,1.5884289018106539,1.8042267785245816,1.8293347358703613,1.8269354104995728,1.823196291923523,1.828418493270874,1.8244336010944198,1.8276905655974287,1.8288610341815765
D400,D400|78|1,78,39.0360203,73.76568976,1.843996508,1.5913775566604351,1.8070301531211312,1.8288278579711914,1.826641321182251,1.8244491815567017,1.8280625343322754,1.8260198373095244,1.8292710829892689,1.831085090857968
D600,D600|78|1,78,36.74879577,72.10342401,1.809627456,1.571324606440825,1.7859415125218754,1.8152244091033936,1.7906596660614014,1.7808529138565063,1.8064757585525513,1.8184450561266094,1.819158511185441,1.8173948408017813
D600,D600|78|1,78,38.14451089,73.37481982,1.819273655,1.5847379454774801,1.7996129756145551,1.8186620473861694,1.8216519355773926,1.8219441175460815,1.8239058256149292,1.8292231080311492,1.8218344825964174,1.8184496190374997
D600,D600|78|1,78,37.83134695,73.13984545,1.815949651,1.5819081990553596,1.7966567912607694,1.8180845975875854,1.8216519355773926,1.817195177078247,1.822843313217163,1.8270955737062926,1.818841795465564,1.8147676981322087
D600,D600|78|1,78,38.16918917,73.56848074,1.821722597,1.5854673451557055,1.8001220450020805,1.816481113433838,1.8208568096160889,1.8219441175460815,1.823222279548645,1.8297309638409687,1.8223498379404806,1.81896401688101
D600,D600|78|1,78,38.39089917,73.78114634,1.816334794,1.5875920065893108,1.8022760739506056,1.8222841024398804,1.8336726427078247,1.836265206336975,1.8340269327163696,1.8313181723939869,1.8253447388127884,1.8266823827742675
D800,D800|78|1,78,37.40930278,72.8133956,1.784705458,1.578941219463185,1.7927348464083022,1.8174593448638916,1.8070961236953735,1.8150362968444824,1.808343529701233,1.7521851214291282,1.8146647644905618,1.811307583930661
D800,D800|78|1,78,37.7965835,73.44642091,1.793779733,1.5834615941959767,1.7969704050162647,1.8174272775650024,1.8236098289489746,1.8252960443496704,1.816662311553955,1.7534803411600068,1.817645848734812,1.8151080369323975
D800,D800|78|1,78,37.70617883,73.42281509,1.822903868,1.582768575347769,1.796181301429318,1.8165611028671265,1.8237649202346802,1.8277149200439453,1.8142244815826416,1.753226676500498,1.8172153125506634,1.8143109685674201
D800,D800|78|1,78,36.83088417,72.54623194,1.802357094,1.5740999377301919,1.7874351126772703,1.8135311603546143,1.8097636699676514,1.8547064065933228,1.800506591796875,1.7504918921123647,1.809207298524821,1.7970076809075448
D800,D800|78|1,78,38.18309086,73.64101687,1.813384683,1.5866770752736878,1.8004759804876938,1.8184839487075806,1.8272455930709839,1.8349084854125977,1.8277870416641235,1.7543247138976426,1.8211917583865693,1.819984015893154
S50,S50|78|1,78,38.3896385,73.08244983,1.831227016,1.5872173408564714,1.8011413773189404,1.8349791765213013,1.8267579078674316,1.8087538480758667,1.8172900676727295,1.8131524719350838,1.8425659147304088,1.8227612369625188
S50,S50|78|1,78,38.31048477,73.035871,1.846071835,1.5865451967755064,1.8004175105703069,1.8345365524291992,1.826565146446228,1.8087538480758667,1.8157060146331787,1.8130630589948595,1.841621075314811,1.8187657147730953
S50,S50|78|1,78,38.17873241,72.82175376,1.828786354,1.5850243406442395,1.7989913769192885,1.8350414037704468,1.826565146446228,1.808539628982544,1.8167212009429932,1.8127273825739256,1.8401623037951433,1.8173250472757354
S50,S50|78|1,78,38.44727704,73.102898,1.827511566,1.5876666669743547,1.8016462526910646,1.8350414037704468,1.8267579078674316,1.8100956678390503,1.8172900676727295,1.8131991693129488,1.8434311930585316,1.8232721725666827
S50,S50|78|1,78,38.63727496,73.32949594,1.819777763,1.5896084806486814,1.8035608278421593,1.8370362520217896,1.839274287223816,1.8292676210403442,1.8276766538619995,1.8135694045376645,1.8458891900664312,1.831029381786403
S100,S100|78|1,78,37.57714743,72.47964168,1.811594519,1.5803942117019494,1.7938450652674858,1.8156709671020508,1.8104453086853027,1.811341404914856,1.8100172281265259,1.7924417218405608,1.8095015802045955,1.811867752953064
S100,S100|78|1,78,37.78434229,72.65007938,1.818458589,1.5823221545664043,1.7958445779987926,1.8182461261749268,1.8101202249526978,1.8060624599456787,1.815934419631958,1.7943996289368602,1.811518544499335,1.813364139871884
S100,S100|78|1,78,37.83849324,72.66481051,1.80407353,1.5827374178212288,1.7963179605273614,1.8182461261749268,1.8101202249526978,1.7895443439483643,1.815934419631958,1.7948510650853173,1.812616415838619,1.813375106021084
S100,S100|78|1,78,37.54606046,72.41726184,1.818628157,1.5799964757747191,1.793485141409676,1.8156709671020508,1.8104453086853027,1.811341404914856,1.8100172281265259,1.7920743036110873,1.8091385149644195,1.8115042129550394
S100,S100|78|1,78,37.64007912,72.57809255,1.809708774,1.5811172360889514,1.7945282678207646,1.8160849809646606,1.8101202249526978,1.8084028959274292,1.812742829322815,1.7931296918455175,1.8101907456869966,1.812557819614332
S200,S200|78|1,78,37.57902402,72.60796306,1.810675917,1.5802301572229405,1.7942777661132172,1.8144766092300415,1.812307357788086,1.803014874458313,1.8107279539108276,1.7858316364530593,1.8127109869295757,1.8104732218571016
S200,S200|78|1,78,37.29278827,72.41434317,1.801129455,1.5776748993562812,1.791572818105347,1.8134759664535522,1.812381625175476,1.8146175146102905,1.809079647064209,1.782104787390111,1.809978250078268,1.808072546026302
S200,S200|78|1,78,37.37806019,72.45970072,1.819134646,1.5784018656458936,1.7923604375765099,1.814067006111145,1.812307357788086,1.8073385953903198,1.8098708391189575,1.7831954753979822,1.8107739610299727,1.8088674191836382
S200,S200|78|1,78,37.41024059,72.49222261,1.808303844,1.5787208080237924,1.7926820541080415,1.814067006111145,1.812307357788086,1.8073385953903198,1.8098708391189575,1.78363359799356,1.8110988816366347,1.8091919976853514
S200,S200|78|1,78,37.60952442,72.76599915,1.815022468,1.5809022588068335,1.7947852611895108,1.813072681427002,1.8116223812103271,1.803014874458313,1.808800458908081,1.7864677052020892,1.8132236956739987,1.8109852976701146
S400,S400|78|1,78,37.19133293,72.34304019,1.799772023,1.5771763455515428,1.7903689369533262,1.8130865097045898,1.7966212034225464,1.77032470703125,1.8061130046844482,1.832446567113353,1.827663025234165,1.8288605731593088
S400,S400|78|1,78,37.03322857,72.24806301,1.807563313,1.5757897233125686,1.7888815224290873,1.809422492980957,1.7974332571029663,1.7769900560379028,1.7995154857635498,1.8307493669006465,1.826408419133458,1.830237132890698
S400,S400|78|1,78,37.00709348,72.19344679,1.803653703,1.5754463458863845,1.7885725433921835,1.8096693754196167,1.7974332571029663,1.7769900560379028,1.79997718334198,1.8303551957567943,1.826092958379204,1.8299210108336832
S400,S400|78|1,78,37.27807115,72.46126363,1.808822638,1.5781279700862303,1.7912892746398417,1.8143442869186401,1.8165943622589111,1.8185863494873047,1.8085548877716064,1.8335676129269134,1.8118807750119559,1.8087426158346398
S400,S400|78|1,78,37.77919632,72.93865365,1.80385226,1.58299556791372,1.7962478380728872,1.818325400352478,1.8165943622589111,1.808401346206665,1.8110077381134033,1.8394174931849012,1.8158862903611785,1.8135432861530676
S600,S600|78|1,78,36.82260877,72.51400859,1.819705197,1.5753299087443244,1.7881746599433137,1.795628309249878,1.8048642873764038,1.84963059425354,1.791872262954712,1.9498609158632434,1.7912365911737902,1.7943569301707074
S600,S600|78|1,78,37.05682746,72.75902479,1.818966939,1.57769553474864,1.7905509794402985,1.801708459854126,1.8046776056289673,1.8463881015777588,1.7971006631851196,1.9503516573191897,1.7966227869632103,1.8015735534571433
S600,S600|78|1,78,37.35307714,73.05534071,1.824045849,1.580631899765502,1.793519684839089,1.8023207187652588,1.8156458139419556,1.8355273008346558,1.808362364768982,1.9509519884488018,1.802172768721994,1.8086266625273253
S600,S600|78|1,78,37.26730323,72.92564275,1.815561419,1.5796562073609337,1.7925918142885051,1.8023773431777954,1.80413019657135,1.8189127445220947,1.803086757659912,1.950722002940074,1.8012404215315525,1.807690976439603
S600,S600|78|1,78,37.63543975,73.48252529,1.81652825,1.5838327760972497,1.7965636786903372,1.805629849433899,1.8169920444488525,1.8231104612350464,1.8091412782669067,1.951706462061637,1.804766920346745,1.8118031655854894
S800,S800|78|1,78,37.67972528,73.38962275,1.817894711,1.5844658716114246,1.7970057944006732,1.8079380989074707,1.8140313625335693,1.8294119834899902,1.810312032699585,1.929601890663189,1.8064725950982568,1.8139503651007582
S800,S800|78|1,78,37.50368715,73.27993074,1.809453289,1.582927428330083,1.7953565316958393,1.807508111000061,1.8140313625335693,1.8336808681488037,1.81019926071167,1.9285575886864075,1.804814643917641,1.8122855509443976
S800,S800|78|1,78,37.21324394,72.93257685,1.801825915,1.57989322474262,1.7923576468347167,1.8063620328903198,1.8145763874053955,1.834744930267334,1.809388518333435,1.926436020479404,1.8017999606404065,1.8095479055902146
S800,S800|78|1,78,37.23287231,72.81978331,1.802967307,1.5797030191268717,1.7923431246451582,1.8081932067871094,1.801548957824707,1.8168870210647583,1.8025035858154297,1.9262590959062384,1.8017853619465458,1.8090255785738725
S800,S800|78|1,78,37.82672199,73.53669984,1.796182709,1.5859065411057334,1.798466845255304,1.8087931871414185,1.8140313625335693,1.823125958442688,1.8109681606292725,1.9306009694490764,1.8076098898561197,1.814461920654836
D50,D50|78|2,78,57.84205205,86.14951661,2.048716118,1.7266778616451413,1.949353473538246,1.9409306049346924,1.9019695520401,2.003330945968628,1.9328094720840454,1.9247054458394477,1.966529918306744,1.9561717657110458
D50,D50|78|2,78,65.72522347,92.56191606,2.027640154,1.776699050952459,2.001901453927,2.0291073322296143,2.023500680923462,2.305264472961426,1.9997026920318604,2.001752195306068,2.014300506539809,2.041626819544704
D50,D50|78|2,78,56.82887988,85.41921799,2.075518832,1.7201473756305259,1.9423736818207373,1.9385044574737549,1.9031062126159668,2.038616180419922,1.9317748546600342,1.912910841526305,1.9658596955368481,1.964001514918966
D50,D50|78|2,78,56.64156049,85.22846855,2.072316368,1.7187713314712898,1.9409910592061446,1.9385044574737549,1.9031062126159668,2.038616180419922,1.9303152561187744,1.9105894197226743,1.964460355081608,1.9626034971559392
D50,D50|78|2,78,56.70405902,85.09500176,2.058495049,1.718668767931915,1.9411609831336603,1.9385044574737549,1.9031062126159668,2.038616180419922,1.9325199127197266,1.9109130890311765,1.9646323336270015,1.9627753131428345
D100,D100|78|2,78,62.88513655,91.34039335,1.970485404,1.7652162673356613,1.991411009126426,1.9933263063430786,1.9937838315963745,1.9489926099777222,1.9965665340423584,2.0682801520950327,1.9835419685865632,1.9817968802086001
D100,D100|78|2,78,63.46522037,91.86180005,1.977013669,1.7689610597733705,1.995344957534934,1.9933747053146362,1.9883159399032593,1.9629411697387695,1.9965665340423584,2.0717666779979584,1.9874603720375679,1.9859531489889501
D100,D100|78|2,78,63.13775834,91.5986819,1.978128464,1.7669364947990391,1.993171537101237,1.9933747053146362,1.9883159399032593,1.9629411697387695,1.9965665340423584,2.0698628741427525,1.9852955398528183,1.9837899585400616
D100,D100|78|2,78,62.91462042,91.44956787,1.972137944,1.7656357627345654,1.991728644630998,1.9933747053146362,1.9937838315963745,1.9489926099777222,1.9965665340423584,2.06862122518958,1.983858348957639,1.9821129822333048
D100,D100|78|2,78,62.49369105,91.11229032,1.962600245,1.7630172808183384,1.9889173443259027,1.9933747053146362,1.9727298021316528,1.95647394657135,1.9706021547317505,2.0661597157999285,1.9794794442823869,1.9787833262467198
D200,D200|78|2,78,61.76836026,91.03872328,1.975250671,1.7593308982334046,1.9846029381545536,1.9799902439117432,1.9795647859573364,1.9592655897140503,1.9807645082473755,1.9597797269100266,1.9779308213907432,1.9712143452945017
D200,D200|78|2,78,61.80171513,91.17477094,1.981161733,1.75984193454869,1.984981961354278,1.980948805809021,1.9794764518737793,1.9592655897140503,1.979689598083496,1.9601882109552662,1.978308570337066,1.9715908115155945
D200,D200|78|2,78,61.81545963,91.06250711,1.964957492,1.7595884737631202,1.9849003377961898,1.9799902439117432,1.9795647859573364,1.9592655897140503,1.9807645082473755,1.9600053541347728,1.978227221192514,1.9715097386090072
D200,D200|78|2,78,61.01469464,89.95900361,1.960153436,1.7532507599674487,1.978827750606282,1.9840130805969238,1.9680075645446777,1.9481242895126343,1.9751688241958618,1.9546846213399307,1.9741785029436543,1.9666874324289452
D200,D200|78|2,78,60.62626998,89.31979625,1.942723807,1.7498636035803183,1.9757116413731521,1.9915657043457031,1.973175287246704,1.939484715461731,1.9848436117172241,1.951864346902603,1.9710136604792456,1.966386336539677
D400,D400|78|2,78,59.2099946,89.24417872,1.959613803,1.7422602068772788,1.9667830624113831,1.959193468093872,1.9615223407745361,1.9610192775726318,1.9551953077316284,1.94542890414829,1.9763848541216327,1.992379634246977
D400,D400|78|2,78,59.28829787,89.13143044,1.961783202,1.7422818519694097,1.9670746156054282,1.958182454109192,1.9615223407745361,1.9610192775726318,1.960001826286316,1.945641159069678,1.9766778306719672,1.992674981841339
D400,D400|78|2,78,60.20900178,89.80505404,1.984038462,1.74804282838035,1.973309691797241,1.9590535163879395,1.96221923828125,1.9528841972351074,1.9631710052490234,1.9525781595139364,1.9600731496858754,1.957532709362932
D400,D400|78|2,78,62.60683294,91.28468334,2.012992775,1.761976136811618,1.988848159446598,1.9704489707946777,1.965129017829895,1.9591940641403198,1.9645404815673828,1.9650458525212393,1.9751599344083595,1.9741616704323397
D400,D400|78|2,78,63.88497378,91.80293357,1.998116771,1.768484424663075,1.9965772774977202,1.9646403789520264,1.9758858680725098,1.9660649299621582,1.9804643392562866,1.9708225456347115,1.9828358568916205,1.9821200401360786
D600,D600|78|2,78,60.30039961,91.12960005,1.951705064,1.7525634078363659,1.9766146469308088,1.9686658382415771,1.9755486249923706,1.9688637256622314,1.9697800874710083,1.9982904412902593,1.9628812575801093,1.9536743364309925
D600,D600|78|2,78,59.84903818,90.51963892,1.947197559,1.7489887136222106,1.9731722223170498,1.9696425199508667,1.9633921384811401,1.9661083221435547,1.9543030261993408,1.9951502350495227,1.958971139948669,1.9513291800734731
D600,D600|78|2,78,59.88643234,90.75783576,1.954218438,1.749800083533263,1.9737217647552476,1.968145489692688,1.9648529291152954,1.9694563150405884,1.9573320150375366,1.9958223282705398,1.960010710177498,1.9518726390697105
D600,D600|78|2,78,60.2614961,91.02920134,1.954750676,1.7521252719392493,1.9762517074285362,1.968076467514038,1.965504765510559,1.9688637256622314,1.9589958190917969,1.997915989190497,1.9625208397577723,1.9533156091533372
D600,D600|78|2,78,61.31766065,91.47800132,1.969541654,1.757751010624997,1.982875447153267,1.9818758964538574,1.9852564334869385,1.9385827779769897,1.9885551929473877,2.0030777137515883,1.9696857190704398,1.965543681862304
D800,D800|78|2,78,57.43556058,89.26355152,1.958691803,1.7359705492064466,1.957834443697938,1.9202061891555786,1.9647963047027588,2.061471700668335,1.9343767166137695,1.8282668271534457,1.9552790341086417,1.9731302586813813
D800,D800|78|2,78,56.61838317,88.45421349,1.939747135,1.73009506596542,1.9517875585861215,1.9213483333587646,1.9701932668685913,2.0652270317077637,1.935501217842102,1.8214273155702707,1.9825452962846448,2.025724186433625
D800,D800|78|2,78,58.83442092,90.14512651,1.935442189,1.7445057674745856,1.9673344945032782,1.94977867603302,1.959886074066162,1.957942008972168,1.9485931396484375,1.8388640011041693,1.9528741799597826,1.9433820334283765
D800,D800|78|2,78,59.10680931,89.87986629,1.972016693,1.7449474518041235,1.9685473663668893,1.953555941581726,1.9599529504776,1.961700439453125,1.9611698389053345,1.840068452673254,1.9550364083694611,1.9557442878091305
D800,D800|78|2,78,60.44033562,90.9606991,1.984965003,1.753566935340858,1.9777657917958835,1.954709768295288,1.9564831256866455,1.9697295427322388,1.951435923576355,1.8504495806004688,1.9587252815631322,1.9551094247885783
S50,S50|78|2,78,59.79155231,89.11906431,1.973547647,1.746487499194952,1.9713247726040521,1.964782476425171,2.0143938064575195,1.9602769613265991,1.999016284942627,1.8851310716419871,2.0233989425987495,1.9979065881243787
S50,S50|78|2,78,61.32378644,90.79153225,1.977099328,1.7575033750360252,1.98244960622282,1.9823012351989746,2.0162646770477295,1.9450043439865112,2.0014567375183105,1.896382045057001,2.014856337727322,1.9658994314651737
S50,S50|78|2,78,61.00716631,90.5551825,1.971799243,1.7555460953372652,1.9803224873962242,1.9822185039520264,2.0163357257843018,1.9446194171905518,2.0014567375183105,1.8942230733424177,2.012694447288638,1.9599124561810843
S50,S50|78|2,78,61.24024459,90.73883646,1.965956881,1.7570143943779697,1.9819028222595592,1.9823012351989746,2.0163357257843018,1.9412556886672974,2.0014567375183105,1.8958263520461116,2.0143006155892733,1.9640185561290424
S50,S50|78|2,78,60.85170401,90.4355744,1.966607202,1.754572350416734,1.9792701165616318,1.9731014966964722,2.0158355236053467,1.9416624307632446,2.002009868621826,1.8931552421466165,2.011624873545597,1.9588709315201434
S100,S100|78|2,78,61.32112618,90.82874292,1.953922335,1.7580777819506184,1.9830799285386822,1.9581314325332642,1.9559001922607422,1.947266697883606,1.959995150566101,1.9389900150521007,1.9605259205170655,1.9655355057504753
S100,S100|78|2,78,61.09197715,90.59728134,1.967330539,1.7564951509772293,1.9814536594365908,1.9595221281051636,1.9547933340072632,1.941546082496643,1.960036277770996,1.9382388205961298,1.9587382751836804,1.9641724691392208
S100,S100|78|2,78,60.90732321,90.5267432,1.959074643,1.7555375026087097,1.9803049989278076,1.9580239057540894,1.9542555809020996,1.9437165260314941,1.9584085941314697,1.9377743247724994,1.9576027829186806,1.961020497230993
S100,S100|78|2,78,61.16622293,90.79371822,1.966565981,1.7573439301337834,1.9821534983022144,1.951720118522644,1.9563740491867065,1.937799334526062,1.9569553136825562,1.9386312191631896,1.9594300910967246,1.9646172716958752
S100,S100|78|2,78,60.35840274,90.08729736,1.955034403,1.7520394880591532,1.9765477404144236,1.9600881338119507,1.9536609649658203,1.9423413276672363,1.9591492414474487,1.9361042059415843,1.9541020719197677,1.9540212532815666
S200,S200|78|2,78,61.52201706,90.86956645,1.969323837,1.7584796168805203,1.9842805306517315,1.9682364463806152,1.9558873176574707,1.946071743965149,1.9601876735687256,1.9862447440601503,1.9628036936723432,1.9683518489618066
S200,S200|78|2,78,61.47596581,90.79701947,1.981766088,1.758090643468517,1.9839182046682957,1.9640790224075317,1.9558873176574707,1.946071743965149,1.9601876735687256,1.985886574718761,1.9624452893199265,1.967992431526416
S200,S200|78|2,78,60.3963229,90.11145392,1.971328348,1.7517294844116487,1.9768159293201055,1.9575928449630737,1.9534224271774292,1.9581570625305176,1.9581689834594727,1.979096129407019,1.9546868810400047,1.9540031285725008
S200,S200|78|2,78,60.91390819,90.61867888,1.955312941,1.7552837096561753,1.980485592161233,1.9572480916976929,1.9537333250045776,1.9531347751617432,1.9553613662719727,1.9826530610515458,1.9583154646157446,1.9614414444544748
S200,S200|78|2,78,60.48841221,90.26613843,1.967573296,1.752541757859505,1.9775621330120245,1.9555115699768066,1.9534224271774292,1.9581570625305176,1.9559550285339355,1.9798357255098726,1.9554247315123445,1.9547407209436143
S400,S400|78|2,78,59.94371709,89.89330789,1.960705784,1.7496336573680664,1.9740682474843056,1.9574944972991943,1.962416648864746,1.9613999128341675,1.9503892660140991,1.9725672149336075,1.9613650459439012,1.9595287872302838
S400,S400|78|2,78,59.94719607,89.83755392,1.957890055,1.7494938275344918,1.9740086903205518,1.958932876586914,1.962416648864746,1.9613999128341675,1.9519506692886353,1.9725070324994316,1.9613058720326793,1.9594696687185453
S400,S400|78|2,78,59.91517898,90.00951665,1.949374428,1.7498351279937425,1.9740694742717846,1.957179307937622,1.9629930257797241,1.9613999128341675,1.9498889446258545,1.9726706979329633,1.9602421057537585,1.950593563888424
S400,S400|78|2,78,59.17225842,89.29911075,1.961315049,1.7447158287621196,1.968748320718228,1.9484096765518188,1.9611326456069946,1.9607595205307007,1.963049054145813,1.9710901529869294,1.9567247590952845,1.9559763228356846
S400,S400|78|2,78,60.01705851,90.04836202,1.956350003,1.7503714602309426,1.9747120314070914,1.957179307937622,1.963086724281311,1.961071491241455,1.9503892660140991,1.9729104406690947,1.9608801620979739,1.9507009392392958
S600,S600|78|2,78,59.08661903,89.94287189,1.952490208,1.7463754571440064,1.9697213709801442,1.9714891910552979,1.9513837099075317,1.960164189338684,1.9682477712631226,1.9956949517563154,1.94585561036467,1.952125717368035
S600,S600|78|2,78,59.27607051,90.25233162,1.945341136,1.7480382576593025,1.9712641621193179,1.9702705144882202,1.9513837099075317,1.960164189338684,1.9671655893325806,1.9960214818374333,1.9467471074067755,1.9486364511290521
S600,S600|78|2,78,59.43775563,90.49997006,1.945316352,1.7494087839286905,1.972554508878341,1.9740041494369507,1.9513837099075317,1.960950493812561,1.9672261476516724,1.9962854182398977,1.9454988683048657,1.9496405092737696
S600,S600|78|2,78,59.83289264,90.890463,1.946777397,1.7521580605513942,1.9753940300307158,1.959621548652649,1.9533835649490356,1.9721028804779053,1.9549447298049927,1.9967471685651053,1.9474216709395258,1.9522112068406903
S600,S600|78|2,78,59.77246651,90.84373745,1.941493302,1.7517741260343707,1.974979009633452,1.959621548652649,1.9518851041793823,1.9721028804779053,1.9501757621765137,1.9966876304688634,1.9470125273948828,1.95180105703853
S800,S800|78|2,78,58.90395434,90.25109536,1.938492808,1.7470181772722118,1.9697184023165788,1.9518779516220093,1.9475220441818237,1.9568021297454834,1.959265112876892,1.953443466113194,1.9491968236223232,1.9432533450142588
S800,S800|78|2,78,58.60910059,90.08468072,1.920010403,1.7452888342626527,1.9677502083003366,1.9444767236709595,1.9465645551681519,1.952810525894165,1.9544460773468018,1.9533640711914493,1.9486466105295415,1.9434456334880066
S800,S800|78|2,78,58.91251983,90.41687572,1.936963931,1.747510289847127,1.9700034845094625,1.9465347528457642,1.9482059478759766,1.9618200063705444,1.9532921314239502,1.9536233632408373,1.949478935676608,1.9435345968542548
S800,S800|78|2,78,58.83475983,90.42397111,1.934103721,1.7471948625189253,1.9695573894089733,1.944516658782959,1.9482059478759766,1.9618200063705444,1.9532921314239502,1.953658708311211,1.9490374882332149,1.9430944954696099
S800,S800|78|2,78,58.8923424,90.43924629,1.956494024,1.7474848130981002,1.9699168330389805,1.946650743484497,1.9482059478759766,1.9618200063705444,1.9532921314239502,1.9536551614606819,1.9493931869874415,1.9434491096294482
D50,D50|78|3,78,93.2557272,114.8523264,2.173824888,1.9218831621469392,2.15584100835581,2.161818742752075,2.188387155532837,2.3020637035369873,2.166964530944824,2.1515923405144135,2.157706801312241,2.220079797252444
D50,D50|78|3,78,93.18667778,114.851147,2.183314693,1.9216981482585265,2.155565425137,2.161818742752075,2.175734043121338,2.3020637035369873,2.1633594036102295,2.15145228925719,2.1574309795873323,2.219796002327786
D50,D50|78|3,78,90.56755094,112.8527124,2.208895721,1.9096858297152959,2.1425960422090924,2.1449759006500244,2.164797306060791,2.281750202178955,2.139871835708618,2.1439982563598177,2.145019442044736,2.1869408366088563
D50,D50|78|3,78,91.85014126,114.1020849,2.207947518,1.9162764984818152,2.1493118623613174,2.161818742752075,2.1766271591186523,2.306696653366089,2.16444730758667,2.1479559709387144,2.151922979389235,2.2383652755961547
D50,D50|78|3,78,92.75049679,114.4737974,2.204059039,1.9196041406913682,2.1533694037682656,2.161818742752075,2.1882166862487793,2.2648282051086426,2.1680541038513184,2.1501751429053972,2.1555138892417887,2.17430085522997
D100,D100|78|3,78,88.2145128,113.3698149,2.110443847,1.9073979687771674,2.142544222838219,2.13916015625,2.162158966064453,2.143496036529541,2.1409590244293213,2.1835500554106684,2.1435497766327596,2.1506553155111243
D100,D100|78|3,78,86.83233848,112.0472017,2.110474752,1.9001829748168235,2.1350144080505804,2.151569128036499,2.139861583709717,2.146369695663452,2.132179021835327,2.1776399280768475,2.1334320973054783,2.1434772381270473
D100,D100|78|3,78,84.6629252,110.329,2.116896351,1.8895901145045186,2.123467719087743,2.1251282691955566,2.1147239208221436,2.100302219390869,2.124302387237549,2.1692816722173984,2.117507733150617,2.102207875008553
D100,D100|78|3,78,84.14177317,109.9525983,2.13463104,1.8871073521231114,2.120708078084159,2.1251282691955566,2.1146352291107178,2.100475311279297,2.123889923095703,2.1673861592023784,2.114177159946706,2.1035727448402475
D100,D100|78|3,78,87.73707822,112.574788,2.11252368,1.904069597558651,2.139535859216826,2.151857852935791,2.162158966064453,2.169610023498535,2.1503350734710693,2.181162300786217,2.1447169967123596,2.1519015719861447
D200,D200|78|3,78,85.84499558,112.0701771,2.117708297,1.8968660365479737,2.1303541611058017,2.132164478302002,2.1253273487091064,2.124074935913086,2.122767686843872,2.1029764873291605,2.1251466252130107,2.1234415511604783
D200,D200|78|3,78,85.61035027,111.9952733,2.109405472,1.8959989518636546,2.1292453809791096,2.130013942718506,2.1258089542388916,2.121331214904785,2.1211607456207275,2.1022745048410805,2.1253973814092593,2.120971674252273
D200,D200|78|3,78,84.89781343,111.4806156,2.100518085,1.892634523449885,2.125509765361185,2.1300504207611084,2.1206209659576416,2.115119218826294,2.1223626136779785,2.0998501182983045,2.1262101090882326,2.1120411977117426
D200,D200|78|3,78,85.50929773,111.8579633,2.117438459,1.8953623063228675,2.128637594920127,2.1328542232513428,2.1258089542388916,2.122576951980591,2.122767686843872,2.101868279922544,2.1286238922378553,2.120366249895539
D200,D200|78|3,78,87.47150688,112.8301747,2.134237176,1.9034197285709482,2.138274623505118,2.1347830295562744,2.127187967300415,2.173346519470215,2.123847723007202,2.108036881201532,2.132098853034227,2.1542750894217564
D400,D400|78|3,78,86.91702431,112.8364854,2.109788548,1.9004508973423444,2.1345687333427903,2.1193625926971436,2.1151697635650635,2.1188435554504395,2.1164839267730713,2.059724838111221,2.1191663712172897,2.130954377505874
D400,D400|78|3,78,86.29114224,112.4396968,2.13076654,1.8976669455940687,2.1314041323791737,2.118530750274658,2.113771677017212,2.084713935852051,2.1164839267730713,2.0574015354466457,2.1078423645976954,2.106516685645873
D400,D400|78|3,78,88.10393752,113.0336476,2.158121598,1.9043071867585033,2.139849007340793,2.1239306926727295,2.1237337589263916,2.135622024536133,2.1274726390838623,2.063044106494787,2.125781565733339,2.1380881218997674
D400,D400|78|3,78,89.38929671,113.9521251,2.149065463,1.9101793794230852,2.146364126719812,2.1374752521514893,2.1568033695220947,2.16613507270813,2.1535301208496094,2.067938684596854,2.124821315226983,2.1251595707963844
D400,D400|78|3,78,89.45628167,113.84504,2.143923119,1.9100986303363183,2.146513498989663,2.1399214267730713,2.1568033695220947,2.16613507270813,2.154514789581299,2.0678988116074235,2.124969188264429,2.1253074673741055
D600,D600|78|3,78,84.83806348,112.7303829,2.124680917,1.8946429160750138,2.126814797743336,2.1125712394714355,2.1061363220214844,2.071967840194702,2.099940776824951,2.100029739328878,2.1142536061440387,2.098383134846901
D600,D600|78|3,78,83.57720885,111.718334,2.099230499,1.8883918769397532,2.120036643925649,2.103412628173828,2.109583616256714,2.1004133224487305,2.099236011505127,2.094427804212567,2.1170691110199544,2.0941740967782363
D600,D600|78|3,78,85.27620143,113.0038412,2.120016659,1.896605471899121,2.129058234706285,2.1125712394714355,2.1111831665039062,2.0936119556427,2.0993192195892334,2.1019160619471284,2.117570833606956,2.113437516388973
D600,D600|78|3,78,83.97799953,111.3912212,2.116318793,1.8887715947443466,2.1214038888453755,2.1148765087127686,2.111154317855835,2.102046489715576,2.10498309135437,2.0958380844430677,2.118036518063248,2.0993626635622182
D600,D600|78|3,78,85.24002554,112.3615861,2.121924309,1.894907171700422,2.1281178803279244,2.1278798580169678,2.1111831665039062,2.104698896408081,2.1076929569244385,2.1014021429784577,2.1168892443610043,2.113508679335876
D800,D800|78|3,78,81.49178126,111.2779493,2.078791987,1.8818400782957565,2.1111498595288816,2.053459882736206,2.118431806564331,2.155517816543579,2.0733513832092285,2.006066884125654,2.1120787686078994,2.1400074481351057
D800,D800|78|3,78,82.90420135,111.6845278,2.120605244,1.88715438535414,2.117997806487198,2.067913770675659,2.105198383331299,2.1025919914245605,2.08048152923584,2.0142658416327177,2.1055072466129223,2.0981884635184396
D800,D800|78|3,78,83.54020648,111.3712609,2.132835138,1.8882840192703392,2.120442291771532,2.121460199356079,2.1038057804107666,2.1013503074645996,2.116396188735962,2.017034114118791,2.1079373159286887,2.0964976663042916
D800,D800|78|3,78,84.83689563,112.9949321,2.088280708,1.8961608637306762,2.1281493139219254,2.118659734725952,2.1048052310943604,2.0869197845458984,2.1100635528564453,2.0266787347829514,2.1122256293264674,2.0969481063233206
D800,D800|78|3,78,83.42736176,112.0622835,2.082623381,1.8896652214401177,2.12079049437359,2.0768871307373047,2.104353904724121,2.1013503074645996,2.0823659896850586,2.017685272777922,2.107746100554294,2.0971096710913795
S50,S50|78|3,78,82.10012523,108.7015661,2.13105359,1.8779611842945634,2.1106449647148464,2.1051371097564697,2.0493035316467285,2.108952283859253,2.0374703407287598,2.027023558299467,2.148090849362055,2.114507658203242
S50,S50|78|3,78,82.01521123,108.6422716,2.125737217,1.877553277814801,2.110188685587512,2.1051371097564697,2.0493035316467285,2.108952283859253,2.0374703407287598,2.026005615983545,2.147626475185172,2.1140505440390145
S50,S50|78|3,78,82.67085657,109.3017531,2.127780473,1.8812056672139317,2.1139563899259146,2.10360050201416,2.048441171646118,2.1085023880004883,2.0333547592163086,2.0345366512304937,2.14943365796969,2.111611877788302
S50,S50|78|3,78,85.70510555,111.3393273,2.115058345,1.8952936671247629,2.129862561082937,2.1175968647003174,2.1344659328460693,2.1171422004699707,2.1391613483428955,2.070246468755038,2.1891437553346327,2.1171309024818648
S50,S50|78|3,78,86.24543728,111.8330319,2.120433061,1.8980907993418525,2.1328148125052904,2.1209042072296143,2.138760566711426,2.1194076538085938,2.138343095779419,2.076786581308098,2.1863535338674627,2.116634511571807
S100,S100|78|3,78,84.34715998,111.2667274,2.10025556,1.8916227653386133,2.124599330841489,2.1006031036376953,2.0977675914764404,2.104011297225952,2.1052517890930176,2.1095288142616133,2.0943993069626914,2.1027133395094344
S100,S100|78|3,78,84.51209153,111.295791,2.092586996,1.8921811587128974,2.1253611596789197,2.099309206008911,2.0977675914764404,2.104351282119751,2.1035423278808594,2.110696975665569,2.0951503068175708,2.1037391788488464
S100,S100|78|3,78,84.53452489,111.3226757,2.097468661,1.8923145129017933,2.1254931536967354,2.099309206008911,2.0977675914764404,2.104351282119751,2.1035423278808594,2.1109072102658533,2.095280424612217,2.103869830049179
S100,S100|78|3,78,84.9250203,111.8034158,2.083759863,1.8946633875508612,2.127802387658671,2.0983259677886963,2.0970630645751953,2.1194305419921875,2.1012375354766846,2.114589967061293,2.094721618597668,2.112309466540435
S100,S100|78|3,78,84.54998502,111.3711937,2.090691433,1.8924815612528147,2.1256213134282174,2.097656488418579,2.0977675914764404,2.104351282119751,2.102346181869507,2.111119359538072,2.0954067626228245,2.103996685970603
S200,S200|78|3,78,84.41617609,111.3092189,2.095038662,1.8914047761192836,2.124797897173761,2.1021530628204346,2.093596935272217,2.105229139328003,2.098675012588501,2.095475548604635,2.094633298425366,2.100921236233211
S200,S200|78|3,78,84.18434169,111.5592884,2.095806206,1.8913458643358638,2.124086928738622,2.0984561443328857,2.0953116416931152,2.105229139328003,2.09647274017334,2.094949729920595,2.0910646832451483,2.1010685392341997
S200,S200|78|3,78,84.73002292,112.2975427,2.102775437,1.8947952969897945,2.127395628486663,2.094395399093628,2.095233678817749,2.0997543334960938,2.0896639823913574,2.098166152969309,2.0891004641294333,2.0988086026377872
S200,S200|78|3,78,84.77921773,112.3735907,2.069632317,1.8951290101833407,2.127704780896993,2.094395399093628,2.095233678817749,2.0905542373657227,2.0896639823913574,2.09846944677896,2.0873035138246983,2.099113600791228
S200,S200|78|3,78,84.76985036,112.3338118,2.102405588,1.895002574200944,2.127614831061908,2.094395399093628,2.095233678817749,2.0997543334960938,2.0896639823913574,2.0983741003465983,2.0893157208478126,2.0990248596632712
S400,S400|78|3,78,84.78685825,111.8798569,2.104027112,1.894321796467589,2.1276426569165143,2.112253427505493,2.0999538898468018,2.0998029708862305,2.099195718765259,2.0240052222028324,2.1018077997424123,2.097883308953181
S400,S400|78|3,78,84.59960936,111.8191424,2.117542431,1.8936201869765354,2.1267443416849363,2.106182813644409,2.1003611087799072,2.0998029708862305,2.0985007286071777,2.0229746311023846,2.101500083330004,2.0984188346464716
S400,S400|78|3,78,84.77157672,111.8947706,2.103087168,1.8943141997035904,2.1275939597555324,2.112253427505493,2.0999538898468018,2.0998029708862305,2.0985007286071777,2.0239578401056346,2.1017596938857053,2.097835292919622
S400,S400|78|3,78,84.04841093,111.342753,2.089959666,1.890802764359159,2.123722757497511,2.0951881408691406,2.100747585296631,2.1015665531158447,2.0959279537200928,2.0193824651522925,2.1028799851115254,2.102046304596184
S400,S400|78|3,78,84.62530152,111.8221507,2.102186006,1.8937032474939295,2.126861105879388,2.1060192584991455,2.1003611087799072,2.0998029708862305,2.0985007286071777,2.02310630666553,2.101615461544282,2.098534043691606
S600,S600|78|3,78,84.68901398,112.9285344,2.087092666,1.8968826575835045,2.1289569114508877,2.1062982082366943,2.0870938301086426,2.0719642639160156,2.0986533164978027,2.053933913031897,2.082453944360772,2.098832628790584
S600,S600|78|3,78,84.65622648,112.8996478,2.08206794,1.8967145473849312,2.128777363432688,2.1071550846099854,2.0870938301086426,2.0719642639160156,2.099794864654541,2.053820799553311,2.082278318223535,2.098655621338246
S600,S600|78|3,78,85.50243782,113.4806587,2.097250237,1.900631623875152,2.1331947674332246,2.1030075550079346,2.091244697570801,2.090104103088379,2.096421003341675,2.0564615673819375,2.0854968566311087,2.1157887986665487
S600,S600|78|3,78,84.94331555,113.1110201,2.113023395,1.8980820775702099,2.1302969857123535,2.0969834327697754,2.086758852005005,2.0825035572052,2.0969607830047607,2.054742116776024,2.0822477698439776,2.1017857586131234
S600,S600|78|3,78,83.83725931,112.3002554,2.105152683,1.8928030201596975,2.1244265083364016,2.0876758098602295,2.090865135192871,2.099391222000122,2.0963897705078125,2.051186429987262,2.077655411316987,2.0972853052518228
S800,S800|78|3,78,83.50481787,112.410255,2.055897074,1.892653935859943,2.124087889841799,2.08854341506958,2.0918078422546387,2.0942041873931885,2.0900626182556152,2.0138376668636417,2.082333141363529,2.0972204293850174
S800,S800|78|3,78,84.31227022,113.4000476,2.081431625,1.8975046179782211,2.1288867588052756,2.0937702655792236,2.0899949073791504,2.0911035537719727,2.0914838314056396,2.0204018460490767,2.0863869756394244,2.1000972257565254
S800,S800|78|3,78,83.78108446,112.9216266,2.075425638,1.894744597574491,2.125945077732124,2.090555191040039,2.0918078422546387,2.0911035537719727,2.090123414993286,2.016372885731074,2.0840191218319415,2.100889609990939
S800,S800|78|3,78,84.19355529,113.2504255,2.073550491,1.8967835667291668,2.1281783529608096,2.089221715927124,2.0899949073791504,2.0911035537719727,2.090702533721924,2.019432539428759,2.0856927119726287,2.0993983998830874
S800,S800|78|3,78,84.73613795,113.8135261,2.050699731,1.8997758303710455,2.1312632092730266,2.0941975116729736,2.089752435684204,2.0911035537719727,2.0905182361602783,2.023657586966308,2.0881311233240045,2.101629669722725
D50,D50|78|3,78,100.0689911,111.4557238,2.296855612,1.9303369159104309,2.1778488603208372,2.1921682357788086,2.1410815715789795,2.3144872188568115,2.1949234008789062,2.1618791638406964,2.2037228307422034,2.2638866075205475
D50,D50|78|3,78,107.9794906,116.2520069,2.28927411,1.9608623205060818,2.212530409234126,2.1726508140563965,2.1496317386627197,2.1806397438049316,2.202932834625244,2.1915160925781585,2.20183478167708,2.192947584642823
D50,D50|78|3,78,115.4546202,120.6923777,2.265432391,1.987978536619132,2.2435602133312305,2.1905643939971924,2.1599113941192627,2.0934033393859863,2.226219654083252,2.220232470437326,2.178265387960713,2.1364403849254927
D50,D50|78|3,78,100.4223739,111.629924,2.309014532,1.9316341963530945,2.1793884491920656,2.1941895484924316,2.1410815715789795,2.3144872188568115,2.1987597942352295,2.163124987430996,2.2052807107251984,2.265487019142384
D50,D50|78|3,78,99.79464236,111.2111022,2.323146548,1.9290421460558163,2.1765119151215604,2.196338176727295,2.142160177230835,2.329007863998413,2.1938111782073975,2.1607886117218404,2.207591643279647,2.2799587921909104
D100,D100|78|4,78,111.1062267,120.3092765,2.172610234,1.9807183222472255,2.239264397500755,2.2028372287750244,2.2152886390686035,2.0609724521636963,2.212623357772827,2.2615689169109494,2.1880911178383977,2.1426889716753963
D100,D100|78|4,78,110.0607718,119.6008657,2.167009878,1.9766944103094424,2.234712444075673,2.2087643146514893,2.228375196456909,2.0379252433776855,2.213731288909912,2.2572719887532355,2.1841749202967526,2.1246361913814558
D100,D100|78|4,78,110.562878,120.0377048,2.155731334,1.9788725225562025,2.2370195122087932,2.2044765949249268,2.2144227027893066,2.0860023498535156,2.212623357772827,2.2594951599599598,2.18842719916396,2.145849840400889
D100,D100|78|4,78,110.3632665,119.8056726,2.160182521,1.977861174782147,2.2360324788642574,2.204272747039795,2.228375196456909,2.0860023498535156,2.2126996517181396,2.2585179266563986,2.1874616060585463,2.1449030335745363
D100,D100|78|4,78,108.7553654,118.9090641,2.171657899,1.9721153511190443,2.2292201194230543,2.2008273601531982,2.2264304161071777,2.153853178024292,2.2135980129241943,2.2521795490120997,2.205257474296638,2.1723530835816396
D200,D200|78|4,78,110.3105114,122.4149451,2.194175268,1.9837058376995007,2.2383432536599486,2.2009029388427734,2.2220075130462646,2.078226327896118,2.2038748264312744,2.1945516278762938,2.194693920802017,2.1415835502194684
D200,D200|78|4,78,104.4463816,118.6634739,2.227146471,1.9612980310602832,2.212654733909297,2.2273919582366943,2.205317258834839,2.1895177364349365,2.2222819328308105,2.1631775104357933,2.2167434171604787,2.202762077607409
D200,D200|78|4,78,104.9127635,118.9809175,2.219782185,1.963161575990451,2.214757943130777,2.223587989807129,2.1999118328094482,2.180426597595215,2.218082904815674,2.165747855490208,2.2139491187157154,2.191206855984596
D200,D200|78|4,78,109.414153,121.7762886,2.209961444,1.9801783960281942,2.234403179594485,2.2109644412994385,2.2215566635131836,2.1309332847595215,2.2114758491516113,2.189711531742347,2.196349693742054,2.1676874525519745
D200,D200|78|4,78,104.7260163,118.9287617,2.223157782,1.9626028740083,2.214007095984586,2.2283201217651367,2.201803684234619,2.192145824432373,2.2216203212738037,2.1648536677763626,2.2145930210573854,2.2080768480293025
D400,D400|78|4,78,108.071224,121.791934,2.208759938,1.9758866579878134,2.2279068381297757,2.2098612785339355,2.2089176177978516,2.2454495429992676,2.220550775527954,2.135965763045519,2.2190172364542105,2.2175915644109967
D400,D400|78|4,78,107.990407,121.7061384,2.215521349,1.9754959167738242,2.227515850773987,2.210632085800171,2.2089176177978516,2.2454495429992676,2.220550775527954,2.1355470577479188,2.2186278091824403,2.217202387338083
D400,D400|78|4,78,108.2948962,121.9994807,2.21109678,1.976893621440141,2.228952571456657,2.2097973823547363,2.2069907188415527,2.222994565963745,2.2191498279571533,2.137053529219566,2.208751296447724,2.199966464036767
D400,D400|78|4,78,111.2664669,123.0449767,2.238669537,1.985960546821611,2.2407001267816415,2.179063081741333,2.195253849029541,2.057992696762085,2.1910626888275146,2.147432200540171,2.168745690544746,2.144178573716723
D400,D400|78|4,78,113.2836502,123.6833308,2.277323367,1.9918251461702603,2.2484604866208167,2.2001051902770996,2.193302869796753,2.0456037521362305,2.2031216621398926,2.154391021338274,2.176919166348968,2.183444134240668
D600,D600|78|4,78,106.642562,122.4708501,2.215719494,1.9748039187952764,2.225199446394591,2.191934823989868,2.2012221813201904,2.1930043697357178,2.1923301219940186,2.1914539846347054,2.1992954449037008,2.2001446890247314
D600,D600|78|4,78,106.5170394,122.6236446,2.228725024,1.9748905941188555,2.224921668712019,2.1935336589813232,2.198615550994873,2.179520606994629,2.194333553314209,2.191338060828318,2.197528842032919,2.1816120446022755
D600,D600|78|4,78,108.0870141,122.9819862,2.259070385,1.9792999021991564,2.23102375346444,2.193868398666382,2.202690362930298,2.2117743492126465,2.2008070945739746,2.1949734158057437,2.2057818738322585,2.2138272591994346
D600,D600|78|4,78,108.5320399,123.940383,2.23342589,1.9826179446379153,2.2337409764055907,2.200401544570923,2.1943624019622803,2.1453254222869873,2.197939395904541,2.1968241703275835,2.1974567665668454,2.2145274831440083
D600,D600|78|4,78,106.2726067,119.6080272,2.171001568,1.9669244218453932,2.220460052002796,2.252094268798828,2.1890249252319336,2.2207202911376953,2.232180118560791,2.1878597294262594,2.195324323130001,2.190828005663105
D800,D800|78|4,78,105.588128,121.9455408,2.175697215,1.971959009041429,2.2220260779259857,2.149132490158081,2.207019805908203,2.222214937210083,2.1667120456695557,2.1410566835624976,2.2198459324674817,2.2062489290529634
D800,D800|78|4,78,109.1789717,123.4808439,2.183416165,1.9837752253411525,2.2368586532328583,2.1975252628326416,2.2162890434265137,2.2022669315338135,2.2154440879821777,2.1592822045145863,2.2218937455296874,2.2379324702233014
D800,D800|78|4,78,105.5155251,121.1163663,2.236248929,1.9697632835014938,2.220778084398825,2.2026784420013428,2.2116880416870117,2.2390499114990234,2.2005956172943115,2.13928630362286,2.218599163411738,2.205009796708786
D800,D800|78|4,78,107.5385663,123.1730283,2.214218214,1.9793743042181275,2.230589267501347,2.211618423461914,2.210937023162842,2.1916120052337646,2.2048802375793457,2.151690343196154,2.2107725511688474,2.202596709812586
D800,D800|78|4,78,107.0186816,122.8760258,2.177187795,1.9774810963760263,2.228353107003159,2.2043910026550293,2.209327459335327,2.1902987957000732,2.2029993534088135,2.1489205753515876,2.210694396387388,2.2051300271222614
S50,S50|78|4,78,104.5457943,116.5295356,2.222032953,1.9568001861203639,2.2116335694678297,2.197117328643799,2.2136552333831787,2.169302225112915,2.242049217224121,2.192940815486167,2.2303461978593995,2.2070654851037275
S50,S50|78|4,78,109.074323,119.3613355,2.214924375,1.9740692617361753,2.231553962881997,2.1904706954956055,2.213679790496826,2.1733431816101074,2.2272915840148926,2.210834104874922,2.2210572682853016,2.1862077261416646
S50,S50|78|4,78,104.870253,116.7348272,2.215731321,1.9580619322631558,2.213084016205198,2.196338176727295,2.206511974334717,2.1481728553771973,2.2357099056243896,2.194244369798274,2.218364904613904,2.1867361635888374
S50,S50|78|4,78,108.181178,118.7799198,2.19161935,1.9706486419493332,2.22764459184122,2.1849477291107178,2.2085633277893066,2.174197196960449,2.2269747257232666,2.2073156699348466,2.240820945934531,2.2117416422452076
S50,S50|78|4,78,104.6472379,116.5132944,2.203313428,1.9569909005476989,2.2119883338106554,2.197737693786621,2.2131497859954834,2.1696152687072754,2.2396233081817627,2.193235334886504,2.2286205526668836,2.2134523382353843
S100,S100|78|4,78,104.2179138,117.5856148,2.14918061,1.9591751917347842,2.2125783362474816,2.0739588737487793,2.1926441192626953,2.2462635040283203,2.1462819576263428,2.2078570922021608,2.1935489832325263,2.238558421804232
S100,S100|78|4,78,105.6808071,118.3694808,2.155837945,1.964486559243565,2.21893518971569,2.091987133026123,2.177942991256714,2.1951427459716797,2.146712064743042,2.2136227798379413,2.17960431927525,2.2058788611771316
S100,S100|78|4,78,106.5454438,118.9509198,2.162778819,1.9678952838965387,2.2228063962009017,2.132032632827759,2.1771907806396484,2.1945526599884033,2.160635232925415,2.2171555483287424,2.1816021350637453,2.184833953526506
S100,S100|78|4,78,104.8689561,117.8266756,2.148500592,1.9612749426997533,2.2152835351710647,2.079633951187134,2.177440643310547,2.200047731399536,2.1454780101776123,2.210290757545738,2.1713379830410195,2.2071513824727793
S100,S100|78|4,78,104.5592227,117.6639664,2.142818588,1.960156507034379,2.213939347430631,2.072601318359375,2.1910998821258545,2.215022325515747,2.146315097808838,2.209072141492859,2.1948757236513807,2.230520519591933
S200,S200|78|4,78,107.1241721,121.1649649,2.206816048,1.9741856439751082,2.2272989201873785,2.1949193477630615,2.184718370437622,2.2105183601379395,2.187321424484253,2.191118533782811,2.182374891302011,2.203608501883858
S200,S200|78|4,78,106.2275979,120.5074267,2.196338291,1.970540716500233,2.223246611086856,2.19801926612854,2.1845436096191406,2.2377095222473145,2.1881847381591797,2.1876909685653594,2.1771965669774906,2.1934773286599722
S200,S200|78|4,78,107.6891721,121.6166172,2.191421843,1.9765627620847415,2.229884526765619,2.194852113723755,2.183875560760498,2.2140963077545166,2.186897039413452,2.1932992741207515,2.182892744360858,2.209855299112743
S200,S200|78|4,78,107.8048841,121.5797967,2.189803313,1.9767303730259125,2.2302589735922633,2.199347496032715,2.184718370437622,2.2140963077545166,2.1890041828155518,2.1936342426505564,2.183259300230106,2.21022638259001
S200,S200|78|4,78,105.9121118,120.17532,2.18060903,1.9690034223863044,2.221694057291306,2.192641496658325,2.183945894241333,2.2540693283081055,2.189215660095215,2.1863928189973834,2.1799063006034887,2.198532165343756
S400,S400|78|4,78,106.5951117,121.3443279,2.226271571,1.9738228720182651,2.22634526826536,2.207387924194336,2.194023609161377,2.1892900466918945,2.1848225593566895,2.1244112596251927,2.1861765558046953,2.1793127541670603
S400,S400|78|4,78,106.317348,121.0919878,2.213920664,1.9725734947546538,2.225027549142777,2.1749496459960938,2.194023609161377,2.2097198963165283,2.178313732147217,2.1233250839147293,2.1920638263505308,2.18753704042044
S400,S400|78|4,78,106.6404356,121.2382819,2.188920086,1.973664312356901,2.226384409776876,2.2040481567382812,2.1940979957580566,2.2130234241485596,2.185832977294922,2.124378552675698,2.185845280962303,2.202960631283296
S400,S400|78|4,78,106.4504411,121.0948188,2.195478145,1.9728817331379203,2.2255182577265744,2.205599784851074,2.194023609161377,2.2097198963165283,2.1845788955688477,2.123677406127701,2.192547265099969,2.1880194808304583
S400,S400|78|4,78,106.5716144,121.201301,2.199391193,1.9734178532399143,2.2260886856669795,2.2040481567382812,2.194023609161377,2.1892900466918945,2.185832977294922,2.124146048531028,2.185924602583781,2.179061591987897
S600,S600|78|4,78,107.3017463,122.8333931,2.189764122,1.9792941982267933,2.2310750502506975,2.205650806427002,2.193955898284912,2.2067673206329346,2.205508232116699,2.1104471408468712,2.1852447814583007,2.2188290966817363
S600,S600|78|4,78,107.2291797,122.7786633,2.174324856,1.9789975836551759,2.230746517430149,2.205650806427002,2.193955898284912,2.2067673206329346,2.205508232116699,2.1102443353834692,2.1849229972890227,2.2185023671163786
S600,S600|78|4,78,107.0749651,122.7638662,2.171721222,1.9786142250189414,2.2301676150385967,2.2039544582366943,2.193955898284912,2.2067673206329346,2.2051186561584473,2.109970358648774,2.1843559865871773,2.2179266422117547
S600,S600|78|4,78,106.0920196,121.9879078,2.179246712,1.9744936203393058,2.225656604321451,2.2099952697753906,2.196383237838745,2.2091550827026367,2.2086751461029053,2.1071575491313377,2.176586529187681,2.192739146412266
S600,S600|78|4,78,107.8174974,123.2305812,2.180835264,1.981418037986636,2.233415119424449,2.21171236038208,2.196146011352539,2.2220873832702637,2.208944082260132,2.111898397913715,2.189501660892055,2.220140068955758
S800,S800|78|4,78,106.590073,122.9781362,2.170123198,1.978591244368649,2.2299389249038293,2.2011635303497314,2.178001880645752,2.214042901992798,2.187566041946411,2.142278786261461,2.187978546080633,2.2200412975512407
S800,S800|78|4,78,106.4658139,123.0293886,2.144811587,1.978433955110267,2.229543288636989,2.148792028427124,2.178001880645752,2.214042901992798,2.1564254760742188,2.1418060690676732,2.1875903544336643,2.2196474173236767
S800,S800|78|4,78,106.5198343,122.998071,2.141743393,1.9784804325673546,2.229704705517364,2.1462764739990234,2.178001880645752,2.214042901992798,2.1572136878967285,2.1420003572224995,2.1877487339602477,2.219808117752084
S800,S800|78|4,78,106.472866,123.1292019,2.131005724,1.9786924586535726,2.2296866524769956,2.142097234725952,2.178001880645752,2.214042901992798,2.15600323677063,2.1419611515270214,2.187731020620848,2.2197901448404873
S800,S800|78|4,78,106.1790966,122.9291672,2.147763194,1.9775384001176348,2.2283714389191336,2.142097234725952,2.177589178085327,2.228585720062256,2.156996011734009,2.1404405428487387,2.1864405552112443,2.218480768883619
D50,D50|91|0,91,14.45125531,10.98763091,1.474887956,1.0446346931934554,1.3439475909022964,1.5072176456451416,1.5268014669418335,1.4737259149551392,1.5201812982559204,1.4767003325221948,1.4241763119426112,1.399721699177856
D50,D50|91|0,91,14.43416194,10.95803882,1.486720847,1.0440520798340904,1.3434391708899869,1.5072176456451416,1.5268014669418335,1.4737259149551392,1.5201812982559204,1.4764692240831938,1.4236375411282205,1.3991921796278801
D50,D50|91|0,91,14.48942333,11.03748449,1.47655687,1.0457335954519962,1.3449517795670247,1.5185587406158447,1.5270382165908813,1.4737259149551392,1.5227247476577759,1.4771851099677884,1.4252404469719147,1.4007675618838153
D50,D50|91|0,91,14.74965467,11.13758016,1.470630924,1.0502450642199697,1.3498598590684951,1.5185587406158447,1.5270382165908813,1.4737259149551392,1.523159384727478,1.4800186721434598,1.4304415207417873,1.4058793277190336
D50,D50|91|0,91,14.68579416,11.11953922,1.469018895,1.0492234923270802,1.348712599626745,1.5185587406158447,1.5270382165908813,1.4737259149551392,1.523159384727478,1.4793393716216683,1.4292257741370435,1.4046844567686523
D100,D100|91|0,91,11.9909405,10.06598327,1.51890701,1.0009023811924802,1.2918978096438454,1.471817970275879,1.466111183166504,1.466795802116394,1.47065269947052,1.4863313571601873,1.471931696918694,1.4652010090771983
D100,D100|91|0,91,11.81322174,10.00137868,1.499253844,0.997331685507107,1.2879941951167806,1.4693820476531982,1.4631656408309937,1.447939157485962,1.4694112539291382,1.484963383420876,1.466558698912205,1.4476057670966975
D100,D100|91|0,91,11.94846596,10.05729889,1.505115183,1.0001375738826501,1.2910250287554599,1.471299171447754,1.466111183166504,1.466795802116394,1.4696341753005981,1.486059173880327,1.4709372886578476,1.4642111479373932
D100,D100|91|0,91,11.66834272,9.942262609,1.498529419,0.9943079120395867,1.284726413054461,1.4696398973464966,1.4631656408309937,1.4427738189697266,1.4693056344985962,1.4837856286471978,1.4640183695824882,1.4383528114256514
D100,D100|91|0,91,11.70811206,9.977901539,1.487426062,0.9953844174598748,1.285789003593247,1.4682648181915283,1.4632692337036133,1.443618655204773,1.469926118850708,1.4842645808727688,1.4618680184443122,1.4421655118650467
D200,D200|91|0,91,11.9199762,9.254541897,1.496959188,0.9888466085383115,1.2844268371665266,1.4867231845855713,1.4863104820251465,1.4785442352294922,1.4878267049789429,1.4810562919189507,1.4855311770447368,1.478274875136225
D200,D200|91|0,91,12.19013944,9.361828398,1.512561412,0.9943566064531126,1.2904200238082901,1.4829033613204956,1.487388014793396,1.4790527820587158,1.4877756834030151,1.4878610753700454,1.4828435774016169,1.4781102266320278
D200,D200|91|0,91,11.99611066,9.288555133,1.49550738,0.9904601715117243,1.2861594457786618,1.4875966310501099,1.488629698753357,1.4779411554336548,1.4874072074890137,1.4830217271265804,1.4882624226835495,1.4778861926043136
D200,D200|91|0,91,12.06559299,9.302929706,1.499524673,0.9917006111118223,1.2875843745785964,1.484930157661438,1.488998293876648,1.4759957790374756,1.4850358963012695,1.4846463288915335,1.4868819417546362,1.4765190816155882
D200,D200|91|0,91,11.75328553,9.189784155,1.507948275,0.9854181602817872,1.2806934772074359,1.4864675998687744,1.4849931001663208,1.4639002084732056,1.4870883226394653,1.476816082348277,1.4770560608425332,1.4794784846109164
D400,D400|91|0,91,11.80803767,9.243555316,1.480943664,0.9859597868471456,1.283825992043057,1.4841119050979614,1.4821876287460327,1.4665549993515015,1.478745460510254,1.473139111716271,1.4828642850985625,1.466151422868133
D400,D400|91|0,91,11.67381519,9.185407426,1.488196875,0.9831010697677279,1.2807554879547913,1.48468017578125,1.4799251556396484,1.4698638916015625,1.478745460510254,1.4697497979650516,1.4891167682437583,1.4885866703950832
D400,D400|91|0,91,12.06185283,9.314152918,1.495449395,0.9907687602185367,1.2892141342830876,1.4938713312149048,1.4965002536773682,1.48203706741333,1.4863005876541138,1.479060509957571,1.4958810212353406,1.4842966089228502
D400,D400|91|0,91,13.13166677,9.701338467,1.489649011,1.0113663997496085,1.311843923484592,1.4879573583602905,1.4978883266448975,1.4789358377456665,1.4855327606201172,1.503681268471554,1.4898431432293588,1.4817549636741068
D400,D400|91|0,91,12.56996702,9.495012515,1.488574134,1.0006817729231716,1.300107465109483,1.4886409044265747,1.497877836227417,1.4862895011901855,1.4857394695281982,1.4909109478294096,1.4907486404814836,1.4916954431577265
D600,D600|91|0,91,11.45788332,9.136268555,1.454631794,0.9794030045013558,1.2756797451818551,1.4698280096054077,1.4772653579711914,1.4756767749786377,1.4705406427383423,1.439331928122292,1.4731224993788143,1.4389594798319052
D600,D600|91|0,91,11.74233214,9.247406686,1.449676887,0.98535270380333,1.2821445669756544,1.4691425561904907,1.4772700071334839,1.4767049551010132,1.46942138671875,1.4462846622977612,1.4823414850027912,1.4860089658154099
D600,D600|91|0,91,11.50777114,9.157866319,1.464974381,0.9804831253485979,1.2768407635071541,1.4701582193374634,1.4772653579711914,1.4756767749786377,1.4691969156265259,1.4405037022895442,1.4744632137890328,1.4402691018838014
D600,D600|91|0,91,11.36555555,9.100845153,1.454164751,0.9774559082686733,1.273562559094473,1.4691730737686157,1.4772653579711914,1.4756767749786377,1.469826102256775,1.4371769517382327,1.4706776267746406,1.4365713059955538
D600,D600|91|0,91,12.51796747,9.504129818,1.463072572,1.0004063294467154,1.2988137450875816,1.4734418392181396,1.4815711975097656,1.4967728853225708,1.4767512083053589,1.4667555211582444,1.480752626010227,1.5006215806050602
D800,D800|91|0,91,11.84629207,9.235556092,1.471779432,0.9874210921143487,1.282964881885485,1.4778735637664795,1.4711461067199707,1.4781742095947266,1.4764152765274048,1.578879601592978,1.4776581270444018,1.491750600207002
D800,D800|91|0,91,11.92008381,9.267589586,1.476235518,0.9889796312201841,1.2846455360193447,1.473050594329834,1.4726767539978027,1.4868950843811035,1.4741196632385254,1.579616317592159,1.4787668597168364,1.4848282074774717
D800,D800|91|0,91,11.12670775,8.943988959,1.473976524,0.9721051645309999,1.266361616858082,1.4754445552825928,1.4714235067367554,1.474746584892273,1.4761934280395508,1.568689975479359,1.4332524481927758,1.3953049620316351
D800,D800|91|0,91,12.25861471,9.402984696,1.46374932,0.9958813165839906,1.2921592512231563,1.4744114875793457,1.4770323038101196,1.4790775775909424,1.4747037887573242,1.5827594310322104,1.4776978992009016,1.476912770642804
D800,D800|91|0,91,12.21718716,9.460677471,1.457317453,0.9960420534615869,1.2919065983564229,1.4633586406707764,1.468845248222351,1.4790775775909424,1.4627575874328613,1.5836793970169887,1.4777653412152263,1.4769911466802168
S50,S50|91|0,91,12.4467888,10.27271851,1.464285745,1.0104777394867483,1.3025109904028878,1.467743158340454,1.466942310333252,1.477340817451477,1.468584656715393,1.485898959744637,1.4372643702959618,1.4719353892039893
S50,S50|91|0,91,12.10424174,10.13379331,1.46329805,1.0035831996536593,1.2950310384871853,1.4705085754394531,1.464603066444397,1.48123037815094,1.4693951606750488,1.4807632592233626,1.4562917818589862,1.4868197559563199
S50,S50|91|0,91,12.23165114,10.1920868,1.456338684,1.0062478623539668,1.297885391211588,1.4705085754394531,1.4678353071212769,1.4770056009292603,1.4685152769088745,1.4827475200516196,1.432897463041603,1.4674793933744872
S50,S50|91|0,91,12.25266429,10.21346477,1.474668071,1.0068320971663884,1.2984512289970918,1.4688589572906494,1.4669969081878662,1.4770056009292603,1.4657962322235107,1.4831824203261832,1.433522161903946,1.4681191688861326
S50,S50|91|0,91,12.23885748,10.2200874,1.471097952,1.0067060814030364,1.2982501041291938,1.4680742025375366,1.4669969081878662,1.4770056009292603,1.465330958366394,1.4830884313394121,1.4333001150923268,1.467891763137417
S100,S100|91|0,91,11.8486066,10.11588414,1.442874313,0.999763616333632,1.2899097101796466,1.4954053163528442,1.482898235321045,1.4750665426254272,1.478389859199524,1.4846794531850864,1.4851168135260622,1.4708438007438955
S100,S100|91|0,91,12.04767487,10.18930121,1.45146606,1.0037630746647963,1.2942808939602493,1.493904948234558,1.4826059341430664,1.4800372123718262,1.4799555540084839,1.4869024448765986,1.492665672026438,1.47929996570173
S100,S100|91|0,91,11.91076695,10.12110435,1.454374894,1.0007978051448532,1.2911335807925564,1.493769645690918,1.482898235321045,1.4750665426254272,1.4795663356781006,1.485252610567529,1.4865258972863198,1.472239342222268
S100,S100|91|0,91,11.68479722,10.03683058,1.456256666,0.9961999250288459,1.2861178804287698,1.4949142932891846,1.4824516773223877,1.4701271057128906,1.4790563583374023,1.4826967440700434,1.4814381656521105,1.4717681432891148
S100,S100|91|0,91,11.73651724,10.05253784,1.452714446,0.9972138446288737,1.287242178113472,1.4949142932891846,1.4824516773223877,1.4701271057128906,1.4790563583374023,1.483259853293478,1.4750127702365692,1.4671493156353712
S200,S200|91|0,91,11.89917199,9.29573003,1.470202477,0.9895342743675205,1.2844815893267927,1.4826691150665283,1.485878348350525,1.4697554111480713,1.4815393686294556,1.4270712992521366,1.4773309594147084,1.4717168893579031
S200,S200|91|0,91,11.99145831,9.288283819,1.483981407,0.9908335698099215,1.2861490209952253,1.487317442893982,1.48917818069458,1.4867323637008667,1.4864187240600586,1.4285041801235916,1.481529844289002,1.4854711116284347
S200,S200|91|0,91,12.02353834,9.325646578,1.481539669,0.9918225864568108,1.2870845829717485,1.478620171546936,1.487236738204956,1.4815361499786377,1.4821193218231201,1.4292893877245512,1.4819052686139664,1.481249344938405
S200,S200|91|0,91,12.11787405,9.366731983,1.480093475,0.9937930469109919,1.2892103335219218,1.4859853982925415,1.4863895177841187,1.4777628183364868,1.4836618900299072,1.4310926280344585,1.4878832565576379,1.4795222853721215
S200,S200|91|0,91,11.97104068,9.305532834,1.481454481,0.9907580791530024,1.2859211192872495,1.478620171546936,1.487236738204956,1.4867323637008667,1.4816555976867676,1.4283011035703825,1.4812673216913723,1.485207890650179
S400,S400|91|0,91,12.13485218,9.373470776,1.485518466,0.9944291434005118,1.2885683516287711,1.4776087999343872,1.4722129106521606,1.4707478284835815,1.4705381393432617,1.410914340158053,1.4723373228082044,1.4711629795741181
S400,S400|91|0,91,12.09969578,9.374084697,1.497415762,0.9939116508425799,1.2879195687601588,1.4761266708374023,1.4719730615615845,1.4707478284835815,1.4679245948791504,1.4100931772868122,1.4731342507491056,1.470870114687377
S400,S400|91|0,91,12.17083975,9.399815155,1.487051311,0.9953207514723044,1.289471695221862,1.4763908386230469,1.4722129106521606,1.475600004196167,1.4686297178268433,1.411847553536178,1.473369496604609,1.4760128142171418
S400,S400|91|0,91,12.16320076,9.402759794,1.496107801,0.9952465949852672,1.289356237629131,1.4751737117767334,1.4722129106521606,1.4707478284835815,1.4662020206451416,1.4116795427114488,1.473237573045595,1.4720625117676482
S400,S400|91|0,91,12.23760984,9.423949351,1.476622947,0.9966371543330688,1.2909223738830244,1.4763648509979248,1.471484661102295,1.4736191034317017,1.4686297178268433,1.4134869412102253,1.4725712879255917,1.4699708557354267
S600,S600|91|0,91,11.82755155,9.279673659,1.466414868,0.988690146216059,1.2828027945534892,1.4622548818588257,1.4610949754714966,1.4753855466842651,1.4681321382522583,1.438564564912428,1.462215942844883,1.4694074061984534
S600,S600|91|0,91,12.00468096,9.352083634,1.459969508,0.992361487537115,1.2867916408930087,1.4600163698196411,1.463713526725769,1.4824281930923462,1.4662333726882935,1.4393888433977857,1.4700863343276114,1.4827614177854804
S600,S600|91|0,91,12.10257317,9.403944254,1.450253824,0.9945318671188866,1.2890836097286165,1.460439920425415,1.4634510278701782,1.475930094718933,1.4664819240570068,1.4398161411543364,1.4655546325714601,1.4733108558964543
S600,S600|91|0,91,12.09589629,9.395959605,1.462794051,0.9943244666228679,1.2888880947773458,1.4610694646835327,1.463713526725769,1.4762076139450073,1.4663119316101074,1.4397038984354529,1.4672431117997418,1.4756937206746294
S600,S600|91|0,91,12.11832918,9.408649383,1.466989729,0.994831048990231,1.2894188578326384,1.4606432914733887,1.4634510278701782,1.475930094718933,1.466751217842102,1.4398168518896524,1.4665526160276343,1.473694015427261
S800,S800|91|0,91,12.05491263,9.356454164,1.470174519,0.9935910807437419,1.2872362962068373,1.4681941270828247,1.4652987718582153,1.482002854347229,1.4731895923614502,1.5167030815271918,1.4673482353661818,1.4818037351119766
S800,S800|91|0,91,12.21457966,9.445407222,1.467155176,0.997173505915399,1.291002670418668,1.4628736972808838,1.4633467197418213,1.4749170541763306,1.4650964736938477,1.5168606694847646,1.4609091158225112,1.4741623261245986
S800,S800|91|0,91,12.10342149,9.395252593,1.4584823,0.9948417254950457,1.2884893022809178,1.4631884098052979,1.4629905223846436,1.4797332286834717,1.4648468494415283,1.5169433599373574,1.4694660737634997,1.480630174882265
S800,S800|91|0,91,12.10340635,9.390460233,1.454521861,0.9947769776368708,1.2884463100879515,1.4624301195144653,1.4629905223846436,1.4797332286834717,1.4648468494415283,1.5168650489829074,1.4694170430351197,1.4805807716485109
S800,S800|91|0,91,11.53485993,9.173568454,1.463400253,0.9831270472770018,1.275685263665052,1.4596326351165771,1.4593433141708374,1.469307780265808,1.4588905572891235,1.5180157459873698,1.4542570026374337,1.4568290223175007
D50,D50|91|1,91,37.13098036,16.88828245,1.729470914,1.28354033481342,1.6250709937763965,1.6717805862426758,1.6671792268753052,1.6934735774993896,1.68019700050354,1.6248032074297867,1.6826774060671275,1.6629571226920477
D50,D50|91|1,91,43.50862996,18.43440135,1.689766162,1.3277450595867133,1.6794321686454556,1.7107311487197876,1.735867977142334,1.6995375156402588,1.7245434522628784,1.6520858777625091,1.6751312880270115,1.6429466066453855
D50,D50|91|1,91,37.81700669,17.08953678,1.714578735,1.2889443622471533,1.6314418029154032,1.6717805862426758,1.666137456893921,1.6465551853179932,1.6777849197387695,1.6287051922058553,1.6889058948063602,1.6672696590239349
D50,D50|91|1,91,44.09528109,18.57908239,1.702565187,1.3315865012084724,1.684153524207757,1.709142804145813,1.735867977142334,1.6995375156402588,1.7237904071807861,1.6528285026750447,1.6798405526058187,1.6475653910444634
D50,D50|91|1,91,42.56120581,18.158387,1.698018472,1.3210031636608566,1.6714572755195671,1.697954773902893,1.735867977142334,1.6995375156402588,1.7215800285339355,1.6506063511589208,1.6671768179130908,1.6351449675889502
D100,D100|91|1,91,37.76062547,17.28030531,1.668958873,1.2928323453899548,1.6348736208963517,1.6529474258422852,1.6657780408859253,1.6651322841644287,1.6555064916610718,1.6870289390939053,1.6979161554438984,1.689482588611708
D100,D100|91|1,91,38.09269911,17.34055137,1.671957444,1.295011866142255,1.6377458199057429,1.6694087982177734,1.6646637916564941,1.657811164855957,1.6751089096069336,1.689127821703118,1.7014563089306445,1.6938894095728598
D100,D100|91|1,91,38.86323255,17.52827488,1.674909848,1.3005331722309765,1.644634069588503,1.671807050704956,1.6746690273284912,1.6641603708267212,1.6742404699325562,1.694075096466033,1.6724684836089958,1.6658233731026242
D100,D100|91|1,91,39.63302247,17.72342939,1.670677177,1.3060494374553167,1.6514651755230945,1.6784918308258057,1.6747442483901978,1.6606897115707397,1.6763995885849,1.698960386557077,1.6743457995348072,1.662572580375367
D100,D100|91|1,91,39.71182205,17.7403664,1.665343864,1.30657663560475,1.6521406908003138,1.6801369190216064,1.6747442483901978,1.6606897115707397,1.6776626110076904,1.6994477644935195,1.6750306739019434,1.6632526390252105
D200,D200|91|1,91,40.47780963,17.87791951,1.682406209,1.3109917834189628,1.6589341457586457,1.6813273429870605,1.6683385372161865,1.673570990562439,1.673814296722412,1.7136888744006276,1.6684705458832878,1.6694449111815772
D200,D200|91|1,91,40.84418887,17.97390667,1.685021577,1.3135835007619703,1.6621196113325314,1.6813273429870605,1.664434552192688,1.672458291053772,1.673814296722412,1.7144836625689814,1.6704456563912353,1.6708068657899173
D200,D200|91|1,91,40.77509727,17.94448033,1.682213246,1.31297398088116,1.6614524863767557,1.6813273429870605,1.6683385372161865,1.673570990562439,1.673814296722412,1.7142878172338827,1.6710033632085328,1.6719792076395013
D200,D200|91|1,91,40.88689694,17.97078124,1.687370265,1.3137302459423081,1.6624037699028538,1.685524582862854,1.664434552192688,1.672458291053772,1.67770254611969,1.7145174304144317,1.670731238395253,1.6710925095468592
D200,D200|91|1,91,40.65842693,17.9127926,1.677856605,1.3121373176336506,1.6604322823330917,1.6813273429870605,1.6683385372161865,1.673570990562439,1.673814296722412,1.7140303109438437,1.6699772945113538,1.6709525397314253
D400,D400|91|1,91,40.08965428,17.71064895,1.664712711,1.3065356578789866,1.6558144403451425,1.689535140991211,1.6685277223587036,1.6639381647109985,1.6747289896011353,1.6035229823861772,1.6675408941586982,1.6624391919424115
D400,D400|91|1,91,40.82575884,17.93000025,1.68152969,1.312052884296415,1.6623798007475747,1.6925642490386963,1.6784839630126953,1.680654525756836,1.6812629699707031,1.60230970018861,1.6741527503481297,1.6798741486096032
D400,D400|91|1,91,40.38615371,17.84005791,1.66376522,1.309210734172103,1.658715726802895,1.6847894191741943,1.6693651676177979,1.6650091409683228,1.6747207641601562,1.603306712415276,1.6704627274849992,1.6700799138349764
D400,D400|91|1,91,38.84155316,17.4890263,1.676002275,1.2986487609964434,1.6453978198078791,1.6796818971633911,1.668525218963623,1.6558482646942139,1.6699494123458862,1.6067195110679326,1.6642836091643947,1.6645519378570095
D400,D400|91|1,91,39.5393586,17.75365014,1.661059428,1.3046061778262248,1.6520987430416616,1.6718566417694092,1.6624640226364136,1.6627328395843506,1.6720465421676636,1.6058589459053942,1.6637988823408896,1.6598060089206004
D600,D600|91|1,91,39.43085764,17.85322776,1.657446277,1.3055385588597241,1.6522611656686683,1.6706554889678955,1.6493149995803833,1.6657485961914062,1.6699763536453247,1.674751636194614,1.6595214880997216,1.664587227841027
D600,D600|91|1,91,39.20351148,17.80473643,1.662346504,1.3040121643323883,1.6503069001287878,1.669587254524231,1.6493149995803833,1.6657485961914062,1.6698064804077148,1.6740286145191687,1.6575586351777551,1.6626183832509052
D600,D600|91|1,91,39.54934525,17.90687835,1.663387642,1.3066354696425126,1.6534457017314292,1.6692649126052856,1.6493149995803833,1.667131781578064,1.6698869466781616,1.6752087868540513,1.6586755175487902,1.6629828768770525
D600,D600|91|1,91,38.74787513,17.72870134,1.662600791,1.3011596232349003,1.6464924830141066,1.6645026206970215,1.6469181776046753,1.6603301763534546,1.66908860206604,1.6726305049708197,1.6537274568520046,1.654215990800691
D600,D600|91|1,91,37.00458455,17.42344142,1.643923459,1.28982918170527,1.631503367504133,1.6373789310455322,1.6499054431915283,1.6954779624938965,1.6412463188171387,1.6671099600174453,1.6429699355018201,1.6429269531328479
D800,D800|91|1,91,37.56061632,17.48314288,1.6463813,1.2936901763152904,1.6357527471307367,1.6330840587615967,1.646587610244751,1.6637895107269287,1.640173316001892,1.6373195691995384,1.6425224553018825,1.6507708251391224
D800,D800|91|1,91,37.84158251,17.52593924,1.645158439,1.2954535077732694,1.6381433211563694,1.6347650289535522,1.6446417570114136,1.6410439014434814,1.6322492361068726,1.6375715367466566,1.6443691034580084,1.6492003777010542
D800,D800|91|1,91,37.25579518,17.38532263,1.645998258,1.2912084454740964,1.6328323854795066,1.6340378522872925,1.6473944187164307,1.6656309366226196,1.6404744386672974,1.636984166012897,1.6398115177957822,1.6478236512333093
D800,D800|91|1,91,38.06264627,17.61116008,1.660498838,1.2973890747696062,1.6403263195157973,1.6338107585906982,1.644139289855957,1.6491011381149292,1.630474328994751,1.6378285214154293,1.6428093135483248,1.646029305888349
D800,D800|91|1,91,38.62324072,17.73671707,1.666612787,1.301289372521749,1.64527844972434,1.6592968702316284,1.6481711864471436,1.6577262878417969,1.6609759330749512,1.6383701663528978,1.650620902213721,1.655042904997435
S50,S50|91|1,91,39.10169245,17.64732989,1.678825145,1.3029738132214785,1.647736111412359,1.6809073686599731,1.6705191135406494,1.6646329164505005,1.66289222240448,1.688436847519064,1.6783989100478316,1.6625911790109145
S50,S50|91|1,91,39.43187072,17.76283284,1.665647429,1.3056811849431067,1.6508573674625195,1.6849310398101807,1.6657161712646484,1.6602466106414795,1.6628855466842651,1.6896323487600402,1.6731482305351228,1.6561866446812052
S50,S50|91|1,91,39.37092431,17.76329312,1.668386105,1.3054178991325969,1.6504140751191123,1.6856690645217896,1.6657161712646484,1.6602466106414795,1.6629366874694824,1.6895107879200455,1.6726989525934908,1.655741921306969
S50,S50|91|1,91,39.14787095,17.69314613,1.666702835,1.3036745059590609,1.6483532924483566,1.6857315301895142,1.6657161712646484,1.6608080863952637,1.6622828245162964,1.6887391801402627,1.6709555927899475,1.6509447215890207
S50,S50|91|1,91,39.21371165,17.70389058,1.672894046,1.3040821943025487,1.6489022655517045,1.6810202598571777,1.6657161712646484,1.6613051891326904,1.6625200510025024,1.6889221611408771,1.6715120934391305,1.6541619375761492
S100,S100|91|1,91,38.33651484,17.50165195,1.684319088,1.2982956156108447,1.641307776690414,1.6603447198867798,1.659476399421692,1.6598687171936035,1.663813829421997,1.6578348639624558,1.65245545584969,1.6541784301836364
S100,S100|91|1,91,38.71792666,17.61961661,1.667581631,1.3012945863130205,1.644869137193855,1.6689231395721436,1.656808853149414,1.6601852178573608,1.665629506111145,1.6595743916829322,1.6510208705256764,1.6553107893040395
S100,S100|91|1,91,38.70026207,17.61869879,1.661599677,1.3012054032867317,1.6447323389172828,1.6667006015777588,1.6542693376541138,1.6601852178573608,1.6653605699539185,1.6595118158674518,1.6508835606299737,1.655173122630109
S100,S100|91|1,91,38.57068755,17.54123981,1.670694196,1.299783102612439,1.6432975234529155,1.6692938804626465,1.6595505475997925,1.6594432592391968,1.6648900508880615,1.6587764099559918,1.6540953291785763,1.6554556332961197
S100,S100|91|1,91,38.85671313,17.62279007,1.656714185,1.3019500432524818,1.6459177255885338,1.669480800628662,1.6595505475997925,1.665425181388855,1.6654783487319946,1.6600494724811268,1.6520733805917105,1.6563660341523998
S200,S200|91|1,91,38.40686639,17.54820769,1.656880386,1.2987505943633764,1.6425361199572275,1.6656858921051025,1.6581414937973022,1.6654698848724365,1.6687841415405273,1.656188663652768,1.6560980049255651,1.6599943398420411
S200,S200|91|1,91,38.28571869,17.52229607,1.66193843,1.2979203366026968,1.6414726352746407,1.6531678438186646,1.6581608057022095,1.6663504838943481,1.6500540971755981,1.6557584563525884,1.654594854708606,1.6558994451793225
S200,S200|91|1,91,38.24199379,17.49749927,1.648533727,1.2974525863755142,1.6409942399980142,1.6531678438186646,1.6581608057022095,1.6663504838943481,1.6500540971755981,1.6555120143547226,1.6541126350564395,1.6554168453137392
S200,S200|91|1,91,38.37686634,17.5590534,1.648155468,1.2987322364991887,1.6423778289110793,1.6530956029891968,1.6581414937973022,1.6654698848724365,1.6490504741668701,1.656183623411525,1.6559384069218814,1.6598343663489403
S200,S200|91|1,91,38.51552491,17.59869997,1.641284712,1.299788583780045,1.6436532340572647,1.6652456521987915,1.6571489572525024,1.6665197610855103,1.6684584617614746,1.6567334953007353,1.657224342672338,1.6617446492726349
S400,S400|91|1,91,37.57932862,17.3703444,1.649160877,1.2933089348082931,1.6347678123026992,1.6413425207138062,1.6498943567276,1.6831836700439453,1.6398320198059082,1.6230702244026969,1.6807484632886491,1.6878485084577195
S400,S400|91|1,91,36.91364971,17.21389779,1.649526937,1.288489076037668,1.628703152715069,1.6416292190551758,1.6506396532058716,1.7022961378097534,1.6401914358139038,1.6159085882182564,1.675237622811536,1.683863221511883
S400,S400|91|1,91,38.0233661,17.48460911,1.63614477,1.2965952928554834,1.638831078082786,1.6407173871994019,1.6587520837783813,1.6346317529678345,1.6370218992233276,1.6278821449713727,1.6500984949888264,1.6540809878561433
S400,S400|91|1,91,38.10133356,17.52153788,1.648707247,1.2973521739545764,1.6396436784898785,1.6415855884552002,1.6587520837783813,1.6523317098617554,1.6367931365966797,1.6288616876274262,1.6509166822484551,1.6552142779352432
S400,S400|91|1,91,38.03017154,17.50484629,1.638026635,1.2968459125262515,1.639005657026325,1.6415855884552002,1.6587520837783813,1.6346317529678345,1.6367931365966797,1.6281074626233554,1.650274274210885,1.6542571913192397
S600,S600|91|1,91,38.40723622,17.78136528,1.643608489,1.301713908472052,1.6442423047938866,1.6444350481033325,1.641002893447876,1.660307765007019,1.6434125900268555,1.6393827322606151,1.6407698101116068,1.6549812435302118
S600,S600|91|1,91,38.33133293,17.76003292,1.63892971,1.3011401541408771,1.6435453772327306,1.6335726976394653,1.641002893447876,1.660307765007019,1.6374962329864502,1.638980783522892,1.6400743543999727,1.651962744750282
S600,S600|91|1,91,38.05193944,17.69762802,1.633105927,1.299194002392681,1.6410686352717754,1.6330338716506958,1.6374932527542114,1.6409422159194946,1.6374962329864502,1.6379575470876384,1.6368823355035445,1.6422406583528293
S600,S600|91|1,91,37.99786396,17.69851706,1.63598518,1.298955271988888,1.6406658630196271,1.632489800453186,1.6374932527542114,1.6409422159194946,1.6372779607772827,1.6380466215321072,1.6364805907071343,1.6418375984476445
S600,S600|91|1,91,38.00005769,17.68230891,1.633706334,1.2987913261936224,1.6405848099674836,1.6330338716506958,1.6374932527542114,1.6409422159194946,1.6374962329864502,1.637793624112093,1.6363997444180511,1.6417564875088009
S800,S800|91|1,91,38.00622985,17.65539056,1.61739273,1.2989286357615462,1.640615928583975,1.639604091644287,1.644185185432434,1.6489731073379517,1.6407926082611084,1.6140779958490779,1.6360818748920678,1.6450660798890544
S800,S800|91|1,91,38.21829341,17.7522161,1.624811061,1.3009394662380909,1.642800818005613,1.6382170915603638,1.6440320014953613,1.658449649810791,1.6405431032180786,1.6166456057306484,1.6403686189137947,1.6521287357915466
S800,S800|91|1,91,37.97647011,17.6883464,1.626210849,1.2991463625129953,1.640589384913665,1.6375564336776733,1.638494610786438,1.6546165943145752,1.6401379108428955,1.6144819017084804,1.6361135876933823,1.6450394642193527
S800,S800|91|1,91,37.94461213,17.69129182,1.640387878,1.2990315230173064,1.640365752225604,1.6383917331695557,1.638494610786438,1.6546165943145752,1.6401379108428955,1.6143827815615375,1.635890565112014,1.6448152249302699
S800,S800|91|1,91,38.0024779,17.73095473,1.630202716,1.2997231470353525,1.6410428037283136,1.6392253637313843,1.6440320014953613,1.649990439414978,1.6405431032180786,1.6153011674369735,1.6365075703118954,1.6460641715984177
D50,D50|91|2,91,62.83325515,22.67694357,1.790464747,1.433091541189869,1.8130499959936264,1.759845495223999,1.746840476989746,1.733154296875,1.761250615119934,1.7190342060769428,1.7891686623733976,1.7931262627853657
D50,D50|91|2,91,58.63102517,21.86343938,1.825534745,1.4135670496690722,1.7873838347727615,1.7345328330993652,1.746634602546692,1.7399405241012573,1.7367608547210693,1.6945694609284918,1.7620626944647717,1.75512408666626
D50,D50|91|2,91,59.1224006,21.96993556,1.828657725,1.416015232074261,1.7905118739394372,1.7461026906967163,1.748049020767212,1.7454323768615723,1.756988286972046,1.6975567709340649,1.7670260223519862,1.7632165511417288
D50,D50|91|2,91,58.62365286,21.86957213,1.818651128,1.413606438498217,1.7873778070717836,1.7345328330993652,1.746634602546692,1.7399405241012573,1.7367608547210693,1.6945681291767922,1.7620567521557837,1.7551181677567524
D50,D50|91|2,91,58.62365286,21.86957213,1.818651128,1.413606438498217,1.7873778070717836,1.7345328330993652,1.746634602546692,1.7399405241012573,1.7367608547210693,1.6945681291767922,1.7620567521557837,1.7551181677567524
D100,D100|91|2,91,64.49785664,23.33015374,1.73642222,1.4456930317332741,1.8304651289385476,1.7606834173202515,1.767988681793213,1.848637580871582,1.7640448808670044,1.8027546452085468,1.7662630757654525,1.7939664929560455
D100,D100|91|2,91,64.9522715,23.40623074,1.748199464,1.4475852497303472,1.8330986435568775,1.7617228031158447,1.767988681793213,1.848637580871582,1.764306902885437,1.8043475001873663,1.768804222032763,1.796547496499518
D100,D100|91|2,91,64.67434908,23.380319,1.739144831,1.4466257419142103,1.8315945512354943,1.761903166770935,1.767988681793213,1.848637580871582,1.7640448808670044,1.8035652913160378,1.7673528845077802,1.7950733950898734
D100,D100|91|2,91,64.18000846,23.29035549,1.750080305,1.4444915113958712,1.8286836308813361,1.7621800899505615,1.767988681793213,1.848637580871582,1.7640448808670044,1.8017609543914477,1.7645440622818003,1.7922205171538421
D100,D100|91|2,91,65.38163067,23.50582604,1.750310728,1.4496275093880884,1.835715578268207,1.7629432678222656,1.767988681793213,1.848637580871582,1.764306902885437,1.8061019698964977,1.7713293699196233,1.7991122507317396
D200,D200|91|2,91,62.45457955,23.03990172,1.734852865,1.4371897922546228,1.8189196488667247,1.749586582183838,1.7434639930725098,1.748170256614685,1.7462397813796997,1.7471725336212078,1.743950268939066,1.739340851751422
D200,D200|91|2,91,62.70741364,23.08412922,1.74061346,1.4382881901444153,1.82042780100027,1.7489609718322754,1.7434639930725098,1.7444287538528442,1.7457960844039917,1.7471158430920337,1.7451045964210732,1.7407830213481743
D200,D200|91|2,91,63.02936845,23.15836675,1.743749892,1.4398531819580171,1.8224334426177016,1.7484782934188843,1.740493655204773,1.7419945001602173,1.742335557937622,1.7472305905842263,1.7457137517851045,1.7399265111295426
D200,D200|91|2,91,63.211457,23.20061053,1.742424891,1.4407381463611915,1.8235658487316737,1.748159408569336,1.740493655204773,1.7419945001602173,1.7418937683105469,1.7472985305655055,1.7467984865576003,1.7410076498822618
D200,D200|91|2,91,61.14884397,22.80244409,1.73414359,1.4313755205885497,1.8110139746165703,1.7370647192001343,1.7440600395202637,1.7288230657577515,1.7352728843688965,1.7471420724175686,1.7378934321953743,1.7327062506310298
D400,D400|91|2,91,62.96263409,23.1308428,1.740645841,1.4384656690830726,1.8221116316634214,1.74824857711792,1.7360548973083496,1.7511557340621948,1.7406131029129028,1.6762260519548826,1.742181183906346,1.7420591104065477
D400,D400|91|2,91,62.57717341,23.05885741,1.746214007,1.4367506938513357,1.8198014643495508,1.7475074529647827,1.7370415925979614,1.7427349090576172,1.7401642799377441,1.674637054518095,1.7399723565458474,1.7395990075563434
D400,D400|91|2,91,62.70408303,23.09531597,1.738835295,1.4374380746185917,1.8206280731449858,1.7475074529647827,1.7370415925979614,1.7427349090576172,1.7415392398834229,1.6752672643827167,1.7407627045491383,1.7403891859732457
D400,D400|91|2,91,62.81790401,23.0829372,1.749276228,1.437623209225298,1.8211392245068394,1.7476567029953003,1.7371044158935547,1.7427349090576172,1.7402350902557373,1.675456174633302,1.7412514332687594,1.7408778098254687
D400,D400|91|2,91,65.31273629,23.47662736,1.769148943,1.4478711072047636,1.8355132170685173,1.7588597536087036,1.758595585823059,1.7765041589736938,1.7546640634536743,1.6850114375559295,1.752791245078765,1.7647298592556444
D600,D600|91|2,91,62.841845,23.10391444,1.730542783,1.4382133167931073,1.8221674343822971,1.7469913959503174,1.7343558073043823,1.7480928897857666,1.739701271057129,1.7430130323324038,1.7380815232155649,1.742783017426496
D600,D600|91|2,91,62.98077597,23.1384775,1.74540229,1.4389126238992462,1.8230448773056949,1.746498465538025,1.7314542531967163,1.748606562614441,1.740185260772705,1.743407479556023,1.7389184755746387,1.7433262386029642
D600,D600|91|2,91,60.7517495,22.68020326,1.757779863,1.4284825817118265,1.8092925233032895,1.7313650846481323,1.7351330518722534,1.7402247190475464,1.7268034219741821,1.737701196083813,1.7451334013517428,1.7662810485677485
D600,D600|91|2,91,63.57078894,23.26279552,1.748370119,1.4416560441818163,1.8266420348000496,1.7518625259399414,1.7311774492263794,1.7585409879684448,1.7452534437179565,1.7449170715877496,1.741062175464042,1.7420210494751107
D600,D600|91|2,91,61.1116873,22.75155225,1.746275065,1.4301603679866328,1.8115237167571179,1.7318103313446045,1.73588228225708,1.7532293796539307,1.7326645851135254,1.7386126714366572,1.74728547470141,1.7692097366983834
D800,D800|91|2,91,61.25114671,22.95016802,1.725438872,1.4330305691974317,1.8133203331963241,1.7298414707183838,1.7378984689712524,1.7352548837661743,1.7280064821243286,1.689364741053021,1.7324336908024094,1.729952877441727
D800,D800|91|2,91,60.23792836,22.72640576,1.725118598,1.4280840721546997,1.8068968876351774,1.7215425968170166,1.7402147054672241,1.7476863861083984,1.7221606969833374,1.6855777329298014,1.749197985828008,1.764436165203998
D800,D800|91|2,91,61.40721486,22.94675681,1.72499252,1.4334248676886596,1.8141093187124413,1.7326405048370361,1.7399170398712158,1.7359241247177124,1.7297145128250122,1.6897304180606263,1.7339450362682551,1.733609835309526
D800,D800|91|2,91,61.14733379,22.90421264,1.729433568,1.432306120063599,1.8125477922087447,1.7299226522445679,1.7372167110443115,1.728074073791504,1.7299569845199585,1.6888487666295244,1.731209771397977,1.7292451318772535
D800,D800|91|2,91,62.28970997,22.98354155,1.738769491,1.4361662927073022,1.8188263300942222,1.746453881263733,1.738558292388916,1.7441625595092773,1.7408390045166016,1.6920980506507812,1.7367408286119481,1.7390443348588631
S50,S50|91|2,91,62.07636541,22.98603348,1.748629463,1.4361057978475655,1.8172179568557625,1.7569527626037598,1.7962393760681152,1.7431031465530396,1.7664399147033691,1.7503141173262093,1.7832724765076091,1.7336534358244837
S50,S50|91|2,91,61.81807134,22.92283436,1.756372992,1.434802335656732,1.8155701986752366,1.7570170164108276,1.7958087921142578,1.747057557106018,1.7663781642913818,1.7490302624617697,1.7817393660358851,1.7326570527009109
S50,S50|91|2,91,61.72051158,22.97152025,1.740802984,1.4350049508924523,1.8153192422072497,1.750143051147461,1.7959650754928589,1.7431031465530396,1.743582844734192,1.748897674246743,1.7828409513908747,1.7318420333113036
S50,S50|91|2,91,62.07009218,23.03923424,1.745758805,1.436598356187141,1.8174585536407668,1.7632032632827759,1.7959650754928589,1.743239402770996,1.7690274715423584,1.7505571066463306,1.783508578964673,1.7343284175297353
S50,S50|91|2,91,61.84524524,22.9898593,1.741539263,1.4355185219547457,1.8160537131705639,1.7658048868179321,1.7959650754928589,1.7431031465530396,1.7694947719573975,1.7494683852232489,1.7821299807976532,1.7325427297270852
S100,S100|91|2,91,61.33604874,22.85660357,1.731218987,1.4331770944000286,1.8130502580899652,1.741669774055481,1.7360374927520752,1.7366702556610107,1.742851972579956,1.7756331684531692,1.7254049902475843,1.7311059154377517
S100,S100|91|2,91,61.11284065,22.852484,1.730916374,1.4325271461144875,1.8118737609031101,1.732153296470642,1.735893964767456,1.73239004611969,1.7256067991256714,1.774822071487917,1.7240151602821066,1.7284658952213443
S100,S100|91|2,91,61.73151126,22.98938326,1.738408547,1.4355265371525918,1.8157721078761413,1.7421857118606567,1.7359626293182373,1.7368969917297363,1.7427468299865723,1.7776851809646623,1.7277523975393856,1.7341353869224996
S100,S100|91|2,91,61.12607824,22.87699993,1.716852321,1.432798806648374,1.8120686577945313,1.732066035270691,1.735893964767456,1.73239004611969,1.7246825695037842,1.7749905457127197,1.7242006065326965,1.7286518202218466
S100,S100|91|2,91,60.33857961,22.71957202,1.718301381,1.429111723272018,1.8071539405596169,1.7200193405151367,1.7393320798873901,1.7586591243743896,1.7161954641342163,1.7713997846169651,1.7469211344901443,1.7674750512204114
S200,S200|91|2,91,61.29677785,22.95496052,1.720659702,1.4336575083054244,1.8136106589628171,1.7274675369262695,1.7267016172409058,1.732026219367981,1.7278391122817993,1.7746577359828002,1.7283716230204214,1.7330108262732167
S200,S200|91|2,91,61.91413046,23.08304732,1.729430345,1.4365611610434497,1.8174438225954646,1.7279719114303589,1.7258825302124023,1.7487002611160278,1.7230768203735352,1.7773469094137124,1.7320246293679087,1.7378028498722666
S200,S200|91|2,91,62.37743878,23.16925248,1.724092597,1.4386316409743403,1.8202520772558641,1.743406057357788,1.7280712127685547,1.743532419204712,1.744370698928833,1.779287556175495,1.7310157396674288,1.7376568563998418
S200,S200|91|2,91,61.20750912,22.93573705,1.726380004,1.4332291196572267,1.8130505081310528,1.7274675369262695,1.7265487909317017,1.7308663129806519,1.7278391122817993,1.7742626572529743,1.7273415589373153,1.72945630702148
S200,S200|91|2,91,61.49372955,22.99118209,1.731441458,1.4345418250186905,1.8148127421967628,1.7278351783752441,1.7267520427703857,1.7301990985870361,1.7272533178329468,1.775487126863642,1.7295172087831607,1.7342711197058112
S400,S400|91|2,91,60.8472614,22.85961073,1.722319891,1.4317794475281362,1.8106920480303472,1.7259521484375,1.732677936553955,1.75471830368042,1.72538161277771,1.7332352045109196,1.7334604483674165,1.7279862432275295
S400,S400|91|2,91,60.8088089,22.84634886,1.723230333,1.4315461898184785,1.8104233989410163,1.727014183998108,1.732677936553955,1.7539262771606445,1.7264668941497803,1.7331362265320724,1.733203257990206,1.7309115808893503
S400,S400|91|2,91,60.54717996,22.78196119,1.725528541,1.430204601305728,1.8087256127311997,1.7197104692459106,1.732677936553955,1.752051591873169,1.7211642265319824,1.7326378062858527,1.7315778875978733,1.7286300812139708
S400,S400|91|2,91,61.20123968,22.90656557,1.709170995,1.4332022072651665,1.8127733181355272,1.7279012203216553,1.732677936553955,1.7323471307754517,1.726508617401123,1.733634629313647,1.7354433294602252,1.7311089153561803
S400,S400|91|2,91,60.74604776,22.83518038,1.723136082,1.4312658020955316,1.8100386409285385,1.719584584236145,1.732677936553955,1.752051591873169,1.7207562923431396,1.7330459067455546,1.7328349110934775,1.7298849647758698
S600,S600|91|2,91,61.28444023,22.91102125,1.737644411,1.4336345674121207,1.8138783876564242,1.7254610061645508,1.7224228382110596,1.7307153940200806,1.7261565923690796,1.7197334014880028,1.7212784771442242,1.7276514579438274
S600,S600|91|2,91,61.53906116,22.97934787,1.729149565,1.4349836513098344,1.81554527638721,1.7288254499435425,1.7228283882141113,1.7370762825012207,1.7277098894119263,1.7206558873164084,1.7235366132219112,1.7316716706803363
S600,S600|91|2,91,61.48725229,22.97407189,1.723136082,1.4347920925813487,1.8152507836148744,1.7234779596328735,1.7228283882141113,1.7357828617095947,1.724888563156128,1.720540062969514,1.7232570448288498,1.7311300270488879
S600,S600|91|2,91,61.33451765,22.9448928,1.744636921,1.4340960527626982,1.8143115876582536,1.722794771194458,1.7228283882141113,1.7357828617095947,1.7253535985946655,1.720084991427988,1.7223654456826987,1.7302343544859204
S600,S600|91|2,91,61.15556789,22.9055457,1.740173895,1.4332294141948958,1.8131825406271267,1.722794771194458,1.7224228382110596,1.7275527715682983,1.7255467176437378,1.7195079457116276,1.7206181536500664,1.7269886896221733
S800,S800|91|2,91,61.18896092,22.93476351,1.726003366,1.433983502105678,1.8140476570815642,1.7267076969146729,1.7201465368270874,1.734375,1.7249675989151,1.7795831858995086,1.7213087056793632,1.7308253861904823
S800,S800|91|2,91,60.65998853,22.83977142,1.725344844,1.431617288808559,1.8107999806457593,1.7203853130340576,1.7201465368270874,1.7317427396774292,1.7216734886169434,1.777689098323362,1.7183284073514702,1.7265771172995839
S800,S800|91|2,91,60.32531699,22.77419603,1.72037826,1.4300594568778564,1.8087065099342796,1.7172058820724487,1.7201465368270874,1.7279706001281738,1.7179968357086182,1.776416288390639,1.7150061107148948,1.7196451670296602
S800,S800|91|2,91,61.13845215,22.93966004,1.718505501,1.4338920766697711,1.8138101899128987,1.7263445854187012,1.718116283416748,1.734375,1.7249675989151,1.7795798630354065,1.7210833784653061,1.7305988131992442
S800,S800|91|2,91,60.01271263,22.71985733,1.741021878,1.4286649748350868,1.806779299635253,1.7168447971343994,1.716949701309204,1.7786495685577393,1.7179968357086182,1.7753121609574312,1.7293782672725684,1.760290304774339
D50,D50|91|3,91,88.14531537,25.7224403,1.890935262,1.516955510070297,1.9373353249630114,1.8347158432006836,1.8396281003952026,1.8440684080123901,1.8496283292770386,1.8491556150840065,1.845821803309369,1.8504741427027125
D50,D50|91|3,91,80.69129668,24.34844943,1.90281035,1.4899474272072657,1.9013760030722813,1.8403780460357666,1.823906660079956,1.9089069366455078,1.8208686113357544,1.800877003379012,1.8351226799481075,1.8613375768296079
D50,D50|91|3,91,82.37063511,24.76276313,1.900928922,1.497186314605662,1.910204578812371,1.836565375328064,1.8227968215942383,1.8217425346374512,1.8130584955215454,1.8129562741459013,1.8379202575789773,1.8264931070703396
D50,D50|91|3,91,81.7726878,24.67349717,1.912294445,1.4951781361689476,1.9073691466677007,1.8403780460357666,1.8231920003890991,1.821852445602417,1.8198474645614624,1.8092159702136548,1.8372142909536182,1.825711332998029
D50,D50|91|3,91,81.64057396,24.66416121,1.90491284,1.4948321099836417,1.906792838306121,1.8386820554733276,1.8231920003890991,1.821852445602417,1.8180615901947021,1.8084840837050125,1.8366591797630338,1.8251596974067352
D100,D100|91|3,91,84.2292009,25.41108754,1.840321892,1.5087277588471752,1.9284875612901515,1.8256592750549316,1.8258488178253174,1.827864408493042,1.8221219778060913,1.8607463396374397,1.8262535182597617,1.8331636610530904
D100,D100|91|3,91,84.50005446,25.46927902,1.871227712,1.5097818904805222,1.929855996066695,1.822965383529663,1.8258488178253174,1.827864408493042,1.8206801414489746,1.8621310603441792,1.82754940881946,1.834895236265731
D100,D100|91|3,91,85.71575706,25.76604694,1.871235522,1.5148141781777382,1.9361334074175243,1.8188936710357666,1.825689673423767,1.8413013219833374,1.8171125650405884,1.868704472919655,1.833712033993545,1.8483614637323287
D100,D100|91|3,91,91.6873606,26.79991404,1.850146182,1.53495468474219,1.9640551087693643,1.8190890550613403,1.8183568716049194,1.914571762084961,1.8224897384643555,1.8956014958461063,1.8564368807579064,1.8847237333520401
D100,D100|91|3,91,85.53226652,25.77656173,1.86020318,1.5145724917855425,1.935460253619201,1.8226319551467896,1.825689673423767,1.8413013219833374,1.821193814277649,1.8683264227851504,1.8330744900020077,1.847718826435116
D200,D200|91|3,91,86.53159341,26.08768024,1.815573851,1.5189480772087613,1.9409028659266745,1.8387112617492676,1.8373963832855225,1.8636170625686646,1.8310397863388062,1.7716956007176956,1.8491924817810108,1.8611652584504743
D200,D200|91|3,91,87.2440738,26.2547702,1.818119597,1.5217848807398564,1.944484786552186,1.8386880159378052,1.840228796005249,1.8646329641342163,1.8307312726974487,1.7739270565205953,1.8347294968086916,1.8449208441842697
D200,D200|91|3,91,89.91806748,26.75117815,1.831804801,1.5310968499203301,1.9571230106586492,1.8350285291671753,1.8403669595718384,1.876477599143982,1.8284496068954468,1.781342484244099,1.845443499261516,1.8449722186293147
D200,D200|91|3,91,87.67109833,26.39490166,1.845330448,1.5238427614945924,1.9468128321762137,1.837494134902954,1.8395650386810303,1.9575310945510864,1.830543041229248,1.7755188047833244,1.8370349819430374,1.900364822348441
D200,D200|91|3,91,89.32360174,26.58586104,1.809977806,1.5285435000550907,1.9540751100714917,1.836275577545166,1.8388593196868896,1.834336519241333,1.8282819986343384,1.7793513301787407,1.8412558341830165,1.8156452823695821
D400,D400|91|3,91,89.68592562,26.92159929,1.832611478,1.5313309803892567,1.9567587020922415,1.815764307975769,1.8259458541870117,1.8656492233276367,1.8222030401229858,1.7877374631838896,1.8314386507006102,1.8034213339171465
D400,D400|91|3,91,89.71732844,26.93332269,1.826254441,1.531492266178453,1.9569327514648815,1.8154041767120361,1.8259458541870117,1.8656492233276367,1.8222030401229858,1.787915036871897,1.8316015531309624,1.8035817442689381
D400,D400|91|3,91,87.68974794,26.56018057,1.824627321,1.5244817045315533,1.9474179516860848,1.8164987564086914,1.8267252445220947,1.9485595226287842,1.820863127708435,1.7789110687318772,1.8347997467199586,1.8990681225977921
D400,D400|91|3,91,87.43415914,26.59927286,1.81936414,1.5243714993694493,1.9466145927138117,1.8184425830841064,1.8264360427856445,1.8102068901062012,1.8254175186157227,1.7783384729255043,1.8314028770905744,1.8149975491450445
D400,D400|91|3,91,87.22333598,26.52790839,1.830170268,1.5233392404331052,1.9454606182273537,1.8169468641281128,1.826508641242981,1.8746002912521362,1.8243076801300049,1.777176536904114,1.8310564367409476,1.8483146546283133
D600,D600|91|3,91,88.04132661,26.7465203,1.806505961,1.5271172934740298,1.9508233556932535,1.8144383430480957,1.8216177225112915,1.803860068321228,1.8178880214691162,1.8689515043864704,1.8269388884785542,1.8130853954186419
D600,D600|91|3,91,88.95558905,26.90455742,1.814622772,1.5301876127586695,1.9550828130718938,1.8137760162353516,1.826821208000183,1.830910325050354,1.8183133602142334,1.8722765891255733,1.8317645545067578,1.8249175993406057
D600,D600|91|3,91,90.49475948,27.18944229,1.828929893,1.5354734814207507,1.9622713004498586,1.816115379333496,1.820016622543335,1.9205212593078613,1.8143248558044434,1.8754851854893761,1.8356138568413627,1.8966748318248972
D600,D600|91|3,91,90.20371997,27.0187711,1.835355942,1.5334295267277038,1.960372991462444,1.813633680343628,1.8164631128311157,1.9037569761276245,1.8154292106628418,1.8742412342981638,1.8312929080958922,1.876368053195028
D600,D600|91|3,91,88.19289557,26.6287662,1.83108934,1.5263244681441572,1.9508528295520584,1.8132466077804565,1.823645830154419,1.7952207326889038,1.8166429996490479,1.8682252219148419,1.8284778966478932,1.8089676427588062
D800,D800|91|3,91,87.69960826,26.71860246,1.797889951,1.5267985016239394,1.949777283742826,1.821844220161438,1.8202462196350098,1.8155697584152222,1.821366548538208,1.7431984574488684,1.8210791128151946,1.816556343211977
D800,D800|91|3,91,90.08166828,27.08672416,1.807596419,1.5343767395177141,1.9606643099103989,1.819033145904541,1.8234381675720215,1.8911817073822021,1.818680763244629,1.7515415766585738,1.8293067513238237,1.8567638787926974
D800,D800|91|3,91,88.43511103,26.83237552,1.824456516,1.529155529916967,1.9531616654239066,1.81746244430542,1.8308099508285522,1.7884401082992554,1.8201971054077148,1.745790939093522,1.8272007165925452,1.8112211331290105
D800,D800|91|3,91,90.71001561,27.24032657,1.815756719,1.5368573281487057,1.9637656766612834,1.826958179473877,1.8352768421173096,1.9169182777404785,1.82127845287323,1.7541679327352597,1.854081464366623,1.8852013126589893
D800,D800|91|3,91,90.98885294,27.27200159,1.801076604,1.5376276138164582,1.9649668679898278,1.8266880512237549,1.8387885093688965,1.933462381362915,1.8213119506835938,1.7550396809859938,1.8590757603817782,1.9118890844050123
S50,S50|91|3,91,87.13297432,26.19195339,1.802804034,1.5214299942270944,1.944528142963999,1.8370554447174072,1.8949501514434814,1.8279569149017334,1.8521671295166016,1.8253293327597004,1.9147034268497036,1.8281304442274318
S50,S50|91|3,91,88.55791189,26.47658571,1.809305451,1.526607591587246,1.9514152268147575,1.8449758291244507,1.8953092098236084,1.807946801185608,1.8563430309295654,1.8274869720185887,1.8918662495784657,1.8148554888283883
S50,S50|91|3,91,87.14743405,26.2421813,1.812438275,1.52191793705843,1.9448263340167098,1.8423675298690796,1.8951129913330078,1.8279569149017334,1.8532981872558594,1.825525939004728,1.9149970443180584,1.8284107858329928
S50,S50|91|3,91,87.30375566,26.29282914,1.830297402,1.5226667634511157,1.9456788400953504,1.846653699874878,1.8951129913330078,1.8911261558532715,1.8526424169540405,1.8258352020841675,1.9153547292637743,1.854470041720052
S50,S50|91|3,91,87.28275629,26.21519386,1.808132345,1.5219157205791791,1.9452236916289198,1.8366749286651611,1.8949501514434814,1.8911261558532715,1.85151207447052,1.8255327667489933,1.9149066744513716,1.8540362295316597
S100,S100|91|3,91,86.92293676,26.17900674,1.838194388,1.521232070304909,1.944080158737403,1.823422908782959,1.8207769393920898,1.8338967561721802,1.812806487083435,1.8286098635101078,1.805862671069458,1.8289632882472575
S100,S100|91|3,91,83.29255642,25.09653437,1.797916352,1.5043759774553795,1.924344149523191,1.8789637088775635,1.8350918292999268,1.8490873575210571,1.8858866691589355,1.8233714204481666,1.8226839524508849,1.8627511332632283
S100,S100|91|3,91,86.47962972,26.09553079,1.840538585,1.5196532852859725,1.941939875900372,1.8228615522384644,1.8207769393920898,1.8454115390777588,1.8113822937011719,1.8281667883392547,1.8042977320782208,1.8398219146024746
S100,S100|91|3,91,86.77728015,26.16562751,1.826153596,1.5208432949208506,1.9434456315139987,1.8247907161712646,1.8207769393920898,1.8454115390777588,1.8118690252304077,1.828517829705092,1.8056967617147437,1.8412484892407348
S100,S100|91|3,91,87.11041575,26.24833302,1.827035596,1.5222106589913589,1.9451469477793069,1.8253306150436401,1.82206130027771,1.7913851737976074,1.8151204586029053,1.8289257176281268,1.805017360599233,1.7922715194713534
S200,S200|91|3,91,88.2077124,26.38212832,1.809660246,1.5250835820336548,1.9501718257945884,1.8198215961456299,1.808160662651062,1.8210426568984985,1.8177704811096191,1.8490357092187317,1.8121291728494062,1.8199426622840114
S200,S200|91|3,91,87.4106743,26.21665218,1.810580824,1.5221282190609229,1.9462877394588016,1.8200236558914185,1.8031704425811768,1.8457473516464233,1.817779779434204,1.8483483518910016,1.8105628022100841,1.8338474216554805
S200,S200|91|3,91,88.26426401,26.41865205,1.827443553,1.525519466719739,1.9505652583891346,1.8198215961456299,1.8071584701538086,1.8210426568984985,1.8177704811096191,1.849168540909185,1.812494756370149,1.8203098221178664
S200,S200|91|3,91,88.54800599,26.51606211,1.819873108,1.5269178046829925,1.9521251684687926,1.8207850456237793,1.8091014623641968,1.8184634447097778,1.817520022392273,1.8494285442376024,1.814324615294877,1.8181609799771692
S200,S200|91|3,91,88.48762524,26.53681111,1.82116145,1.5269991784916668,1.9519917089575347,1.8192567825317383,1.80887770652771,1.817808747291565,1.816475749015808,1.849568515798953,1.8142005766930849,1.8135896345401237
S400,S400|91|3,91,87.51909586,26.75011472,1.827366889,1.5274444503263176,1.9494627116194914,1.8158106803894043,1.8136119842529297,1.8370429277420044,1.8145959377288818,1.7637210370075762,1.8148945797724276,1.8286689245876526
S400,S400|91|3,91,86.1109549,26.33036623,1.801485664,1.5210484126844137,1.9419378554708253,1.814441442489624,1.813982367515564,1.7588227987289429,1.8152098655700684,1.7608634108319283,1.8110846210689826,1.7818487451362488
S400,S400|91|3,91,87.82632129,26.85286017,1.835738463,1.528929852707325,1.9511450547851557,1.8164304494857788,1.8199042081832886,1.8143483400344849,1.8141517639160156,1.764408553905178,1.819392881345855,1.8188460514041294
S400,S400|91|3,91,87.28945852,26.67777513,1.811037344,1.5263717331008237,1.9482233845366406,1.8179130554199219,1.812785267829895,1.8555282354354858,1.8140796422958374,1.763233481216408,1.8139135926196832,1.8496201878192555
S400,S400|91|3,91,87.26379937,26.68505957,1.809516659,1.5263909016550168,1.9481576977881097,1.8155856132507324,1.812785267829895,1.8555282354354858,1.8136144876480103,1.7632750053060664,1.8138524342910436,1.8495578255988248
S600,S600|91|3,91,88.41730792,26.89484851,1.842325226,1.5305290420484252,1.9542109205814095,1.814034342765808,1.8070423603057861,1.7936012744903564,1.8164936304092407,1.7732050592579838,1.8050907173869313,1.8169547926492287
S600,S600|91|3,91,87.9365858,26.79627974,1.813712362,1.528772623578032,1.9518829582187265,1.819075584411621,1.8056260347366333,1.7962963581085205,1.8178848028182983,1.7719987225859573,1.8024800326368298,1.8154755874534898
S600,S600|91|3,91,88.50875684,26.95965746,1.81941482,1.531277252978738,1.9548698096818817,1.817150354385376,1.8070423603057861,1.7906779050827026,1.8174608945846558,1.7737797166922342,1.805699328559105,1.8107597626522516
S600,S600|91|3,91,88.84470089,27.0102864,1.824800504,1.532334933689542,1.9564038799324766,1.8146978616714478,1.8070423603057861,1.7906779050827026,1.8166917562484741,1.7744821628000444,1.807116338330161,1.8121807435631547
S600,S600|91|3,91,88.0947148,26.88561495,1.810243275,1.529864628855051,1.9529184589903232,1.8254023790359497,1.8073207139968872,1.8050187826156616,1.8224036693572998,1.772824183979844,1.8041564585294898,1.8190615148820057
S800,S800|91|3,91,86.25547862,26.64896941,1.782843619,1.5247303313197573,1.9454808778750698,1.8155966997146606,1.8048326969146729,1.765312910079956,1.8081680536270142,1.849713873480688,1.7969904277342508,1.7838888373687314
S800,S800|91|3,91,87.89042091,26.91696366,1.812439986,1.5301409728071154,1.9531654805636385,1.814850926399231,1.8080347776412964,1.8051031827926636,1.8093950748443604,1.8529407130794529,1.8027765852633675,1.818193902281669
S800,S800|91|3,91,86.53003453,26.72739501,1.788621446,1.5259462105839716,1.9469368280439319,1.8152215480804443,1.8056621551513672,1.7797985076904297,1.80769681930542,1.8504873007890124,1.7978495967819275,1.800553711813115
S800,S800|91|3,91,86.7901229,26.72064518,1.805524812,1.5263636980489037,1.9479295962958787,1.814273476600647,1.8063994646072388,1.7758129835128784,1.8081680536270142,1.8506641491383673,1.7987928156163377,1.8003568748495085
S800,S800|91|3,91,87.38412965,26.82731945,1.798149608,1.528413439890852,1.9507653362517254,1.8147273063659668,1.8091777563095093,1.8521134853363037,1.8094345331192017,1.8519002165260352,1.8000464981217932,1.848922790268481
D50,D50|91|4,91,104.6683949,29.20480057,1.98171331,1.5751767160017272,2.011858703159886,1.9110257625579834,1.8557934761047363,1.7827564477920532,1.9116531610488892,1.9267950608041324,1.9153933769001574,1.8676286264835662
D50,D50|91|4,91,103.4679528,28.9384097,1.977918113,1.5710668509850374,2.006683419334234,1.9161945581436157,1.8572903871536255,1.8315486907958984,1.9132707118988037,1.921947174466383,1.9131874331482093,1.9091366807848498
D50,D50|91|4,91,104.6400928,29.20725291,1.975119796,1.575155784320808,2.0117762649990563,1.9110257625579834,1.8557934761047363,1.7827564477920532,1.9116531610488892,1.926738505837095,1.9153148915139775,1.8675520983114644
D50,D50|91|4,91,104.5937936,29.20962134,1.985368784,1.575107287449596,2.011634004754386,1.9098269939422607,1.8557934761047363,1.7827564477920532,1.9094808101654053,1.9266351693241945,1.9151794524147954,1.8674200366985194
D50,D50|91|4,91,118.1715659,31.29102661,1.982776136,1.6116672969941908,2.063438568519397,1.9201257228851318,1.9049415588378906,1.8469265699386597,1.9176117181777954,1.9857214638508889,1.8878279033031795,1.8553518867618624
D100,D100|91|4,91,118.6699093,31.7912087,1.901575873,1.6182761383910675,2.077491429457835,1.9022126197814941,1.8881738185882568,1.8991873264312744,1.8997924327850342,2.0027240080318753,1.8891389242793997,1.8885450445263061
D100,D100|91|4,91,108.8281582,30.25551923,1.936489464,1.5920719712357123,2.039743074322984,1.8899784088134766,1.8868130445480347,1.8666024208068848,1.8832706212997437,1.9682429600124758,1.8962617561255075,1.8839457667997463
D100,D100|91|4,91,107.4021873,29.99400547,1.927870888,1.5878022977293342,2.033902290777344,1.8882464170455933,1.884124755859375,1.8745366334915161,1.8844523429870605,1.9627364465039916,1.9033457990559863,1.895146891333301
D100,D100|91|4,91,114.8843837,31.17152939,1.909319154,1.6081485161568365,2.063121432907915,1.8924673795700073,1.8881953954696655,1.9062827825546265,1.886421799659729,1.989430240117839,1.8790015597997343,1.8820697017221517
D100,D100|91|4,91,116.7577474,31.50989538,1.915467843,1.6134528623358926,2.070409770191966,1.9009292125701904,1.885705590248108,1.8991873264312744,1.892204761505127,1.996318264349406,1.8785010391113428,1.8821074571919165
D200,D200|91|4,91,111.9644506,31.15233958,1.88462312,1.6036674318999027,2.0535847800670446,1.8880151510238647,1.891584873199463,1.8620693683624268,1.8869926929473877,1.8756944273076122,1.8956893145699774,1.8704831925885432
D200,D200|91|4,91,113.0592101,31.3400327,1.896441345,1.6067342501470612,2.057873267181577,1.8883872032165527,1.8843493461608887,1.8883581161499023,1.8826135396957397,1.8820923079993237,1.8882809102154632,1.8780077446545307
D200,D200|91|4,91,110.2126951,30.6626007,1.898457048,1.5971298554028428,2.045842799472042,1.8967334032058716,1.895106554031372,1.8125454187393188,1.8944035768508911,1.8632132882118393,1.878786648888756,1.8534665454386259
D200,D200|91|4,91,114.985429,31.46645429,1.880764078,1.6103978849384495,2.064482817210058,1.8851186037063599,1.8919755220413208,1.9087519645690918,1.8861252069473267,1.8909564272899282,1.8770653346863275,1.891008689590008
D200,D200|91|4,91,112.2159154,31.12204819,1.876312808,1.6037643870787055,2.054258635397025,1.8907779455184937,1.891584873199463,1.867073893547058,1.887591004371643,1.8763291296002378,1.8944665046469922,1.8714549900487434
D400,D400|91|4,91,114.5825025,31.81798849,1.879603373,1.6118636418436474,2.0640258054076708,1.8919347524642944,1.895164966583252,1.9598133563995361,1.8853763341903687,1.8723273939481975,2.0060460899635744,2.0658625764950034
D400,D400|91|4,91,114.7913667,31.86920782,1.86098472,1.6125656153126335,2.064893625808075,1.8925591707229614,1.895164966583252,1.9598133563995361,1.8850146532058716,1.8728035168848072,2.0068895327715377,2.066731169166479
D400,D400|91|4,91,111.9330673,31.37638113,1.86673485,1.6045931457099785,2.0537958969770114,1.8779642581939697,1.8709357976913452,1.8598047494888306,1.8830254077911377,1.8669188235922554,1.8671199197254376,1.8702764104807303
D400,D400|91|4,91,119.1336637,32.31904785,1.888753096,1.621989289164387,2.0801456934810054,1.8693515062332153,1.9036457538604736,1.9598133563995361,1.8915170431137085,1.8805644283845855,2.0217131607702674,2.0819968096139605
D400,D400|91|4,91,115.8223223,31.8054569,1.885233324,1.61343349282069,2.0678387874989728,1.8635209798812866,1.9036457538604736,1.9598133563995361,1.8831262588500977,1.8741066268749038,2.0097519631146357,2.069678951748951
D600,D600|91|4,91,111.1708028,31.3728114,1.822471144,1.6038008841446059,2.052807232043888,1.8472195863723755,1.8604295253753662,1.8669527769088745,1.850571632385254,1.9275600144724383,1.8651950331523954,1.8665717923819933
D600,D600|91|4,91,107.6505255,30.79310266,1.842546204,1.5939659759660498,2.0388695976251867,1.8327248096466064,1.867267370223999,1.9406099319458008,1.8384300470352173,1.9182504630454624,1.8965720157742718,1.9214520538402897
D600,D600|91|4,91,111.5306103,31.26988894,1.867332114,1.6034567661069834,2.053528348282723,1.8798942565917969,1.8692058324813843,1.8621844053268433,1.8721328973770142,1.9271444724339324,1.8664698323471913,1.8732042708692034
D600,D600|91|4,91,113.6519835,31.66261254,1.877333081,1.609625453153346,2.0619442506520818,1.8791903257369995,1.8677918910980225,1.8939634561538696,1.8689632415771484,1.9304562635197047,1.8663800148410503,1.8849158893233897
D600,D600|91|4,91,111.5159373,31.23347654,1.866049127,1.6031353213142876,2.05332686083619,1.8805245161056519,1.8692058324813843,1.8621844053268433,1.8734824657440186,1.926922455444229,1.866286698649103,1.873020476403601
D800,D800|91|4,91,110.9142351,31.40294118,1.857228637,1.6042303588180555,2.052797733247971,1.8502122163772583,1.8622733354568481,1.8621537685394287,1.8469502925872803,1.8270463039896734,1.8591456729517795,1.8619134943545559
D800,D800|91|4,91,108.4122078,31.06285051,1.855300706,1.5978532266319572,2.043189740664205,1.8387740850448608,1.8698959350585938,2.005844831466675,1.842475175857544,1.8198052107578466,1.9016416381628078,1.9220925143254715
D800,D800|91|4,91,111.7745137,31.30261903,1.878267981,1.6046088746565776,2.055145141602816,1.8782925605773926,1.8681089878082275,1.85573410987854,1.8739309310913086,1.8279502709038495,1.8666898887015013,1.8716936133209015
D800,D800|91|4,91,114.5613365,31.56523697,1.876924281,1.6106025798327996,2.06512375530069,1.8659069538116455,1.8730062246322632,1.878214716911316,1.8754490613937378,1.8350322100027574,1.8573354926524486,1.8802509688645366
D800,D800|91|4,91,111.882688,31.56515227,1.82775045,1.606920977518296,2.0566040270034938,1.8408441543579102,1.8686493635177612,1.8598599433898926,1.851944923400879,1.8300395092552466,1.8629539047997483,1.872585263089566
S50,S50|91|4,91,111.8920272,31.06813204,1.877396422,1.6032828099823115,2.0540117613408277,1.8963686227798462,1.9642274379730225,1.86366868019104,1.922516942024231,1.8574410740344305,1.956812847075255,1.8725648017828134
S50,S50|91|4,91,112.3886082,31.13409486,1.888569121,1.6045185739885088,2.0558844415292667,1.891977071762085,1.9657373428344727,1.8929378986358643,1.9209364652633667,1.8578679351787863,1.9619976465776539,1.8834059594877004
S50,S50|91|4,91,111.1936646,30.95282975,1.895854585,1.6013501152779708,2.0512711437853652,1.8908742666244507,1.964279294013977,1.87214994430542,1.9253618717193604,1.8567610466388589,1.953734988514692,1.867302722157191
S50,S50|91|4,91,113.797363,31.42396011,1.882504687,1.6088529839972605,2.061603170450231,1.89220130443573,1.962404727935791,1.8704254627227783,1.9209846258163452,1.8594214481444347,1.9574102987678568,1.8735231642892824
S50,S50|91|4,91,113.4506241,31.36419679,1.867779812,1.6078856651502382,2.0602497575041103,1.9051883220672607,1.9638718366622925,1.884819507598877,1.924795389175415,1.8590798634260999,1.9575524738366568,1.8811154534568346
S100,S100|91|4,91,110.5354161,30.82961101,1.883443029,1.5996964883220715,2.0491656057855794,1.8856545686721802,1.885036826133728,1.8268171548843384,1.8768686056137085,1.8614447823865734,1.8679499779365778,1.8576037607730815
S100,S100|91|4,91,111.5409113,31.06347464,1.893646428,1.6030535707679474,2.0534208332862156,1.8858798742294312,1.8833321332931519,1.856804370880127,1.8771641254425049,1.8636139215646752,1.8746101672979196,1.8651064406794007
S100,S100|91|4,91,113.6812823,31.4053255,1.88819627,1.6088375817390865,2.0617221769037424,1.874931812286377,1.8820058107376099,1.8848029375076294,1.866583228111267,1.8676645532323548,1.8827290972286939,1.8827437209266333
S100,S100|91|4,91,110.7798538,30.92543294,1.881334885,1.600840012781803,2.0503706954402148,1.8826196193695068,1.8806530237197876,1.8268171548843384,1.877665400505066,1.8620950450355305,1.86904849685932,1.8586961952099075
S100,S100|91|4,91,110.7313433,30.90369309,1.877746376,1.6005905364379687,2.0501199786644744,1.8857982158660889,1.8800054788589478,1.8268171548843384,1.8775317668914795,1.8619541168909637,1.8688199519362594,1.8584689161534031
S200,S200|91|4,91,112.3899198,31.18609361,1.893085265,1.6049202982272452,2.0566706207666825,1.8795148134231567,1.869861364364624,1.8989970684051514,1.8765705823898315,1.8621877300012635,1.8782169925784264,1.8877721683719717
S200,S200|91|4,91,111.4792706,31.08419567,1.879307862,1.6028103106706735,2.053314239671274,1.8794933557510376,1.8686797618865967,1.865132451057434,1.8754923343658447,1.8618217887754978,1.8708737987751125,1.8705440880196644
S200,S200|91|4,91,111.6938042,31.13904543,1.887049371,1.6035647903913186,2.0542388433005185,1.880458950996399,1.8673524856567383,1.865132451057434,1.8750768899917603,1.862038216714546,1.8717162498090483,1.8713863905854529
S200,S200|91|4,91,111.1065958,31.04107029,1.878233348,1.6019311464083026,2.051928854163609,1.8776469230651855,1.865901231765747,1.8752473592758179,1.8744549751281738,1.861665769828933,1.871953148885796,1.8691975064113138
S200,S200|91|4,91,113.0066537,31.31834472,1.860544951,1.6068659354160357,2.0592027116228997,1.8784565925598145,1.8680473566055298,1.902073621749878,1.8751862049102783,1.8627006335682499,1.879777239696871,1.8900963181886175
S400,S400|91|4,91,104.8232575,29.68181763,1.824360742,1.5816505398458172,2.0256605509809913,1.8770428895950317,1.88870370388031,1.9319300651550293,1.8750413656234741,1.7903867083181428,1.8933231234751149,1.9479084003848954
S400,S400|91|4,91,111.3092027,31.50831262,1.861976236,1.6063278088703694,2.055022670602894,1.8487365245819092,1.9170280694961548,1.8814857006072998,1.8349179029464722,1.8085406933099515,1.8633359996481145,1.8736391531592669
S400,S400|91|4,91,110.203417,31.24730076,1.847779778,1.602619239300666,2.0503253084416158,1.8504793643951416,1.8559561967849731,1.9029943943023682,1.8377394676208496,1.8058969263149296,1.8637741380099855,1.87120358437797
S400,S400|91|4,91,111.2293769,31.45653789,1.845557556,1.6057902572238845,2.0545449669365925,1.848557710647583,1.8591233491897583,1.8814857006072998,1.8391562700271606,1.8080983828031538,1.8629028548213853,1.8732036132960852
S400,S400|91|4,91,111.299442,31.52431518,1.849355485,1.6064455441172387,2.055058952835744,1.8487365245819092,1.9170280694961548,1.8814857006072998,1.8349179029464722,1.8086574186772033,1.8633688975774583,1.873672232994835
S600,S600|91|4,91,109.5463537,31.20282183,1.852619799,1.601468676231357,2.048509830351,1.8483895063400269,1.8508789539337158,1.9133667945861816,1.8413629531860352,1.7908191060161178,1.8504469869342033,1.8793820446974872
S600,S600|91|4,91,109.7982656,31.15201728,1.836251919,1.6014074135271785,2.0491160931681724,1.8424371480941772,1.8563975095748901,1.9133667945861816,1.8411332368850708,1.7904553453724557,1.8509946324405637,1.879938253623644
S600,S600|91|4,91,106.6818791,30.41864015,1.81680461,1.5907932753847496,2.0356708745587375,1.839477777481079,1.8576915264129639,1.9335196018218994,1.8422986268997192,1.7901793897741431,1.871791226092753,1.927022754082052
S600,S600|91|4,91,110.0383211,31.31563755,1.826380347,1.6030999442527725,2.05059644904082,1.8477369546890259,1.8503262996673584,1.9096299409866333,1.840866208076477,1.790851306877185,1.8492383415801745,1.8796054053979792
S600,S600|91|4,91,110.2236622,31.33584664,1.827097635,1.603529461762863,2.051286050430775,1.8477369546890259,1.8487480878829956,1.905919075012207,1.8412607908248901,1.790785762919108,1.8452296407349416,1.8764937133632846
S800,S800|91|4,91,111.2992284,31.38496699,1.860479626,1.6058053852672467,2.0561355940379853,1.8839219808578491,1.839084267616272,1.8666765689849854,1.861855387687683,1.8963830812707625,1.8330108038869184,1.865850458660823
S800,S800|91|4,91,111.0902558,31.41178129,1.853817398,1.6057336086682643,2.055572267334182,1.851614236831665,1.837113380432129,1.8822392225265503,1.8397817611694336,1.896508825878277,1.830271852136889,1.8650819695700427
S800,S800|91|4,91,110.383661,31.2247476,1.864159369,1.6031949513977133,2.052477440876509,1.8399263620376587,1.8363462686538696,1.9137098789215088,1.8369526863098145,1.895343661711128,1.8348548741980328,1.873874442894353
S800,S800|91|4,91,110.4906306,31.24015715,1.842760175,1.603473376455537,2.052891823804667,1.8399263620376587,1.835837483406067,1.910086989402771,1.8365304470062256,1.895446361798265,1.835225320430655,1.8742527669446847
S800,S800|91|4,91,109.7484877,31.15032067,1.851627686,1.6016789974493084,2.0500839796907147,1.8372191190719604,1.8365755081176758,1.9047783613204956,1.8332228660583496,1.8948310904594075,1.8306153990585452,1.8690870018609316
