Sample,Droplet diameter [m],Impact velocity [m/s],Density [kg/m3],Surface Tension [N/m],Dynamic Viscosity [Pa s],Distance between adjacent laser beam passes [µm],Average depth of micro-channels [µm],Reynolds number,Weber number,Contact time [s],Rebound efficiency,Spreading coefficient,Lamella velocity [m/s]
D50,0.002473716,0.536893722,997.2375,0.07246,0.000943923,50,25,1403.137456,9.813564425,0.0116,0.37982146,1.560186908,0.630630631
D50,0.002447832,0.520219068,997.2375,0.07246,0.000943923,50,25,1345.3331,9.117049816,0.0112,0.404025451,1.561484361,0.563938619
D50,0.002457574,0.525367238,997.2375,0.07246,0.000943923,50,25,1364.054232,9.335398427,0.0114,0.390917009,1.560393514,0.626598465
D50,0.002444521,0.515019661,997.2375,0.07246,0.000943923,50,25,1330.085602,8.923631648,0.0114,0.410315507,1.558472561,0.532608696
D50,0.002455661,0.523726659,997.2375,0.07246,0.000943923,50,25,1358.736271,9.269964776,0.0114,0.397798516,1.561608985,0.595268542
D100,0.002448526,0.522099822,997.2375,0.07246,0.000943923,100,25,1350.579846,9.185695473,0.0114,0.396497871,1.561041612,0.595268542
D100,0.00245558,0.52330602,997.2375,0.07246,0.000943923,100,25,1357.599961,9.254773228,0.0116,0.394548929,1.556557304,0.626598465
D100,0.002457208,0.530832045,997.2375,0.07246,0.000943923,100,25,1378.037605,9.529199845,0.0114,0.383043796,1.560626044,0.657928389
D100,0.00245733,0.522913755,997.2375,0.07246,0.000943923,100,25,1357.549194,9.24749013,0.0116,0.393452046,1.555448691,0.563938619
D100,0.002465251,0.534823601,997.2375,0.07246,0.000943923,100,25,1392.944357,9.704710081,0.0116,0.378180323,1.570784601,0.563938619
D200,0.002459363,0.518653843,997.2375,0.07246,0.000943923,200,25,1347.604189,9.104963026,0.0116,0.400618004,1.559258194,0.563938619
D200,0.002462411,0.511564347,997.2375,0.07246,0.000943923,200,25,1330.83058,8.868726744,0.0114,0.414280563,1.557328689,0.626598465
D200,0.002465616,0.517067388,997.2375,0.07246,0.000943923,200,25,1346.897804,9.072354799,0.0114,0.408906214,1.560386696,0.595268542
D200,0.002459811,0.522088954,997.2375,0.07246,0.000943923,200,25,1356.77618,9.227646501,0.0116,0.397317852,1.56406944,0.657928389
D200,0.00245851,0.518410948,997.2375,0.07246,0.000943923,200,25,1346.505423,9.093278763,0.0116,0.40223496,1.559799742,0.595268542
D400,0.002462735,0.501838412,997.2375,0.07246,0.000943923,400,25,1305.700843,8.535831207,0.0114,0.431688447,1.57747785,0.563938619
D400,0.002462898,0.510271662,997.2375,0.07246,0.000943923,400,25,1327.730311,8.825707996,0.0116,0.415492939,1.582462146,0.595268542
D400,0.002463547,0.5070987,997.2375,0.07246,0.000943923,400,25,1319.822169,8.718587882,0.0116,0.416701149,1.571871059,0.626598465
D400,0.002461355,0.503702475,997.2375,0.07246,0.000943923,400,25,1309.816081,8.594539988,0.0116,0.425204783,1.578362744,0.563938619
D400,0.002456842,0.504200763,997.2375,0.07246,0.000943923,400,25,1308.707833,8.595763022,0.0114,0.426900125,1.571060369,0.563938619
D600,0.002470315,0.509208729,997.2375,0.07246,0.000943923,600,25,1328.955057,8.815447588,0.012,0.393812556,1.562491354,0.657928389
D600,0.002465332,0.509081136,997.2375,0.07246,0.000943923,600,25,1325.941911,8.793256391,0.0122,0.392787874,1.560566365,0.563938619
D600,0.002471691,0.510800884,997.2375,0.07246,0.000943923,600,25,1333.852732,8.875600725,0.0116,0.40181372,1.566691898,0.563938619
D600,0.002475491,0.519682077,997.2375,0.07246,0.000943923,600,25,1359.130182,9.201042343,0.012,0.388367515,1.559224889,0.563938619
D600,0.002480091,0.519669599,997.2375,0.07246,0.000943923,600,25,1361.623057,9.217697297,0.012,0.37721217,1.58159802,0.595268542
D800,0.002499246,0.516404123,997.2375,0.07246,0.000943923,800,25,1363.517698,9.172520989,0.0126,0.384392613,1.644690279,0.814578005
D800,0.002498726,0.509873018,997.2375,0.07246,0.000943923,800,25,1345.992744,8.940112469,0.0122,0.378572336,1.57983316,0.657928389
D800,0.002490671,0.503564301,997.2375,0.07246,0.000943923,800,25,1325.053001,8.692134098,0.012,0.412790156,1.564816559,0.626598465
D800,0.002503922,0.508260876,997.2375,0.07246,0.000943923,800,25,1344.527154,8.902141484,0.0142,0.31793632,1.566544735,0.595268542
D800,0.002502524,0.506758003,997.2375,0.07246,0.000943923,800,25,1339.803103,8.844633247,0.02,0.212351186,1.592458478,0.563938619
S50,0.002465332,0.484219521,997.2375,0.07246,0.000943923,50,6,1261.187877,7.955368754,0.0114,0.466101876,1.575816199,0.563938619
S50,0.002495323,0.49956381,997.2375,0.07246,0.000943923,50,6,1316.981636,8.570554519,0.0116,0.436726466,1.602076658,0.595268542
S50,0.002498766,0.504806562,997.2375,0.07246,0.000943923,50,6,1332.639357,8.763465091,0.0116,0.428969959,1.579807863,0.595268542
S50,0.002489627,0.49453188,997.2375,0.07246,0.000943923,50,6,1300.740148,8.379595842,0.0114,0.44708481,1.580573721,0.563938619
S50,0.002494241,0.500223262,997.2375,0.07246,0.000943923,50,6,1318.148284,8.589470381,0.0116,0.435524678,1.592722949,0.626598465
S100,0.002486854,0.52501096,997.2375,0.07246,0.000943923,100,6,1379.369782,9.433814042,0.0116,0.397085894,1.567218001,0.626598465
S100,0.002489466,0.525848557,997.2375,0.07246,0.000943923,100,6,1383.021445,9.473879013,0.0116,0.396194015,1.570607716,0.657928389
S100,0.00248818,0.531129487,997.2375,0.07246,0.000943923,100,6,1396.189355,9.660129968,0.0116,0.385566577,1.571419163,0.877237852
S100,0.002487457,0.528422337,997.2375,0.07246,0.000943923,100,6,1388.669176,9.559126235,0.0116,0.391320098,1.566838091,0.689258312
S100,0.002475248,0.521858077,997.2375,0.07246,0.000943923,100,6,1364.687488,9.277348112,0.0116,0.401188651,1.564440461,0.626598465
S200,0.002499886,0.512474037,997.2375,0.07246,0.000943923,200,6,1353.487173,9.035750832,0.012,0.396634872,1.56406097,0.626598465
S200,0.002490229,0.503792268,997.2375,0.07246,0.000943923,200,6,1325.417821,8.698463341,0.0116,0.42819376,1.580191426,0.563938619
S200,0.002501525,0.512496515,997.2375,0.07246,0.000943923,200,6,1354.434088,9.042468938,0.0118,0.41481949,1.583074977,0.595268542
S200,0.002501765,0.508472288,997.2375,0.07246,0.000943923,200,6,1343.927612,8.901873101,0.0118,0.419959147,1.572904736,0.595268542
S200,0.002498406,0.506414822,997.2375,0.07246,0.000943923,200,6,1336.692324,8.81812186,0.0118,0.424010795,1.585051572,0.720588235
S400,0.002494241,0.511851219,997.2375,0.07246,0.000943923,400,6,1348.789346,8.993445408,0.0136,0.357724761,1.562576774,0.563938619
S400,0.00249408,0.510800728,997.2375,0.07246,0.000943923,400,6,1345.934645,8.955992344,0.0118,0.416370282,1.582775974,0.563938619
S400,0.002497686,0.510702904,997.2375,0.07246,0.000943923,400,6,1347.622098,8.965503508,0.0118,0.413760293,1.570456464,0.689258312
S400,0.002498406,0.512148935,997.2375,0.07246,0.000943923,400,6,1351.827634,9.018946862,0.0132,0.337897404,1.5750196,0.657928389
S400,0.002502924,0.514883719,997.2375,0.07246,0.000943923,400,6,1361.503762,9.132007074,0.012,0.404945566,1.577183511,0.532608696
S600,0.002497005,0.514805607,997.2375,0.07246,0.000943923,600,6,1358.07798,9.107647422,0.0118,0.407226702,1.555828114,0.563938619
S600,0.002496484,0.514887129,997.2375,0.07246,0.000943923,600,6,1358.009859,9.10863275,0.012,0.406862148,1.56117239,0.626598465
S600,0.002495443,0.516407315,997.2375,0.07246,0.000943923,600,6,1361.451125,9.158675554,0.0136,0.313434782,1.561823954,0.563938619
S600,0.002498606,0.514167839,997.2375,0.07246,0.000943923,600,6,1357.265257,9.090920795,0.0136,0.346497932,1.559846724,0.563938619
S600,0.002495723,0.512155998,997.2375,0.07246,0.000943923,600,6,1350.394738,9.009511288,0.0118,0.409815903,1.561648453,0.532608696
S800,0.002499726,0.513597387,997.2375,0.07246,0.000943923,800,6,1356.367227,9.074826434,0.0122,0.390106422,1.589227754,0.563938619
S800,0.002500964,0.518391124,997.2375,0.07246,0.000943923,800,6,1369.704849,9.249596423,0.0128,0.33014637,1.580440672,0.627400768
S800,0.002504648,0.518688686,997.2375,0.07246,0.000943923,800,6,1372.510181,9.273861026,0.0192,0.210356147,1.59815524,0.564660691
S800,0.002501525,0.512694761,997.2375,0.07246,0.000943923,800,6,1354.957682,9.04946375,0.014,0.320250613,1.615199232,0.533290653
S800,0.002501925,0.513085607,997.2375,0.07246,0.000943923,800,6,1356.207807,9.064718163,0.0154,0.279743514,1.584848504,0.564660691
D50,0.002479592,0.983186688,997.2375,0.07246,0.000943923,50,25,2575.598999,32.98773303,0.0114,0.220861744,2.044100443,1.15477707
D50,0.002466875,0.975795597,997.2375,0.07246,0.000943923,50,25,2543.126812,32.32697777,0.0118,0.2286463,2.04957737,1.217197452
D50,0.002525349,0.959830367,997.2375,0.07246,0.000943923,50,25,2560.813087,32.0192091,0.012,0.22159002,1.999572687,1.059796438
D50,0.002527464,0.960481371,997.2375,0.07246,0.000943923,50,25,2564.696446,32.08951474,0.0122,0.222831557,2.017631508,1.028625954
D50,0.002532643,0.962175404,997.2375,0.07246,0.000943923,50,25,2574.484704,32.26879889,0.012,0.217988972,2.006211894,1.123566879
D100,0.0025198,0.893854837,997.2375,0.07246,0.000943923,100,25,2379.551678,27.70769315,0.0128,0.24789067,2.016437285,0.967515924
D100,0.002522594,0.917856605,997.2375,0.07246,0.000943923,100,25,2446.156795,29.24808005,0.0128,0.23712487,1.994408192,0.905095541
D100,0.002523931,0.898882096,997.2375,0.07246,0.000943923,100,25,2396.857924,28.06617674,0.0128,0.220134623,1.97356662,0.998726115
D100,0.002517831,0.900628084,997.2375,0.07246,0.000943923,100,25,2395.708878,28.1072115,0.0128,0.246018768,1.983306755,1.029936306
D100,0.002532526,0.918938639,997.2375,0.07246,0.000943923,100,25,2458.682349,29.43250116,0.0128,0.210770741,1.971798525,0.998726115
D200,0.002535815,0.948443576,997.2375,0.07246,0.000943923,200,25,2540.920213,31.39357402,0.013,0.218816107,1.964318123,1.061146497
D200,0.002533348,0.943678185,997.2375,0.07246,0.000943923,200,25,2525.694787,31.04867112,0.013,0.221593455,1.961302475,1.029936306
D200,0.002533583,0.916677417,997.2375,0.07246,0.000943923,200,25,2453.656512,29.30006149,0.013,0.222411822,1.966048011,1.029936306
D200,0.002542535,0.940094938,997.2375,0.07246,0.000943923,200,25,2525.229035,30.92507221,0.013,0.210632934,1.959125658,0.998726115
D200,0.002534562,0.925767615,997.2375,0.07246,0.000943923,200,25,2478.945472,29.89559435,0.0128,0.232828555,1.970214261,1.029936306
D400,0.002512856,0.918852117,997.2375,0.07246,0.000943923,400,25,2439.356091,29.19840015,0.0128,0.225806378,1.964858008,1.090966921
D400,0.002523192,0.918320727,997.2375,0.07246,0.000943923,400,25,2447.973946,29.28460779,0.0128,0.222198566,1.951867166,1.090966921
D400,0.002520249,0.908872487,997.2375,0.07246,0.000943923,400,25,2419.961419,28.6516497,0.0128,0.226466502,1.959093971,1.059796438
D400,0.002533409,0.940827958,997.2375,0.07246,0.000943923,400,25,2518.126425,30.86213586,0.0128,0.209801127,1.953838928,1.028625954
D400,0.002534659,0.943242289,997.2375,0.07246,0.000943923,400,25,2525.833788,31.03603736,0.013,0.211360825,1.947956474,0.966284987
D600,0.002526642,0.901665632,997.2375,0.07246,0.000943923,600,25,2406.862061,28.27059515,0.014,0.211122134,1.954137272,0.997455471
D600,0.002542533,0.923191882,997.2375,0.07246,0.000943923,600,25,2479.823057,29.82297086,0.0162,0.168626924,1.941923138,0.935114504
D600,0.002539262,0.914235196,997.2375,0.07246,0.000943923,600,25,2452.604052,29.20946562,0.0134,0.215165105,1.944425234,1.028625954
D600,0.002533917,0.906296641,997.2375,0.07246,0.000943923,600,25,2426.18954,28.64397793,0.0134,0.22130508,1.943606342,0.935114504
D600,0.002539651,0.918864438,997.2375,0.07246,0.000943923,600,25,2465.401166,29.51054802,0.013,0.224929103,1.939217447,0.966284987
D800,0.002547899,0.897632252,997.2375,0.07246,0.000943923,800,25,2416.254946,28.25396732,0.0144,0.19733698,1.937833439,0.997455471
D800,0.002550306,0.905684547,997.2375,0.07246,0.000943923,800,25,2440.233383,28.79032421,0.014,0.198987958,1.931115531,0.935114504
D800,0.002548482,0.898461005,997.2375,0.07246,0.000943923,800,25,2419.038769,28.31263534,0.0162,0.162123593,1.937390462,0.966284987
D800,0.002545801,0.896408576,997.2375,0.07246,0.000943923,800,25,2410.973826,28.15378128,0.015,0.191647344,1.939430677,1.028625954
D800,0.002551238,0.915043001,997.2375,0.07246,0.000943923,800,25,2466.348539,29.39911029,0.0146,0.202883582,1.930410702,0.997455471
S50,0.002502002,0.957970736,997.2375,0.07246,0.000943923,50,6,2532.222529,31.60038287,0.0124,0.219619066,2.018231427,1.153307888
S50,0.002504295,0.956875995,997.2375,0.07246,0.000943923,50,6,2531.646954,31.55709631,0.0126,0.218268309,2.016383376,1.028625954
S50,0.002487562,0.957108295,997.2375,0.07246,0.000943923,50,6,2515.341942,31.36146534,0.0124,0.218012324,2.019922289,1.184478372
S50,0.002501092,0.960395862,997.2375,0.07246,0.000943923,50,6,2537.709663,31.74902897,0.0124,0.217327558,2.023950784,1.215648855
S50,0.002505006,0.95589344,997.2375,0.07246,0.000943923,50,6,2529.765633,31.50126567,0.0124,0.220939323,2.020788185,1.122137405
S100,0.002553564,0.918256436,997.2375,0.07246,0.000943923,100,6,2477.266743,29.63295674,0.0124,0.234879068,1.928651999,1.090966921
S100,0.002551548,0.912285663,997.2375,0.07246,0.000943923,100,6,2459.215669,29.22575241,0.0124,0.231846059,1.93017593,0.90394402
S100,0.002555153,0.923158545,997.2375,0.07246,0.000943923,100,6,2492.040895,29.96882342,0.0126,0.225758404,1.932332607,0.997455471
S100,0.002555811,0.920763219,997.2375,0.07246,0.000943923,100,6,2486.215211,29.82118626,0.0124,0.231751556,1.936713222,0.966284987
S100,0.002556508,0.927075956,997.2375,0.07246,0.000943923,100,6,2503.943233,30.23973842,0.0126,0.22770385,1.941062316,0.966284987
S200,0.002551432,0.920790629,997.2375,0.07246,0.000943923,200,6,2482.029002,29.77186057,0.0128,0.226765614,1.935150704,0.966284987
S200,0.002558636,0.928244475,997.2375,0.07246,0.000943923,200,6,2509.186407,30.34125448,0.0128,0.225377116,1.934574776,0.966284987
S200,0.00255643,0.925163578,997.2375,0.07246,0.000943923,200,6,2498.702409,30.11419764,0.0124,0.229177708,1.931366726,1.059796438
S200,0.002551587,0.922715412,997.2375,0.07246,0.000943923,200,6,2487.36858,29.8982764,0.0124,0.231300714,1.93014659,1.090966921
S200,0.002552556,0.922260461,997.2375,0.07246,0.000943923,200,6,2487.086768,29.88014913,0.0132,0.219626229,1.934298104,0.935114504
S400,0.002559719,0.885184976,997.2375,0.07246,0.000943923,400,6,2393.80262,27.6032746,0.0124,0.251597003,1.928885505,0.935114504
S400,0.002514194,0.894409312,997.2375,0.07246,0.000943923,400,6,2375.73064,27.6803607,0.0126,0.26265697,1.934057083,0.997455471
S400,0.002565126,0.89032724,997.2375,0.07246,0.000943923,400,6,2412.794825,27.98390307,0.0126,0.249497372,1.924819553,0.997455471
S400,0.002558791,0.885633528,997.2375,0.07246,0.000943923,400,6,2394.147275,27.62123835,0.0124,0.25126285,1.919839737,0.935114504
S400,0.002559332,0.897848798,997.2375,0.07246,0.000943923,400,6,2427.682581,28.39444221,0.0128,0.240334193,1.9194336,1.028625954
S600,0.002571292,0.902760107,997.2375,0.07246,0.000943923,600,6,2452.368465,28.84007039,0.0134,0.229138453,1.925053088,0.966284987
S600,0.002575637,0.910148545,997.2375,0.07246,0.000943923,600,6,2476.617838,29.36361421,0.013,0.234071376,1.926645985,0.997455471
S600,0.002575483,0.905743397,997.2375,0.07246,0.000943923,600,6,2464.483852,29.07832507,0.0132,0.231306146,1.921919857,0.997455471
S600,0.002562115,0.899247164,997.2375,0.07246,0.000943923,600,6,2434.107218,28.51392577,0.0126,0.242410287,1.927081693,0.935114504
S600,0.002565087,0.889042278,997.2375,0.07246,0.000943923,600,6,2409.276327,27.90276627,0.013,0.242284912,1.924848505,1.028625954
S800,0.002586144,0.905768932,997.2375,0.07246,0.000943923,800,6,2474.754616,29.20033253,0.0146,0.215298355,1.92363974,1.028625954
S800,0.002588668,0.907070124,997.2375,0.07246,0.000943923,800,6,2480.728938,29.31287457,0.0152,0.205882608,1.912130921,1.028625954
S800,0.002588133,0.900927966,997.2375,0.07246,0.000943923,800,6,2463.421375,28.91125921,0.0162,0.162364227,1.917343839,1.059796438
S800,0.002584881,0.902492214,997.2375,0.07246,0.000943923,800,6,2464.597549,28.97528457,0.0142,0.207836637,1.910109237,0.935114504
S800,0.002589662,0.909153017,997.2375,0.07246,0.000943923,800,6,2487.379954,29.45895575,0.0164,0.129456309,1.916211727,1.028625954
D50,0.002445189,1.226051341,997.2375,0.07246,0.000943923,50,25,3167.25537,50.58595711,0.0112,0.123554112,2.401662904,1.496183206
D50,0.002466664,1.226827757,997.2375,0.07246,0.000943923,50,25,3197.096252,51.09489823,0.0112,0.162246402,2.408329379,1.576576577
D50,0.002470398,1.222857374,997.2375,0.07246,0.000943923,50,25,3191.572639,50.84154899,0.011,0.119821036,2.409795375,1.45045045
D50,0.002467116,1.234302348,997.2375,0.07246,0.000943923,50,25,3217.163799,51.72886649,0.011,0.115932685,2.433450011,1.45045045
D50,0.002465802,1.225709165,997.2375,0.07246,0.000943923,50,25,3193.064549,50.9839366,0.0112,0.135965904,2.434746684,1.671171171
D100,0.002476907,1.2185812,997.2375,0.07246,0.000943923,100,25,3188.792532,50.61963061,0.0116,0.153247906,2.383093911,1.671171171
D100,0.002472037,1.225592516,997.2375,0.07246,0.000943923,100,25,3200.83367,51.10312293,0.0122,0.164179795,2.377584742,1.63963964
D100,0.002472815,1.227806027,997.2375,0.07246,0.000943923,100,25,3207.624125,51.30402822,0.0122,0.149676225,2.412540012,1.63963964
D100,0.002470603,1.226578234,997.2375,0.07246,0.000943923,100,25,3201.549428,51.15566074,0.0112,0.129027024,2.430015758,1.608108108
D100,0.00247048,1.221130191,997.2375,0.07246,0.000943923,100,25,3187.170584,50.69971418,0.0108,0.123768896,2.430136719,1.576576577
D200,0.002477684,1.215485758,997.2375,0.07246,0.000943923,200,25,3181.689776,50.37858216,0.0118,0.148534697,2.428161204,1.608108108
D200,0.002481156,1.217584314,997.2375,0.07246,0.000943923,200,25,3191.649031,50.62352781,0.0116,0.154240629,2.404430077,1.513513514
D200,0.002480544,1.218277176,997.2375,0.07246,0.000943923,200,25,3192.677113,50.6686509,0.012,0.15660255,2.384685146,1.608108108
D200,0.002480911,1.20967237,997.2375,0.07246,0.000943923,200,25,3170.596487,49.96282302,0.0122,0.148747427,2.384331984,1.671171171
D200,0.00248238,1.216542689,997.2375,0.07246,0.000943923,200,25,3190.492025,50.56188429,0.0114,0.147645663,2.388001759,1.63963964
D400,0.002496177,1.217609679,997.2375,0.07246,0.000943923,400,25,3211.038631,50.93213201,0.0116,0.143024166,2.4082186,1.547036082
D400,0.002492147,1.217906923,997.2375,0.07246,0.000943923,400,25,3206.636954,50.87473104,0.0116,0.136914975,2.417180474,1.578608247
D400,0.002495119,1.216687466,997.2375,0.07246,0.000943923,400,25,3207.246912,50.83345912,0.0116,0.140562482,2.394055265,1.578608247
D400,0.002494468,1.217682628,997.2375,0.07246,0.000943923,400,25,3209.032502,50.90336113,0.0116,0.143668599,2.419993966,1.578608247
D400,0.002494794,1.212154488,997.2375,0.07246,0.000943923,400,25,3194.880839,50.44880369,0.0116,0.144088289,2.429802299,1.736469072
D600,0.002493817,1.219163361,997.2375,0.07246,0.000943923,600,25,3212.095826,51.01391207,0.0134,0.117533391,2.420626025,1.515463918
D600,0.002494387,1.218793505,997.2375,0.07246,0.000943923,600,25,3211.855239,50.99461625,0.012,0.130101674,2.394758376,1.578608247
D600,0.002495038,1.207283379,997.2375,0.07246,0.000943923,600,25,3182.353477,50.04905392,0.012,0.115814671,2.384010172,1.578608247
D600,0.002490639,1.217545553,997.2375,0.07246,0.000943923,600,25,3203.745884,50.81378126,0.0132,0.115037189,2.418643886,1.515463918
D600,0.00248962,1.206684833,997.2375,0.07246,0.000943923,600,25,3173.868388,49.89086129,0.0146,0.106472261,2.39934375,1.736469072
D800,0.002522204,1.184912046,997.2375,0.07246,0.000943923,800,25,3157.391312,48.73632278,0.017,0.069814199,2.360297782,1.513513514
D800,0.002522044,1.184631894,997.2375,0.07246,0.000943923,800,25,3156.443787,48.71017774,0.0154,0.099156711,2.375450943,1.797297297
D800,0.0025212,1.195526718,997.2375,0.07246,0.000943923,800,25,3184.407726,49.59366329,0.0128,0.132198894,2.371242957,1.481981982
D800,0.00251895,1.18732808,997.2375,0.07246,0.000943923,800,25,3159.7469,48.87213021,0.0142,0.106516721,2.383375605,1.545045045
D800,0.002522405,1.194061463,997.2375,0.07246,0.000943923,800,25,3182.024677,49.49581266,0.0134,0.133671111,2.365110163,1.63963964
S50,0.002499739,1.203928618,997.2375,0.07246,0.000943923,50,6,3179.490376,49.86507612,0.0116,0.139039519,2.38150949,1.608108108
S50,0.002502371,1.209555796,997.2375,0.07246,0.000943923,50,6,3197.714675,50.38530021,0.012,0.131660499,2.394125437,1.45045045
S50,0.002505445,1.213027695,997.2375,0.07246,0.000943923,50,6,3210.832662,50.73721473,0.0118,0.137288763,2.396222224,1.797297297
S50,0.002504313,1.209028019,997.2375,0.07246,0.000943923,50,6,3198.799719,50.38040435,0.0118,0.135195845,2.392269046,1.418918919
S50,0.002506698,1.210863563,997.2375,0.07246,0.000943923,50,6,3206.706861,50.5816166,0.0118,0.139032832,2.369866879,1.734234234
S100,0.002507223,1.212434685,997.2375,0.07246,0.000943923,100,6,3211.540312,50.72358768,0.012,0.136401571,2.374401007,1.734234234
S100,0.002509443,1.213393158,997.2375,0.07246,0.000943923,100,6,3216.924579,50.84879371,0.012,0.14705735,2.370325356,1.483891753
S100,0.00251545,1.219360883,997.2375,0.07246,0.000943923,100,6,3240.484327,51.47311104,0.0118,0.141541285,2.391706078,1.63963964
S100,0.002513073,1.220822109,997.2375,0.07246,0.000943923,100,6,3241.302463,51.5478052,0.0122,0.139896846,2.424080577,1.513513514
S100,0.002505515,1.208092764,997.2375,0.07246,0.000943923,100,6,3197.859183,50.3266303,0.012,0.14392079,2.379081599,1.610180412
S200,0.002531702,1.199068621,997.2375,0.07246,0.000943923,200,6,3207.146081,50.09576507,0.0124,0.132337984,2.41122508,1.797297297
S200,0.002534101,1.200691837,997.2375,0.07246,0.000943923,200,6,3214.530797,50.279087,0.012,0.133696803,2.384056674,1.481981982
S200,0.002538095,1.204815638,997.2375,0.07246,0.000943923,200,6,3230.654013,50.70482398,0.0126,0.164545129,2.375336473,1.63963964
S200,0.002539571,1.202126811,997.2375,0.07246,0.000943923,200,6,3225.318489,50.50811064,0.0124,0.145090918,2.354090276,1.63963964
S200,0.002539291,1.200557613,997.2375,0.07246,0.000943923,200,6,3220.754239,50.37079749,0.013,0.141050557,2.349382093,1.576576577
S400,0.002527183,1.194349497,997.2375,0.07246,0.000943923,400,6,3188.820783,49.61348986,0.0124,0.137916329,2.333697666,1.641752577
S400,0.002523363,1.188218168,997.2375,0.07246,0.000943923,400,6,3167.655677,49.03118507,0.0122,0.142659516,2.347239773,1.641752577
S400,0.002528468,1.194056742,997.2375,0.07246,0.000943923,400,6,3189.660582,49.61439163,0.012,0.141162669,2.35748471,1.736469072
S400,0.002525937,1.188789021,997.2375,0.07246,0.000943923,400,6,3172.410127,49.12836908,0.0124,0.152817248,2.334848634,1.641752577
S400,0.002526901,1.193467463,997.2375,0.07246,0.000943923,400,6,3186.111197,49.53472384,0.0122,0.134255705,2.323961879,1.673324742
S600,0.002528147,1.196752252,997.2375,0.07246,0.000943923,600,6,3196.45485,49.83231482,0.0126,0.133952523,2.352788986,1.610180412
S600,0.002530876,1.197633109,997.2375,0.07246,0.000943923,600,6,3202.261126,49.95957908,0.013,0.14198646,2.360231398,1.673324742
S600,0.002528107,1.196232843,997.2375,0.07246,0.000943923,600,6,3195.016782,49.78827726,0.0126,0.139165883,2.337840207,1.673324742
S600,0.002533843,1.197086011,997.2375,0.07246,0.000943923,600,6,3204.550624,49.97245967,0.0126,0.14114553,2.352483628,1.704896907
S600,0.002532801,1.196568731,997.2375,0.07246,0.000943923,600,6,3201.848568,49.90874756,0.0126,0.149694546,2.358437625,1.610180412
S800,0.002558205,1.181801389,997.2375,0.07246,0.000943923,800,6,3194.051024,49.17275932,0.0138,0.12919874,2.327082283,1.608108108
S800,0.002558957,1.184507665,997.2375,0.07246,0.000943923,800,6,3202.306388,49.41274615,0.0162,0.090679697,2.375686483,1.797297297
S800,0.002557769,1.183337593,997.2375,0.07246,0.000943923,800,6,3197.658473,49.29228746,0.0132,0.13454032,2.357065093,1.671171171
S800,0.002555789,1.18447426,997.2375,0.07246,0.000943923,800,6,3198.251711,49.34878929,0.0126,0.137866234,2.344086808,1.45045045
S800,0.002552379,1.186051823,997.2375,0.07246,0.000943923,800,6,3198.238494,49.41431113,0.0128,0.133460057,2.371926086,1.545045045
D50,0.002451142,1.464794241,997.2375,0.07246,0.000943923,50,25,3793.211936,72.38056453,0.0108,0.113308072,2.712659774,2.201898734
D50,0.002449103,1.465253718,997.2375,0.07246,0.000943923,50,25,3791.245077,72.3657263,0.011,0.114205692,2.725048716,2.108860759
D50,0.00245246,1.463588008,997.2375,0.07246,0.000943923,50,25,3792.127153,72.30027806,0.0108,0.094543549,2.731434141,2.046835443
D50,0.0024459,1.447388333,997.2375,0.07246,0.000943923,50,25,3740.123026,70.51949432,0.011,0.121726938,2.738759908,1.860759494
D50,0.002437756,1.42523545,997.2375,0.07246,0.000943923,50,25,3670.615572,68.14966927,0.0108,0.120871063,2.737732498,2.046835443
D100,0.002453099,1.46657021,997.2375,0.07246,0.000943923,100,25,3800.844135,72.61413251,0.0108,0.129270439,2.675096745,2.108860759
D100,0.002448783,1.455290625,997.2375,0.07246,0.000943923,100,25,3764.974204,71.37563257,0.01,0.089834001,2.867247482,1.860759494
D100,0.002456292,1.457314685,997.2375,0.07246,0.000943923,100,25,3781.772712,71.79380961,0.011,0.126051084,2.696871146,2.232911392
D100,0.002455494,1.458380743,997.2375,0.07246,0.000943923,100,25,3783.309937,71.87553265,0.011,0.120449133,2.647227765,2.015822785
D100,0.00244574,1.45672258,997.2375,0.07246,0.000943923,100,25,3763.996604,71.42731233,0.0106,0.124070263,2.657785564,1.829746835
D200,0.002473541,1.420561628,997.2375,0.07246,0.000943923,200,25,3712.284845,68.69729006,0.011,0.10873018,2.748276141,1.984810127
D200,0.002473937,1.426534009,997.2375,0.07246,0.000943923,200,25,3728.489035,69.28723553,0.01,0.093868787,2.682650303,2.170886076
D200,0.002483818,1.427822774,997.2375,0.07246,0.000943923,200,25,3746.761321,69.68969547,0.0104,0.080043547,2.701945369,1.92278481
D200,0.002480818,1.41978587,997.2375,0.07246,0.000943923,200,25,3721.172584,68.82415627,0.0108,0.118133217,2.740214864,2.015822785
D200,0.002476708,1.430573646,997.2375,0.07246,0.000943923,200,25,3743.234443,69.75823477,0.0106,0.10464102,2.744762506,2.325949367
D400,0.002465925,1.456511626,997.2375,0.07246,0.000943923,400,25,3794.511837,71.99595575,0.0104,0.059940323,2.766825409,2.294936709
D400,0.002454217,1.431657717,997.2375,0.07246,0.000943923,400,25,3712.053915,69.22958172,0.011,0.055910393,2.901334736,2.232911392
D400,0.0024386,1.397806986,997.2375,0.07246,0.000943923,400,25,3601.221136,65.57453669,0.011,0.122183481,2.782567861,2.015822785
D400,0.002444178,1.403440027,997.2375,0.07246,0.000943923,400,25,3624.003868,66.25531838,0.0122,0.066152131,2.801594694,2.139873418
D400,0.002435102,1.395859806,997.2375,0.07246,0.000943923,400,25,3591.046654,65.29818095,0.0104,0.076074229,2.750904643,2.046835443
D600,0.002491811,1.418348786,997.2375,0.07246,0.000943923,600,25,3733.87902,68.98926492,0.0122,0.065192253,2.782887365,2.294936709
D600,0.002492951,1.416475362,997.2375,0.07246,0.000943923,600,25,3730.65295,68.83861258,0.0126,0.067587579,2.84132757,2.015822785
D600,0.002493187,1.415213825,997.2375,0.07246,0.000943923,600,25,3727.682882,68.72254838,0.0116,0.094812,2.766425103,2.294936709
D600,0.002487404,1.40746678,997.2375,0.07246,0.000943923,600,25,3698.678177,67.81455743,0.0142,0.047175117,2.732959456,1.984810127
D600,0.002491575,1.412576453,997.2375,0.07246,0.000943923,600,25,3718.330992,68.42239044,0.0112,0.065462137,2.763235638,2.263924051
D800,0.002485513,1.412251472,997.2375,0.07246,0.000943923,800,25,3708.430147,68.22450177,0.0118,0.06845129,2.63522,2.077848101
D800,0.002479396,1.420227978,997.2375,0.07246,0.000943923,800,25,3720.197638,68.82754998,0.0132,0.067226876,2.651727808,1.860759494
D800,0.002480305,1.414091856,997.2375,0.07246,0.000943923,800,25,3705.481892,68.25909882,0.012,0.088402419,2.695769239,2.108860759
D800,0.002482042,1.416161515,997.2375,0.07246,0.000943923,800,25,3713.504472,68.50700368,0.0134,0.098433017,2.623911376,1.953797468
D800,0.002477143,1.408046459,997.2375,0.07246,0.000943923,800,25,3684.937074,67.59044325,0.0126,0.048612417,2.604061726,1.829746835
S50,0.002484172,1.412417667,997.2375,0.07246,0.000943923,50,6,3706.866314,68.20375706,0.011,0.10623379,2.731521141,2.108860759
S50,0.002488389,1.414808425,997.2375,0.07246,0.000943923,50,6,3719.442717,68.55099231,0.0104,0.099901814,2.632174683,1.891772152
S50,0.002488074,1.427633763,997.2375,0.07246,0.000943923,50,6,3752.684658,69.79062954,0.0108,0.118438363,2.697323437,1.860759494
S50,0.002485355,1.417550481,997.2375,0.07246,0.000943923,50,6,3722.108689,68.73308201,0.011,0.112172585,2.665334753,2.201898734
S50,0.002485907,1.413765208,997.2375,0.07246,0.000943923,50,6,3712.993728,68.38167572,0.011,0.122186745,2.709654543,1.891772152
S100,0.002495622,1.407925735,997.2375,0.07246,0.000943923,100,6,3712.107971,68.08298379,0.0102,0.066095972,2.644428335,2.170886076
S100,0.002495897,1.41107105,997.2375,0.07246,0.000943923,100,6,3720.810468,68.39504883,0.0102,0.080336764,2.67892849,2.139873418
S100,0.002498408,1.410071264,997.2375,0.07246,0.000943923,100,6,3721.914547,68.36686944,0.0128,0.05550546,2.651410329,1.92278481
S100,0.002494366,1.400984184,997.2375,0.07246,0.000943923,100,6,3691.946274,67.37935335,0.0114,0.065940655,2.645760415,1.953797468
S100,0.00250526,1.402761677,997.2375,0.07246,0.000943923,100,6,3712.776282,67.84547814,0.011,0.063824894,2.649109535,1.891772152
S200,0.002499936,1.409366114,997.2375,0.07246,0.000943923,200,6,3722.329603,68.34030071,0.0106,0.081293361,2.67459967,2.170886076
S200,0.002515485,1.403000483,997.2375,0.07246,0.000943923,200,6,3728.563522,68.14556563,0.0116,0.114711649,2.653136363,2.325949367
S200,0.002509909,1.403909986,997.2375,0.07246,0.000943923,200,6,3722.711161,68.08271063,0.0108,0.072660206,2.703511806,2.170886076
S200,0.002509051,1.405757643,997.2375,0.07246,0.000943923,200,6,3726.335019,68.23867495,0.0118,0.051651265,2.650051828,2.294936709
S200,0.002512289,1.404973231,997.2375,0.07246,0.000943923,200,6,3729.062975,68.25052576,0.0106,0.078528017,2.691075341,2.139873418
S400,0.002511899,1.401038028,997.2375,0.07246,0.000943923,400,6,3718.040968,67.85819884,0.011,0.061053349,2.800140568,2.201898734
S400,0.002511782,1.396505443,997.2375,0.07246,0.000943923,400,6,3705.839876,67.41670412,0.0104,0.078326269,2.686679766,2.325949367
S400,0.002521514,1.398559206,997.2375,0.07246,0.000943923,400,6,3725.669174,67.87711555,0.011,0.068651226,2.64679232,2.077848101
S400,0.002515874,1.401229334,997.2375,0.07246,0.000943923,400,6,3724.433073,67.98414322,0.0106,0.060130843,2.721755729,1.860759494
S400,0.002513342,1.400485295,997.2375,0.07246,0.000943923,400,6,3718.708625,67.84360826,0.0112,0.074966825,2.689948259,2.263924051
S600,0.002530357,1.388268824,997.2375,0.07246,0.000943923,600,6,3711.225868,67.11648311,0.0116,0.127938199,2.647347587,1.891772152
S600,0.00253411,1.385939506,997.2375,0.07246,0.000943923,600,6,3710.493765,66.99065352,0.0108,0.07220968,2.628741468,2.170886076
S600,0.002532872,1.389708561,997.2375,0.07246,0.000943923,600,6,3718.767686,67.32262096,0.0116,0.05179683,2.6300257,2.201898734
S600,0.002533646,1.382130414,997.2375,0.07246,0.000943923,600,6,3699.618447,66.6107301,0.0116,0.107966482,2.653703494,2.325949367
S600,0.002534303,1.377269157,997.2375,0.07246,0.000943923,600,6,3687.562399,66.16014276,0.0124,0.101978133,2.628540977,1.92278481
S800,0.002532601,1.382995503,997.2375,0.07246,0.000943923,800,6,3700.408376,66.66665377,0.0124,0.097078548,2.664593931,2.077848101
S800,0.002535617,1.385761925,997.2375,0.07246,0.000943923,800,6,3712.225016,67.01332265,0.0122,0.05189061,2.656532806,2.263924051
S800,0.002533955,1.385389122,997.2375,0.07246,0.000943923,800,6,3708.793914,66.93337261,0.0126,0.085632053,2.702334908,1.860759494
S800,0.002536312,1.37737384,997.2375,0.07246,0.000943923,800,6,3690.766598,66.22266374,0.014,0.090444671,2.646022521,2.077848101
S800,0.002535965,1.382386538,997.2375,0.07246,0.000943923,800,6,3703.690723,66.69640771,0.0114,0.065481733,2.700193466,1.829746835
D50,0.0024626,1.65587522,997.2375,0.07246,0.000943923,50,25,4308.078122,92.92860353,0.0112,0.065071476,2.994801895,2.28125
D50,0.002489053,1.686490236,997.2375,0.07246,0.000943923,50,25,4434.860357,97.43208906,0.0112,0.07967106,3.017042885,2.378033206
D50,0.002439969,1.589990392,997.2375,0.07246,0.000943923,50,25,4098.649716,84.89332373,0.0114,0.089403356,3.041828615,2.190293742
D50,0.002456019,1.631422153,997.2375,0.07246,0.000943923,50,25,4233.116303,89.9631782,0.0106,0.079611752,2.99137326,2.440613027
D50,0.002434895,1.588102608,997.2375,0.07246,0.000943923,50,25,4085.271283,84.51575858,0.0112,0.104822868,2.98648365,2.315453384
D100,0.002489333,1.642685033,997.2375,0.07246,0.000943923,100,25,4320.155194,92.44679987,0.0108,0.080941261,2.991563797,2.409323116
D100,0.002503196,1.654594205,997.2375,0.07246,0.000943923,100,25,4375.70821,94.31441741,0.0108,0.056604267,3.009996481,2.471902937
D100,0.002497173,1.651989954,997.2375,0.07246,0.000943923,100,25,4358.309111,93.79153958,0.0106,0.099128824,2.962123796,2.565772669
D100,0.002493736,1.650434621,997.2375,0.07246,0.000943923,100,25,4348.213169,93.48617398,0.011,0.101912906,2.956168224,2.346743295
D100,0.002494096,1.655418515,997.2375,0.07246,0.000943923,100,25,4361.973089,94.06520884,0.0104,0.073880255,2.915595762,2.378033206
D200,0.002526829,1.629874139,997.2375,0.07246,0.000943923,200,25,4351.028057,92.38132493,0.013,0.040335424,3.125488432,2.59706258
D200,0.002531127,1.631807323,997.2375,0.07246,0.000943923,200,25,4363.598836,92.75811808,0.0108,0.050595259,2.986670763,2.252873563
D200,0.002516942,1.594388864,997.2375,0.07246,0.000943923,200,25,4239.645884,88.05663186,0.0142,0.03917737,3.122846689,2.346743295
D200,0.002531363,1.624120811,997.2375,0.07246,0.000943923,200,25,4343.450022,91.89489666,0.0106,0.047481305,3.025946716,2.659642401
D200,0.002533293,1.63281609,997.2375,0.07246,0.000943923,200,25,4370.032922,92.95231577,0.015,0.044258253,3.063166499,2.471902937
D400,0.002487449,1.59182024,997.2375,0.07246,0.000943923,400,25,4183.216385,86.74462743,0.013,0.040408008,3.154841788,2.62835249
D400,0.002486928,1.600508375,997.2375,0.07246,0.000943923,400,25,4205.166949,87.67573743,0.0134,0.046527885,3.024652821,2.753512133
D400,0.002491255,1.594284617,997.2375,0.07246,0.000943923,400,25,4196.102867,87.14655342,0.0128,0.043757036,3.205285799,2.690932312
D400,0.002484641,1.589770888,997.2375,0.07246,0.000943923,400,25,4173.114577,86.42374517,0.0126,0.035877144,3.203743204,2.62835249
D400,0.00248761,1.598682536,997.2375,0.07246,0.000943923,400,25,4201.52097,87.49978783,0.013,0.051385716,3.038918026,2.722222222
D600,0.002535221,1.615136094,997.2375,0.07246,0.000943923,600,25,4326.004792,91.01948052,0.014,0.042336312,3.342236258,2.659642401
D600,0.002526,1.592958134,997.2375,0.07246,0.000943923,600,25,4251.08394,88.21496699,0.0154,0.031511243,3.081920399,2.221583653
D600,0.002536519,1.616462919,997.2375,0.07246,0.000943923,600,25,4331.774855,91.21575481,0.0152,0.045717824,3.123416728,2.909961686
D600,0.002531678,1.607653798,997.2375,0.07246,0.000943923,600,25,4299.946913,90.05210282,0.0142,0.036660395,3.124444876,2.284163474
D600,0.002536244,1.613496308,997.2375,0.07246,0.000943923,600,25,4323.355813,90.87139381,0.0138,0.03850797,3.296475183,2.722222222
D800,0.002559571,1.599234307,997.2375,0.07246,0.000943923,800,25,4324.554391,90.09313413,0.0162,0.022931736,3.007268472,2.565772669
D800,0.002563192,1.603359457,997.2375,0.07246,0.000943923,800,25,4341.842905,90.68662461,0.0144,0.040975065,3.095796473,2.315453384
D800,0.002561519,1.593548493,997.2375,0.07246,0.000943923,800,25,4312.45764,89.5217081,0.013,0.037050557,2.985437636,2.252873563
D800,0.002568789,1.606847834,997.2375,0.07246,0.000943923,800,25,4360.789954,91.28053021,0.0138,0.036963483,3.011094667,2.659642401
D800,0.002563659,1.596919329,997.2375,0.07246,0.000943923,800,25,4325.190874,89.97596009,0.0144,0.033944845,3.168463788,2.59706258
S50,0.002584387,1.600232113,997.2375,0.07246,0.000943923,50,6,4369.205919,91.08014822,0.0114,0.073896794,2.959020881,2.440613027
S50,0.002562453,1.606631743,997.2375,0.07246,0.000943923,50,6,4349.449207,91.03090087,0.0126,0.043760133,2.959927376,2.440613027
S50,0.002545859,1.591278123,997.2375,0.07246,0.000943923,50,6,4279.98706,88.72107228,0.0114,0.064023927,3.018549894,2.159003831
S50,0.002560701,1.60844801,997.2375,0.07246,0.000943923,50,6,4351.389149,91.17445709,0.0104,0.052469829,2.976615558,2.503192848
S50,0.002556725,1.596169925,997.2375,0.07246,0.000943923,50,6,4311.468913,89.6484152,0.011,0.058207198,2.981243906,2.409323116
S100,0.00254629,1.605140049,997.2375,0.07246,0.000943923,100,6,4318.001484,90.28881473,0.0106,0.046845014,2.939393159,2.284163474
S100,0.002558948,1.610626059,997.2375,0.07246,0.000943923,100,6,4354.298398,91.35895912,0.0102,0.050574591,2.929744229,2.284163474
S100,0.002557154,1.606769817,997.2375,0.07246,0.000943923,100,6,4340.828917,90.85829195,0.011,0.052535025,3.000321687,2.284163474
S100,0.002545781,1.604645447,997.2375,0.07246,0.000943923,100,6,4315.807716,90.21513621,0.0136,0.041606956,3.087471777,2.378033206
S100,0.00254766,1.604302815,997.2375,0.07246,0.000943923,100,6,4318.071971,90.24319357,0.0154,0.040744117,3.109757546,2.315453384
S200,0.002575651,1.596339031,997.2375,0.07246,0.000943923,200,6,4343.843743,90.33115445,0.0116,0.050065874,2.983634778,2.690932312
S200,0.002583731,1.592460744,997.2375,0.07246,0.000943923,200,6,4346.883514,90.17475509,0.0128,0.045659964,3.076031721,2.659642401
S200,0.002579752,1.593010415,997.2375,0.07246,0.000943923,200,6,4341.687953,90.09806323,0.0118,0.054137154,2.978891815,2.378033206
S200,0.002581336,1.594754668,997.2375,0.07246,0.000943923,200,6,4349.111393,90.35093417,0.0128,0.042595281,3.074036077,2.378033206
S200,0.002576503,1.598056665,997.2375,0.07246,0.000943923,200,6,4349.955539,90.5555821,0.012,0.051453305,3.157526941,2.440613027
S400,0.002569449,1.592376221,997.2375,0.07246,0.000943923,400,6,4322.625903,89.66677895,0.0112,0.079309303,2.893415666,2.346743295
S400,0.002573366,1.589656042,997.2375,0.07246,0.000943923,400,6,4321.820234,89.49692163,0.0108,0.042598518,2.835511238,2.62835249
S400,0.002577896,1.589034942,997.2375,0.07246,0.000943923,400,6,4327.736768,89.5844266,0.011,0.063908709,2.874224375,2.534482759
S400,0.002579636,1.594173366,997.2375,0.07246,0.000943923,400,6,4344.662207,90.22560421,0.0104,0.056490586,2.877137236,2.284163474
S400,0.002567235,1.590009695,997.2375,0.07246,0.000943923,400,6,4312.483932,89.32345153,0.0132,0.043925227,2.934912279,2.471902937
S600,0.002572474,1.595551612,997.2375,0.07246,0.000943923,600,6,4336.345864,90.13075411,0.0116,0.058489454,2.909473986,2.659642401
S600,0.002567701,1.594763183,997.2375,0.07246,0.000943923,600,6,4326.161835,89.87464676,0.0128,0.033423205,3.056239128,2.315453384
S600,0.002578283,1.592749563,997.2375,0.07246,0.000943923,600,6,4338.504447,90.01725706,0.0118,0.044226921,3.048550845,2.471902937
S600,0.002569759,1.587957105,997.2375,0.07246,0.000943923,600,6,4311.150752,89.18056307,0.0134,0.034905676,3.107367274,2.252873563
S600,0.002577702,1.591125175,997.2375,0.07246,0.000943923,600,6,4333.104359,89.81352252,0.014,0.040788056,2.952127628,2.346743295
S800,0.002606672,1.591399242,997.2375,0.07246,0.000943923,800,6,4382.556289,90.85417381,0.0122,0.076631975,2.823288905,2.722222222
S800,0.002604835,1.591045766,997.2375,0.07246,0.000943923,800,6,4378.494964,90.74981754,0.012,0.058123441,2.863719184,2.409323116
S800,0.002598011,1.588076401,997.2375,0.07246,0.000943923,800,6,4358.874818,90.17455806,0.0148,0.029035548,2.851970661,2.534482759
S800,0.002601233,1.586071167,997.2375,0.07246,0.000943923,800,6,4358.770563,90.05854234,0.012,0.067218359,2.838814561,2.503192848
S800,0.002591977,1.586205261,997.2375,0.07246,0.000943923,800,6,4343.62802,89.75326285,0.0132,0.083915621,2.819979547,2.503192848
D50,0.002418127,0.55653373,1045.16375,0.071097813,0.001596807,50,25,880.8510817,11.0100735,0.0114,0.346861118,1.552767498,0.594508301
D50,0.002416436,0.554932206,1045.16375,0.071097813,0.001596807,50,25,877.7018968,10.93914055,0.0116,0.344585889,1.548674901,0.625798212
D50,0.002410899,0.541826133,1045.16375,0.071097813,0.001596807,50,25,855.0093466,10.40463969,0.0116,0.364678386,1.557422765,0.657088123
D50,0.002418787,0.56020414,1045.16375,0.071097813,0.001596807,50,25,886.9023231,11.15882179,0.0116,0.340135333,1.562692913,0.719667944
D50,0.00241788,0.555757836,1045.16375,0.071097813,0.001596807,50,25,879.5330232,10.97827184,0.0114,0.340735096,1.558102838,0.688378033
D100,0.002427553,0.530008936,1045.10055,0.071077093,0.001590276,100,25,845.5463726,10.02682709,0.0112,0.377485993,1.572517305,0.657088123
D100,0.002426855,0.529470886,1045.10055,0.071077093,0.001590276,100,25,844.4449572,10.00360038,0.0114,0.37835072,1.578127171,0.594508301
D100,0.002428539,0.522214487,1045.10055,0.071077093,0.001590276,100,25,833.449844,9.738034035,0.0112,0.388687668,1.571879021,0.625798212
D100,0.002430796,0.520493389,1045.10055,0.071077093,0.001590276,100,25,831.4751788,9.682943773,0.0112,0.388774124,1.585865962,0.563218391
D100,0.002428374,0.519707189,1045.10055,0.071077093,0.001590276,100,25,829.3921162,9.644096128,0.0112,0.391617935,1.566831298,0.594508301
D200,0.002437474,0.529763922,1045.10055,0.071077093,0.001590276,200,25,848.6096051,10.0585001,0.0114,0.380430203,1.566116653,0.625798212
D200,0.002436574,0.530258645,1045.10055,0.071077093,0.001590276,200,25,849.0883619,10.07357325,0.0114,0.38299924,1.576968715,0.594508301
D200,0.002436779,0.527332131,1045.10055,0.071077093,0.001590276,200,25,844.4731349,9.963524101,0.0114,0.383636877,1.576836284,0.625798212
D200,0.002435018,0.533976351,1045.10055,0.071077093,0.001590276,200,25,854.4954629,10.2087998,0.0114,0.374520141,1.583116266,0.563218391
D200,0.002429688,0.535084542,1045.10055,0.071077093,0.001590276,200,25,854.3945697,10.2287788,0.0114,0.369553726,1.576286602,0.594508301
D400,0.00244291,0.530841399,1045.03695,0.071056233,0.001583772,400,25,855.6796744,10.12433402,0.0114,0.380066907,1.567755435,0.594508301
D400,0.002442951,0.528963357,1045.03695,0.071056233,0.001583772,400,25,852.6666488,10.0529918,0.0114,0.381486067,1.562605939,0.594508301
D400,0.002443155,0.52908796,1045.03695,0.071056233,0.001583772,400,25,852.9387579,10.05856882,0.0114,0.379755087,1.567598269,0.594508301
D400,0.002434281,0.535458997,1045.03695,0.071056233,0.001583772,400,25,860.0742092,10.26485002,0.0114,0.371963449,1.55788804,0.625798212
D400,0.002421712,0.536517356,1045.03695,0.071056233,0.001583772,400,25,857.3247507,10.25225976,0.0116,0.36961972,1.555636875,0.625798212
D600,0.002456994,0.504587785,1044.97295,0.071035233,0.001577294,600,25,821.3591876,9.202562385,0.0114,0.416156028,1.568956739,0.594508301
D600,0.002453419,0.503798448,1044.97295,0.071035233,0.001577294,600,25,818.8812845,9.160447459,0.012,0.387773782,1.571242561,0.594508301
D600,0.002458495,0.514862087,1044.97295,0.071035233,0.001577294,600,25,838.595619,9.586993204,0.0134,0.325349868,1.573089533,0.594508301
D600,0.002458089,0.517695843,1044.97295,0.071035233,0.001577294,600,25,843.0720393,9.691216179,0.0188,0.23039546,1.568257404,0.594508301
D600,0.002454476,0.508698085,1044.97295,0.071035233,0.001577294,600,25,827.2013234,9.343514003,0.0114,0.408647452,1.575665406,0.563218391
D800,0.002453379,0.526362808,1044.97295,0.071035233,0.001577294,800,25,855.5435468,9.999222501,0.0118,0.37055597,1.561065551,0.688378033
D800,0.002452606,0.529282777,1044.97295,0.071035233,0.001577294,800,25,860.0187668,10.10728723,0.0132,0.342514484,1.571763461,0.594508301
D800,0.002452525,0.526664497,1044.97295,0.071035233,0.001577294,800,25,855.7360114,10.00720436,0.0144,0.26593767,1.576918877,0.594508301
D800,0.002453623,0.52645201,1044.97295,0.071035233,0.001577294,800,25,855.7735949,10.00360622,0.0198,0.163722384,1.581314446,0.657088123
D800,0.002452891,0.522476112,1044.97295,0.071035233,0.001577294,800,25,849.0572997,9.850138946,0.0192,0.228897838,1.566478551,0.594508301
S50,0.00246522,0.561969017,1045.16375,0.071097813,0.001596807,50,6,906.7756237,11.44480623,0.0112,0.354533022,1.553567545,0.625798212
S50,0.002439601,0.531566393,1045.16375,0.071097813,0.001596807,50,6,848.8054559,10.13355697,0.0112,0.384608724,1.564751479,0.594508301
S50,0.002444297,0.53394916,1045.16375,0.071097813,0.001596807,50,6,854.2516123,10.24429203,0.0112,0.381200742,1.551504027,0.563218391
S50,0.00244874,0.535038761,1045.16375,0.071097813,0.001596807,50,6,857.5508156,10.30484218,0.0114,0.378228838,1.564022461,0.625798212
S50,0.00244601,0.532373057,1045.16375,0.071097813,0.001596807,50,6,852.3269423,10.19104032,0.0114,0.381942627,1.570885043,0.594508301
S100,0.00244442,0.526662415,1045.10055,0.071077093,0.001590276,100,6,846.0453181,9.969396199,0.011,0.38616946,1.566786998,0.657088123
S100,0.002444868,0.525046647,1045.10055,0.071077093,0.001590276,100,6,843.6045388,9.910137964,0.0114,0.387891677,1.57161871,0.625798212
S100,0.002445766,0.52183696,1045.10055,0.071077093,0.001590276,100,6,838.7551528,9.792936537,0.0114,0.387365213,1.576159572,0.594508301
S100,0.002448903,0.522347703,1045.10055,0.071077093,0.001590276,100,6,840.6531638,9.824703301,0.0114,0.394697245,1.574140115,0.53192848
S100,0.002447315,0.519231218,1045.10055,0.071077093,0.001590276,100,6,835.0954609,9.701520872,0.0112,0.396843092,1.575161986,0.563218391
S200,0.002445888,0.52969059,1045.10055,0.071077093,0.001590276,200,6,851.4209714,10.09042605,0.012,0.368166653,1.55049502,0.563218391
S200,0.002450979,0.531518317,1045.10055,0.071077093,0.001590276,200,6,856.1372662,10.18133061,0.0114,0.375610294,1.55748727,0.750957854
S200,0.002450084,0.53021729,1045.10055,0.071077093,0.001590276,200,6,853.7296843,10.12784792,0.0116,0.373642222,1.552948023,0.688378033
S200,0.002454192,0.525016726,1045.10055,0.071077093,0.001590276,200,6,846.7732333,9.946794911,0.0116,0.384205791,1.570748186,0.563218391
S200,0.002453623,0.526854722,1045.10055,0.071077093,0.001590276,200,6,849.5406505,10.01423882,0.0116,0.376308598,1.560910389,0.625798212
S400,0.002456913,0.521767713,1045.10055,0.071077093,0.001590276,400,6,842.4660959,9.834958605,0.0116,0.382434989,1.569008578,0.563218391
S400,0.002452728,0.513447051,1045.10055,0.071077093,0.001590276,400,6,827.6193256,9.507562516,0.0114,0.403807746,1.576788168,0.594508301
S400,0.002455695,0.51964096,1045.10055,0.071077093,0.001590276,400,6,838.6162147,9.750110443,0.0114,0.390960752,1.590173634,0.563218391
S400,0.002455898,0.518735321,1045.10055,0.071077093,0.001590276,400,6,837.223878,9.716958097,0.0114,0.395187346,1.579849587,0.53192848
S400,0.002456507,0.52119691,1045.10055,0.071077093,0.001590276,400,6,841.4054158,9.811830534,0.0114,0.383891961,1.569267854,0.625798212
S600,0.002460482,0.518823959,1045.03695,0.071056233,0.001583772,600,6,842.3240734,9.740689499,0.0114,0.392192991,1.587079653,0.625798212
S600,0.002458576,0.515752197,1045.03695,0.071056233,0.001583772,600,6,836.6884517,9.618233691,0.0118,0.389404953,1.567946889,0.53192848
S600,0.002460401,0.516979246,1045.03695,0.071056233,0.001583772,600,6,839.3014816,9.671226665,0.0116,0.390628539,1.571871059,0.625798212
S600,0.00246352,0.521728162,1045.03695,0.071056233,0.001583772,600,6,848.0849624,9.862206831,0.0116,0.385474664,1.569880939,0.563218391
S600,0.002460685,0.517760503,1045.03695,0.071056233,0.001583772,600,6,840.6667576,9.701597562,0.0118,0.375070716,1.566603451,0.563218391
S800,0.002469262,0.519946194,1044.97295,0.071035233,0.001577294,800,6,850.5851979,9.820082623,0.0166,0.203637321,1.561161878,0.625798212
S800,0.002467848,0.517512189,1044.97295,0.071035233,0.001577294,800,6,846.1186026,9.722786393,0.019,0.192575823,1.567127956,0.625798212
S800,0.002460604,0.519199424,1044.97295,0.071035233,0.001577294,800,6,846.3854161,9.757561353,0.0148,0.284977957,1.5717416,0.657088123
S800,0.002462589,0.520202351,1044.97295,0.071035233,0.001577294,800,6,848.7045141,9.803197227,0.0124,0.354379985,1.580639482,0.53192848
D50,0.002361369,1.002814798,1045.5042,0.07120927,0.00163321,50,25,1515.89235,34.86539403,0.0118,0.219187616,2.106587464,1.240506329
D50,0.002337434,0.940825671,1045.5042,0.07120927,0.00163321,50,25,1407.771902,30.37714359,0.0118,0.251495248,2.117544335,1.209493671
D50,0.002342584,0.955493536,1045.5042,0.07120927,0.00163321,50,25,1432.869412,31.40073747,0.0118,0.237764125,2.118184975,1.209493671
D50,0.002351266,0.952618157,1045.5042,0.07120927,0.00163321,50,25,1433.852202,31.32771541,0.0118,0.24277762,2.099811401,1.178481013
D50,0.002372338,1.0085816,1045.5042,0.07120927,0.00163321,50,25,1531.691524,35.4313608,0.0118,0.215841425,2.091618493,1.209493671
D100,0.002420373,0.995665946,1045.4432,0.07118932,0.00162653,100,25,1548.939203,35.23670414,0.0118,0.206496614,2.060357876,1.116455696
D100,0.002406532,1.001488713,1045.4432,0.07118932,0.00162653,100,25,1549.087566,35.44616723,0.0118,0.202557973,2.051589607,1.147468354
D100,0.002416444,0.993799167,1045.4432,0.07118932,0.00162653,100,25,1543.525185,35.04770649,0.012,0.203172781,2.058574592,1.240506329
D100,0.002417052,0.989851808,1045.4432,0.07118932,0.00162653,100,25,1537.781174,34.77859038,0.012,0.206904499,2.052924413,0.992405063
D100,0.00240877,0.991532218,1045.4432,0.07118932,0.00162653,100,25,1535.113249,34.77719136,0.012,0.204053231,2.049683521,1.116455696
D200,0.002423892,0.982229254,1045.3818,0.07116923,0.001619878,200,25,1536.451759,34.34960201,0.0122,0.21050381,2.057366791,1.085443038
D200,0.002434298,0.985685783,1045.3818,0.07116923,0.001619878,200,25,1548.477515,34.74027977,0.012,0.212786698,2.058764596,1.178481013
D200,0.002417538,0.988848344,1045.3818,0.07116923,0.001619878,200,25,1542.750989,34.722856,0.012,0.206317458,2.057642712,1.085443038
D200,0.00242781,0.990296617,1045.3818,0.07116923,0.001619878,200,25,1551.574607,34.97259629,0.012,0.206677503,2.069375924,1.240506329
D200,0.002431116,0.994747436,1045.3818,0.07116923,0.001619878,200,25,1560.670744,35.33572721,0.012,0.20615505,2.056356092,1.05443038
D400,0.002434821,0.982728158,1045.3818,0.07116923,0.001619878,400,25,1544.162951,34.5395316,0.0122,0.201863698,2.0430377,1.209493671
D400,0.002424054,0.947217171,1045.3818,0.07116923,0.001619878,400,25,1481.782942,31.94655768,0.0124,0.215248173,2.067464556,1.116455696
D400,0.002437555,0.984121399,1045.3818,0.07116923,0.001619878,400,25,1548.088827,34.67643698,0.0124,0.19823967,2.05092407,1.085443038
D400,0.002431156,0.966902877,1045.3818,0.07116923,0.001619878,400,25,1517.010237,33.38576094,0.0124,0.209899218,2.046116935,1.085443038
D400,0.002438238,0.978293012,1045.3818,0.07116923,0.001619878,400,25,1539.351678,34.27651949,0.0124,0.203972126,2.040174013,1.116455696
D600,0.002461711,0.9566479,1045.32,0.071149,0.001613252,600,25,1525.935228,33.09951934,0.0132,0.190323618,2.030799499,1.085443038
D600,0.002463421,0.953561648,1045.32,0.071149,0.001613252,600,25,1522.069342,32.90915106,0.0144,0.169665531,2.029389278,0.992405063
D600,0.002467951,0.958545824,1045.32,0.071149,0.001613252,600,25,1532.838283,33.31521983,0.0138,0.164811838,2.035717652,1.085443038
D600,0.002453738,0.964123881,1045.32,0.071149,0.001613252,600,25,1532.879767,33.50999766,0.0144,0.14998983,2.032341943,1.05443038
D600,0.002464177,0.957527943,1045.32,0.071149,0.001613252,600,25,1528.86905,33.19366532,0.0202,0.086223387,2.038835416,1.116455696
D800,0.002474452,0.944639722,1045.32,0.071149,0.001613252,800,25,1514.58012,32.44082732,0.0152,0.172180439,2.00530262,1.085443038
D800,0.002475442,0.930807443,1045.32,0.071149,0.001613252,800,25,1492.999094,31.51032315,0.0158,0.152846709,2.009512232,1.178481013
D800,0.002456731,0.915986828,1045.32,0.071149,0.001613252,800,25,1458.121868,30.2842287,0.0146,0.177231181,2.00461922,0.992405063
D800,0.002472115,0.938603442,1045.32,0.071149,0.001613252,800,25,1503.480603,31.99730768,0.0144,0.171262975,2.017234302,1.085443038
D800,0.002465925,0.915625235,1045.32,0.071149,0.001613252,800,25,1463.001145,30.37357312,0.0136,0.191843271,2.007206069,1.085443038
S50,0.002444939,0.95757086,1045.5042,0.07120927,0.00163321,50,6,1498.727642,32.91539881,0.0122,0.199819869,2.034582604,1.209493671
S50,0.002446301,0.957871165,1045.5042,0.07120927,0.00163321,50,6,1500.032799,32.95439457,0.0122,0.199807919,2.023307961,1.023417722
S50,0.002449383,0.958726836,1045.5042,0.07120927,0.00163321,50,6,1503.264102,33.0548852,0.0124,0.199579653,2.025826924,1.05443038
S50,0.00245262,0.959809363,1045.5042,0.07120927,0.00163321,50,6,1506.950727,33.17336422,0.0122,0.201188796,2.013036975,1.178481013
S50,0.002453099,0.95684088,1045.5042,0.07120927,0.00163321,50,6,1502.583623,32.97492796,0.0122,0.202719693,2.03287125,1.209493671
S100,0.002444498,0.964562499,1045.5042,0.07120927,0.00163321,100,6,1509.39832,33.39179132,0.012,0.196521046,2.019725426,1.05443038
S100,0.002432607,0.970911639,1045.5042,0.07120927,0.00163321,100,6,1511.942824,33.66825112,0.0122,0.194589216,2.039797618,1.240506329
S100,0.002443015,0.963274022,1045.5042,0.07120927,0.00163321,100,6,1506.467393,33.28243302,0.012,0.198521973,2.036185006,1.05443038
S100,0.002446461,0.963174943,1045.5042,0.07120927,0.00163321,100,6,1508.437317,33.32252681,0.0122,0.196691729,2.03838733,1.209493671
S100,0.002436912,0.961713747,1045.5042,0.07120927,0.00163321,100,6,1500.270042,33.09182686,0.0122,0.19542784,2.036193882,1.178481013
S200,0.002472353,0.944294061,1045.4432,0.07118932,0.00162653,200,6,1500.569315,32.37505944,0.0128,0.196054651,2.012022796,1.147468354
S200,0.002470014,0.94546969,1045.4432,0.07118932,0.00162653,200,6,1501.016113,32.42501754,0.0124,0.203166584,2.023972604,1.116455696
S200,0.002476787,0.944296451,1045.4432,0.07118932,0.00162653,200,6,1503.264295,32.43328621,0.0122,0.206984137,2.013429352,1.147468354
S200,0.002476668,0.941647829,1045.4432,0.07118932,0.00162653,200,6,1498.976024,32.25005434,0.0128,0.197361154,2.013525821,1.05443038
S200,0.002476866,0.944702735,1045.4432,0.07118932,0.00162653,200,6,1503.959108,32.46223787,0.0128,0.199891247,2.013365047,1.116455696
S400,0.002467474,0.936494535,1045.3818,0.07116923,0.001619878,400,6,1491.250574,31.78672514,0.0122,0.206098988,2.000918649,1.085443038
S400,0.002472868,0.942156592,1045.3818,0.07116923,0.001619878,400,6,1503.546179,32.24257938,0.012,0.206851287,2.006587247,1.085443038
S400,0.002471679,0.946137153,1045.3818,0.07116923,0.001619878,400,6,1509.172726,32.49997,0.0122,0.201279739,2.007552339,1.178481013
S400,0.002473462,0.934171059,1045.3818,0.07116923,0.001619878,400,6,1491.160627,31.70594866,0.0122,0.210945278,2.016135748,1.116455696
S400,0.002465687,0.94787548,1045.3818,0.07116923,0.001619878,400,6,1508.280008,32.54042186,0.0128,0.201223377,2.007400124,0.992405063
S600,0.002478171,0.940197074,1045.3818,0.07116923,0.001619878,600,6,1503.636642,32.17745645,0.0126,0.201308659,2.002293432,1.271518987
S600,0.002475679,0.945295753,1045.3818,0.07116923,0.001619878,600,6,1510.270769,32.49469306,0.0134,0.19621427,2.009319501,1.023417722
S600,0.002478092,0.941381052,1045.3818,0.07116923,0.001619878,600,6,1505.482119,32.25751958,0.013,0.199329253,2.017374996,1.085443038
S600,0.002479238,0.940165268,1045.3818,0.07116923,0.001619878,600,6,1504.233237,32.18913448,0.0132,0.195176864,2.016442329,1.116455696
S600,0.002475956,0.935186792,1045.3818,0.07116923,0.001619878,600,6,1494.287151,31.80697314,0.0122,0.208897813,2.004084507,1.05443038
S800,0.002478329,0.946162298,1045.32,0.071149,0.001613252,800,6,1519.398157,32.5964796,0.0158,0.146220424,2.007171096,1.116455696
S800,0.002477103,0.942339196,1045.32,0.071149,0.001613252,800,6,1512.5104,32.31759921,0.0414,0.014473399,2.008164277,1.147468354
S800,0.002473343,0.944516895,1045.32,0.071149,0.001613252,800,6,1513.704591,32.41785867,0.0188,0.090749075,2.006201599,1.178481013
S800,0.002479949,0.945898292,1045.32,0.071149,0.001613252,800,6,1519.967209,32.59958903,0.0146,0.17813539,2.010861938,1.05443038
S800,0.002479594,0.944185909,1045.32,0.071149,0.001613252,800,6,1516.998049,32.47700726,0.0142,0.17304359,2.001144559,1.05443038
D50,0.002355582,1.191750868,1045.22655,0.071118393,0.001603365,50,25,1830.044779,49.16971066,0.0116,0.145411421,2.484568666,1.743329098
D50,0.002358472,1.196626106,1045.22655,0.071118393,0.001603365,50,25,1839.785421,49.63363762,0.0114,0.143801159,2.497363881,1.618805591
D50,0.002357467,1.193631065,1045.22655,0.071118393,0.001603365,50,25,1834.3988,49.36445309,0.0116,0.147026831,2.49842825,1.712198221
D50,0.002362403,1.204513555,1045.22655,0.071118393,0.001603365,50,25,1854.998991,50.37392935,0.0116,0.144515195,2.461581844,1.618805591
D50,0.002397493,1.282686218,1045.22655,0.071118393,0.001603365,50,25,2004.729643,57.97312346,0.0116,0.133474305,2.435941445,1.712198221
D100,0.002407231,1.267701115,1045.22655,0.071118393,0.001603365,100,25,1989.357192,56.85649712,0.0122,0.11744956,2.40022232,1.43202033
D100,0.002424679,1.272691981,1045.22655,0.071118393,0.001603365,100,25,2011.66433,57.72039338,0.012,0.142249275,2.377815583,1.743329098
D100,0.002422927,1.271105331,1045.22655,0.071118393,0.001603365,100,25,2007.705257,57.53497852,0.012,0.143718606,2.394952399,1.649936468
D100,0.002418319,1.262861271,1045.22655,0.071118393,0.001603365,100,25,1990.89006,56.68307235,0.0122,0.149111206,2.394366926,1.463151207
D100,0.002422601,1.271153339,1045.16375,0.071097813,0.001596807,100,25,2015.634352,57.54477933,0.0122,0.144484219,2.379854414,1.681067344
D200,0.002447049,1.220321551,1045.16375,0.071097813,0.001596807,200,25,1954.55886,53.56970682,0.012,0.128152287,2.376433228,1.463151207
D200,0.00242366,1.220302794,1045.16375,0.071097813,0.001596807,200,25,1935.847999,53.05607211,0.0122,0.159294962,2.409641323,1.494282084
D200,0.002433132,1.241915667,1045.16375,0.071097813,0.001596807,200,25,1977.833102,55.166824,0.0122,0.153619397,2.405379084,1.463151207
D200,0.002448581,1.230469547,1045.16375,0.071097813,0.001596807,200,25,1972.046868,54.49847339,0.0122,0.159599886,2.374945926,1.712198221
D200,0.002439534,1.22060726,1045.16375,0.071097813,0.001596807,200,25,1949.012644,53.43020501,0.0122,0.156262284,2.383753703,1.681067344
D400,0.00242146,1.218127909,1045.16375,0.071097813,0.001596807,400,25,1930.643442,52.81912507,0.012,0.145844435,2.422115978,1.649936468
D400,0.002436294,1.245127585,1045.16375,0.071097813,0.001596807,400,25,1985.525657,55.52461981,0.012,0.145950307,2.412479091,1.774459975
D400,0.002428015,1.22748328,1045.16375,0.071097813,0.001596807,400,25,1950.737145,53.77873395,0.0122,0.144048587,2.389934264,1.525412961
D400,0.002422887,1.218900628,1045.16375,0.071097813,0.001596807,400,25,1933.006153,52.91731162,0.0122,0.160856538,2.384713733,1.556543837
D400,0.002439372,1.251641489,1045.16375,0.071097813,0.001596807,400,25,1998.434146,56.1779681,0.012,0.139713167,2.399226086,1.681067344
D600,0.002479549,1.198770992,1045.0688,0.07106668,0.001587021,600,25,1957.362162,52.39911909,0.0136,0.135083425,2.360350625,1.463151207
D600,0.002480663,1.200719434,1045.0688,0.07106668,0.001587021,600,25,1961.424793,52.59322135,0.0148,0.120362046,2.354270436,1.556543837
D600,0.002478912,1.20010247,1045.0688,0.07106668,0.001587021,600,25,1959.032747,52.50209061,0.0146,0.117288656,2.37100385,1.494282084
D600,0.002476561,1.191790097,1045.0688,0.07106668,0.001587021,600,25,1943.618962,51.72821252,0.0134,0.129654887,2.328001537,1.712198221
D600,0.002477996,1.187229554,1045.0688,0.07106668,0.001587021,600,25,1937.302967,51.36281459,0.0122,0.149588868,2.321628667,1.618805591
D800,0.002458479,1.199155245,1045.0688,0.07106668,0.001587021,800,25,1941.351325,51.98716317,0.0126,0.123403097,2.324864186,1.649936468
D800,0.002455827,1.196526472,1045.0688,0.07106668,0.001587021,800,25,1935.006322,51.70365814,0.0138,0.122813656,2.332444837,1.618805591
D800,0.002460205,1.210967697,1045.0688,0.07106668,0.001587021,800,25,1961.85123,53.05364183,0.0146,0.111041728,2.333356188,1.494282084
D800,0.002459402,1.203001042,1045.0688,0.07106668,0.001587021,800,25,1948.30887,52.34080322,0.0152,0.109543317,2.344244002,1.681067344
D800,0.002461889,1.21317965,1045.0688,0.07106668,0.001587021,800,25,1966.780607,53.28409649,0.0132,0.117679705,2.392456042,1.556543837
S50,0.002450274,1.193676603,1045.22655,0.071118393,0.001603365,50,6,1906.686695,51.31170862,0.0124,0.150854734,2.358059239,1.743329098
S50,0.002459803,1.211204137,1045.22655,0.071118393,0.001603365,50,6,1942.208161,53.03512287,0.0124,0.145219563,2.359048519,1.525412961
S50,0.002457153,1.206652328,1045.22655,0.071118393,0.001603365,50,6,1932.824586,52.58054163,0.012,0.126984181,2.346389412,1.43202033
S50,0.002461007,1.21380811,1045.22655,0.071118393,0.001603365,50,6,1947.336136,53.28947197,0.0118,0.15344889,2.368014463,1.43202033
S50,0.002461208,1.213796151,1045.22655,0.071118393,0.001603365,50,6,1947.475637,53.29276438,0.0118,0.149866334,2.377940402,1.463151207
S100,0.002463973,1.214138435,1045.22655,0.071118393,0.001603365,100,6,1950.214018,53.38274971,0.0122,0.146763146,2.355055985,1.494282084
S100,0.002464775,1.217267031,1045.22655,0.071118393,0.001603365,100,6,1955.875063,53.67566432,0.0118,0.150943889,2.34418626,1.743329098
S100,0.002463493,1.216148503,1045.22655,0.071118393,0.001603365,100,6,1953.061512,53.54920037,0.012,0.144119298,2.350460873,1.681067344
S100,0.002459001,1.211584755,1045.22655,0.071118393,0.001603365,100,6,1942.184457,53.05114153,0.0122,0.144960844,2.354754656,1.618805591
S100,0.002460445,1.21277896,1045.16375,0.071097813,0.001596807,100,6,1953.112423,53.19920367,0.0124,0.143124138,2.348310931,1.556543837
S200,0.002495818,1.185136949,1045.16375,0.071097813,0.001596807,200,6,1936.035737,51.53213585,0.0128,0.146163046,2.31502858,1.681067344
S200,0.002493325,1.186045598,1045.16375,0.071097813,0.001596807,200,6,1935.584748,51.5596324,0.0126,0.152347818,2.327331882,1.494282084
S200,0.002494394,1.188371617,1045.16375,0.071097813,0.001596807,200,6,1940.212032,51.78425102,0.0124,0.148901337,2.321342581,1.587674714
S200,0.002480504,1.200824997,1045.16375,0.071097813,0.001596807,200,6,1949.627099,52.58083853,0.0122,0.153037617,2.354421515,1.681067344
S200,0.002478514,1.198910829,1045.16375,0.071097813,0.001596807,200,6,1944.957218,52.37127789,0.013,0.142210525,2.346264224,1.556543837
S400,0.002493246,1.178040546,1045.16375,0.071097813,0.001596807,400,6,1922.459729,50.86437644,0.0128,0.152314916,2.302433632,1.681067344
S400,0.002494077,1.180754269,1045.16375,0.071097813,0.001596807,400,6,1927.530764,51.11602547,0.0122,0.153161627,2.301666197,1.494282084
S400,0.002494552,1.183268201,1045.16375,0.071097813,0.001596807,400,6,1932.002463,51.34369319,0.0124,0.152738353,2.301228007,1.43202033
S400,0.002493325,1.17496698,1045.16375,0.071097813,0.001596807,400,6,1917.504834,50.60091435,0.0122,0.156779676,2.312349059,1.618805591
S400,0.002492018,1.185628643,1045.16375,0.071097813,0.001596807,400,6,1933.890119,51.49638137,0.0124,0.150518394,2.29357413,1.618805591
S600,0.002493919,1.180963984,1045.0688,0.07106668,0.001587021,600,6,1939.462094,51.14869064,0.0128,0.148160387,2.306805401,1.463151207
S600,0.002495502,1.182109974,1045.0688,0.07106668,0.001587021,600,6,1942.57621,51.2805317,0.0128,0.146690113,2.300352377,1.463151207
S600,0.00249289,1.187129177,1045.0688,0.07106668,0.001587021,600,6,1948.782326,51.66279321,0.0132,0.140397075,2.312753062,1.649936468
S600,0.002495146,1.183930868,1045.0688,0.07106668,0.001587021,600,6,1945.290928,51.43129706,0.0132,0.143163252,2.305671252,1.463151207
S600,0.002492494,1.184721363,1045.0688,0.07106668,0.001587021,600,6,1944.520724,51.44526012,0.0124,0.149463767,2.308124581,1.681067344
S800,0.002503085,1.176485664,1045.0688,0.07106668,0.001587021,800,6,1939.208817,50.94807605,0.015,0.127609025,2.283433535,1.618805591
S800,0.002508522,1.177412701,1045.0688,0.07106668,0.001587021,800,6,1944.951937,51.13922732,0.0136,0.143727725,2.28344892,1.649936468
S800,0.002506002,1.176909029,1045.0688,0.07106668,0.001587021,800,6,1942.167081,51.04415925,0.0204,0.067806565,2.305620968,1.463151207
S800,0.002495462,1.183476967,1045.0688,0.07106668,0.001587021,800,6,1944.791778,51.39838716,0.0136,0.135107263,2.285418849,1.649936468
S800,0.002494631,1.189001766,1045.0688,0.07106668,0.001587021,800,6,1953.220075,51.86211822,0.017,0.096797087,2.29616334,1.649936468
D50,0.002403625,1.518382172,1045.5648,0.07122908,0.001639917,50,25,2326.895298,81.34344019,0.0106,0.098566435,2.690730088,1.974811083
D50,0.002379782,1.5385933,1045.5648,0.07122908,0.001639917,50,25,2334.479383,82.69485263,0.011,0.093048722,2.738434207,1.974811083
D50,0.002365681,1.499874556,1045.5648,0.07122908,0.001639917,50,25,2262.247304,78.11952878,0.011,0.111694834,2.817365633,2.221662469
D50,0.002379334,1.529676339,1045.5648,0.07122908,0.001639917,50,25,2320.512605,81.7237109,0.0106,0.101770997,2.759699812,2.036523929
D50,0.002329034,1.416675084,1045.5648,0.07122908,0.001639917,50,25,2103.657756,68.61355783,0.011,0.111031755,2.814001244,1.789672544
D100,0.002423835,1.502434697,1045.5648,0.07122908,0.001639917,100,25,2321.815605,80.31338452,0.011,0.12100821,2.632649339,1.94395466
D100,0.002416903,1.496941089,1045.5648,0.07122908,0.001639917,100,25,2306.710046,79.49911867,0.0112,0.121946826,2.670840698,2.036523929
D100,0.002425075,1.50726978,1045.5648,0.07122908,0.001639917,100,25,2330.479268,80.87249347,0.011,0.123594815,2.656750954,1.882241814
D100,0.002415298,1.499883606,1045.5648,0.07122908,0.001639917,100,25,2309.708911,79.75894599,0.0114,0.128467776,2.667506004,1.974811083
D100,0.002415177,1.493169925,1045.5648,0.07122908,0.001639917,100,25,2299.255663,79.04257804,0.0112,0.11502625,2.657418213,1.882241814
D200,0.00247452,1.422503225,1045.4432,0.07118932,0.00162653,200,25,2262.469053,73.53314854,0.0108,0.129197292,2.588700967,2.098236776
D200,0.00246041,1.442911348,1045.4432,0.07118932,0.00162653,200,25,2281.84168,75.22676955,0.011,0.120099967,2.613579889,1.974811083
D200,0.002438833,1.459771295,1045.4432,0.07118932,0.00162653,200,25,2288.259527,76.31982278,0.011,0.117824091,2.697432993,1.94395466
D200,0.002446139,1.468819078,1045.4432,0.07118932,0.00162653,200,25,2309.33972,77.5003002,0.011,0.127997156,2.669193554,1.913098237
D200,0.002441774,1.466044477,1045.4432,0.07118932,0.00162653,200,25,2300.864212,77.07000554,0.011,0.124297635,2.699238938,2.221662469
D400,0.002472638,1.422508593,1045.32,0.071149,0.001613252,400,25,2279.095474,73.51075489,0.011,0.124558194,2.610637885,2.005667506
D400,0.002473932,1.422133948,1045.32,0.071149,0.001613252,400,25,2279.68762,73.51048868,0.0108,0.125107165,2.659162876,2.036523929
D400,0.002472168,1.424096535,1045.32,0.071149,0.001613252,400,25,2281.205271,73.66094085,0.011,0.124169035,2.621120179,2.129093199
D400,0.002457886,1.451315756,1045.32,0.071149,0.001613252,400,25,2311.376408,76.06170418,0.0104,0.110724491,2.716696143,2.005667506
D400,0.002457728,1.45470592,1045.32,0.071149,0.001613252,400,25,2316.626837,76.41256088,0.0106,0.091683097,2.661629247,2.098236776
D600,0.00247781,1.416541339,1045.32,0.071149,0.001613252,600,25,2274.282022,73.04778253,0.0106,0.102419514,2.72971974,2.005667506
D600,0.002479102,1.421176729,1045.32,0.071149,0.001613252,600,25,2282.913326,73.56495543,0.0114,0.091843409,2.633703639,2.252518892
D600,0.002475618,1.422285997,1045.32,0.071149,0.001613252,600,25,2281.484306,73.57629,0.011,0.085816671,2.607496322,1.820528967
D600,0.002476166,1.423966717,1045.32,0.071149,0.001613252,600,25,2284.686326,73.76662033,0.0142,0.078857466,2.586980655,1.820528967
D600,0.002457452,1.441384092,1045.32,0.071149,0.001613252,600,25,2295.153763,75.01100362,0.0112,0.101923785,2.621748382,2.005667506
D800,0.002482112,1.407834025,1045.32,0.071149,0.001613252,800,25,2264.226354,72.27777312,0.0126,0.096575534,2.655372422,2.005667506
D800,0.002482151,1.411015764,1045.32,0.071149,0.001613252,800,25,2269.379283,72.60598421,0.0134,0.070922367,2.660303152,2.375944584
D800,0.002476949,1.396342611,1045.32,0.071149,0.001613252,800,25,2241.073389,70.95475999,0.0126,0.087364247,2.611077525,2.221662469
D800,0.002480666,1.408382057,1045.32,0.071149,0.001613252,800,25,2263.788086,72.29191328,0.012,0.078848552,2.607165303,2.283375315
D800,0.002473266,1.384952448,1045.32,0.071149,0.001613252,800,25,2219.48737,69.69811068,0.0112,0.102092784,2.65987949,2.067380353
S50,0.002458478,1.412534274,1045.5648,0.07122908,0.001639917,50,6,2214.085263,72.00421725,0.0112,0.140122629,2.600572749,2.067380353
S50,0.00246305,1.413697159,1045.5648,0.07122908,0.001639917,50,6,2220.028674,72.25694022,0.0114,0.140881748,2.600756865,1.913098237
S50,0.002457728,1.411411647,1045.5648,0.07122908,0.001639917,50,6,2211.651024,71.86789021,0.0116,0.138649487,2.611409827,1.85138539
S50,0.002472129,1.418721587,1045.5648,0.07122908,0.001639917,50,6,2236.131034,73.03970727,0.0114,0.138318815,2.606183706,1.85138539
S50,0.002467534,1.420013481,1045.5648,0.07122908,0.001639917,50,6,2234.007859,73.03680419,0.0118,0.133187505,2.601032081,2.159949622
S100,0.00248051,1.432386463,1045.5648,0.07122908,0.001639917,100,6,2265.323039,74.70590784,0.0114,0.131883046,2.602353853,2.190806045
S100,0.002476558,1.433125116,1045.5648,0.07122908,0.001639917,100,6,2262.880192,74.66383032,0.0116,0.137481901,2.591555322,2.129093199
S100,0.002474481,1.429072525,1045.5648,0.07122908,0.001639917,100,6,2254.589381,74.17991386,0.0114,0.137975401,2.593729911,2.190806045
S100,0.002473109,1.429770153,1045.5648,0.07122908,0.001639917,100,6,2254.439192,74.21118228,0.0118,0.121666147,2.590178255,1.85138539
S100,0.002473188,1.423544648,1045.5648,0.07122908,0.001639917,100,6,2244.694096,73.56866158,0.0116,0.139022255,2.585105566,2.129093199
S200,0.00249808,1.414848781,1045.4432,0.07118932,0.00162653,200,6,2271.719886,73.43651507,0.0122,0.131305906,2.549463877,1.789672544
S200,0.002498663,1.411613172,1045.4432,0.07118932,0.00162653,200,6,2267.053002,73.11805505,0.0126,0.100374314,2.553809437,1.974811083
S200,0.002499594,1.413821199,1045.4432,0.07118932,0.00162653,200,6,2271.445442,73.37431402,0.0118,0.126875605,2.557795714,2.221662469
S200,0.002500409,1.410035694,1045.4432,0.07118932,0.00162653,200,6,2266.101959,73.00570644,0.0118,0.133070676,2.566834809,2.252518892
S400,0.00248387,1.421731909,1045.32,0.071149,0.001613252,400,6,2288.197563,73.76404006,0.0118,0.127769876,2.593864362,2.159949622
S400,0.002482698,1.414369002,1045.32,0.071149,0.001613252,400,6,2275.273645,72.96756122,0.0116,0.132259323,2.570231272,2.067380353
S400,0.002486484,1.412545496,1045.32,0.071149,0.001613252,400,6,2275.805632,72.89052495,0.0114,0.132146168,2.541498191,1.882241814
S400,0.002484572,1.414565071,1045.32,0.071149,0.001613252,400,6,2277.307026,73.04289564,0.0116,0.132789029,2.548421595,2.159949622
S400,0.002484455,1.418106428,1045.32,0.071149,0.001613252,400,6,2282.900649,73.40561857,0.0124,0.130893631,2.588285054,2.190806045
S600,0.002492367,1.424513823,1045.32,0.071149,0.001613252,600,6,2300.518044,74.30632405,0.0118,0.122014809,2.580068962,2.252518892
S600,0.002492484,1.423027041,1045.32,0.071149,0.001613252,600,6,2298.2246,74.15476915,0.0124,0.117539807,2.584900044,2.159949622
S600,0.002496255,1.426300759,1045.32,0.071149,0.001613252,600,6,2306.9972,74.6090734,0.0122,0.1150151,2.561216983,2.005667506
S600,0.002494739,1.427271455,1045.32,0.071149,0.001613252,600,6,2307.165578,74.66529908,0.0124,0.114068399,2.587510212,2.036523929
S600,0.002495867,1.426937771,1045.32,0.071149,0.001613252,600,6,2307.668303,74.66410851,0.0124,0.118621444,2.581396513,2.098236776
S800,0.002482893,1.417093989,1045.32,0.071149,0.001613252,800,6,2279.836626,73.25475967,0.0134,0.107024784,2.560087009,1.758816121
S800,0.002481252,1.419078935,1045.32,0.071149,0.001613252,800,6,2281.521063,73.41156821,0.013,0.111023986,2.596600528,1.913098237
S800,0.002485353,1.419021488,1045.32,0.071149,0.001613252,800,6,2285.199098,73.52693817,0.0214,0.033273941,2.622113085,2.098236776
S800,0.00248344,1.417559874,1045.32,0.071149,0.001613252,800,6,2281.088375,73.31907681,0.0128,0.129974271,2.569463249,1.820528967
S800,0.002484065,1.420729934,1045.32,0.071149,0.001613252,800,6,2286.764651,73.66589448,0.0146,0.085666164,2.568817026,1.820528967
D50,0.002381171,1.666162703,1044.8112,0.07098212,0.001561216,50,25,2655.112204,97.30031654,0.0108,0.078949378,2.984611462,2.368956743
D50,0.002323065,1.600857071,1044.8112,0.07098212,0.001561216,50,25,2488.793055,87.63050424,0.0102,0.080994443,3.075366021,2.493638677
D50,0.002321488,1.597764868,1044.8112,0.07098212,0.001561216,50,25,2482.299702,87.23304824,0.0108,0.087689251,3.115050296,2.088422392
D50,0.002324853,1.600284109,1044.8112,0.07098212,0.001561216,50,25,2489.817783,87.6352082,0.0108,0.080377709,3.094452059,2.400127226
D50,0.002369422,1.711194094,1044.8112,0.07098212,0.001561216,50,25,2713.416662,102.1244489,0.0108,0.063998223,3.004673665,2.368956743
D100,0.002419965,1.684096907,1044.8112,0.07098212,0.001561216,100,25,2727.413719,101.0257457,0.011,0.090444721,2.895548145,2.680661578
D100,0.002416896,1.683286335,1044.8112,0.07098212,0.001561216,100,25,2722.643603,100.8005169,0.0104,0.054020039,3.084940581,2.400127226
D100,0.002382708,1.599080002,1044.8112,0.07098212,0.001561216,100,25,2549.857762,89.68093191,0.0112,0.101792148,2.95128913,2.026081425
D100,0.002388143,1.603216013,1044.8112,0.07098212,0.001561216,100,25,2562.284176,90.35107042,0.011,0.107701835,2.944572615,2.181933842
D100,0.002387314,1.602400545,1044.8112,0.07098212,0.001561216,100,25,2560.091931,90.22785035,0.0104,0.090353191,2.924704326,2.150763359
D200,0.00242866,1.605773998,1044.68,0.070939,0.001548471,200,25,2631.063466,92.22183973,0.0114,0.052794085,2.998124447,2.400127226
D200,0.002450324,1.647623844,1044.68,0.070939,0.001548471,200,25,2723.715113,97.95752081,0.0146,0.037142561,2.966529382,2.462468193
D200,0.002458589,1.649342352,1044.68,0.070939,0.001548471,200,25,2735.753655,98.49310648,0.0104,0.073380658,2.971769703,2.743002545
D200,0.002440327,1.62587821,1044.68,0.070939,0.001548471,200,25,2676.801856,94.99970828,0.0104,0.046794582,2.937807548,2.680661578
D200,0.002458589,1.654852762,1044.68,0.070939,0.001548471,200,25,2744.893737,99.15233172,0.01,0.050322617,2.99205482,2.33778626
D400,0.002431551,1.61800437,1044.68,0.070939,0.001548471,400,25,2654.259265,93.74347932,0.0138,0.043058614,3.117623303,2.898854962
D400,0.002426785,1.603060942,1044.68,0.070939,0.001548471,400,25,2624.590081,91.8395088,0.0116,0.048093319,3.108333693,3.023536896
D400,0.002451172,1.653359828,1044.68,0.070939,0.001548471,400,25,2734.143289,98.67489855,0.0132,0.03967132,3.026542576,2.400127226
D400,0.00243639,1.631657325,1044.68,0.070939,0.001548471,400,25,2681.982619,95.52189955,0.0122,0.042425304,3.01931705,3.023536896
D400,0.002464459,1.640956544,1044.68,0.070939,0.001548471,400,25,2728.342669,97.7268795,0.011,0.05459368,2.919158592,2.680661578
D600,0.002473038,1.621970866,1044.68,0.070939,0.001548471,600,25,2706.163501,95.81094367,0.0136,0.04493644,2.893907337,2.52480916
D600,0.002475278,1.620226258,1044.68,0.070939,0.001548471,600,25,2705.701245,95.69154005,0.012,0.054300312,2.976918996,2.555979644
D600,0.002476357,1.621064069,1044.68,0.070939,0.001548471,600,25,2708.280704,95.83229558,0.0148,0.02925705,3.111563662,2.555979644
D600,0.002470596,1.605391799,1044.68,0.070939,0.001548471,600,25,2675.857077,93.76958403,0.0126,0.041145814,2.942187821,2.836513995
D600,0.002475558,1.612810394,1044.68,0.070939,0.001548471,600,25,2693.621611,94.82829402,0.0126,0.042195453,2.996728535,2.836513995
D800,0.002499508,1.599505325,1044.68,0.070939,0.001548471,800,25,2697.245508,94.1725228,0.0154,0.029289522,2.883213228,2.711832061
D800,0.002503544,1.601968954,1044.68,0.070939,0.001548471,800,25,2705.761232,94.61535023,0.0152,0.03587275,2.97817025,2.774173028
D800,0.002505717,1.598053835,1044.68,0.070939,0.001548471,800,25,2701.491539,94.23517766,0.012,0.045361116,3.035298035,2.52480916
D800,0.002497251,1.592339768,1044.68,0.070939,0.001548471,800,25,2682.73663,93.24634485,0.014,0.048746332,2.975689921,2.400127226
D800,0.00250212,1.594503529,1044.68,0.070939,0.001548471,800,25,2691.620652,93.68226299,0.0138,0.046320805,2.974881534,2.462468193
S50,0.002512028,1.574347366,1044.8112,0.07098212,0.001561216,50,6,2646.671288,91.64621505,0.011,0.097648726,2.764611869,2.275445293
S50,0.002511713,1.582586563,1044.8112,0.07098212,0.001561216,50,6,2660.188562,92.59634863,0.0112,0.110632184,2.784814878,2.462468193
S50,0.002519306,1.589140841,1044.8112,0.07098212,0.001561216,50,6,2679.280973,93.64716079,0.0112,0.11089052,2.791268732,2.587150127
S50,0.002516122,1.589823811,1044.8112,0.07098212,0.001561216,50,6,2677.044875,93.60921735,0.0112,0.110540013,2.77002425,2.462468193
S50,0.002502595,1.599829002,1044.8112,0.07098212,0.001561216,50,6,2679.408958,94.28151145,0.01,0.078595275,2.879657362,2.306615776
S100,0.002481587,1.612549504,1044.8112,0.07098212,0.001561216,100,6,2678.042575,94.98269737,0.0128,0.055825831,2.81862213,2.306615776
S100,0.002485453,1.623240245,1044.8112,0.07098212,0.001561216,100,6,2699.99626,96.39620352,0.0104,0.054434736,2.834304486,2.400127226
S100,0.00248047,1.614234363,1044.8112,0.07098212,0.001561216,100,6,2679.634128,95.13844618,0.0108,0.064803275,2.875183276,2.587150127
S100,0.002480829,1.618757512,1044.8112,0.07098212,0.001561216,100,6,2687.531545,95.68620555,0.0102,0.065187388,2.824508975,2.680661578
S100,0.002483939,1.61747383,1044.8112,0.07098212,0.001561216,100,6,2688.766405,95.65425679,0.0106,0.079386654,2.820972955,2.618320611
S200,0.002512816,1.589944109,1044.68,0.070939,0.001548471,200,6,2695.397229,93.5454507,0.014,0.051048946,2.957256887,2.555979644
S200,0.002512383,1.592813084,1044.68,0.070939,0.001548471,200,6,2699.795351,93.86716379,0.013,0.051737732,2.7989606,2.711832061
S200,0.002510846,1.593152583,1044.68,0.070939,0.001548471,200,6,2698.719077,93.84974293,0.0104,0.055015537,2.964542875,2.587150127
S200,0.002510531,1.591103646,1044.68,0.070939,0.001548471,200,6,2694.909779,93.59674328,0.0114,0.04379228,3.094040534,2.649491094
S200,0.002509309,1.59695507,1044.68,0.070939,0.001548471,200,6,2703.503619,94.2405233,0.014,0.049034156,2.961390736,2.743002545
S400,0.002502674,1.590978058,1044.68,0.070939,0.001548471,400,6,2686.263735,93.28909401,0.0114,0.063199131,2.87458441,2.680661578
S400,0.002495625,1.595677008,1044.68,0.070939,0.001548471,400,6,2686.609386,93.57666246,0.0124,0.047313254,2.947651822,2.462468193
S400,0.002505204,1.597998174,1044.68,0.070939,0.001548471,400,6,2700.84384,94.20930272,0.0124,0.053225497,2.9562895,2.680661578
S400,0.002503544,1.594924615,1044.68,0.070939,0.001548471,400,6,2693.863186,93.78507546,0.0132,0.056510124,2.963229596,2.743002545
S400,0.002512974,1.59428574,1044.68,0.070939,0.001548471,400,6,2702.926942,94.06293055,0.0126,0.057151145,3.031494443,2.555979644
S600,0.002505401,1.596962109,1044.68,0.070939,0.001548471,600,6,2699.305544,94.09459879,0.0112,0.066898224,2.826666765,2.33778626
S600,0.002508796,1.594233195,1044.68,0.070939,0.001548471,600,6,2698.344217,93.90035501,0.0114,0.088485399,2.783083499,2.774173028
S600,0.00251258,1.600237714,1044.68,0.070939,0.001548471,600,6,2712.59262,94.7517225,0.0112,0.060472497,2.952572722,2.52480916
S600,0.002511674,1.594712928,1044.68,0.070939,0.001548471,600,6,2702.252606,94.06466122,0.011,0.086922499,2.799750857,2.33778626
S600,0.002503741,1.590401105,1044.68,0.070939,0.001548471,600,6,2686.434944,93.26120723,0.0106,0.072401536,2.923157083,2.618320611
S800,0.002528678,1.583017937,1044.68,0.070939,0.001548471,800,6,2700.595125,93.31755499,0.0128,0.046386191,2.859815802,2.275445293
S800,0.002522329,1.579044669,1044.68,0.070939,0.001548471,800,6,2687.053979,92.61660193,0.0142,0.041066266,2.921387841,2.618320611
S800,0.002521034,1.588281635,1044.68,0.070939,0.001548471,800,6,2701.384714,93.65522001,0.013,0.052370181,2.794301319,2.213104326
S800,0.002518049,1.580739054,1044.68,0.070939,0.001548471,800,6,2685.372516,92.65796528,0.0106,0.063907621,2.886741594,2.462468193
S800,0.002518363,1.58038399,1044.68,0.070939,0.001548471,800,6,2685.10455,92.62790853,0.0136,0.044097897,2.757657512,2.462468193
D50,0.002273937,0.600553316,1152.266,0.067623358,0.009107103,50,25,172.7835959,13.97454198,0.0114,0.252716583,1.562679674,0.623409669
D50,0.002266526,0.589941914,1152.266,0.067623358,0.009107103,50,25,169.1774616,13.44111394,0.0116,0.263227887,1.567789136,0.561068702
D50,0.002255145,0.552909101,1152.266,0.067623358,0.009107103,50,25,157.7613811,11.74729684,0.0118,0.298267462,1.575701472,0.592239186
D50,0.002255364,0.556197031,1152.266,0.067623358,0.009107103,50,25,158.7149657,11.88858182,0.0116,0.290176097,1.570019941,0.623409669
D50,0.002264429,0.579776587,1152.266,0.067623358,0.009107103,50,25,166.1085379,12.96988527,0.0116,0.264332785,1.552722579,0.529898219
D100,0.002317093,0.54097082,1152.266,0.067623358,0.009107103,100,25,158.595118,11.55439364,0.0118,0.301415567,1.576622382,0.592239186
D100,0.002320507,0.539698875,1152.266,0.067623358,0.009107103,100,25,158.4553763,11.51706974,0.0118,0.301496336,1.574302539,0.592239186
D100,0.002315213,0.567568852,1152.266,0.067623358,0.009107103,100,25,166.2577902,12.70820063,0.0118,0.274702707,1.583288008,0.623409669
D100,0.002300762,0.570305341,1152.266,0.067623358,0.009107103,100,25,166.016679,12.75095362,0.0118,0.271331376,1.57697478,0.561068702
D100,0.002310677,0.548165395,1152.266,0.067623358,0.009107103,100,25,160.2593746,11.83092127,0.0118,0.294761355,1.586395774,0.529898219
D200,0.002306305,0.581758328,1152.266,0.067623358,0.009107103,200,25,169.7586007,13.30019172,0.0116,0.269501655,1.573185206,0.561068702
D200,0.002309778,0.581861121,1152.266,0.067623358,0.009107103,200,25,170.0442897,13.32492879,0.0116,0.269493373,1.581615633,0.623409669
D200,0.002307677,0.581913272,1152.266,0.067623358,0.009107103,200,25,169.9048838,13.31519805,0.0116,0.27015169,1.577652296,0.561068702
D200,0.002303041,0.57826209,1152.266,0.067623358,0.009107103,200,25,168.4996143,13.12221466,0.0116,0.271347146,1.575414512,0.561068702
D200,0.002305146,0.587409057,1152.266,0.067623358,0.009107103,200,25,171.3213677,13.55300743,0.0114,0.265799364,1.573976112,0.592239186
D400,0.002310934,0.553699348,1152.158,0.067599618,0.009047234,400,25,162.9513048,12.0754531,0.0114,0.293272221,1.570033462,0.561068702
D400,0.002320721,0.553903821,1152.158,0.067599618,0.009047234,400,25,163.701795,12.13554776,0.0116,0.293390206,1.574157889,0.561068702
D400,0.002315042,0.554639464,1152.158,0.067599618,0.009047234,400,25,163.5181065,12.13802976,0.0116,0.287930073,1.57801922,0.592239186
D400,0.002316281,0.557327918,1152.158,0.067599618,0.009047234,400,25,164.3986796,12.26254756,0.0114,0.288878701,1.577174853,0.623409669
D400,0.002296241,0.573230744,1152.158,0.067599618,0.009047234,400,25,167.6267184,12.8600986,0.0116,0.26952437,1.55836031,0.561068702
D600,0.002329276,0.530495245,1152.158,0.067599618,0.009047234,600,25,157.3615934,11.1725375,0.0118,0.305555661,1.568375759,0.529898219
D600,0.002326981,0.529724897,1152.158,0.067599618,0.009047234,600,25,156.9782306,11.12913461,0.0126,0.270860137,1.564564806,0.529898219
D600,0.002259792,0.530813522,1152.158,0.067599618,0.009047234,600,25,152.7589413,10.85226021,0.0124,0.274701782,1.561426419,0.529898219
D600,0.002321445,0.536465068,1152.158,0.067599618,0.009047234,600,25,158.5974326,11.38699634,0.0148,0.209826461,1.562924626,0.529898219
D600,0.002325534,0.537453049,1152.158,0.067599618,0.009047234,600,25,159.1693825,11.44910777,0.014,0.235534394,1.570899386,0.529898219
D800,0.002332885,0.530938454,1152.158,0.067599618,0.009047234,800,25,157.7370629,11.20855201,0.0148,0.211542845,1.560605139,0.529898219
D800,0.00233814,0.525129282,1152.158,0.067599618,0.009047234,800,25,156.3625997,10.98931695,0.017,0.158906768,1.573095612,0.529898219
D800,0.002336785,0.51997314,1152.158,0.067599618,0.009047234,800,25,154.7375897,10.76832906,0.0166,0.173264343,1.568672064,0.561068702
D800,0.002328512,0.517563986,1152.158,0.067599618,0.009047234,800,25,153.4753587,10.63100413,0.016,0.179787594,1.584954696,0.529898219
D800,0.002332164,0.524870451,1152.158,0.067599618,0.009047234,800,25,155.886101,10.95042812,0.0138,0.251164998,1.571780184,0.498727735
S50,0.002298952,0.554379814,1152.266,0.067623358,0.009107103,50,6,161.2537832,12.03928862,0.0118,0.296161001,1.585030001,0.590736041
S50,0.002310249,0.546933625,1152.266,0.067623358,0.009107103,50,6,159.8696182,11.77562772,0.0112,0.307117005,1.575896097,0.654580153
S50,0.002312732,0.552925353,1152.266,0.067623358,0.009107103,50,6,161.7947352,12.04798434,0.0116,0.295446606,1.558030671,0.623409669
S50,0.002318459,0.548859887,1152.266,0.067623358,0.009107103,50,6,161.0028224,11.90086383,0.0116,0.298612683,1.559559837,0.561068702
S50,0.002327916,0.540044874,1152.266,0.067623358,0.009107103,50,6,159.0632094,11.56866099,0.0114,0.313268186,1.558580143,0.561068702
S100,0.002319547,0.516311842,1152.266,0.067623358,0.009107103,100,6,151.5262278,10.53618537,0.0116,0.328413445,1.560233628,0.55964467
S100,0.002325492,0.517318092,1152.266,0.067623358,0.009107103,100,6,152.2106399,10.60440202,0.0114,0.329209201,1.565566604,0.467557252
S100,0.002327321,0.516481288,1152.266,0.067623358,0.009107103,100,6,152.0839626,10.57843731,0.0114,0.334875386,1.575050725,0.529898219
S100,0.002328044,0.540106067,1152.266,0.067623358,0.009107103,100,6,159.089948,11.57191675,0.0114,0.310555665,1.558494761,0.498727735
S100,0.002333521,0.536005948,1152.266,0.067623358,0.009107103,100,6,158.2537096,11.42370589,0.0116,0.315929067,1.576208874,0.561068702
S200,0.002333007,0.542499387,1152.266,0.067623358,0.009107103,200,6,160.1355829,11.69958892,0.0122,0.288372866,1.583216207,0.55964467
S200,0.002336022,0.543705304,1152.266,0.067623358,0.009107103,200,6,160.6989555,11.7668476,0.0124,0.277849843,1.5638467,0.561068702
S200,0.002333945,0.54556547,1152.266,0.067623358,0.009107103,200,6,161.1053941,11.83696768,0.0118,0.292642255,1.565238263,0.561068702
S200,0.002338393,0.542098542,1152.266,0.067623358,0.009107103,200,6,160.3866972,11.70927722,0.0118,0.296442418,1.556928929,0.623409669
S200,0.00234165,0.540752545,1152.266,0.067623358,0.009107103,200,6,160.2112742,11.6674286,0.0122,0.292156469,1.570737295,0.561068702
S400,0.002337335,0.540589652,1152.158,0.067599618,0.009047234,400,6,160.910708,11.64191045,0.0116,0.296417149,1.54696515,0.529898219
S400,0.002342157,0.539555277,1152.158,0.067599618,0.009047234,400,6,160.9341444,11.62132698,0.0114,0.307617198,1.570397211,0.529898219
S400,0.002340466,0.532257422,1152.158,0.067599618,0.009047234,400,6,158.6427939,11.30091625,0.0116,0.315617298,1.560877234,0.529898219
S400,0.002341988,0.527788191,1152.158,0.067599618,0.009047234,400,6,157.4129933,11.1191561,0.0116,0.314159942,1.554539254,0.529898219
S400,0.00233526,0.534789395,1152.158,0.067599618,0.009047234,400,6,159.0428541,11.38330908,0.0118,0.300546188,1.553679247,0.561068702
S600,0.002336192,0.538919264,1152.158,0.067599618,0.009047234,600,6,160.3350247,11.56441563,0.0118,0.305078083,1.563733267,0.498727735
S600,0.002337378,0.539871357,1152.158,0.067599618,0.009047234,600,6,160.6998131,11.61120357,0.0132,0.263224642,1.568274191,0.561068702
S600,0.002312262,0.537698037,1152.158,0.067599618,0.009047234,600,6,158.3330694,11.39414293,0.0126,0.28125624,1.574524496,0.592239186
S600,0.002318246,0.542402397,1152.158,0.067599618,0.009047234,600,6,160.1317028,11.62439884,0.0124,0.267691545,1.565081714,0.529898219
S600,0.002218511,0.539528232,1152.158,0.067599618,0.009047234,600,6,152.4305264,11.0067146,0.0124,0.250526589,1.579240583,0.498727735
S800,0.002340213,0.542461899,1152.158,0.067599618,0.009047234,800,6,161.6667771,11.73712152,0.0168,0.164973541,1.566374266,0.529898219
S800,0.002342706,0.544369406,1152.158,0.067599618,0.009047234,800,6,162.4081394,11.83240649,0.0166,0.038274332,1.55938477,0.623409669
S800,0.002346126,0.542683658,1152.158,0.067599618,0.009047234,800,6,162.1415195,11.77640039,0.026,0.054419089,1.551797708,0.654580153
S800,0.002342875,0.540624391,1152.158,0.067599618,0.009047234,800,6,161.3024785,11.67100505,0.017,0.16793458,1.559272305,0.529898219
S800,0.002345999,0.541050403,1152.158,0.067599618,0.009047234,800,6,161.6448205,11.70499139,0.0154,0.17279058,1.562510743,0.592239186
D50,0.002253404,0.953096415,1151.51,0.067458438,0.008696196,50,25,284.3900165,34.94171613,0.0112,0.165336243,1.976807007,1.003841229
D50,0.002240378,0.949680513,1151.51,0.067458438,0.008696196,50,25,281.7326368,34.4911548,0.011,0.16566932,1.977099387,0.972471191
D50,0.002300944,1.009325488,1151.51,0.067458438,0.008696196,50,25,307.5216578,40.01289702,0.0108,0.145999953,1.941417591,1.035211268
D50,0.002296322,0.995900408,1151.51,0.067458438,0.008696196,50,25,302.8217335,38.87729143,0.0108,0.152792097,1.950789971,1.19206146
D50,0.002257227,0.953748681,1151.51,0.067458438,0.008696196,50,25,285.0673613,35.04890826,0.011,0.164700101,1.973459585,0.972471191
D100,0.002331454,0.966055569,1151.51,0.067458438,0.008696196,100,25,298.2410315,37.14176602,0.0116,0.150833476,1.916011638,1.035211268
D100,0.002325901,0.992862407,1151.51,0.067458438,0.008696196,100,25,305.786823,39.1382031,0.0112,0.147494226,1.936770574,0.972471191
D100,0.002327194,0.997012082,1151.51,0.067458438,0.008696196,100,25,307.2355001,39.48797522,0.0114,0.143578865,1.935694889,0.972471191
D100,0.002334462,0.996983593,1151.51,0.067458438,0.008696196,100,25,308.186195,39.60903312,0.0116,0.146554814,1.935043626,1.035211268
D100,0.002328959,0.996272355,1151.51,0.067458438,0.008696196,100,25,307.2404293,39.45931044,0.0114,0.14547447,1.923452039,1.097951344
D200,0.002333474,0.978294866,1151.348,0.06742348,0.008610586,200,25,305.2436661,38.13624896,0.011,0.158020795,1.935862752,1.035211268
D200,0.002338152,0.978966822,1151.348,0.06742348,0.008610586,200,25,306.0656221,38.26520672,0.0108,0.158643801,1.931989992,1.003841229
D200,0.002338537,0.981107632,1151.348,0.06742348,0.008610586,200,25,306.7855401,38.43908832,0.0108,0.158023365,1.931671261,1.035211268
D200,0.002337894,0.977978753,1151.348,0.06742348,0.008610586,200,25,305.723072,38.18380233,0.0108,0.159602256,1.937569797,1.097951344
D200,0.002340337,0.978716506,1151.348,0.06742348,0.008610586,200,25,306.2733559,38.28138734,0.0108,0.160105983,1.924824304,1.066581306
D400,0.002307426,0.960731884,1151.348,0.06742348,0.008610586,400,25,296.4175382,36.36868837,0.0114,0.157798324,1.941402004,1.003841229
D400,0.002332357,1.001375789,1151.348,0.06742348,0.008610586,400,25,312.295703,39.93784564,0.011,0.149814847,1.936789975,1.066581306
D400,0.002320638,0.985824503,1151.348,0.06742348,0.008610586,400,25,305.9009836,38.51252744,0.0114,0.150432602,1.941163574,1.19206146
D400,0.002337766,0.978033873,1151.348,0.06742348,0.008610586,400,25,305.7234814,38.18600554,0.0112,0.15442484,1.937676406,0.972471191
D400,0.00233283,0.97087303,1151.348,0.06742348,0.008610586,400,25,302.8442749,37.54942953,0.0112,0.155760063,1.931018644,1.097951344
D600,0.002337423,0.965903925,1151.348,0.06742348,0.008610586,600,25,301.887477,37.23921927,0.0122,0.139968246,1.927224159,1.035211268
D600,0.002344402,0.966766252,1151.348,0.06742348,0.008610586,600,25,303.0592444,37.41713719,0.0348,0.020931904,1.910781866,1.097951344
D600,0.002343761,0.970581609,1151.348,0.06742348,0.008610586,600,25,304.1720278,37.70273621,0.0144,0.108476786,1.92201239,1.129321383
D600,0.002346625,0.971368593,1151.348,0.06742348,0.008610586,600,25,304.7906118,37.81004391,0.012,0.144922827,1.91966687,1.129321383
D600,0.002347308,0.97259891,1151.348,0.06742348,0.008610586,600,25,305.265523,37.91692195,0.0118,0.146123308,1.913762311,1.035211268
D800,0.00235796,0.951741782,1151.348,0.06742348,0.008610586,800,25,300.0747134,36.47288138,0.0154,0.095584307,1.88915259,1.129321383
D800,0.002363183,0.949599165,1151.348,0.06742348,0.008610586,800,25,300.0623493,36.38927207,0.0172,0.067725752,1.900906673,0.941101152
D800,0.00236742,0.945551422,1151.348,0.06742348,0.008610586,800,25,299.3191092,36.14440955,0.0248,0.02079747,1.913404801,0.972471191
D800,0.002370425,0.948833002,1151.348,0.06742348,0.008610586,800,25,300.7390648,36.44191285,0.0134,0.130463085,1.900392618,1.097951344
D800,0.002371693,0.952280926,1151.348,0.06742348,0.008610586,800,25,301.9933986,36.72688319,0.0306,0.020813193,1.904667126,1.097951344
S50,0.002351105,0.951280889,1151.51,0.067458438,0.008696196,50,6,296.1551374,36.31793035,0.0106,0.166014283,1.899997057,0.972471191
S50,0.002336994,0.957182982,1151.51,0.067458438,0.008696196,50,6,296.2040021,36.54928953,0.0108,0.159068491,1.916839241,1.097951344
S50,0.002345343,0.953386923,1151.51,0.067458438,0.008696196,50,6,296.083295,36.38950473,0.0116,0.153462691,1.899315305,1.066581306
S50,0.002351191,0.952335744,1151.51,0.067458438,0.008696196,50,6,296.49429,36.3998394,0.0108,0.163975325,1.899928153,1.066581306
S50,0.00236191,0.958619374,1151.51,0.067458438,0.008696196,50,6,299.811222,37.04990812,0.0108,0.164328138,1.912556384,1.035211268
S100,0.002355961,0.948376727,1151.51,0.067458438,0.008696196,100,6,295.8607317,36.17106232,0.0112,0.160331481,1.901407517,1.003841229
S100,0.002355833,0.95588132,1151.51,0.067458438,0.008696196,100,6,298.185749,36.74378636,0.011,0.159153463,1.901510538,1.003841229
S100,0.002358852,0.956729698,1151.51,0.067458438,0.008696196,100,6,298.8328658,36.85620916,0.0108,0.164400406,1.915035485,1.097951344
S100,0.002354556,0.954098723,1151.51,0.067458438,0.008696196,100,6,297.4683622,36.58702907,0.0112,0.158883628,1.913200167,1.097951344
S100,0.002354769,0.954887392,1151.51,0.067458438,0.008696196,100,6,297.7411659,36.65085347,0.0118,0.151441196,1.907698465,1.066581306
S200,0.002364073,0.953498714,1151.348,0.06742348,0.008610586,200,6,301.4081057,36.70257864,0.0122,0.144512707,1.905498373,1.129321383
S200,0.002369156,0.949713157,1151.348,0.06742348,0.008610586,200,6,300.8568944,36.49000824,0.0124,0.145017672,1.91729971,1.035211268
S200,0.002371143,0.950814365,1151.348,0.06742348,0.008610586,200,6,301.4584527,36.60536478,0.0116,0.154585234,1.910400488,0.972471191
S200,0.002374312,0.950978542,1151.348,0.06742348,0.008610586,200,6,301.9133969,36.6669377,0.0118,0.153773578,1.897281321,1.003841229
S200,0.002370129,0.952188371,1151.348,0.06742348,0.008610586,200,6,301.7648821,36.69552533,0.0124,0.14427198,1.895335741,1.097951344
S400,0.0023642,0.945836517,1151.348,0.06742348,0.008610586,400,6,299.0021145,36.11701718,0.012,0.14918948,1.889473327,0.941101152
S400,0.00236526,0.944742999,1151.348,0.06742348,0.008610586,400,6,298.7902942,36.04970429,0.0114,0.158100354,1.893931912,1.097951344
S400,0.00236615,0.9487775,1151.348,0.06742348,0.008610586,400,6,300.1791534,36.37193818,0.0114,0.157367772,1.893219697,1.097951344
S400,0.002354556,0.944338259,1151.348,0.06742348,0.008610586,400,6,297.310723,35.85582312,0.0114,0.157329296,1.907870918,1.003841229
S400,0.002366065,0.948295548,1151.348,0.06742348,0.008610586,400,6,300.0159276,36.33369466,0.012,0.152696252,1.898590819,0.941101152
S600,0.002374861,0.950265087,1151.348,0.06742348,0.008610586,600,6,301.7566191,36.62040282,0.0136,0.111717833,1.902126597,1.035211268
S600,0.002361867,0.952245299,1151.348,0.06742348,0.008610586,600,6,300.7310264,36.5719917,0.0122,0.144276093,1.88602699,1.097951344
S600,0.002362377,0.951613186,1151.348,0.06742348,0.008610586,600,6,300.5961924,36.5313284,0.0134,0.132848009,1.896243659,1.003841229
S600,0.002362079,0.950459472,1151.348,0.06742348,0.008610586,600,6,300.1940069,36.4382205,0.012,0.14233751,1.896482114,1.003841229
S600,0.00236191,0.949781061,1151.348,0.06742348,0.008610586,600,6,299.958179,36.38360704,0.012,0.149640713,1.901931071,0.909731114
S800,0.0023614,0.945501916,1151.348,0.06742348,0.008610586,800,6,298.5423551,36.04872481,0.0114,0.157145478,1.902341294,1.097951344
S800,0.002357492,0.943427957,1151.348,0.06742348,0.008610586,800,6,297.3944526,35.83134773,0.0118,0.156865716,1.900172569,0.972471191
S800,0.002370932,0.945362875,1151.348,0.06742348,0.008610586,800,6,299.7033221,36.18358877,0.0132,0.135302983,1.905278369,1.066581306
S800,0.00236687,0.943265383,1151.348,0.06742348,0.008610586,800,6,298.5260205,35.96148578,0.013,0.133194852,1.903246777,1.066581306
S800,0.002363225,0.947020458,1151.348,0.06742348,0.008610586,800,6,299.2528786,36.19255443,0.012,0.151031312,1.900872555,0.941101152
D50,0.002305169,1.267716035,1152.32,0.06763525,0.009137186,50,25,368.5407267,63.11706772,0.0106,0.114330806,2.174585394,1.315856777
D50,0.002275924,1.202714503,1152.32,0.06763525,0.009137186,50,25,345.2081201,56.08967115,0.0106,0.126846809,2.186009433,1.566496164
D50,0.002271615,1.204573135,1152.32,0.06763525,0.009137186,50,25,345.086968,56.15663484,0.0108,0.122312836,2.184639492,1.472506394
D50,0.002280138,1.214830596,1152.32,0.06763525,0.009137186,50,25,349.3312471,57.33139359,0.0106,0.122726027,2.192962284,1.503836317
D50,0.002293603,1.250770438,1152.32,0.06763525,0.009137186,50,25,361.7900042,61.13269121,0.0106,0.113547803,2.16369584,1.347186701
D100,0.002325207,1.248606434,1152.32,0.06763525,0.009137186,100,25,366.1406003,61.76078404,0.0112,0.106362904,2.11272867,1.347186701
D100,0.002330233,1.252459304,1152.32,0.06763525,0.009137186,100,25,368.0641902,62.27683491,0.0114,0.108257153,2.124306279,1.253196931
D100,0.002332763,1.259172517,1152.32,0.06763525,0.009137186,100,25,370.4387973,63.01457982,0.0112,0.105894522,2.122002279,1.441176471
D100,0.002329718,1.252201805,1152.32,0.06763525,0.009137186,100,25,367.9072005,62.23747375,0.0112,0.109293678,2.124775808,1.409846547
D100,0.002325594,1.243654396,1152.32,0.06763525,0.009137186,100,25,364.7491586,61.28205934,0.0114,0.108170657,2.117765849,1.409846547
D200,0.002340294,1.22736585,1153.184,0.06782757,0.00963225,200,25,343.8866171,59.93918295,0.0106,0.119373709,2.109818744,1.159207161
D200,0.002343453,1.226795847,1153.184,0.06782757,0.00963225,200,25,344.1909252,59.96436254,0.0106,0.119734218,2.112322092,1.472506394
D200,0.002344477,1.228477537,1153.184,0.06782757,0.00963225,200,25,344.8133041,60.15514001,0.0106,0.119835881,2.111399747,1.190537084
D200,0.002342429,1.231116398,1153.184,0.06782757,0.00963225,200,25,345.252151,60.36108221,0.0106,0.118420069,2.102545668,1.441176471
D200,0.002343026,1.23122901,1153.184,0.06782757,0.00963225,200,25,345.3718029,60.38752435,0.0106,0.118629629,2.107358134,1.253196931
D400,0.002324132,1.251281849,1153.184,0.06782757,0.00963225,400,25,348.1663363,61.86762304,0.011,0.109552234,2.146058733,1.253196931
D400,0.002331348,1.254887733,1153.184,0.06782757,0.00963225,400,25,350.2537653,62.41790606,0.011,0.112286098,2.155542539,1.315856777
D400,0.002318619,1.227990762,1153.184,0.06782757,0.00963225,400,25,340.8751511,59.44453739,0.0112,0.112032981,2.156566308,1.315856777
D400,0.00234844,1.233561537,1153.184,0.06782757,0.00963225,400,25,346.8255206,60.75658773,0.011,0.113903809,2.134518523,1.347186701
D400,0.002351843,1.230444304,1153.184,0.06782757,0.00963225,400,25,346.4504436,60.53751507,0.011,0.113537598,2.110115309,1.253196931
D600,0.002358508,1.225371685,1153.184,0.06782757,0.00963225,600,25,345.9999337,60.2095477,0.0122,0.103727206,2.109465836,1.503836317
D600,0.002360033,1.230605873,1153.184,0.06782757,0.00963225,600,25,347.7026435,60.76429792,0.0116,0.104850383,2.102792121,1.503836317
D600,0.00236105,1.221510712,1153.184,0.06782757,0.00963225,600,25,345.2815003,59.89521088,0.012,0.104261551,2.123117965,1.253196931
D600,0.002357617,1.217885677,1153.184,0.06782757,0.00963225,600,25,343.7563345,59.45367996,0.017,0.053513888,2.104946989,1.315856777
D600,0.002359822,1.221777995,1153.184,0.06782757,0.00963225,600,25,345.1773777,59.89025091,0.012,0.107574304,2.118912553,1.284526854
D800,0.002353798,1.222360381,1153.184,0.06782757,0.00963225,800,25,344.4603518,59.79433142,0.0148,0.072748929,2.11901124,1.347186701
D800,0.002354307,1.222003907,1153.184,0.06782757,0.00963225,800,25,344.4344614,59.77240078,0.0156,0.060079662,2.086614536,1.221867008
D800,0.002343837,1.220234659,1153.184,0.06782757,0.00963225,800,25,342.4062022,59.33439073,0.0204,0.036730255,2.095935746,1.284526854
D800,0.002351375,1.226982319,1153.184,0.06782757,0.00963225,800,25,345.4069689,60.18536633,0.0162,0.067416375,2.099875733,1.253196931
D800,0.002345372,1.211137871,1153.184,0.06782757,0.00963225,800,25,340.0761767,58.4913038,0.0154,0.069130506,2.115936961,1.347186701
S50,0.002354477,1.211126759,1152.32,0.06763525,0.009137186,50,6,359.6207573,58.84013953,0.011,0.117531997,2.102431834,1.347186701
S50,0.002356896,1.213806291,1152.32,0.06763525,0.009137186,50,6,360.7867202,59.16151281,0.011,0.116904708,2.100273804,1.315856777
S50,0.002368533,1.216782978,1152.32,0.06763525,0.009137186,50,6,363.4572206,59.74557838,0.0114,0.115189048,2.105827904,1.409846547
S50,0.002360457,1.212947707,1152.32,0.06763525,0.009137186,50,6,361.0761868,59.16709792,0.011,0.119523011,2.113033012,1.284526854
S50,0.002357957,1.212181888,1152.32,0.06763525,0.009137186,50,6,360.4659768,59.02981378,0.0108,0.120060888,2.104644152,1.284526854
S100,0.002364182,1.198775741,1152.32,0.06763525,0.009137186,100,6,357.4204757,57.88375772,0.011,0.114698516,2.072598857,1.441176471
S100,0.002368618,1.207263669,1152.32,0.06763525,0.009137186,100,6,360.6266241,58.8165113,0.011,0.116648507,2.084589502,1.284526854
S100,0.002370685,1.206443269,1152.32,0.06763525,0.009137186,100,6,360.6961151,58.7878683,0.011,0.118784885,2.093344018,1.253196931
S100,0.002368153,1.209696157,1152.32,0.06763525,0.009137186,100,6,361.2823997,59.04218879,0.0112,0.113988273,2.07970639,1.347186701
S100,0.002374478,1.200434854,1152.32,0.06763525,0.009137186,100,6,359.4739191,58.29688184,0.0114,0.116876504,2.09527821,1.472506394
S200,0.002351333,1.211448978,1153.184,0.06782757,0.00963225,200,6,341.0280216,58.6700829,0.0118,0.103878189,2.089254246,1.409846547
S200,0.002364224,1.212054066,1153.184,0.06782757,0.00963225,200,6,343.0689618,59.05068356,0.0124,0.100630411,2.083163123,1.409846547
S200,0.002361516,1.209496198,1153.184,0.06782757,0.00963225,200,6,341.9528297,58.73435686,0.0126,0.099352274,2.090858734,1.253196931
S200,0.002364985,1.212510193,1153.184,0.06782757,0.00963225,200,6,343.3085491,59.11416032,0.0112,0.110792443,2.098389623,1.472506394
S200,0.00236714,1.210804996,1153.184,0.06782757,0.00963225,200,6,343.1381393,59.00172439,0.0124,0.099007273,2.085890942,1.503836317
S400,0.002362997,1.214710602,1153.184,0.06782757,0.00963225,400,6,343.6424922,59.2790439,0.012,0.103991893,2.094851401,1.221867008
S400,0.00236452,1.212311871,1153.184,0.06782757,0.00963225,400,6,343.1848951,59.08320293,0.0114,0.110378035,2.109402368,1.347186701
S400,0.002362955,1.216926717,1153.184,0.06782757,0.00963225,400,6,344.2632684,59.494473,0.0118,0.107707384,2.105495945,1.221867008
S400,0.002363928,1.2156583,1153.184,0.06782757,0.00963225,400,6,344.0460454,59.39496053,0.0114,0.108942035,2.094026671,1.315856777
S400,0.002368618,1.221333665,1153.184,0.06782757,0.00963225,400,6,346.3380184,60.06977489,0.012,0.104672742,2.100462011,1.503836317
S600,0.002375993,1.198830964,1153.184,0.06782757,0.00963225,600,6,341.0154045,58.05684852,0.0168,0.063078592,2.067569824,1.347186701
S600,0.002376162,1.205589263,1153.184,0.06782757,0.00963225,600,6,342.9621409,58.71743309,0.012,0.107371604,2.077971448,1.253196931
S600,0.002376498,1.203016491,1153.184,0.06782757,0.00963225,600,6,342.2787249,58.47537214,0.0124,0.102543185,2.093497015,1.315856777
S600,0.002371571,1.203365905,1153.184,0.06782757,0.00963225,600,6,341.6682572,58.38803277,0.0148,0.076507257,2.071425418,1.441176471
S600,0.002369673,1.201864831,1153.184,0.06782757,0.00963225,600,6,340.9689781,58.19584833,0.0128,0.100502643,2.078372912,1.190537084
S800,0.002367098,1.218507581,1153.184,0.06782757,0.00963225,800,6,345.3148648,59.75372962,0.012,0.103813595,2.107105097,1.441176471
S800,0.002361346,1.203880151,1153.184,0.06782757,0.00963225,800,6,340.3406326,58.18600824,0.016,0.070619289,2.096315821,1.253196931
S800,0.002366422,1.211033405,1153.184,0.06782757,0.00963225,800,6,343.0987493,59.00608035,0.0152,0.067329957,2.091819696,1.347186701
S800,0.00237313,1.218191256,1153.184,0.06782757,0.00963225,800,6,346.1049967,59.87490751,0.0136,0.089932181,2.080625873,1.472506394
S800,0.002369251,1.213674127,1153.184,0.06782757,0.00963225,800,6,344.2579632,59.33454238,0.012,0.10382857,2.078743065,1.347186701
D50,0.002220965,1.421100211,1151.186,0.067388658,0.008525818,50,25,426.1631651,76.62136571,0.0106,0.106163852,2.463313831,1.474391805
D50,0.002216945,1.419220982,1151.186,0.067388658,0.008525818,50,25,424.8291906,76.28052064,0.0108,0.096702499,2.456460946,1.631241997
D50,0.002223176,1.425831999,1151.186,0.067388658,0.008525818,50,25,428.0076915,77.20922728,0.0106,0.103146281,2.477797241,1.568501921
D50,0.002227635,1.424485587,1151.186,0.067388658,0.008525818,50,25,428.461201,77.21805094,0.0108,0.106696882,2.489735943,1.505761844
D50,0.002223536,1.421270266,1151.186,0.067388658,0.008525818,50,25,426.7075603,76.72842498,0.0108,0.109721563,2.483038597,1.599871959
D100,0.002331067,1.47573713,1151.186,0.067388658,0.008525818,100,25,464.4866443,86.72244444,0.0112,0.088754316,2.30928496,1.78809219
D100,0.002328701,1.475956994,1151.186,0.067388658,0.008525818,100,25,464.0842808,86.66022995,0.0114,0.090139355,2.322408306,1.756722151
D100,0.002321415,1.445559564,1151.186,0.067388658,0.008525818,100,25,453.1043403,82.86735727,0.0114,0.095237095,2.340507982,1.568501921
D100,0.002326246,1.469462375,1151.186,0.067388658,0.008525818,100,25,461.5551154,85.80869846,0.0114,0.089694969,2.330253185,1.505761844
D100,0.002326892,1.471758196,1151.186,0.067388658,0.008525818,100,25,462.4046536,86.10094826,0.0114,0.089143385,2.324213387,1.725352113
D200,0.002336522,1.444090057,1152.86,0.067755,0.009443533,200,25,411.9136644,82.90746712,0.0108,0.100777217,2.298523459,1.537131882
D200,0.002347607,1.465256747,1152.86,0.067755,0.009443533,200,25,419.9341083,85.76064745,0.0106,0.097780532,2.282325312,1.725352113
D200,0.002343932,1.456410785,1152.86,0.067755,0.009443533,200,25,416.7455217,84.59564354,0.0108,0.098843702,2.301963817,1.474391805
D200,0.002351148,1.464706111,1152.86,0.067755,0.009443533,200,25,420.4095097,85.82547099,0.0108,0.099260631,2.316246545,1.662612036
D200,0.002350253,1.452343876,1152.86,0.067755,0.009443533,200,25,416.702452,84.35069871,0.0106,0.099115928,2.30111204,1.662612036
D400,0.002315232,1.484881793,1152.86,0.067755,0.009443533,400,25,419.6898766,86.85874428,0.0112,0.088273258,2.33591885,1.693982074
D400,0.002317655,1.422845995,1152.86,0.067755,0.009443533,400,25,402.576875,79.83620611,0.0112,0.096534017,2.349718811,1.537131882
D400,0.002337251,1.465336062,1152.86,0.067755,0.009443533,400,25,418.1043388,85.39158656,0.0114,0.086852362,2.335387295,1.756722151
D400,0.00233738,1.450285148,1152.86,0.067755,0.009443533,400,25,413.8326402,83.65103367,0.0112,0.092232585,2.335258747,1.662612036
D400,0.002319255,1.421694989,1152.86,0.067755,0.009443533,400,25,402.5288515,79.7621069,0.0112,0.096033282,2.348098119,1.568501921
D600,0.002379204,1.422247223,1152.86,0.067755,0.009443533,600,25,413.0939486,81.88740302,0.0138,0.067215248,2.257288781,1.662612036
D600,0.002380468,1.412584396,1152.86,0.067755,0.009443533,600,25,410.505267,80.82138877,0.0124,0.085758881,2.292989259,1.725352113
D600,0.002380426,1.414297537,1152.86,0.067755,0.009443533,600,25,410.9958455,81.01611014,0.0138,0.07241598,2.25613049,1.725352113
D600,0.002380257,1.402282763,1152.86,0.067755,0.009443533,600,25,407.4755082,79.63982117,0.0246,0.026582077,2.235203325,1.599871959
D600,0.002368267,1.445518915,1152.86,0.067755,0.009443533,600,25,417.923221,84.20026378,0.0124,0.083556809,2.28360844,1.693982074
D800,0.002402932,1.408158644,1152.86,0.067755,0.009443533,800,25,413.0808485,81.0736669,0.0162,0.052447566,2.360326338,1.78809219
D800,0.002397628,1.396819176,1152.86,0.067755,0.009443533,800,25,408.8500487,79.59713074,0.0194,0.036839033,2.292278272,1.631241997
D800,0.002390091,1.412954943,1152.86,0.067755,0.009443533,800,25,412.2729072,81.1906988,0.0146,0.061223484,2.331007013,1.631241997
D800,0.002397294,1.423467504,1152.86,0.067755,0.009443533,800,25,416.5919104,82.65165609,0.0188,0.028450389,2.313535068,1.756722151
D800,0.00239403,1.418316054,1152.86,0.067755,0.009443533,800,25,414.5192017,81.94280803,0.018,0.039174577,2.264275175,1.662612036
S50,0.002363225,1.443690681,1151.186,0.067388658,0.008525818,50,6,460.6686317,84.14185251,0.0108,0.097173234,2.309719445,1.819462228
S50,0.002357875,1.424854152,1151.186,0.067388658,0.008525818,50,6,453.6287052,81.77493659,0.0114,0.099153755,2.330925835,1.599871959
S50,0.002360042,1.438548141,1151.186,0.067388658,0.008525818,50,6,458.4093743,83.43094556,0.0114,0.094632373,2.312834879,1.662612036
S50,0.002359489,1.430348879,1151.186,0.067388658,0.008525818,50,6,455.6899394,82.46329724,0.0108,0.099388664,2.313376171,1.505761844
S50,0.002359447,1.436755406,1151.186,0.067388658,0.008525818,50,6,457.7227311,83.20215897,0.0122,0.091311289,2.324054228,1.537131882
S100,0.002360849,1.446526603,1151.186,0.067388658,0.008525818,100,6,461.1093891,84.38780021,0.012,0.086394563,2.312044444,1.850832266
S100,0.002357917,1.443908831,1151.186,0.067388658,0.008525818,100,6,459.7034034,83.97823973,0.0114,0.090802763,2.3095972,1.537131882
S100,0.002358597,1.436412743,1151.186,0.067388658,0.008525818,100,6,457.4487429,83.1325234,0.0108,0.096786137,2.314251368,1.599871959
S100,0.002362631,1.446604538,1151.186,0.067388658,0.008525818,100,6,461.4824147,84.46061802,0.011,0.092066403,2.299677968,1.662612036
S100,0.002358767,1.440704171,1151.186,0.067388658,0.008525818,100,6,458.8484847,83.63602632,0.0116,0.089125942,2.298125383,1.819462228
S200,0.002370256,1.422146547,1152.86,0.067755,0.009443533,200,6,411.5111105,81.56786349,0.013,0.079021304,2.276398727,1.599871959
S200,0.002379499,1.437229275,1152.86,0.067755,0.009443533,200,6,417.4972507,83.63206983,0.0128,0.082485293,2.272829187,1.662612036
S200,0.002376633,1.425519994,1152.86,0.067755,0.009443533,200,6,413.5970452,82.17579439,0.0124,0.085928574,2.286129747,1.443021767
S200,0.002375156,1.435650286,1152.86,0.067755,0.009443533,200,6,416.2774258,83.29610475,0.0122,0.084845762,2.261135889,1.693982074
S200,0.002373763,1.438430372,1152.86,0.067755,0.009443533,200,6,416.8389022,83.56997235,0.013,0.078332113,2.262462882,1.693982074
S400,0.002365345,1.432152597,1152.86,0.067755,0.009443533,400,6,413.5478851,82.54832581,0.0122,0.084160395,2.265209939,1.725352113
S400,0.002370678,1.427324074,1152.86,0.067755,0.009443533,400,6,413.0829571,82.17752151,0.0126,0.083295031,2.260113665,1.631241997
S400,0.002365091,1.430334685,1152.86,0.067755,0.009443533,400,6,412.9785445,82.33004066,0.0122,0.084402416,2.26545348,1.537131882
S400,0.002378825,1.428299227,1152.86,0.067755,0.009443533,400,6,414.785642,82.57262409,0.0116,0.090654755,2.262923493,1.505761844
S400,0.002377012,1.426629194,1152.86,0.067755,0.009443533,400,6,413.98497,82.31687056,0.0124,0.084572862,2.264649093,1.505761844
S600,0.002385641,1.426369649,1152.86,0.067755,0.009443533,600,6,415.4122399,82.58564185,0.0148,0.057060406,2.256457642,1.631241997
S600,0.00238152,1.418911523,1152.86,0.067755,0.009443533,600,6,412.5262767,81.58308112,0.012,0.086371125,2.244555717,1.443021767
S600,0.002385389,1.426054617,1152.86,0.067755,0.009443533,600,6,415.2765994,82.54044178,0.0188,0.044068552,2.251435767,1.78809219
S600,0.002387741,1.428140765,1152.86,0.067755,0.009443533,600,6,416.2941697,82.86373693,0.0144,0.062295862,2.259728358,1.631241997
S600,0.002375873,1.423107004,1152.86,0.067755,0.009443533,600,6,412.7650323,81.87166549,0.0122,0.085140344,2.239327466,1.505761844
S800,0.002391433,1.418691308,1152.86,0.067755,0.009443533,800,6,414.1790341,81.89722557,0.0122,0.083078411,2.303463897,1.693982074
S800,0.002403307,1.418674141,1152.86,0.067755,0.009443533,800,6,416.2305674,82.30188729,0.014,0.069091523,2.318188487,1.631241997
S800,0.00240685,1.412561189,1152.86,0.067755,0.009443533,800,6,415.0479622,81.71442443,0.0142,0.073572879,2.293922562,1.662612036
S800,0.002404308,1.407066842,1152.86,0.067755,0.009443533,800,6,412.9969638,80.99435633,0.012,0.089342078,2.312004574,1.662612036
S800,0.002406058,1.419058624,1152.86,0.067755,0.009443533,800,6,416.8199775,82.4407689,0.0118,0.087613921,2.305107446,1.725352113
D50,0.002255908,1.602425835,1152.482,0.067671018,0.009228031,50,25,451.4652428,98.65261874,0.0106,0.08854917,2.551150309,1.872611465
D50,0.002259599,1.607662157,1152.482,0.067671018,0.009228031,50,25,453.6816832,99.46090207,0.0106,0.085644713,2.530407846,2.02866242
D50,0.002279882,1.658179008,1152.482,0.067671018,0.009228031,50,25,472.137926,106.7595317,0.0106,0.081878349,2.50789591,2.059872611
D50,0.002260301,1.60205191,1152.482,0.067671018,0.009228031,50,25,452.2390187,98.79864163,0.0108,0.085534378,2.579330174,2.059872611
D50,0.002256567,1.600858562,1152.482,0.067671018,0.009228031,50,25,451.1555611,98.48852595,0.0106,0.091633991,2.550404569,1.966242038
D100,0.00234476,1.647321038,1152.482,0.067671018,0.009228031,100,25,482.3938065,108.3643243,0.0108,0.076131967,2.406558707,1.872611465
D100,0.002337725,1.642208894,1152.482,0.067671018,0.009228031,100,25,479.4539837,107.3696879,0.0108,0.078433727,2.424481226,2.059872611
D100,0.002345648,1.646358538,1152.482,0.067671018,0.009228031,100,25,482.2946283,108.2787427,0.0108,0.078830409,2.437580559,1.872611465
D100,0.00234531,1.643353354,1152.482,0.067671018,0.009228031,100,25,481.3448154,107.8682451,0.0106,0.079601614,2.421963301,1.872611465
D100,0.00232372,1.602071232,1152.482,0.067671018,0.009228031,100,25,464.9332826,101.5731259,0.0106,0.083974687,2.433721572,1.560509554
D200,0.002371352,1.619495268,1152.482,0.067671018,0.009228031,200,25,479.6239318,105.9221745,0.0108,0.084283691,2.432216992,1.747770701
D200,0.002364355,1.612920282,1152.482,0.067671018,0.009228031,200,25,476.2671179,104.7538179,0.011,0.085831765,2.439415531,1.841401274
D200,0.002366452,1.613313183,1152.482,0.067671018,0.009228031,200,25,476.8057074,104.8978259,0.0106,0.085383052,2.431978139,1.71656051
D200,0.002359566,1.617106131,1152.482,0.067671018,0.009228031,200,25,476.5359871,105.0849656,0.0112,0.082897043,2.417912189,1.872611465
D200,0.002367667,1.615819745,1152.482,0.067671018,0.009228031,200,25,477.7918091,105.2780835,0.011,0.083797415,2.430729546,1.778980892
D400,0.002345945,1.611319447,1152.32,0.06763525,0.009137186,400,25,476.7163415,103.7722017,0.0112,0.080188877,2.495810042,2.184713376
D400,0.002356115,1.601405505,1152.32,0.06763525,0.009137186,400,25,475.837319,102.9435545,0.0112,0.081662639,2.500932047,1.810191083
D400,0.002357799,1.605444592,1152.32,0.06763525,0.009137186,400,25,477.3784064,103.5374429,0.012,0.073043498,2.493851185,2.02866242
D400,0.002329732,1.60688443,1152.32,0.06763525,0.009137186,400,25,472.1188296,102.4885402,0.0114,0.080031776,2.539970885,2.247133758
D400,0.002341542,1.635632235,1152.32,0.06763525,0.009137186,400,25,483.0012323,106.7267397,0.011,0.08046566,2.516497463,2.091082803
D600,0.002376952,1.608763111,1152.32,0.06763525,0.009137186,600,25,482.2510947,104.810469,0.0132,0.068611841,2.547285901,2.122292994
D600,0.002382164,1.596935321,1152.32,0.06763525,0.009137186,600,25,479.7552099,103.5014346,0.0178,0.037123218,2.436899708,1.71656051
D600,0.002384246,1.607620809,1152.32,0.06763525,0.009137186,600,25,483.3874029,104.9828336,0.0184,0.034330351,2.544729567,2.02866242
D600,0.002387365,1.607569858,1152.32,0.06763525,0.009137186,600,25,484.0044212,105.113507,0.014,0.057927489,2.494341893,2.153503185
D600,0.002386575,1.596183108,1152.32,0.06763525,0.009137186,600,25,480.4171376,103.5954174,0.0142,0.058194104,2.495167323,1.747770701
D800,0.002384496,1.600625619,1152.32,0.06763525,0.009137186,800,25,481.3344532,104.0821023,0.017,0.040459577,2.523521034,1.903821656
D800,0.002381373,1.59678888,1152.32,0.06763525,0.009137186,800,25,479.5518281,103.4480702,0.0168,0.042920668,2.505860679,1.872611465
D800,0.00238857,1.605270201,1152.32,0.06763525,0.009137186,800,25,483.5559777,104.8658891,0.019,0.03121198,2.435591109,2.122292994
D800,0.002389068,1.609725559,1152.32,0.06763525,0.009137186,800,25,484.9992484,105.470802,0.0172,0.042532999,2.450759489,1.810191083
D800,0.002392305,1.609075492,1152.32,0.06763525,0.009137186,800,25,485.460292,105.5284298,0.0138,0.059175406,2.457880084,1.872611465
S50,0.002355778,1.601647579,1152.482,0.067671018,0.009228031,50,6,471.2229854,102.9200023,0.0112,0.084040661,2.458894978,1.903821656
S50,0.002365487,1.623946825,1152.482,0.067671018,0.009228031,50,6,479.7528034,106.2418648,0.0114,0.078941171,2.443524954,1.872611465
S50,0.002357715,1.605868416,1152.482,0.067671018,0.009228031,50,6,472.8531981,103.5482221,0.0124,0.074219032,2.4462853,2.091082803
S50,0.002372147,1.624431126,1152.482,0.067671018,0.009228031,50,6,481.2469695,106.6045324,0.0124,0.074685426,2.436664803,1.872611465
S50,0.002357294,1.602852013,1152.482,0.067671018,0.009228031,50,6,471.8807605,103.1411708,0.0108,0.085148941,2.430834245,1.997452229
S100,0.002349452,1.622575547,1152.482,0.067671018,0.009228031,100,6,476.0983051,105.3435431,0.0132,0.066048546,2.423006829,2.059872611
S100,0.002349706,1.610744821,1152.482,0.067671018,0.009228031,100,6,472.6778865,103.8241509,0.0118,0.073813691,2.428058594,1.810191083
S100,0.002360112,1.624437108,1152.482,0.067671018,0.009228031,100,6,478.807199,106.0644716,0.011,0.076131264,2.427931445,1.778980892
S100,0.002356705,1.608395879,1152.482,0.067671018,0.009228031,100,6,473.3944981,103.8299195,0.0116,0.07672902,2.436739376,1.872611465
S100,0.002369217,1.618742058,1152.482,0.067671018,0.009228031,100,6,478.9692797,105.7284023,0.011,0.079489032,2.434408586,1.747770701
S200,0.002392223,1.605072919,1152.482,0.067671018,0.009228031,200,6,479.5362352,104.959694,0.0128,0.065022654,2.38490477,2.122292994
S200,0.002392637,1.609469269,1152.482,0.067671018,0.009228031,200,6,480.9330622,105.5537537,0.0144,0.062732551,2.389709097,1.966242038
S200,0.002380748,1.602340145,1152.482,0.067671018,0.009228031,200,6,476.423513,104.1008463,0.0122,0.074215636,2.417374609,1.747770701
S200,0.002393632,1.607596366,1152.482,0.067671018,0.009228031,200,6,480.5731852,105.3520303,0.0134,0.064593802,2.404362305,1.966242038
S200,0.002389401,1.600776517,1152.482,0.067671018,0.009228031,200,6,477.6884566,104.2753871,0.0146,0.058751375,2.419070098,1.841401274
S400,0.002385702,1.606789708,1152.32,0.06763525,0.009137186,400,6,483.4325541,104.9383609,0.0128,0.070692372,2.401888874,1.747770701
S400,0.002397608,1.60405159,1152.32,0.06763525,0.009137186,400,6,485.0172884,105.1029472,0.0122,0.069581499,2.395168219,1.997452229
S400,0.002396574,1.606426207,1152.32,0.06763525,0.009137186,400,6,485.5256637,105.3688679,0.0118,0.073337736,2.432666343,2.153503185
S400,0.002388404,1.604941474,1152.32,0.06763525,0.009137186,400,6,483.4233235,104.8156526,0.015,0.057000053,2.383491014,1.872611465
S400,0.002379914,1.598866057,1152.32,0.06763525,0.009137186,400,6,479.8815211,103.6538536,0.0128,0.068722891,2.407730185,1.810191083
S600,0.002376243,1.603648548,1152.32,0.06763525,0.009137186,600,6,480.5743924,104.1140076,0.0126,0.07124211,2.458733728,2.059872611
S600,0.00239301,1.606552098,1152.32,0.06763525,0.009137186,600,6,484.8418096,105.2287036,0.0154,0.050078127,2.431071561,1.966242038
S600,0.002385868,1.605039909,1152.32,0.06763525,0.009137186,600,6,482.9397667,104.7172302,0.015,0.046083198,2.448813984,1.903821656
S600,0.002383913,1.601562445,1152.32,0.06763525,0.009137186,600,6,481.4984979,104.1785135,0.0246,0.025042111,2.419401756,2.091082803
S600,0.002392969,1.607125487,1152.32,0.06763525,0.009137186,600,6,485.0064491,105.3020061,0.0124,0.069025434,2.467632558,1.997452229
S800,0.002386783,1.601152655,1152.32,0.06763525,0.009137186,800,6,481.9548376,104.2505672,0.0208,0.03353474,2.474028012,2.091082803
S800,0.002395621,1.60289869,1152.32,0.06763525,0.009137186,800,6,484.266985,104.8649318,0.0228,0.03134877,2.376310192,1.810191083
S800,0.002395497,1.603488013,1152.32,0.06763525,0.009137186,800,6,484.4199044,104.9366124,0.0168,0.045111664,2.433759695,1.778980892
S800,0.002394751,1.599429868,1152.32,0.06763525,0.009137186,800,6,483.0435178,104.3736337,0.0148,0.058561212,2.403238898,2.02866242
S800,0.002396201,1.602789888,1152.32,0.06763525,0.009137186,800,6,484.3513032,104.8760711,0.0118,0.072730912,2.433044644,1.903821656
D50,0.002241367,0.566417078,1199.7586,0.06696036,0.037690117,50,25,40.41249681,12.88432682,0.0112,0.241600127,1.589431846,0.625
D50,0.002253897,0.591267498,1199.7586,0.06696036,0.037690117,50,25,42.42133874,14.11815958,0.011,0.219944872,1.562397952,0.563938619
D50,0.002263679,0.595689029,1199.7586,0.06696036,0.037690117,50,25,42.9240583,14.39229617,0.0112,0.222252236,1.555646262,0.563938619
D50,0.002254739,0.58917319,1199.7586,0.06696036,0.037690117,50,25,42.28688359,14.0235629,0.0108,0.230242052,1.539581805,0.563938619
D50,0.002256246,0.592763611,1199.7586,0.06696036,0.037690117,50,25,42.57301815,14.2044913,0.0108,0.22773923,1.555216413,0.595268542
D100,0.002280269,0.557383175,1199.7586,0.06696036,0.037690117,100,25,40.45818045,12.69316462,0.0112,0.246167876,1.549823783,0.595268542
D100,0.002279129,0.56928163,1199.7586,0.06696036,0.037690117,100,25,41.30117719,13.23424926,0.011,0.242128467,1.550599187,0.563938619
D100,0.002285918,0.561207065,1199.7586,0.06696036,0.037690117,100,25,40.83666036,12.8998024,0.0112,0.254274448,1.55695821,0.532608696
D100,0.002285568,0.563480139,1199.7586,0.06696036,0.037690117,100,25,40.99578568,13.00252019,0.0112,0.250619099,1.546230414,0.532608696
D100,0.002278602,0.565818568,1199.7586,0.06696036,0.037690117,100,25,41.04045078,13.07070544,0.0114,0.239260025,1.556457307,0.626598465
D200,0.002288279,0.55204116,1199.4826,0.06692756,0.037049434,200,25,40.89712693,12.49800931,0.011,0.263359171,1.549875433,0.563938619
D200,0.002292295,0.550672554,1199.4826,0.06692756,0.037049434,200,25,40.86733742,12.45794358,0.011,0.264858648,1.558093969,0.532608696
D200,0.002289196,0.552494539,1199.4826,0.06692756,0.037049434,200,25,40.94712383,12.52356506,0.0108,0.264790738,1.554728738,0.501278772
D200,0.002295259,0.55102858,1199.4826,0.06692756,0.037049434,200,25,40.94663588,12.49018687,0.011,0.261981581,1.561541857,0.595268542
D200,0.002295259,0.546279602,1199.4826,0.06692756,0.037049434,200,25,40.59374185,12.27582402,0.0108,0.271329661,1.556081921,0.563938619
D400,0.002291161,0.548572665,1199.4826,0.06692756,0.037049434,400,25,40.69135191,12.35699488,0.011,0.26275508,1.542456238,0.532608696
D400,0.002303564,0.554069738,1199.4826,0.06692756,0.037049434,400,25,41.32159728,12.67412879,0.0112,0.252386145,1.545031608,0.626598465
D400,0.002298741,0.563113779,1199.4826,0.06692756,0.037049434,400,25,41.90816329,13.06385544,0.0116,0.230197341,1.537369758,0.563938619
D400,0.002312012,0.564180491,1199.4826,0.06692756,0.037049434,400,25,42.22994821,13.18910112,0.0114,0.242272986,1.544806451,0.626598465
D400,0.002304215,0.56384056,1199.4826,0.06692756,0.037049434,400,25,42.06217165,13.12878661,0.011,0.246303023,1.539156414,0.626598465
D600,0.002307424,0.542438672,1199.3464,0.06691104,0.036733188,600,25,40.86617648,12.1695772,0.0198,0.047186542,1.542447237,0.595268542
D600,0.00223644,0.538269892,1199.3464,0.06691104,0.036733188,600,25,39.3045997,11.61460127,0.011,0.246466499,1.546575518,0.563938619
D600,0.002316678,0.535332555,1199.3464,0.06691104,0.036733188,600,25,40.49256689,11.90035186,0.0134,0.189502126,1.541695288,0.501278772
D600,0.002319654,0.534026096,1199.3464,0.06691104,0.036733188,600,25,40.44563488,11.85755032,0.0278,0.065739166,1.550522448,0.626598465
D600,0.002289371,0.536909591,1199.3464,0.06691104,0.036733188,600,25,40.13315986,11.82947188,0.0156,0.149412423,1.543662144,0.563938619
D800,0.002304605,0.542333609,1199.3464,0.06691104,0.036733188,800,25,40.80835871,12.15000584,0.0126,0.201230633,1.54433342,0.563938619
D800,0.002303087,0.540370181,1199.3464,0.06691104,0.036733188,800,25,40.63382032,12.05424101,0.0184,0.098327356,1.539910547,0.501278772
D800,0.002311061,0.549208809,1199.3464,0.06691104,0.036733188,800,25,41.44143986,12.49491109,0.0168,0.115582445,1.545442519,0.595268542
D800,0.002303824,0.546713724,1199.3464,0.06691104,0.036733188,800,25,41.12400254,12.34287108,0.0294,0.06157106,1.539417335,0.532608696
D800,0.00230751,0.542022182,1199.3464,0.06691104,0.036733188,800,25,40.83633259,12.15135285,0.022,0.05583353,1.54238931,0.563938619
S50,0.002308227,0.549595097,1199.7586,0.06696036,0.037690117,50,6,40.38198831,12.49223826,0.0108,0.249969034,1.548807985,0.75
S50,0.002310065,0.543808434,1199.7586,0.06696036,0.037690117,50,6,39.98863501,12.24030469,0.0106,0.258869837,1.540683399,0.532608696
S50,0.002310714,0.547852601,1199.7586,0.06696036,0.037690117,50,6,40.29734075,12.42652867,0.0112,0.245442547,1.556520847,0.595268542
S50,0.002306557,0.544951323,1199.7586,0.06696036,0.037690117,50,6,40.01181649,12.27314004,0.011,0.257746056,1.543026865,0.532608696
S50,0.002296304,0.551862943,1199.7586,0.06696036,0.037690117,50,6,40.33917955,12.53048853,0.0108,0.255375335,1.533543839,0.532608696
S100,0.002304172,0.544911569,1199.7586,0.06696036,0.037690117,100,6,39.96752298,12.25865921,0.0122,0.230624932,1.544624216,0.532608696
S100,0.002303173,0.541646257,1199.7586,0.06696036,0.037690117,100,6,39.71081175,12.1069353,0.011,0.268993827,1.556176022,0.532608696
S100,0.002292862,0.544427435,1199.7586,0.06696036,0.037690117,100,6,39.73601568,12.17682404,0.0108,0.266465165,1.552243065,0.501278772
S100,0.002304172,0.550453272,1199.7586,0.06696036,0.037690117,100,6,40.37398919,12.50926607,0.0112,0.259523908,1.550063034,0.532608696
S100,0.002309156,0.544694063,1199.7586,0.06696036,0.037690117,100,6,40.03799701,12.27537292,0.0112,0.26859931,1.562998247,0.626598465
S200,0.00231305,0.552064481,1199.4826,0.06692756,0.037049434,200,6,41.34158829,12.63436875,0.0114,0.246677662,1.538695512,0.563938619
S200,0.002302131,0.547402349,1199.4826,0.06692756,0.037049434,200,6,40.79896315,12.36324193,0.012,0.234182926,1.535105888,0.563938619
S200,0.002304562,0.550249593,1199.4826,0.06692756,0.037049434,200,6,41.05447695,12.50537842,0.0112,0.261744538,1.544362492,0.563938619
S200,0.002304085,0.551783888,1199.4826,0.06692756,0.037049434,200,6,41.1604256,12.57261036,0.0114,0.249581494,1.539243373,0.595268542
S200,0.002299046,0.548346629,1199.4826,0.06692756,0.037049434,200,6,40.81456424,12.38930449,0.0122,0.226542912,1.542617125,0.595268542
S400,0.002310931,0.541775443,1199.4826,0.06692756,0.037049434,400,6,40.53392198,12.15666721,0.0114,0.262946184,1.545529317,0.469948849
S400,0.002301567,0.53812989,1199.4826,0.06692756,0.037049434,400,6,40.09803121,11.94501637,0.012,0.235691351,1.546372452,0.501278772
S400,0.002194789,0.542370761,1199.4826,0.06692756,0.037049434,400,6,38.53908744,11.57109024,0.011,0.244746173,1.553085785,0.595268542
S400,0.002308333,0.537795313,1199.4826,0.06692756,0.037049434,400,6,40.19091849,11.96524314,0.0114,0.27169137,1.547268342,0.501278772
S400,0.002308203,0.543497379,1199.4826,0.06692756,0.037049434,400,6,40.61476313,12.2196274,0.012,0.243432851,1.552784765,0.469948849
S600,0.002318748,0.546735478,1199.3464,0.06691104,0.036733188,600,6,41.39204697,12.4238157,0.014,0.166971777,1.540318569,0.532608696
S600,0.002346225,0.544425924,1199.3464,0.06691104,0.036733188,600,6,41.70560377,12.4650507,0.0128,0.205900896,1.54364548,0.563938619
S600,0.002330233,0.542174887,1199.3464,0.06691104,0.036733188,600,6,41.25007085,12.27792386,0.0116,0.247855308,1.548861287,0.501278772
S600,0.002312531,0.543838419,1199.3464,0.06691104,0.036733188,600,6,41.06231821,12.25954037,0.0118,0.240529585,1.544459836,0.595268542
S600,0.002327442,0.54413781,1199.3464,0.06691104,0.036733188,600,6,41.34983729,12.35217822,0.0116,0.241998567,1.556102788,0.595268542
S800,0.002298654,0.54738466,1199.3464,0.06691104,0.036733188,800,6,41.08206839,12.34541699,0.0154,0.127812445,1.559235426,0.501278772
S800,0.002303911,0.546535083,1199.3464,0.06691104,0.036733188,800,6,41.11211396,12.33527096,0.015,0.129556801,1.544798773,0.657928389
S800,0.00230595,0.546685412,1199.3464,0.06691104,0.036733188,800,6,41.15981214,12.35297915,0.0292,0.058904771,1.559736863,0.563938619
S800,0.002310714,0.549583975,1199.3464,0.06691104,0.036733188,800,6,41.46353779,12.51011365,0.013,0.187485279,1.545674012,0.563938619
S800,0.002305126,0.548923359,1199.3464,0.06691104,0.036733188,800,6,41.31353943,12.44987397,0.0144,0.041354588,1.527674983,0.532608696
D50,0.002242654,1.019679484,1199.2114,0.06689444,0.036419641,50,25,75.29843734,41.80182912,0.0106,0.101222606,1.861633919,1.09375
D50,0.002253406,1.032856818,1199.2114,0.06689444,0.036419641,50,25,76.63720302,43.09485338,0.0104,0.101901277,1.858298087,0.90625
D50,0.002243585,1.004942786,1199.2114,0.06689444,0.036419641,50,25,74.24101836,40.61915628,0.0108,0.102633017,1.866432645,1
D50,0.002253362,1.030267349,1199.2114,0.06689444,0.036419641,50,25,76.44356885,42.87819861,0.0106,0.099852674,1.858334491,1
D50,0.002252655,1.035215115,1199.2114,0.06689444,0.036419641,50,25,76.78660262,43.27745344,0.0106,0.097835951,1.842270226,0.9375
D100,0.002280741,0.992294104,1199.2114,0.06689444,0.036419641,100,25,74.52062726,40.25896015,0.0116,0.095940014,1.841506621,0.9375
D100,0.002277686,0.993061388,1199.2114,0.06689444,0.036419641,100,25,74.47835349,40.26723448,0.0112,0.102340909,1.843976596,0.90625
D100,0.002281613,0.998837004,1199.2114,0.06689444,0.036419641,100,25,75.04067781,40.80722027,0.0114,0.097680464,1.851759894,0.96875
D100,0.002270294,1.000053361,1199.2114,0.06689444,0.036419641,100,25,74.75930848,40.70371885,0.0116,0.091514411,1.838969233,0.9375
D100,0.002279825,0.997226344,1199.2114,0.06689444,0.036419641,100,25,74.86095474,40.64384112,0.012,0.088745657,1.836763694,0.96875
D200,0.002303222,0.966800938,1199.2114,0.06689444,0.036419641,200,25,73.32178253,38.59363793,0.0106,0.113806871,1.828959327,1
D200,0.002303093,0.965869654,1199.2114,0.06689444,0.036419641,200,25,73.24703358,38.51715515,0.0106,0.113575838,1.829062221,1.125
D200,0.002303352,0.965918615,1199.2114,0.06689444,0.036419641,200,25,73.25898829,38.52539439,0.0108,0.112415067,1.82885645,1.0625
D200,0.002306675,0.968537533,1199.2114,0.06689444,0.036419641,200,25,73.56358978,38.79046716,0.0106,0.11347338,1.842479042,0.96875
D200,0.00230469,0.967482717,1199.2114,0.06689444,0.036419641,200,25,73.42025204,38.67272077,0.0106,0.112602982,1.838641851,1
D400,0.002293398,0.975656747,1199.2114,0.06689444,0.036419641,400,25,73.67777613,39.13624927,0.0114,0.099056505,1.836794382,1.0625
D400,0.002297038,0.974944414,1199.2114,0.06689444,0.036419641,400,25,73.7408515,39.14115564,0.011,0.106918804,1.844766925,1.03125
D400,0.002296865,0.973239067,1199.2114,0.06689444,0.036419641,400,25,73.60631473,39.00140465,0.011,0.105861804,1.850348254,1
D400,0.002296215,0.970430171,1199.2114,0.06689444,0.036419641,400,25,73.37311657,38.76563458,0.0116,0.101787691,1.834540582,0.90625
D400,0.002304777,0.971998258,1199.2114,0.06689444,0.036419641,400,25,73.76568976,39.0360203,0.011,0.106825722,1.843996508,1
D600,0.002300197,0.943965747,1199.0776,0.06687776,0.036108771,600,25,72.10342401,36.74879577,0.0148,0.064119343,1.809627456,1.03125
D600,0.002294872,0.962839757,1199.0776,0.06687776,0.036108771,600,25,73.37481982,38.14451089,0.0264,0.015410079,1.819273655,1.0625
D600,0.002299073,0.958002799,1199.0776,0.06687776,0.036108771,600,25,73.13984545,37.83134695,0.0144,0.057448381,1.815949651,0.9375
D600,0.00230551,0.960926475,1199.0776,0.06687776,0.036108771,600,25,73.56848074,38.16918917,0.0136,0.070867336,1.821722597,1
D600,0.002305467,0.963722276,1199.0776,0.06687776,0.036108771,600,25,73.78114634,38.39089917,0.0168,0.044719699,1.816334794,1
D800,0.002304302,0.95156255,1199.0776,0.06687776,0.036108771,800,25,72.8133956,37.40930278,0.0246,0.017480153,1.784705458,1.03125
D800,0.002320519,0.953127324,1199.0776,0.06687776,0.036108771,800,25,73.44642091,37.7965835,0.0206,0.015677888,1.793779733,0.96875
D800,0.002324588,0.951153266,1199.0776,0.06687776,0.036108771,800,25,73.42281509,37.70617883,0.0288,0.016407752,1.822903868,1.09375
D800,0.002323346,0.940299698,1199.0776,0.06687776,0.036108771,800,25,72.54623194,36.83088417,0.0308,0.021096329,1.802357094,0.96875
D800,0.002309218,0.960329602,1199.0776,0.06687776,0.036108771,800,25,73.64101687,38.18309086,0.0144,0.063854102,1.813384683,1.0625
S50,0.00230037,0.964839966,1199.2114,0.06689444,0.036419641,50,6,73.08244983,38.3896385,0.0104,0.116903314,1.831227016,1
S50,0.002302186,0.96346467,1199.2114,0.06689444,0.036419641,50,6,73.035871,38.31048477,0.0106,0.116108808,1.846071835,1
S50,0.002296605,0.962974375,1199.2114,0.06689444,0.036419641,50,6,72.82175376,38.17873241,0.0108,0.113158479,1.828786354,1.0625
S50,0.002298207,0.966018298,1199.2114,0.06689444,0.036419641,50,6,73.102898,38.44727704,0.0104,0.115069976,1.827511566,1.03125
S50,0.002301105,0.967792268,1199.2114,0.06689444,0.036419641,50,6,73.32949594,38.63727496,0.0104,0.113847495,1.819777763,0.96875
S100,0.0023115,0.952274446,1199.2114,0.06689444,0.036419641,100,6,72.47964168,37.57714743,0.0112,0.110425391,1.811594519,0.875
S100,0.002309648,0.955278785,1199.2114,0.06689444,0.036419641,100,6,72.65007938,37.78434229,0.0106,0.115882264,1.818458589,0.90625
S100,0.002307278,0.956453912,1199.2114,0.06689444,0.036419641,100,6,72.66481051,37.83849324,0.0112,0.107827242,1.80407353,0.90625
S100,0.002309433,0.95230625,1199.2114,0.06689444,0.036419641,100,6,72.41726184,37.54606046,0.011,0.112123089,1.818628157,0.90625
S100,0.002313908,0.952575345,1199.2114,0.06689444,0.036419641,100,6,72.57809255,37.64007912,0.0114,0.107751229,1.809708774,1.03125
S200,0.002319576,0.950638946,1199.2114,0.06689444,0.036419641,200,6,72.60796306,37.57902402,0.0122,0.09823606,1.810675917,0.90625
S200,0.00232493,0.945920459,1199.2114,0.06689444,0.036419641,200,6,72.41434317,37.29278827,0.0118,0.105055143,1.801129455,1.0625
S200,0.002322533,0.947489885,1199.2114,0.06689444,0.036419641,200,6,72.45970072,37.37806019,0.0138,0.078293439,1.819134646,0.90625
S200,0.002322619,0.947880186,1199.2114,0.06689444,0.036419641,200,6,72.49222261,37.41024059,0.0114,0.108405448,1.808303844,0.875
S200,0.002327795,0.949344206,1199.2114,0.06689444,0.036419641,200,6,72.76599915,37.60952442,0.0128,0.091326386,1.815022468,0.90625
S400,0.002326684,0.94427686,1199.2114,0.06689444,0.036419641,400,6,72.34304019,37.19133293,0.0118,0.104315184,1.799772023,1
S400,0.002330485,0.941498705,1199.2114,0.06689444,0.036419641,400,6,72.24806301,37.03322857,0.0112,0.110372743,1.807563313,1.03125
S400,0.002328607,0.941546036,1199.2114,0.06689444,0.036419641,400,6,72.19344679,37.00709348,0.0118,0.103566445,1.803653703,0.90625
S400,0.002328863,0.944934899,1199.2114,0.06689444,0.036419641,400,6,72.46126363,37.27807115,0.0114,0.107786191,1.808822638,0.96875
S400,0.00232835,0.951369735,1199.2114,0.06689444,0.036419641,400,6,72.93865365,37.77919632,0.0116,0.107436413,1.80385226,1.09375
S600,0.002321805,0.940506177,1199.0776,0.06687776,0.036108771,600,6,72.51400859,36.82260877,0.0134,0.083798411,1.819705197,1
S600,0.002322747,0.943301181,1199.0776,0.06687776,0.036108771,600,6,72.75902479,37.05682746,0.0202,0.035609716,1.818966939,0.9375
S600,0.002323132,0.946985711,1199.0776,0.06687776,0.036108771,600,6,73.05534071,37.35307714,0.0156,0.060296345,1.824045849,0.90625
S600,0.002320219,0.94649149,1199.0776,0.06687776,0.036108771,600,6,72.92564275,37.26730323,0.0134,0.072410525,1.815561419,0.875
S600,0.002332747,0.948597409,1199.0776,0.06687776,0.036108771,600,6,73.48252529,37.63543975,0.012,0.10087018,1.81652825,0.9375
S800,0.002324117,0.950915846,1199.0776,0.06687776,0.036108771,800,6,73.38962275,37.67972528,0.0328,0.018560784,1.817894711,1.03125
S800,0.002328051,0.947889973,1199.0776,0.06687776,0.036108771,800,6,73.27993074,37.50368715,0.0152,0.067390911,1.809453289,1.15625
S800,0.002324031,0.945028669,1199.0776,0.06687776,0.036108771,800,6,72.93257685,37.21324394,0.0292,0.019979657,1.801825915,0.90625
S800,0.002315627,0.946991696,1199.0776,0.06687776,0.036108771,800,6,72.81978331,37.23287231,0.0252,0.017584568,1.802967307,1.03125
S800,0.002324374,0.952716274,1199.0776,0.06687776,0.036108771,800,6,73.53669984,37.82672199,0.0284,0.016851005,1.796182709,1.0625
D50,0.002212437,1.207831038,1199.55115,0.06693579,0.037208576,50,25,86.14951661,57.84205205,0.0106,0.083918318,2.048716118,1.24523507
D50,0.002247717,1.277365181,1199.55115,0.06693579,0.037208576,50,25,92.56191606,65.72522347,0.0106,0.074784562,2.027640154,1.214104193
D50,0.002213864,1.196820015,1199.55115,0.06693579,0.037208576,50,25,85.41921799,56.82887988,0.011,0.08235207,2.075518832,1.3386277
D50,0.002211277,1.195544824,1199.55115,0.06693579,0.037208576,50,25,85.22846855,56.64156049,0.0106,0.087328281,2.072316368,1.3386277
D50,0.002201927,1.198741208,1199.55115,0.06693579,0.037208576,50,25,85.09500176,56.70405902,0.0106,0.084380564,2.058495049,1.307496823
D100,0.002287635,1.238512714,1199.55115,0.06693579,0.037208576,100,25,91.34039335,62.88513655,0.0118,0.066286063,1.970485404,1.182973316
D100,0.002292678,1.24284274,1199.55115,0.06693579,0.037208576,100,25,91.86180005,63.46522037,0.012,0.064660756,1.977013669,1.182973316
D100,0.002291386,1.239981692,1199.55115,0.06693579,0.037208576,100,25,91.5986819,63.13775834,0.0114,0.06946115,1.978128464,1.276365947
D100,0.002292032,1.237614137,1199.55115,0.06693579,0.037208576,100,25,91.44956787,62.91462042,0.0114,0.0715047,1.972137944,1.307496823
D100,0.002290481,1.23388462,1199.55115,0.06693579,0.037208576,100,25,91.11229032,62.49369105,0.0112,0.070009506,1.962600245,1.307496823
D200,0.002313637,1.220549093,1199.55115,0.06693579,0.037208576,200,25,91.03872328,61.76836026,0.0106,0.079128946,1.975250671,1.120711563
D200,0.002319305,1.219385947,1199.55115,0.06693579,0.037208576,200,25,91.17477094,61.80171513,0.0106,0.080323028,1.981161733,1.182973316
D200,0.002313082,1.221160754,1199.55115,0.06693579,0.037208576,200,25,91.06250711,61.81545963,0.0108,0.075884159,1.964957492,1.24523507
D200,0.002286987,1.220127299,1199.55115,0.06693579,0.037208576,200,25,89.95900361,61.01469464,0.0112,0.073409561,1.960153436,1.120711563
D200,0.002269047,1.221035987,1199.55115,0.06693579,0.037208576,200,25,89.31979625,60.62626998,0.0108,0.073787296,1.942723807,1.307496823
D400,0.00231939,1.193522094,1199.55115,0.06693579,0.037208576,400,25,89.24417872,59.2099946,0.011,0.078191612,1.959613803,1.400889454
D400,0.002310477,1.19661225,1199.55115,0.06693579,0.037208576,400,25,89.13143044,59.28829787,0.0114,0.073728223,1.961783202,1.182973316
D400,0.002309665,1.206079642,1199.55115,0.06693579,0.037208576,400,25,89.80505404,60.20900178,0.0112,0.075777682,1.984038462,1.182973316
D400,0.002295002,1.233784074,1199.55115,0.06693579,0.037208576,400,25,91.28468334,62.60683294,0.011,0.075899942,2.012992775,1.214104193
D400,0.002274696,1.251865008,1199.55115,0.06693579,0.037208576,400,25,91.80293357,63.88497378,0.0114,0.068621745,1.998116771,1.182973316
D600,0.002335169,1.20030629,1199.41435,0.06691931,0.036890972,600,25,91.12960005,60.30039961,0.0144,0.05294281,1.951705064,1.276365947
D600,0.002321389,1.19934939,1199.41435,0.06691931,0.036890972,600,25,90.51963892,59.84903818,0.0336,0.013589567,1.947197559,1.214104193
D600,0.002332165,1.196949056,1199.41435,0.06691931,0.036890972,600,25,90.75783576,59.88643234,0.0138,0.049562092,1.954218438,1.15184244
D600,0.00233153,1.200854897,1199.41435,0.06691931,0.036890972,600,25,91.02920134,60.2614961,0.0268,0.011037103,1.954750676,1.276365947
D600,0.002314021,1.215906742,1199.41435,0.06691931,0.036890972,600,25,91.47800132,61.31766065,0.0142,0.048708699,1.969541654,1.369758577
D800,0.002352269,1.167180594,1199.41435,0.06691931,0.036890972,800,25,89.26355152,57.43556058,0.034,0.014129871,1.958691803,1.120711563
D800,0.002343145,1.161101789,1199.41435,0.06691931,0.036890972,800,25,88.45421349,56.61838317,0.0262,0.012486475,1.939747135,1.276365947
D800,0.002341923,1.183915174,1199.41435,0.06691931,0.036890972,800,25,90.14512651,58.83442092,0.0166,0.009849148,1.935442189,1.214104193
D800,0.002317431,1.192906636,1199.41435,0.06691931,0.036890972,800,25,89.87986629,59.10680931,0.0214,0.011827787,1.972016693,1.276365947
D800,0.002321134,1.205325748,1199.41435,0.06691931,0.036890972,800,25,90.9606991,60.44033562,0.0144,0.04694681,1.984965003,1.276365947
S50,0.002290395,1.206936855,1199.55115,0.06693579,0.037208576,50,6,89.11906431,59.79155231,0.0108,0.079562827,1.973547647,1.369758577
S50,0.002317772,1.215063445,1199.55115,0.06693579,0.037208576,50,6,90.79153225,61.32378644,0.011,0.076654423,1.977099328,1.276365947
S50,0.002317687,1.211944917,1199.55115,0.06693579,0.037208576,50,6,90.5551825,61.00716631,0.011,0.078874172,1.971799243,1.276365947
S50,0.00231824,1.214112832,1199.55115,0.06693579,0.037208576,50,6,90.73883646,61.24024459,0.0104,0.081525079,1.965956881,1.24523507
S50,0.002317474,1.21045537,1199.55115,0.06693579,0.037208576,50,6,90.4355744,60.85170401,0.0104,0.082219308,1.966607202,1.24523507
S100,0.002319773,1.214512971,1199.55115,0.06693579,0.037208576,100,6,90.82874292,61.32112618,0.0118,0.069528471,1.953922335,1.369758577
S100,0.002316622,1.213065786,1199.55115,0.06693579,0.037208576,100,6,90.59728134,61.09197715,0.0114,0.074410915,1.967330539,1.307496823
S100,0.002320028,1.210341586,1199.55115,0.06693579,0.037208576,100,6,90.5267432,60.90732321,0.0104,0.079910501,1.959074643,1.400889454
S100,0.002323854,1.211912319,1199.55115,0.06693579,0.037208576,100,6,90.79371822,61.16622293,0.0106,0.078722779,1.966565981,1.43202033
S100,0.002318453,1.205284354,1199.55115,0.06693579,0.037208576,100,6,90.08729736,60.35840274,0.0112,0.075264323,1.955034403,1.369758577
S200,0.002314277,1.217944359,1199.55115,0.06693579,0.037208576,200,6,90.86956645,61.52201706,0.013,0.056662564,1.969323837,1.400889454
S200,0.002312314,1.218005099,1199.55115,0.06693579,0.037208576,200,6,90.79701947,61.47596581,0.0116,0.070798968,1.981766088,1.369758577
S200,0.00231824,1.205718265,1199.55115,0.06693579,0.037208576,200,6,90.11145392,60.3963229,0.0148,0.046163889,1.971328348,1.3386277
S200,0.002324491,1.209244377,1199.55115,0.06693579,0.037208576,200,6,90.61867888,60.91390819,0.0116,0.071624131,1.955312941,1.214104193
S200,0.002322665,1.205487355,1199.55115,0.06693579,0.037208576,200,6,90.26613843,60.48841221,0.0122,0.068670109,1.967573296,1.369758577
S400,0.002324449,1.199586713,1199.55115,0.06693579,0.037208576,400,6,89.89330789,59.94371709,0.0118,0.071347795,1.960705784,1.24523507
S400,0.002321432,1.200400851,1199.55115,0.06693579,0.037208576,400,6,89.83755392,59.94719607,0.012,0.071324795,1.957890055,1.369758577
S400,0.002331573,1.197467596,1199.55115,0.06693579,0.037208576,400,6,90.00951665,59.91517898,0.0118,0.070961745,1.949374428,1.463151207
S400,0.002323727,1.192027706,1199.55115,0.06693579,0.037208576,400,6,89.29911075,59.17225842,0.0116,0.074097224,1.961315049,1.182973316
S400,0.002329624,1.198986319,1199.55115,0.06693579,0.037208576,400,6,90.04836202,60.01705851,0.012,0.070183769,1.956350003,1.182973316
S600,0.002321474,1.191663797,1199.41435,0.06691931,0.036890972,600,6,89.94287189,59.08661903,0.013,0.064748369,1.952490208,1.15184244
S600,0.002330006,1.191385559,1199.41435,0.06691931,0.036890972,600,6,90.25233162,59.27607051,0.0168,0.034290822,1.945341136,1.089580686
S600,0.002336436,1.191366332,1199.41435,0.06691931,0.036890972,600,6,90.49997006,59.43775563,0.014,0.054668382,1.945316352,1.400889454
S600,0.002341079,1.194133934,1199.41435,0.06691931,0.036890972,600,6,90.890463,59.83289264,0.0162,0.040528527,1.946777397,1.182973316
S600,0.002341037,1.193541543,1199.41435,0.06691931,0.036890972,600,6,90.84373745,59.77246651,0.015,0.046756966,1.941493302,1.182973316
S800,0.002344661,1.18392264,1199.41435,0.06691931,0.036890972,800,6,90.25109536,58.90395434,0.0128,0.063762761,1.938492808,1.276365947
S800,0.002347774,1.180172442,1199.41435,0.06691931,0.036890972,800,6,90.08468072,58.60910059,0.0252,0.011242459,1.920010403,1.24523507
S800,0.00235294,1.181923748,1199.41435,0.06691931,0.036890972,800,6,90.41687572,58.91251983,0.0186,0.030024509,1.936963931,1.182973316
S800,0.00235642,1.180271079,1199.41435,0.06691931,0.036890972,800,6,90.42397111,58.83475983,0.0122,0.070509227,1.934103721,1.276365947
S800,0.002354911,1.181226687,1199.41435,0.06691931,0.036890972,800,6,90.43924629,58.8923424,0.0118,0.076564773,1.956494024,1.276365947
D50,0.002242678,1.522739742,1198.87915,0.06685259,0.035647434,50,25,114.8523264,93.2557272,0.0104,0.060834632,2.173824888,1.643670886
D50,0.002244294,1.521627884,1198.87915,0.06685259,0.035647434,50,25,114.851147,93.18667778,0.0104,0.061981646,2.183314693,1.58164557
D50,0.002229535,1.505048823,1198.87915,0.06685259,0.035647434,50,25,112.8527124,90.56755094,0.0104,0.063852357,2.208895721,1.612658228
D50,0.002247347,1.509649803,1198.87915,0.06685259,0.035647434,50,25,114.1020849,91.85014126,0.0104,0.063459469,2.207947518,1.519620253
D50,0.002240056,1.519497958,1198.87915,0.06685259,0.035647434,50,25,114.4737974,92.75049679,0.0104,0.061721104,2.204059039,1.643670886
D100,0.002310031,1.459259631,1198.87915,0.06685259,0.035647434,100,25,113.3698149,88.2145128,0.0118,0.053740162,2.110443847,1.488607595
D100,0.002292363,1.453350781,1198.87915,0.06685259,0.035647434,100,25,112.0472017,86.83233848,0.0108,0.058434141,2.110474752,1.519620253
D100,0.002279549,1.439108552,1198.87915,0.06685259,0.035647434,100,25,110.329,84.6629252,0.0118,0.054118783,2.116896351,1.364556962
D100,0.002278045,1.435146147,1198.87915,0.06685259,0.035647434,100,25,109.9525983,84.14177317,0.0112,0.060801992,2.13463104,1.39556962
D100,0.00229014,1.46161165,1198.87915,0.06685259,0.035647434,100,25,112.574788,87.73707822,0.0114,0.055971503,2.11252368,1.519620253
D200,0.00231968,1.436530629,1198.87915,0.06685259,0.035647434,200,25,112.0701771,85.84499558,0.011,0.060219212,2.117708297,1.58164557
D200,0.002322929,1.433562217,1198.87915,0.06685259,0.035647434,200,25,111.9952733,85.61035027,0.011,0.060059486,2.109405472,1.519620253
D200,0.002320946,1.428193699,1198.87915,0.06685259,0.035647434,200,25,111.4806156,84.89781343,0.0108,0.062488263,2.100518085,1.519620253
D200,0.002319975,1.433627748,1198.87915,0.06685259,0.035647434,200,25,111.8579633,85.50929773,0.0108,0.061585896,2.117438459,1.550632911
D200,0.002307527,1.453889211,1198.87915,0.06685259,0.035647434,200,25,112.8301747,87.47150688,0.0106,0.06191414,2.134237176,1.39556962
D400,0.002322508,1.444592198,1198.87915,0.06685259,0.035647434,400,25,112.8364854,86.91702431,0.0112,0.057954451,2.109788548,1.488607595
D400,0.002322929,1.439250928,1198.87915,0.06685259,0.035647434,400,25,112.4396968,86.29114224,0.0114,0.059118724,2.13076654,1.457594937
D400,0.002299233,1.461764942,1198.87915,0.06685259,0.035647434,400,25,113.0336476,88.10393752,0.0124,0.048390127,2.158121598,1.767721519
D400,0.00230315,1.471136794,1198.87915,0.06685259,0.035647434,400,25,113.9521251,89.38929671,0.0116,0.054500646,2.149065463,1.674683544
D400,0.002297102,1.473624028,1198.87915,0.06685259,0.035647434,400,25,113.84504,89.45628167,0.0116,0.052583482,2.143923119,1.612658228
D600,0.002335421,1.423157664,1198.74835,0.06683571,0.035343155,600,25,112.7303829,84.83806348,0.0126,0.051273364,2.124680917,1.612658228
D600,0.002328279,1.414707526,1198.74835,0.06683571,0.035343155,600,25,111.718334,83.57720885,0.0194,0.020550527,2.099230499,1.488607595
D600,0.002334708,1.427045735,1198.74835,0.06683571,0.035343155,600,25,113.0038412,85.27620143,0.0152,0.035099645,2.120016659,1.705696203
D600,0.002303618,1.425666061,1198.74835,0.06683571,0.035343155,600,25,111.3912212,83.97799953,0.0356,0.009016745,2.116318793,1.612658228
D600,0.002309225,1.434593839,1198.74835,0.06683571,0.035343155,600,25,112.3615861,85.24002554,0.0144,0.036980286,2.121924309,1.705696203
D800,0.002369073,1.384866624,1198.74835,0.06683571,0.035343155,800,25,111.2779493,81.49178126,0.0282,0.009063329,2.078791987,1.488607595
D800,0.00234576,1.403740334,1198.74835,0.06683571,0.035343155,800,25,111.6845278,82.90420135,0.0188,0.024255505,2.120605244,1.519620253
D800,0.00231486,1.418487978,1198.74835,0.06683571,0.035343155,800,25,111.3712609,83.54020648,0.0324,0.008932908,2.132835138,1.333544304
D800,0.002346428,1.419806154,1198.74835,0.06683571,0.035343155,800,25,112.9949321,84.83689563,0.0204,0.007008071,2.088280708,1.643670886
D800,0.002346845,1.407836736,1198.74835,0.06683571,0.035343155,800,25,112.0622835,83.42736176,0.0184,0.006421594,2.082623381,1.488607595
S50,0.002281869,1.416439354,1198.87915,0.06685259,0.035647434,50,6,108.7015661,82.10012523,0.011,0.064769081,2.13105359,1.426582278
S50,0.00228174,1.415746629,1198.87915,0.06685259,0.035647434,50,6,108.6422716,82.01521123,0.0124,0.055035894,2.125737217,1.426582278
S50,0.002291209,1.418454064,1198.87915,0.06685259,0.035647434,50,6,109.3017531,82.67085657,0.0126,0.053440939,2.127780473,1.364556962
S50,0.00229326,1.443603968,1198.87915,0.06685259,0.035647434,50,6,111.3393273,85.70510555,0.0124,0.05247706,2.115058345,1.643670886
S50,0.002299148,1.446292038,1198.87915,0.06685259,0.035647434,50,6,111.8330319,86.24543728,0.0108,0.061856897,2.120433061,1.705696203
S100,0.002327143,1.421657942,1198.87915,0.06685259,0.035647434,100,6,111.2667274,84.34715998,0.0124,0.053538341,2.10025556,1.550632911
S100,0.002323815,1.424065861,1198.87915,0.06685259,0.035647434,100,6,111.295791,84.51209153,0.0116,0.058415768,2.092586996,1.364556962
S100,0.002324321,1.424099867,1198.87915,0.06685259,0.035647434,100,6,111.3226757,84.53452489,0.0112,0.061942806,2.097468661,1.457594937
S100,0.002333659,1.424526567,1198.87915,0.06685259,0.035647434,100,6,111.8034158,84.9250203,0.0112,0.061539301,2.083759863,1.612658228
S100,0.002325922,1.423739803,1198.87915,0.06685259,0.035647434,100,6,111.3711937,84.54998502,0.012,0.056460296,2.090691433,1.333544304
S200,0.002327017,1.422278045,1198.87915,0.06685259,0.035647434,200,6,111.3092189,84.41617609,0.0132,0.046138973,2.095038662,1.58164557
S200,0.002343921,1.415192606,1198.87915,0.06685259,0.035647434,200,6,111.5592884,84.18434169,0.0154,0.038134646,2.095806206,1.39556962
S200,0.00235975,1.415001945,1198.87915,0.06685259,0.035647434,200,6,112.2975427,84.73002292,0.0128,0.051310857,2.102775437,1.550632911
S200,0.002361576,1.414865357,1198.87915,0.06685259,0.035647434,200,6,112.3735907,84.77921773,0.014,0.045306768,2.069632317,1.488607595
S200,0.002360166,1.415209993,1198.87915,0.06685259,0.035647434,200,6,112.3338118,84.76985036,0.0152,0.040609796,2.102405588,1.426582278
S400,0.002340659,1.421237332,1198.87915,0.06685259,0.035647434,400,6,111.8798569,84.78685825,0.0124,0.054094102,2.104027112,1.58164557
S400,0.002343294,1.418868564,1198.87915,0.06685259,0.035647434,400,6,111.8191424,84.59960936,0.0136,0.047519775,2.117542431,1.426582278
S400,0.002341705,1.420791783,1198.87915,0.06685259,0.035647434,400,6,111.8947706,84.77157672,0.0122,0.054368357,2.103087168,1.674683544
S400,0.002338607,1.415655295,1198.87915,0.06685259,0.035647434,400,6,111.342753,84.04841093,0.0126,0.051821666,2.089959666,1.457594937
S400,0.002342709,1.419261279,1198.87915,0.06685259,0.035647434,400,6,111.8221507,84.62530152,0.0134,0.048750136,2.102186006,1.519620253
S600,0.002347764,1.418164586,1198.74835,0.06683571,0.035343155,600,6,112.9285344,84.68901398,0.0122,0.053363447,2.087092666,1.643670886
S600,0.002347471,1.417978253,1198.74835,0.06683571,0.035343155,600,6,112.8996478,84.65622648,0.018,0.031364343,2.08206794,1.550632911
S600,0.002348222,1.424819666,1198.74835,0.06683571,0.035343155,600,6,113.4806587,85.50243782,0.0136,0.040280375,2.097250237,1.612658228
S600,0.002348306,1.420128166,1198.74835,0.06683571,0.035343155,600,6,113.1110201,84.94331555,0.0126,0.05289911,2.113023395,1.519620253
S600,0.0023453,1.411755797,1198.74835,0.06683571,0.035343155,600,6,112.3002554,83.83725931,0.0134,0.047864345,2.105152683,1.612658228
S800,0.002359252,1.404781734,1198.74835,0.06683571,0.035343155,800,6,112.410255,83.50481787,0.0326,0.009411207,2.055897074,1.39556962
S800,0.002377988,1.405985358,1198.74835,0.06683571,0.035343155,800,6,113.4000476,84.31227022,0.0314,0.009350385,2.081431625,1.426582278
S800,0.002372916,1.403046626,1198.74835,0.06683571,0.035343155,800,6,112.9216266,83.78108446,0.032,0.008573887,2.075425638,1.612658228
S800,0.002375062,1.405860595,1198.74835,0.06683571,0.035343155,800,6,113.2504255,84.19355529,0.0204,0.008587932,2.073550491,1.426582278
S800,0.002383379,1.407920197,1198.74835,0.06683571,0.035343155,800,6,113.8135261,84.73613795,0.0208,0.007342177,2.050699731,1.519620253
D50,0.002195071,1.595098235,1199.7586,0.06696036,0.037690117,50,25,111.4557238,100.0689911,0.0104,0.057082518,2.296855612,1.602515723
D50,0.00221311,1.650179187,1199.7586,0.06696036,0.037690117,50,25,116.2520069,107.9794906,0.0102,0.054796668,2.28927411,1.818238994
D50,0.00223096,1.699502327,1199.7586,0.06696036,0.037690117,50,25,120.6923777,115.4546202,0.0102,0.050961792,2.265432391,1.694968553
D50,0.002194189,1.598233188,1199.7586,0.06696036,0.037690117,50,25,111.629924,100.4223739,0.0104,0.059096662,2.309014532,1.664150943
D50,0.002191454,1.594224104,1199.7586,0.06696036,0.037690117,50,25,111.2111022,99.79464236,0.0104,0.059274097,2.323146548,1.479245283
D100,0.002303579,1.640701494,1199.7586,0.06696036,0.037690117,100,25,120.3092765,111.1062267,0.0114,0.044625435,2.172610234,1.787421384
D100,0.002298156,1.634889936,1199.7586,0.06696036,0.037690117,100,25,119.6008657,110.0607718,0.0116,0.044235726,2.167009878,1.664150943
D100,0.002304461,1.636371632,1199.7586,0.06696036,0.037690117,100,25,120.0377048,110.562878,0.0116,0.042922844,2.155731334,1.602515723
D100,0.002299712,1.63658081,1199.7586,0.06696036,0.037690117,100,25,119.8056726,110.3632665,0.0112,0.046341242,2.160182521,1.787421384
D100,0.002298913,1.624897689,1199.7586,0.06696036,0.037690117,100,25,118.9090641,108.7553654,0.0112,0.046811575,2.171657899,1.479245283
D200,0.002303411,1.634608721,1199.41435,0.06691931,0.036890972,200,25,122.4149451,110.3105114,0.011,0.04867944,2.194175268,1.602515723
D200,0.002285916,1.596642543,1199.41435,0.06691931,0.036890972,200,25,118.6634739,104.4463816,0.0112,0.050473197,2.227146471,1.510062893
D200,0.002287946,1.599493095,1199.41435,0.06691931,0.036890972,200,25,118.9809175,104.9127635,0.011,0.05056038,2.219782185,1.510062893
D200,0.002298113,1.629829316,1199.41435,0.06691931,0.036890972,200,25,121.7762886,109.414153,0.0108,0.050037267,2.209961444,1.664150943
D200,0.002290017,1.597346162,1199.41435,0.06691931,0.036890972,200,25,118.9287617,104.7260163,0.0108,0.052613804,2.223157782,1.417610063
D400,0.002327268,1.609618294,1199.41435,0.06691931,0.036890972,400,25,121.791934,108.071224,0.0114,0.049158894,2.208759938,1.787421384
D400,0.00232573,1.609548438,1199.41435,0.06691931,0.036890972,400,25,121.7061384,107.990407,0.0114,0.048644092,2.215521349,1.818238994
D400,0.002330384,1.610205713,1199.41435,0.06691931,0.036890972,400,25,121.9994807,108.2948962,0.0118,0.044811161,2.21109678,1.910691824
D400,0.002307188,1.640332032,1199.41435,0.06691931,0.036890972,400,25,123.0449767,111.2664669,0.0114,0.046859124,2.238669537,1.818238994
D400,0.002289679,1.661450543,1199.41435,0.06691931,0.036890972,400,25,123.6833308,113.2836502,0.0118,0.043382196,2.277323367,1.787421384
D600,0.002325522,1.599381974,1199.2114,0.06689444,0.036419641,600,25,122.4708501,106.642562,0.0208,0.005993974,2.215719494,1.602515723
D600,0.002334076,1.595508882,1199.2114,0.06689444,0.036419641,600,25,122.6236446,106.5170394,0.0212,0.010751909,2.228725024,1.633333333
D600,0.002313636,1.614307915,1199.2114,0.06689444,0.036419641,600,25,122.9819862,108.0870141,0.0186,0.02203028,2.259070385,1.910691824
D600,0.002340202,1.608420098,1199.2114,0.06689444,0.036419641,600,25,123.940383,108.5320399,0.0128,0.039793007,2.23342589,1.787421384
D600,0.002225794,1.631982003,1199.2114,0.06689444,0.036419641,600,25,119.6080272,106.2726067,0.0254,0.005411334,2.171001568,1.571698113
D800,0.00232864,1.590389594,1199.2114,0.06689444,0.036419641,800,25,121.9455408,105.588128,0.0244,0.00709136,2.175697215,1.756603774
D800,0.002309116,1.624028962,1199.2114,0.06689444,0.036419641,800,25,123.4808439,109.1789717,0.015,0.004983052,2.183416165,1.694968553
D800,0.002298661,1.600176511,1199.2114,0.06689444,0.036419641,800,25,121.1163663,105.5155251,0.0194,0.00489435,2.236248929,1.725786164
D800,0.002332666,1.603625607,1199.2114,0.06689444,0.036419641,800,25,123.1730283,107.5385663,0.021,0.006626693,2.214218214,1.879874214
D800,0.002332707,1.599730405,1199.2114,0.06689444,0.036419641,800,25,122.8760258,107.0186816,0.0168,0.004470157,2.177187795,1.602515723
S50,0.002296724,1.593899157,1199.7586,0.06696036,0.037690117,50,6,116.5295356,104.5457943,0.0114,0.049761546,2.222032953,1.694968553
S50,0.00230966,1.623488238,1199.7586,0.06696036,0.037690117,50,6,119.3613355,109.074323,0.0114,0.046317646,2.214924375,1.664150943
S50,0.002297692,1.596034082,1199.7586,0.06696036,0.037690117,50,6,116.7348272,104.870253,0.013,0.04078912,2.215731321,1.633333333
S50,0.002306098,1.618076195,1199.7586,0.06696036,0.037690117,50,6,118.7799198,108.181178,0.012,0.044257803,2.19161935,1.756603774
S50,0.002293858,1.595668154,1199.7586,0.06696036,0.037690117,50,6,116.5132944,104.6472379,0.0114,0.048864046,2.203313428,1.540880503
S100,0.002345899,1.574629818,1199.7586,0.06696036,0.037690117,100,6,117.5856148,104.2179138,0.0126,0.042484856,2.14918061,1.540880503
S100,0.002344373,1.586158814,1199.7586,0.06696036,0.037690117,100,6,118.3694808,105.6808071,0.012,0.045387109,2.155837945,1.571698113
S100,0.002348249,1.591319438,1199.7586,0.06696036,0.037690117,100,6,118.9509198,106.5454438,0.011,0.051519414,2.162778819,1.448427673
S100,0.002340904,1.581224775,1199.7586,0.06696036,0.037690117,100,6,117.8266756,104.8689561,0.0116,0.047487856,2.148500592,1.756603774
S100,0.002341359,1.578734688,1199.7586,0.06696036,0.037690117,100,6,117.6639664,104.5592227,0.0122,0.044451623,2.142818588,1.756603774
S200,0.002323733,1.603768851,1199.41435,0.06691931,0.036890972,200,6,121.1649649,107.1241721,0.0144,0.034117274,2.206816048,1.756603774
S200,0.00231798,1.599023714,1199.41435,0.06691931,0.036890972,200,6,120.5074267,106.2275979,0.0162,0.027978757,2.196338291,1.664150943
S200,0.002328806,1.606240141,1199.41435,0.06691931,0.036890972,200,6,121.6166172,107.6891721,0.0142,0.036879289,2.191421843,1.694968553
S200,0.002324898,1.608453019,1199.41435,0.06691931,0.036890972,200,6,121.5797967,107.8048841,0.0158,0.028234391,2.189803313,1.725786164
S200,0.002312088,1.598680568,1199.41435,0.06691931,0.036890972,200,6,120.17532,105.9121118,0.0164,0.029715992,2.18060903,1.818238994
S400,0.002342185,1.593489347,1199.41435,0.06691931,0.036890972,400,6,121.3443279,106.5951117,0.0126,0.040777584,2.226271571,1.725786164
S400,0.002338547,1.592649034,1199.41435,0.06691931,0.036890972,400,6,121.0919878,106.317348,0.0156,0.031886215,2.213920664,1.694968553
S400,0.002337099,1.595561298,1199.41435,0.06691931,0.036890972,400,6,121.2382819,106.6404356,0.0132,0.039130732,2.188920086,1.849056604
S400,0.002335733,1.594605508,1199.41435,0.06691931,0.036890972,400,6,121.0948188,106.4504411,0.013,0.041391542,2.195478145,1.910691824
S400,0.002337182,1.595018112,1199.41435,0.06691931,0.036890972,400,6,121.201301,106.5716144,0.0136,0.038448202,2.199391193,1.602515723
S600,0.00232494,1.604518396,1199.2114,0.06689444,0.036419641,600,6,122.8333931,107.3017463,0.0154,0.03106214,2.189764122,1.787421384
S600,0.00232444,1.60414803,1199.2114,0.06689444,0.036419641,600,6,122.7786633,107.2291797,0.0142,0.029123416,2.174324856,1.818238994
S600,0.002327227,1.602034054,1199.2114,0.06689444,0.036419641,600,6,122.7638662,107.0749651,0.0202,0.018373773,2.171721222,1.633333333
S600,0.00231919,1.597424325,1199.2114,0.06689444,0.036419641,600,6,121.9879078,106.0920196,0.0142,0.035159839,2.179246712,1.633333333
S600,0.002328806,1.607034164,1199.2114,0.06689444,0.036419641,600,6,123.2305812,107.8174974,0.0154,0.024379683,2.180835264,1.818238994
S800,0.002345982,1.592000546,1199.2114,0.06689444,0.036419641,800,6,122.9781362,106.590073,0.0152,0.028842494,2.170123198,1.910691824
S800,0.002350678,1.589482213,1199.2114,0.06689444,0.036419641,800,6,123.0293886,106.4658139,0.0192,0.005126039,2.144811587,1.849056604
S800,0.00234829,1.590693626,1199.2114,0.06689444,0.036419641,800,6,122.998071,106.5198343,0.0176,0.005124931,2.141743393,1.479245283
S800,0.002354338,1.588298915,1199.2114,0.06689444,0.036419641,800,6,123.1292019,106.472866,0.0158,0.004545487,2.131005724,1.725786164
S800,0.002353187,1.586494044,1199.2114,0.06689444,0.036419641,800,6,122.9291672,106.1790966,0.0262,0.006930526,2.147763194,1.571698113
D50,0.002237458,0.587311749,1230.239625,0.065701673,0.147132715,50,25,10.98763091,14.45125531,0.011,0.124468844,1.474887956,0.4375
D50,0.002228058,0.588201213,1230.239625,0.065701673,0.147132715,50,25,10.95803882,14.43416194,0.0114,0.116344662,1.486720847,0.53125
D50,0.00225186,0.586203183,1230.239625,0.065701673,0.147132715,50,25,11.03748449,14.48942333,0.0116,0.113049249,1.47655687,0.4375
D50,0.002252435,0.591368499,1230.239625,0.065701673,0.147132715,50,25,11.13758016,14.74965467,0.0118,0.112029018,1.470630924,0.5
D50,0.002254906,0.589763407,1230.239625,0.065701673,0.147132715,50,25,11.11953922,14.68579416,0.011,0.127583103,1.469018895,0.5
D100,0.002263141,0.531941925,1230.239625,0.065701673,0.147132715,100,25,10.06598327,11.9909405,0.0124,0.133845832,1.51890701,0.4375
D100,0.002267795,0.527443157,1230.239625,0.065701673,0.147132715,100,25,10.00137868,11.81322174,0.0134,0.123176893,1.499253844,0.5
D100,0.002267268,0.53051537,1230.239625,0.065701673,0.147132715,100,25,10.05729889,11.94846596,0.0116,0.151870612,1.505115183,0.4375
D100,0.002268891,0.524072201,1230.239625,0.065701673,0.147132715,100,25,9.942262609,11.66834272,0.0116,0.1546894,1.498529419,0.46875
D100,0.002277424,0.523980149,1230.239625,0.065701673,0.147132715,100,25,9.977901539,11.70811206,0.0116,0.152594641,1.487426062,0.40625
D200,0.002262921,0.530832608,1231.2015,0.06586251,0.159808968,200,25,9.254541897,11.9199762,0.0106,0.176894513,1.496959188,0.46875
D200,0.002264371,0.536642579,1231.2015,0.06586251,0.159808968,200,25,9.361828398,12.19013944,0.0106,0.180474625,1.512561412,0.53125
D200,0.002265118,0.532266865,1231.2015,0.06586251,0.159808968,200,25,9.288555133,11.99611066,0.0108,0.17876813,1.49550738,0.40625
D200,0.002259049,0.534522588,1231.2015,0.06586251,0.159808968,200,25,9.302929706,12.06559299,0.011,0.17189159,1.499524673,0.46875
D200,0.002263009,0.527097682,1231.2015,0.06586251,0.159808968,200,25,9.189784155,11.75328553,0.0108,0.179965435,1.507948275,0.4375
D400,0.002278952,0.526472652,1231.2015,0.06586251,0.159808968,400,25,9.243555316,11.80803767,0.011,0.167533471,1.480943664,0.4375
D400,0.002276245,0.523783146,1231.2015,0.06586251,0.159808968,400,25,9.185407426,11.67381519,0.0116,0.151930507,1.488196875,0.40625
D400,0.002265205,0.533713013,1231.2015,0.06586251,0.159808968,400,25,9.314152918,12.06185283,0.011,0.162870799,1.495449395,0.53125
D400,0.002257243,0.557860135,1231.2015,0.06586251,0.159808968,400,25,9.701338467,13.13166677,0.011,0.147986811,1.489649011,0.5
D400,0.002258873,0.545601716,1231.2015,0.06586251,0.159808968,400,25,9.495012515,12.56996702,0.0108,0.155159264,1.488574134,0.5
D600,0.002294395,0.516859698,1231.2015,0.06586251,0.159808968,600,25,9.136268555,11.45788332,0.0132,0.128678006,1.454631794,0.4375
D600,0.002293615,0.523325062,1231.2015,0.06586251,0.159808968,600,25,9.247406686,11.74233214,0.0196,0.060621032,1.449676887,0.375
D600,0.002295262,0.517885853,1231.2015,0.06586251,0.159808968,600,25,9.157866319,11.50777114,0.013,0.053481851,1.464974381,0.4375
D600,0.002295132,0.514690408,1231.2015,0.06586251,0.159808968,600,25,9.100845153,11.36555555,0.0216,0.064817636,1.454164751,0.46875
D600,0.002272615,0.542823436,1231.2015,0.06586251,0.159808968,600,25,9.504129818,12.51796747,0.0192,0.061594283,1.463072572,0.46875
D800,0.002267663,0.528635734,1231.2015,0.06586251,0.159808968,800,25,9.235556092,11.84629207,0.017,0.056388406,1.471779432,0.53125
D800,0.002269286,0.530090043,1231.2015,0.06586251,0.159808968,800,25,9.267589586,11.92008381,0.0174,0.061011943,1.476235518,0.5625
D800,0.002264283,0.512710908,1231.2015,0.06586251,0.159808968,800,25,8.943988959,11.12670775,0.017,0.058270937,1.473976524,0.40625
D800,0.002271564,0.537294997,1231.2015,0.06586251,0.159808968,800,25,9.402984696,12.25861471,0.02,0.052722658,1.46374932,0.4375
D800,0.002307322,0.532213787,1231.2015,0.06586251,0.159808968,800,25,9.460677471,12.21718716,0.014,0.049043243,1.457317453,0.5
S50,0.002270732,0.541052128,1230.239625,0.065701673,0.147132715,50,6,10.27271851,12.4467888,0.0108,0.145362735,1.464285745,0.5
S50,0.002272264,0.533375083,1230.239625,0.065701673,0.147132715,50,6,10.13379331,12.10424174,0.0106,0.156380455,1.46329805,0.53125
S50,0.00227454,0.535906654,1230.239625,0.065701673,0.147132715,50,6,10.1920868,12.23165114,0.0108,0.145899559,1.456338684,0.4375
S50,0.002280174,0.535703663,1230.239625,0.065701673,0.147132715,50,6,10.21346477,12.25266429,0.0108,0.152758976,1.474668071,0.40625
S50,0.002285708,0.534753265,1230.239625,0.065701673,0.147132715,50,6,10.2200874,12.23885748,0.0108,0.148781332,1.471097952,0.40625
S100,0.002313091,0.52303483,1230.239625,0.065701673,0.147132715,100,6,10.11588414,11.8486066,0.0112,0.158255433,1.442874313,0.375
S100,0.002308011,0.527990387,1230.239625,0.065701673,0.147132715,100,6,10.18930121,12.04767487,0.0108,0.161258768,1.45146606,0.40625
S100,0.002303395,0.5255076,1230.239625,0.065701673,0.147132715,100,6,10.12110435,11.91076695,0.0108,0.167091779,1.454374894,0.375
S100,0.002309002,0.519866418,1230.239625,0.065701673,0.147132715,100,6,10.03683058,11.68479722,0.011,0.167762312,1.456256666,0.40625
S100,0.002306028,0.521351589,1230.239625,0.065701673,0.147132715,100,6,10.05253784,11.73651724,0.011,0.165344882,1.452714446,0.34375
S200,0.0022871,0.527558191,1231.2015,0.06586251,0.159808968,200,6,9.29573003,11.89917199,0.0118,0.148225265,1.470202477,0.53125
S200,0.002265864,0.532075982,1231.2015,0.06586251,0.159808968,200,6,9.288283819,11.99145831,0.0108,0.166315604,1.483981407,0.4375
S200,0.002278036,0.531361973,1231.2015,0.06586251,0.159808968,200,6,9.325646578,12.02353834,0.0166,0.099430956,1.481539669,0.5625
S200,0.002280261,0.53318199,1231.2015,0.06586251,0.159808968,200,6,9.366731983,12.11787405,0.0108,0.171963548,1.480093475,0.5
S200,0.002278167,0.530185433,1231.2015,0.06586251,0.159808968,200,6,9.305532834,11.97104068,0.0118,0.159072428,1.481454481,0.46875
S400,0.002280349,0.533545168,1231.2015,0.06586251,0.159808968,400,6,9.373470776,12.13485218,0.0112,0.171872443,1.485518466,0.40625
S400,0.002287274,0.53196457,1231.2015,0.06586251,0.159808968,400,6,9.374084697,12.09969578,0.0116,0.167112175,1.497415762,0.4375
S400,0.002286404,0.533627695,1231.2015,0.06586251,0.159808968,400,6,9.399815155,12.17083975,0.012,0.160856788,1.487051311,0.4375
S400,0.002289274,0.533125756,1231.2015,0.06586251,0.159808968,400,6,9.402759794,12.16320076,0.0116,0.166966088,1.496107801,0.5
S400,0.002285621,0.535181128,1231.2015,0.06586251,0.159808968,400,6,9.423949351,12.23760984,0.0116,0.157282807,1.476622947,0.40625
S600,0.002293007,0.525290173,1231.2015,0.06586251,0.159808968,600,6,9.279673659,11.82755155,0.0116,0.16157139,1.466414868,0.375
S600,0.002294568,0.529028868,1231.2015,0.06586251,0.159808968,600,6,9.352083634,12.00468096,0.0118,0.152384499,1.459969508,0.40625
S600,0.002301321,0.530401571,1231.2015,0.06586251,0.159808968,600,6,9.403944254,12.10257317,0.018,0.048470662,1.450253824,0.375
S600,0.002298683,0.530559438,1231.2015,0.06586251,0.159808968,600,6,9.395959605,12.09589629,0.0254,0.056221418,1.462794051,0.40625
S600,0.00230063,0.530826495,1231.2015,0.06586251,0.159808968,600,6,9.408649383,12.11832918,0.0248,0.056214919,1.466989729,0.40625
S800,0.002287143,0.530994354,1231.2015,0.06586251,0.159808968,800,6,9.356454164,12.05491263,0.013,0.050818262,1.470174519,0.46875
S800,0.00230037,0.532960436,1231.2015,0.06586251,0.159808968,800,6,9.445407222,12.21457966,0.0184,0.050780111,1.467155176,0.40625
S800,0.002296908,0.530929464,1231.2015,0.06586251,0.159808968,800,6,9.395252593,12.10342149,0.0176,0.052960236,1.4584823,0.5
S800,0.002294568,0.531199756,1231.2015,0.06586251,0.159808968,800,6,9.390460233,12.10340635,0.015,0.044565926,1.454521861,0.53125
S800,0.002297731,0.518216396,1231.2015,0.06586251,0.159808968,800,6,9.173568454,11.53485993,0.0206,0.062207924,1.463400253,0.40625
D50,0.002218887,0.945721988,1230.6815,0.06577659,0.152918067,50,25,16.88828245,37.13098036,0.0104,0.063072033,1.729470914,0.78125
D50,0.002256229,1.015217099,1230.6815,0.06577659,0.152918067,50,25,18.43440135,43.50862996,0.01,0.056936574,1.689766162,0.875
D50,0.002230869,0.951851971,1230.6815,0.06577659,0.152918067,50,25,17.08953678,37.81700669,0.0104,0.061349339,1.714578735,0.90625
D50,0.002261294,1.02089343,1230.6815,0.06577659,0.152918067,50,25,18.57908239,44.09528109,0.0102,0.055308774,1.702565187,0.78125
D50,0.002237903,1.008205843,1230.6815,0.06577659,0.152918067,50,25,18.158387,42.56120581,0.0104,0.053859512,1.698018472,0.875
D100,0.002284358,0.939940412,1230.6815,0.06577659,0.152918067,100,25,17.28030531,37.76062547,0.0118,0.048402296,1.668958873,0.78125
D100,0.002280261,0.944912073,1230.6815,0.06577659,0.152918067,100,25,17.34055137,38.09269911,0.0116,0.048911931,1.671957444,0.75
D100,0.002283705,0.953701137,1230.6815,0.06577659,0.152918067,100,25,17.52827488,38.86323255,0.0122,0.043158229,1.674909848,0.8125
D100,0.002289491,0.961882422,1230.6815,0.06577659,0.152918067,100,25,17.72342939,39.63302247,0.0126,0.042573231,1.670677177,0.78125
D100,0.002289317,0.962874716,1230.6815,0.06577659,0.152918067,100,25,17.7403664,39.71182205,0.0118,0.04579534,1.665343864,0.71875
D200,0.002280959,0.973895995,1230.6815,0.06577659,0.152918067,200,25,17.87791951,40.47780963,0.011,0.052151582,1.682406209,0.78125
D200,0.002284837,0.977463047,1230.6815,0.06577659,0.152918067,200,25,17.97390667,40.84418887,0.011,0.050370224,1.685021577,0.8125
D200,0.002281221,0.977409766,1230.6815,0.06577659,0.152918067,200,25,17.94448033,40.77509727,0.0112,0.049601449,1.682213246,0.75
D200,0.002281657,0.978655291,1230.6815,0.06577659,0.152918067,200,25,17.97078124,40.88689694,0.0114,0.047852741,1.687370265,0.8125
D200,0.002279694,0.976337181,1230.6815,0.06577659,0.152918067,200,25,17.9127926,40.65842693,0.0108,0.050298094,1.677856605,0.78125
D400,0.00226015,0.973666864,1230.6815,0.06577659,0.152918067,400,25,17.71064895,40.08965428,0.0122,0.039942281,1.664712711,0.875
D400,0.002274715,0.979414489,1230.6815,0.06577659,0.152918067,400,25,17.93000025,40.82575884,0.0124,0.042153761,1.68152969,0.875
D400,0.002276463,0.973752954,1230.6815,0.06577659,0.152918067,400,25,17.84005791,40.38615371,0.0138,0.034269623,1.66376522,0.90625
D400,0.002274758,0.955308212,1230.6815,0.06577659,0.152918067,400,25,17.4890263,38.84155316,0.0124,0.04493057,1.676002275,0.84375
D400,0.002302747,0.957975753,1230.6815,0.06577659,0.152918067,400,25,17.75365014,39.5393586,0.0122,0.044585722,1.661059428,0.78125
D600,0.002285142,0.96023184,1230.554,0.06575516,0.151242279,600,25,17.85322776,39.43085764,0.0202,0.020233421,1.657446277,0.8125
D600,0.002285925,0.95729556,1230.554,0.06575516,0.151242279,600,25,17.80473643,39.20351148,0.0194,0.01672757,1.662346504,0.8125
D600,0.002292009,0.9602317,1230.554,0.06575516,0.151242279,600,25,17.90687835,39.54934525,0.0198,0.018954653,1.663387642,0.875
D600,0.002293094,0.950227494,1230.554,0.06575516,0.151242279,600,25,17.72870134,38.74787513,0.0184,0.016395226,1.662600791,0.8125
D600,0.002319147,0.923375225,1230.554,0.06575516,0.151242279,600,25,17.42344142,37.00458455,0.0238,0.020400946,1.643923459,0.75
D800,0.0023005,0.934049361,1230.554,0.06575516,0.151242279,800,25,17.48314288,37.56061632,0.0164,0.016075416,1.6463813,0.75
D800,0.002294612,0.938738464,1230.554,0.06575516,0.151242279,800,25,17.52593924,37.84158251,0.0124,0.013802637,1.645158439,0.78125
D800,0.002293441,0.931682005,1230.554,0.06575516,0.151242279,800,25,17.38532263,37.25579518,0.0122,0.014293407,1.645998258,0.8125
D800,0.002303525,0.93965329,1230.554,0.06575516,0.151242279,800,25,17.61116008,38.06264627,0.015,0.015109464,1.660498838,0.75
D800,0.002302574,0.946742988,1230.554,0.06575516,0.151242279,800,25,17.73671707,38.62324072,0.0188,0.016611965,1.666612787,0.8125
S50,0.002300716,0.95307945,1230.6815,0.06577659,0.152918067,50,6,17.64732989,39.10169245,0.0106,0.05906811,1.678825145,0.875
S50,0.002311414,0.954877602,1230.6815,0.06577659,0.152918067,50,6,17.76283284,39.43187072,0.0116,0.050543088,1.665647429,0.75
S50,0.002315112,0.953377027,1230.6815,0.06577659,0.152918067,50,6,17.76329312,39.37092431,0.013,0.042445968,1.668386105,0.78125
S50,0.00230995,0.951734117,1230.6815,0.06577659,0.152918067,50,6,17.69314613,39.14787095,0.0104,0.058416668,1.666702835,0.84375
S50,0.002308873,0.952756211,1230.6815,0.06577659,0.152918067,50,6,17.70389058,39.21371165,0.0106,0.061936836,1.672894046,0.75
S100,0.002308054,0.942206595,1230.6815,0.06577659,0.152918067,100,6,17.50165195,38.33651484,0.0112,0.060294667,1.684319088,0.78125
S100,0.002316228,0.94520975,1230.6815,0.06577659,0.152918067,100,6,17.61961661,38.71792666,0.0114,0.054082871,1.667581631,0.90625
S100,0.002317044,0.944827726,1230.6815,0.06577659,0.152918067,100,6,17.61869879,38.70026207,0.0108,0.057193841,1.661599677,0.84375
S100,0.002304431,0.945822517,1230.6815,0.06577659,0.152918067,100,6,17.54123981,38.57068755,0.012,0.047962974,1.670694196,0.84375
S100,0.002308787,0.948427084,1230.6815,0.06577659,0.152918067,100,6,17.62279007,38.85671313,0.0134,0.040499003,1.656714185,0.8125
S200,0.0023161,0.941431364,1230.6815,0.06577659,0.152918067,200,6,17.54820769,38.40686639,0.0232,0.021736591,1.656880386,0.78125
S200,0.002316572,0.939849563,1230.6815,0.06577659,0.152918067,200,6,17.52229607,38.28571869,0.0148,0.03598957,1.66193843,0.8125
S200,0.002312661,0.94010659,1230.6815,0.06577659,0.152918067,200,6,17.49749927,38.24199379,0.0122,0.045388143,1.648533727,0.71875
S200,0.002320776,0.940114961,1230.6815,0.06577659,0.152918067,200,6,17.5590534,38.37686634,0.0214,0.022201618,1.648155468,0.8125
S200,0.002322875,0.941386114,1230.6815,0.06577659,0.152918067,200,6,17.59869997,38.51552491,0.0172,0.030354178,1.641284712,0.71875
S400,0.002319361,0.930578773,1230.6815,0.06577659,0.152918067,400,6,17.3703444,37.57932862,0.0148,0.036832544,1.649160877,0.875
S400,0.002318847,0.922402181,1230.6815,0.06577659,0.152918067,400,6,17.21389779,36.91364971,0.0168,0.032860244,1.649526937,0.71875
S400,0.002322533,0.935421156,1230.6815,0.06577659,0.152918067,400,6,17.48460911,38.0233661,0.0128,0.04497763,1.63614477,0.75
S400,0.002327581,0.935363694,1230.6815,0.06577659,0.152918067,400,6,17.52153788,38.10133356,0.0126,0.046101002,1.648707247,0.75
S400,0.002327496,0.934506953,1230.6815,0.06577659,0.152918067,400,6,17.50484629,38.03017154,0.0126,0.042701453,1.638026635,0.78125
S600,0.002327197,0.939084295,1230.554,0.06575516,0.151242279,600,6,17.78136528,38.40723622,0.0178,0.018213034,1.643608489,0.71875
S600,0.002326213,0.938354152,1230.554,0.06575516,0.151242279,600,6,17.76003292,38.33133293,0.0212,0.020650376,1.63892971,0.8125
S600,0.002326855,0.934799258,1230.554,0.06575516,0.151242279,600,6,17.69762802,38.05193944,0.0236,0.019486306,1.633105927,0.75
S600,0.0023304,0.933423928,1230.554,0.06575516,0.151242279,600,6,17.69851706,37.99786396,0.0204,0.019625739,1.63598518,0.75
S600,0.002325999,0.934333471,1230.554,0.06575516,0.151242279,600,6,17.68230891,38.00005769,0.0144,0.03624662,1.633706334,0.78125
S800,0.002318546,0.935909996,1230.554,0.06575516,0.151242279,800,6,17.65539056,38.00622985,0.0138,0.014701814,1.61739273,0.84375
S800,0.00233104,0.935998901,1230.554,0.06575516,0.151242279,800,6,17.7522161,38.21829341,0.0148,0.012761101,1.624811061,0.78125
S800,0.002329034,0.933434793,1230.554,0.06575516,0.151242279,800,6,17.6883464,37.97647011,0.0154,0.012264627,1.626210849,0.71875
S800,0.002331766,0.932496469,1230.554,0.06575516,0.151242279,800,6,17.69129182,37.94461213,0.0158,0.015243536,1.640387878,0.84375
S800,0.002338666,0.931829422,1230.554,0.06575516,0.151242279,800,6,17.73095473,38.0024779,0.0154,0.015875274,1.630202716,0.90625
D50,0.00221577,1.230693944,1230.302,0.06571236,0.147945596,50,25,22.67694357,62.83325515,0.0102,0.033028105,1.790464747,1.026015228
D50,0.002207266,1.191115919,1230.302,0.06571236,0.147945596,50,25,21.86343938,58.63102517,0.0104,0.038851135,1.825534745,0.932741117
D50,0.002210298,1.195276278,1230.302,0.06571236,0.147945596,50,25,21.96993556,59.1224006,0.0104,0.034569861,1.828657725,0.994923858
D50,0.002208783,1.190632172,1230.302,0.06571236,0.147945596,50,25,21.86957213,58.62365286,0.0104,0.038394634,1.818651128,1.150380711
D50,0.002208783,1.190632172,1230.302,0.06571236,0.147945596,50,25,21.86957213,58.62365286,0.0104,0.038352988,1.818651128,1.150380711
D100,0.002284732,1.227927443,1230.302,0.06571236,0.147945596,100,25,23.33015374,64.49785664,0.0128,0.023139054,1.73642222,0.932741117
D100,0.002283568,1.232559477,1230.302,0.06571236,0.147945596,100,25,23.40623074,64.9522715,0.0138,0.021478873,1.748199464,1.08819797
D100,0.002288306,1.228645679,1230.302,0.06571236,0.147945596,100,25,23.380319,64.67434908,0.0146,0.019987612,1.739144831,0.994923858
D100,0.00228822,1.22396409,1230.302,0.06571236,0.147945596,100,25,23.29035549,64.18000846,0.0134,0.023403681,1.750080305,0.932741117
D100,0.002287919,1.235450228,1230.302,0.06571236,0.147945596,100,25,23.50582604,65.38163067,0.0138,0.021666297,1.750310728,0.963832487
D200,0.002301136,1.204006109,1230.302,0.06571236,0.147945596,200,25,23.03990172,62.45457955,0.0122,0.026383251,1.734852865,0.932741117
D200,0.002300665,1.206564146,1230.302,0.06571236,0.147945596,200,25,23.08412922,62.70741364,0.0124,0.025407388,1.74061346,1.08819797
D200,0.002303659,1.208871257,1230.302,0.06571236,0.147945596,200,25,23.15836675,63.02936845,0.012,0.026332199,1.743749892,0.994923858
D200,0.002305411,1.210156146,1230.302,0.06571236,0.147945596,200,25,23.20061053,63.211457,0.0124,0.025668648,1.742424891,1.057106599
D200,0.002302077,1.191110012,1230.302,0.06571236,0.147945596,200,25,22.80244409,61.14884397,0.0118,0.02830908,1.73414359,0.963832487
D400,0.002300622,1.209028268,1230.302,0.06571236,0.147945596,400,25,23.1308428,62.96263409,0.013,0.025180917,1.740645841,1.057106599
D400,0.002300408,1.205377782,1230.302,0.06571236,0.147945596,400,25,23.05885741,62.57717341,0.0142,0.021098001,1.746214007,1.181472081
D400,0.002303018,1.205915664,1230.302,0.06571236,0.147945596,400,25,23.09531597,62.70408303,0.014,0.021348694,1.738835295,1.057106599
D400,0.002296381,1.208752527,1230.302,0.06571236,0.147945596,400,25,23.0829372,62.81790401,0.0134,0.023047291,1.749276228,1.11928934
D400,0.002284646,1.235683353,1230.302,0.06571236,0.147945596,400,25,23.47662736,65.31273629,0.0132,0.022559605,1.769148943,1.150380711
D600,0.00229968,1.208115296,1230.302,0.06571236,0.147945596,600,25,23.10391444,62.841845,0.0116,0.006628923,1.730542783,1.057106599
D600,0.002301478,1.208977592,1230.302,0.06571236,0.147945596,600,25,23.1384775,62.98077597,0.0156,0.011568431,1.74540229,0.963832487
D600,0.002292347,1.189753169,1230.302,0.06571236,0.147945596,600,25,22.68020326,60.7517495,0.0252,0.01132102,1.757779863,1.057106599
D600,0.002304685,1.21378208,1230.302,0.06571236,0.147945596,600,25,23.26279552,63.57078894,0.0246,0.011461672,1.748370119,1.08819797
D600,0.002293206,1.193048959,1230.302,0.06571236,0.147945596,600,25,22.75155225,61.1116873,0.0182,0.011610745,1.746275065,0.963832487
D800,0.002328106,1.185423078,1230.302,0.06571236,0.147945596,800,25,22.95016802,61.25114671,0.0124,0.008799339,1.725438872,1.026015228
D800,0.002321329,1.177292276,1230.302,0.06571236,0.147945596,800,25,22.72640576,60.23792836,0.014,0.008691859,1.725118598,0.932741117
D800,0.002321499,1.188620211,1230.302,0.06571236,0.147945596,800,25,22.94675681,61.40721486,0.0156,0.008569162,1.72499252,1.08819797
D800,0.002322729,1.185788357,1230.302,0.06571236,0.147945596,800,25,22.90421264,61.14733379,0.0158,0.010198101,1.729433568,1.181472081
D800,0.002295952,1.203772401,1230.302,0.06571236,0.147945596,800,25,22.98354155,62.28970997,0.0134,0.009044988,1.738769491,1.057106599
S50,0.002304343,1.199519381,1230.302,0.06571236,0.147945596,50,6,22.98603348,62.07636541,0.0116,0.03196491,1.748629463,1.026015228
S50,0.002301264,1.197821651,1230.302,0.06571236,0.147945596,50,6,22.92283436,61.81807134,0.0114,0.033404183,1.756372992,1.057106599
S50,0.002314703,1.193396619,1230.302,0.06571236,0.147945596,50,6,22.97152025,61.72051158,0.0146,0.023060877,1.740802984,0.932741117
S50,0.002315256,1.196628586,1230.302,0.06571236,0.147945596,50,6,23.03923424,62.07009218,0.0114,0.031975448,1.745758805,0.932741117
S50,0.002313724,1.194854507,1230.302,0.06571236,0.147945596,50,6,22.9898593,61.84524524,0.0116,0.031714219,1.741539263,0.901649746
S100,0.002305966,1.191925533,1230.302,0.06571236,0.147945596,100,6,22.85660357,61.33604874,0.0162,0.019350497,1.731218987,1.026015228
S100,0.002313554,1.187802079,1230.302,0.06571236,0.147945596,100,6,22.852484,61.11284065,0.013,0.026827277,1.730916374,0.932741117
S100,0.002317891,1.192681855,1230.302,0.06571236,0.147945596,100,6,22.98938326,61.73151126,0.0114,0.032804538,1.738408547,1.181472081
S100,0.002318018,1.186786194,1230.302,0.06571236,0.147945596,100,6,22.87699993,61.12607824,0.013,0.026375199,1.716852321,0.994923858
S100,0.002316064,1.179614113,1230.302,0.06571236,0.147945596,100,6,22.71957202,60.33857961,0.0124,0.027829235,1.718301381,0.901649746
S200,0.002327345,1.186058524,1230.302,0.06571236,0.147945596,200,6,22.95496052,61.29677785,0.0224,0.012690133,1.720659702,0.901649746
S200,0.002329924,1.191356283,1230.302,0.06571236,0.147945596,200,6,23.08304732,61.91413046,0.0222,0.011594467,1.729430345,0.963832487
S200,0.002329924,1.195805482,1230.302,0.06571236,0.147945596,200,6,23.16925248,62.37743878,0.0158,0.020154057,1.724092597,1.026015228
S200,0.002326837,1.185323865,1230.302,0.06571236,0.147945596,200,6,22.93573705,61.20750912,0.022,0.013313043,1.726380004,1.026015228
S200,0.002327218,1.187994844,1230.302,0.06571236,0.147945596,200,6,22.99118209,61.49372955,0.0208,0.012423893,1.731441458,0.963832487
S400,0.002325101,1.182271524,1230.302,0.06571236,0.147945596,400,6,22.85961073,60.8472614,0.0144,0.022371275,1.722319891,0.963832487
S400,0.002323873,1.182210238,1230.302,0.06571236,0.147945596,400,6,22.84634886,60.8088089,0.019,0.012336624,1.723230333,0.994923858
S400,0.002320778,1.180450651,1230.302,0.06571236,0.147945596,400,6,22.78196119,60.54717996,0.0144,0.022800153,1.725528541,1.026015228
S400,0.00232116,1.186711807,1230.302,0.06571236,0.147945596,400,6,22.90656557,61.20123968,0.0186,0.011008385,1.709170995,1.026015228
S400,0.002324,1.181567684,1230.302,0.06571236,0.147945596,400,6,22.83518038,60.74604776,0.0154,0.022149073,1.723136082,0.963832487
S600,0.00231891,1.18809399,1230.302,0.06571236,0.147945596,600,6,22.91102125,61.28444023,0.0208,0.013249642,1.737644411,0.932741117
S600,0.00232311,1.189482865,1230.302,0.06571236,0.147945596,600,6,22.97934787,61.53906116,0.0132,0.007845277,1.729149565,0.994923858
S600,0.002324,1.18875439,1230.302,0.06571236,0.147945596,600,6,22.97407189,61.48725229,0.0142,0.009084211,1.723136082,0.870558376
S600,0.002323873,1.187309506,1230.302,0.06571236,0.147945596,600,6,22.9448928,61.33451765,0.0174,0.012418829,1.744636921,0.963832487
S600,0.002322686,1.185879015,1230.302,0.06571236,0.147945596,600,6,22.9055457,61.15556789,0.0136,0.024141858,1.740173895,1.026015228
S800,0.002327345,1.185014967,1230.302,0.06571236,0.147945596,800,6,22.93476351,61.18896092,0.0128,0.008754425,1.726003366,1.057106599
S800,0.002328233,1.179656579,1230.302,0.06571236,0.147945596,800,6,22.83977142,60.65998853,0.0148,0.007767828,1.725344844,0.963832487
S800,0.002327726,1.176526143,1230.302,0.06571236,0.147945596,800,6,22.77419603,60.32531699,0.015,0.011097222,1.72037826,0.994923858
S800,0.002330262,1.183784054,1230.302,0.06571236,0.147945596,800,6,22.93966004,61.13845215,0.0168,0.011126979,1.718505501,0.901649746
S800,0.002328698,1.173228708,1230.302,0.06571236,0.147945596,800,6,22.71985733,60.01271263,0.0256,0.011333383,1.741021878,0.994923858
D50,0.002191885,1.466147348,1230.745625,0.065787313,0.153762912,50,25,25.7224403,88.14531537,0.0104,0.02606354,1.890935262,1.342038217
D50,0.002145402,1.417901089,1230.745625,0.065787313,0.153762912,50,25,24.34844943,80.69129668,0.0104,0.025548989,1.90281035,1.185987261
D50,0.002173795,1.423193208,1230.745625,0.065787313,0.153762912,50,25,24.76276313,82.37063511,0.01,0.027752272,1.900928922,1.279617834
D50,0.002173932,1.417973499,1230.745625,0.065787313,0.153762912,50,25,24.67349717,81.7726878,0.0102,0.027970199,1.912294445,1.217197452
D50,0.002175802,1.416218457,1230.745625,0.065787313,0.153762912,50,25,24.66416121,81.64057396,0.0102,0.027319347,1.90491284,1.123566879
D100,0.0022386,1.418175503,1230.745625,0.065787313,0.153762912,100,25,25.41108754,84.2292009,0.0134,0.017862575,1.840321892,1.092356688
D100,0.002241656,1.419485266,1230.745625,0.065787313,0.153762912,100,25,25.46927902,84.50005446,0.011,0.02544654,1.871227712,1.217197452
D100,0.002261662,1.423322854,1230.745625,0.065787313,0.153762912,100,25,25.76604694,85.71575706,0.015,0.014317976,1.871235522,1.248407643
D100,0.002287442,1.463749033,1230.745625,0.065787313,0.153762912,100,25,26.79991404,91.6873606,0.012,0.020675669,1.850146182,1.279617834
D100,0.002268364,1.419696607,1230.745625,0.065787313,0.153762912,100,25,25.77656173,85.53226652,0.0122,0.019800335,1.86020318,1.123566879
D200,0.002296619,1.419154862,1230.745625,0.065787313,0.153762912,200,25,26.08768024,86.53159341,0.0128,0.01834521,1.815573851,1.310828025
D200,0.002307136,1.421733728,1230.745625,0.065787313,0.153762912,200,25,26.2547702,87.2440738,0.0234,0.008993501,1.818119597,1.342038217
D200,0.002323976,1.438118265,1230.745625,0.065787313,0.153762912,200,25,26.75117815,89.91806748,0.0126,0.018414293,1.831804801,1.092356688
D200,0.002320472,1.421107562,1230.745625,0.065787313,0.153762912,200,25,26.39490166,87.67109833,0.013,0.018468488,1.845330448,1.248407643
D200,0.002310617,1.437494022,1230.745625,0.065787313,0.153762912,200,25,26.58586104,89.32360174,0.0134,0.016189488,1.809977806,1.310828025
D400,0.002309328,1.440648455,1230.617625,0.065765873,0.152077865,400,25,26.92159929,89.68592562,0.0132,0.016664075,1.832611478,1.279617834
D400,0.002310531,1.440525588,1230.617625,0.065765873,0.152077865,400,25,26.93332269,89.71732844,0.0138,0.016234837,1.826254441,1.061146497
D400,0.002298908,1.427750685,1230.617625,0.065765873,0.152077865,400,25,26.56018057,87.68974794,0.0142,0.015218153,1.824627321,1.15477707
D400,0.00231242,1.421497014,1230.617625,0.065765873,0.152077865,400,25,26.59927286,87.43415914,0.0148,0.014876128,1.81936414,1.15477707
D400,0.002305588,1.421884312,1230.617625,0.065765873,0.152077865,400,25,26.52790839,87.22333598,0.0138,0.016698475,1.830170268,1.15477707
D600,0.002321968,1.423488188,1230.617625,0.065765873,0.152077865,600,25,26.7465203,88.04132661,0.0174,0.006045071,1.806505961,1.342038217
D600,0.002325342,1.429821971,1230.617625,0.065765873,0.152077865,600,25,26.90455742,88.95558905,0.0226,0.008718795,1.814622772,1.092356688
D600,0.002334455,1.439321157,1230.617625,0.065765873,0.152077865,600,25,27.18944229,90.49475948,0.0202,0.007724526,1.828929893,1.310828025
D600,0.002312677,1.443754779,1230.617625,0.065765873,0.152077865,600,25,27.0187711,90.20371997,0.0224,0.008813008,1.835355942,1.43566879
D600,0.002297613,1.43224441,1230.617625,0.065765873,0.152077865,600,25,26.6287662,88.19289557,0.0156,0.006229064,1.83108934,1.466878981
D800,0.002326152,1.419444754,1230.617625,0.065765873,0.152077865,800,25,26.71860246,87.69960826,0.0144,0.006096392,1.797889951,1.185987261
D800,0.002327474,1.438184203,1230.617625,0.065765873,0.152077865,800,25,27.08672416,90.08166828,0.0158,0.005196257,1.807596419,1.279617834
D800,0.002326493,1.425279966,1230.617625,0.065765873,0.152077865,800,25,26.83237552,88.43511103,0.017,0.005761873,1.824456516,1.15477707
D800,0.00233764,1.440049798,1230.617625,0.065765873,0.152077865,800,25,27.24032657,90.71001561,0.0188,0.006386131,1.815756719,1.342038217
D800,0.002335899,1.442798743,1230.617625,0.065765873,0.152077865,800,25,27.27200159,90.98885294,0.0164,0.005138159,1.801076604,1.248407643
S50,0.002299037,1.423328682,1230.745625,0.065787313,0.153762912,50,6,26.19195339,87.13297432,0.0128,0.018412719,1.802804034,1.279617834
S50,0.002311476,1.431053727,1230.745625,0.065787313,0.153762912,50,6,26.47658571,88.55791189,0.013,0.018036765,1.809305451,1.310828025
S50,0.00230748,1.42084016,1230.745625,0.065787313,0.153762912,50,6,26.2421813,87.14743405,0.0124,0.019865912,1.812438275,1.217197452
S50,0.002312248,1.420646935,1230.745625,0.065787313,0.153762912,50,6,26.29282914,87.30375566,0.0116,0.021913516,1.830297402,1.217197452
S50,0.002299167,1.424511402,1230.745625,0.065787313,0.153762912,50,6,26.21519386,87.28275629,0.0134,0.017042123,1.808132345,1.185987261
S100,0.002302315,1.420599891,1230.745625,0.065787313,0.153762912,100,6,26.17900674,86.92293676,0.012,0.021779389,1.838194388,1.373248408
S100,0.002208076,1.419982493,1230.745625,0.065787313,0.153762912,100,6,25.09653437,83.29255642,0.0122,0.018466761,1.797916352,1.342038217
S100,0.002299382,1.417875955,1230.745625,0.065787313,0.153762912,100,6,26.09553079,86.47962972,0.0126,0.019981275,1.840538585,1.123566879
S100,0.002303823,1.418944571,1230.745625,0.065787313,0.153762912,100,6,26.16562751,86.77728015,0.0128,0.019367355,1.826153596,1.217197452
S100,0.002309543,1.419903764,1230.745625,0.065787313,0.153762912,100,6,26.24833302,87.11041575,0.0118,0.023037719,1.827035596,1.342038217
S200,0.002304124,1.430498089,1230.745625,0.065787313,0.153762912,200,6,26.38212832,88.2077124,0.013,0.018367455,1.809660246,1.15477707
S200,0.002296057,1.426519752,1230.745625,0.065787313,0.153762912,200,6,26.21665218,87.4106743,0.0136,0.016922628,1.810580824,1.342038217
S200,0.002309028,1.429436279,1230.745625,0.065787313,0.153762912,200,6,26.41865205,88.26426401,0.0216,0.008832041,1.827443553,1.310828025
S200,0.002318633,1.428763376,1230.745625,0.065787313,0.153762912,200,6,26.51606211,88.54800599,0.0168,0.014617824,1.819873108,1.248407643
S200,0.002323848,1.426672723,1230.745625,0.065787313,0.153762912,200,6,26.53681111,88.48762524,0.014,0.016385605,1.82116145,1.217197452
S400,0.002336452,1.414854408,1230.617625,0.065765873,0.152077865,400,6,26.75011472,87.51909586,0.0238,0.00859117,1.827366889,1.185987261
S400,0.00230072,1.414282228,1230.617625,0.065765873,0.152077865,400,6,26.33036623,86.1109549,0.0174,0.013251079,1.801485664,1.310828025
S400,0.002346198,1.414388513,1230.617625,0.065765873,0.152077865,400,6,26.85286017,87.82632129,0.0254,0.007785475,1.835738463,1.185987261
S400,0.002329945,1.414968497,1230.617625,0.065765873,0.152077865,400,6,26.67777513,87.28945852,0.0216,0.008439248,1.811037344,1.092356688
S400,0.002331903,1.414166418,1230.617625,0.065765873,0.152077865,400,6,26.68505957,87.26379937,0.0276,0.007753796,1.809516659,1.217197452
S600,0.00233781,1.421682979,1230.617625,0.065765873,0.152077865,600,6,26.89484851,88.41730792,0.0152,0.016352982,1.842325226,1.279617834
S600,0.002333392,1.41915449,1230.617625,0.065765873,0.152077865,600,6,26.79627974,87.9365858,0.0232,0.00824216,1.813712362,1.15477707
S600,0.002346663,1.419732256,1230.617625,0.065765873,0.152077865,600,6,26.95965746,88.50875684,0.0172,0.014615187,1.81941482,1.217197452
S600,0.002346579,1.422449704,1230.617625,0.065765873,0.152077865,600,6,27.0102864,88.84470089,0.014,0.017171305,1.824800504,1.123566879
S600,0.00234476,1.416982407,1230.617625,0.065765873,0.152077865,600,6,26.88561495,88.0947148,0.0162,0.006166674,1.810243275,1.185987261
S800,0.002352786,1.399718974,1230.617625,0.065765873,0.152077865,800,6,26.64896941,86.25547862,0.0142,0.006354453,1.782843619,1.123566879
S800,0.002355694,1.412049934,1230.617625,0.065765873,0.152077865,800,6,26.91696366,87.89042091,0.0142,0.016854752,1.812439986,1.092356688
S800,0.002359145,1.400054118,1230.617625,0.065765873,0.152077865,800,6,26.72739501,86.53003453,0.0174,0.00835433,1.788621446,1.217197452
S800,0.002350888,1.40461707,1230.617625,0.065765873,0.152077865,800,6,26.72064518,86.7901229,0.022,0.008091956,1.805524812,1.123566879
S800,0.002353587,1.408607067,1230.617625,0.065765873,0.152077865,800,6,26.82731945,87.38412965,0.0178,0.007169477,1.798149608,1.310828025
D50,0.002182455,1.600399829,1230.239625,0.065701673,0.147132715,50,25,29.20480057,104.6683949,0.0104,0.022099423,1.98171331,1.46875
D50,0.002167683,1.596608262,1230.239625,0.065701673,0.147132715,50,25,28.9384097,103.4679528,0.0104,0.021556326,1.977918113,1.46875
D50,0.002183412,1.599832746,1230.239625,0.065701673,0.147132715,50,25,29.20725291,104.6400928,0.0104,0.022430599,1.975119796,1.25
D50,0.002184733,1.598995219,1230.239625,0.065701673,0.147132715,50,25,29.20962134,104.5937936,0.01,0.024069936,1.985368784,1.5
D50,0.002219111,1.686399076,1230.239625,0.065701673,0.147132715,50,25,31.29102661,118.1715659,0.0102,0.0211421,1.982776136,1.375
D100,0.002281003,1.666866228,1230.239625,0.065701673,0.147132715,100,25,31.7912087,118.6699093,0.0118,0.015627264,1.901575873,1.28125
D100,0.002252788,1.606215623,1230.239625,0.065701673,0.147132715,100,25,30.25551923,108.8281582,0.0124,0.015632611,1.936489464,1.375
D100,0.002243407,1.598990328,1230.239625,0.065701673,0.147132715,100,25,29.99400547,107.4021873,0.0128,0.015051594,1.927870888,1.375
D100,0.002265205,1.645773501,1230.239625,0.065701673,0.147132715,100,25,31.17152939,114.8843837,0.0128,0.013494974,1.909319154,1.4375
D100,0.002277511,1.654649161,1230.239625,0.065701673,0.147132715,100,25,31.50989538,116.7577474,0.0116,0.015937931,1.915467843,1.34375
D200,0.002321419,1.604932096,1230.239625,0.065701673,0.147132715,200,25,31.15233958,111.9644506,0.0132,0.013724231,1.88462312,1.21875
D200,0.002326726,1.610918907,1230.239625,0.065701673,0.147132715,200,25,31.3400327,113.0592101,0.0128,0.015296414,1.896441345,1.21875
D200,0.00228475,1.605054606,1230.239625,0.065701673,0.147132715,200,25,30.6626007,110.2126951,0.0132,0.01379611,1.898457048,1.25
D200,0.002306244,1.631782152,1230.239625,0.065701673,0.147132715,200,25,31.46645429,114.985429,0.0128,0.013992101,1.880764078,1.5
D200,0.002311715,1.610102272,1230.239625,0.065701673,0.147132715,200,25,31.12204819,112.2159154,0.0132,0.013692155,1.876312808,1.4375
D400,0.002340919,1.616720462,1230.1775,0.06569099,0.1463243,400,25,31.81798849,114.5825025,0.0142,0.012681674,1.879603373,1.34375
D400,0.002344189,1.61706438,1230.1775,0.06569099,0.1463243,400,25,31.86920782,114.7913667,0.0166,0.010678611,1.86098472,1.5
D400,0.002330272,1.601566239,1230.1775,0.06569099,0.1463243,400,25,31.37638113,111.9330673,0.0152,0.011575988,1.86673485,1.3125
D400,0.002322961,1.654875371,1230.1775,0.06569099,0.1463243,400,25,32.31904785,119.1336637,0.0148,0.011243309,1.888753096,1.375
D400,0.002314037,1.634857793,1230.1775,0.06569099,0.1463243,400,25,31.8054569,115.8223223,0.0144,0.011924838,1.885233324,1.34375
D600,0.002345716,1.590840561,1230.1775,0.06569099,0.1463243,600,25,31.3728114,111.1708028,0.0156,0.005164841,1.822471144,1.21875
D600,0.002333727,1.569466523,1230.1775,0.06569099,0.1463243,600,25,30.79310266,107.6505255,0.0168,0.005782269,1.842546204,1.3125
D600,0.002322833,1.60124244,1230.1775,0.06569099,0.1463243,600,25,31.26988894,111.5306103,0.017,0.006938099,1.867332114,1.375
D600,0.002337092,1.611460354,1230.1775,0.06569099,0.1463243,600,25,31.66261254,113.6519835,0.0168,0.006751973,1.877333081,1.40625
D600,0.002317731,1.602898284,1230.1775,0.06569099,0.1463243,600,25,31.23347654,111.5159373,0.0172,0.005288629,1.866049127,1.3125
D800,0.00235566,1.585646288,1230.1775,0.06569099,0.1463243,800,25,31.40294118,110.9142351,0.0184,0.006289416,1.857228637,1.34375
D800,0.002358108,1.566845716,1230.1775,0.06569099,0.1463243,800,25,31.06285051,108.4122078,0.0162,0.005469814,1.855300706,1.3125
D800,0.002322619,1.603066232,1230.1775,0.06569099,0.1463243,800,25,31.30261903,111.7745137,0.017,0.005912464,1.878267981,1.25
D800,0.002304302,1.629364951,1230.1775,0.06569099,0.1463243,800,25,31.56523697,114.5613365,0.0146,0.005388704,1.876924281,1.3125
D800,0.002359458,1.59127176,1230.1775,0.06569099,0.1463243,800,25,31.56515227,111.882688,0.0142,0.00478646,1.82775045,1.4375
S50,0.00231038,1.608241176,1230.239625,0.065701673,0.147132715,50,6,31.06813204,111.8920272,0.0142,0.013514601,1.877396422,1.28125
S50,0.00230995,1.611956158,1230.239625,0.065701673,0.147132715,50,6,31.13409486,112.3886082,0.013,0.015653293,1.888569121,1.5625
S50,0.002307666,1.604156966,1230.239625,0.065701673,0.147132715,50,6,30.95282975,111.1936646,0.013,0.015365655,1.895854585,1.3125
S50,0.002324031,1.617105896,1230.239625,0.065701673,0.147132715,50,6,31.42396011,113.797363,0.0118,0.017899749,1.882504687,1.375
S50,0.002322276,1.615250545,1230.239625,0.065701673,0.147132715,50,6,31.36419679,113.4506241,0.0136,0.013866324,1.867779812,1.46875
S100,0.002302963,1.601034101,1230.239625,0.065701673,0.147132715,100,6,30.82961101,110.5354161,0.0128,0.015161284,1.883443029,1.65625
S100,0.002316958,1.603434903,1230.239625,0.065701673,0.147132715,100,6,31.06347464,111.5409113,0.012,0.017433842,1.893646428,1.5
S100,0.002323646,1.616414888,1230.239625,0.065701673,0.147132715,100,6,31.4053255,113.6812823,0.0126,0.016035389,1.88819627,1.3125
S100,0.002312188,1.599602877,1230.239625,0.065701673,0.147132715,100,6,30.92543294,110.7798538,0.0124,0.01652078,1.881334885,1.3125
S100,0.00230995,1.600027192,1230.239625,0.065701673,0.147132715,100,6,30.90369309,110.7313433,0.0126,0.016095031,1.877746376,1.3125
S200,0.002317645,1.609287213,1230.239625,0.065701673,0.147132715,200,6,31.18609361,112.3899198,0.0136,0.013525427,1.893085265,1.59375
S200,0.002321333,1.601480524,1230.239625,0.065701673,0.147132715,200,6,31.08419567,111.4792706,0.0372,0.007881385,1.879307862,1.21875
S200,0.002325058,1.601736105,1230.239625,0.065701673,0.147132715,200,6,31.13904543,111.6938042,0.0158,0.012766467,1.887049371,1.1875
S200,0.002322661,1.59834428,1230.239625,0.065701673,0.147132715,200,6,31.04107029,111.1065958,0.0158,0.011750478,1.878233348,1.40625
S200,0.002324588,1.611285104,1230.239625,0.065701673,0.147132715,200,6,31.31834472,113.0066537,0.0146,0.012466163,1.860544951,1.4375
S400,0.002226807,1.585464462,1230.1775,0.06569099,0.1463243,400,6,29.68181763,104.8232575,0.0194,0.006198409,1.824360742,1.5
S400,0.002363081,1.585971134,1230.1775,0.06569099,0.1463243,400,6,31.50831262,111.3092027,0.027,0.006349306,1.861976236,1.375
S400,0.002347412,1.583331693,1230.1775,0.06569099,0.1463243,400,6,31.24730076,110.203417,0.0304,0.006703364,1.847779778,1.4375
S400,0.002357011,1.587442248,1230.1775,0.06569099,0.1463243,400,6,31.45653789,111.2293769,0.0166,0.011483286,1.845557556,1.21875
S400,0.002365689,1.585027051,1230.1775,0.06569099,0.1463243,400,6,31.52431518,111.299442,0.0186,0.010357556,1.849355485,1.59375
S600,0.002354773,1.576134979,1230.1775,0.06569099,0.1463243,600,6,31.20282183,109.5463537,0.0142,0.013359058,1.852619799,1.34375
S600,0.002341727,1.582335812,1230.1775,0.06569099,0.1463243,600,6,31.15201728,109.7982656,0.0246,0.006915499,1.836251919,1.5
S600,0.002297991,1.574491114,1230.1775,0.06569099,0.1463243,600,6,30.41864015,106.6818791,0.015,0.005525298,1.81680461,1.28125
S600,0.002361228,1.577509743,1230.1775,0.06569099,0.1463243,600,6,31.31563755,110.0383211,0.012,0.00484254,1.826380347,1.375
S600,0.002360301,1.579147713,1230.1775,0.06569099,0.1463243,600,6,31.33584664,110.2236622,0.0176,0.005830416,1.827097635,1.3125
S800,0.002344825,1.592061462,1230.1775,0.06569099,0.1463243,800,6,31.38496699,111.2992284,0.0162,0.0051586,1.860479626,1.21875
S800,0.002353252,1.587715754,1230.1775,0.06569099,0.1463243,800,6,31.41178129,111.0902558,0.017,0.005133566,1.853817398,1.28125
S800,0.002340197,1.587066811,1230.1775,0.06569099,0.1463243,800,6,31.2247476,110.383661,0.0188,0.005786614,1.864159369,1.625
S800,0.002340239,1.587821195,1230.1775,0.06569099,0.1463243,800,6,31.24015715,110.4906306,0.0178,0.004704346,1.842760175,1.46875
S800,0.002342534,1.58170459,1230.1775,0.06569099,0.1463243,800,6,31.15032067,109.7484877,0.025,0.006405135,1.851627686,1.40625
