surface,gly,We,beta,pred,lo,hi
D50,0,9.813564425,1.560186908,1.5958005460641902,1.514141148229573,1.68186393045086
D50,0,9.117049816,1.561484361,1.583104678946672,1.503878443541155,1.6665046535287085
D50,0,9.335398427,1.560393514,1.5865384357170982,1.507392406733957,1.6698400474641015
D50,0,8.923631648,1.558472561,1.5805831479023702,1.500472907622002,1.6649704734704354
D50,0,9.269964776,1.561608985,1.585484631096042,1.5063561430405472,1.6687697176099263
D100,0,9.185695473,1.561041612,1.5608080167242182,1.5148502738360614,1.608160032147327
D100,0,9.254773228,1.556557304,1.559860716562155,1.5142381183064046,1.6068578816356618
D100,0,9.529199845,1.560626044,1.5619247685066118,1.5160563121001482,1.6091809802862231
D100,0,9.24749013,1.555448691,1.559495806634306,1.513899244049991,1.606465674957214
D100,0,9.704710081,1.570784601,1.5623881651057558,1.5160771975355014,1.6101137741736724
D200,0,9.104963026,1.559258194,1.5750479882799748,1.5398854634069619,1.6110134320614564
D200,0,8.868726744,1.557328689,1.5755982834209974,1.5402027945598749,1.6118071980440671
D200,0,9.072354799,1.560386696,1.5766267986962954,1.5410837391855874,1.6129896118954368
D200,0,9.227646501,1.56406944,1.5753976255965207,1.54016202609293,1.611439339944747
D200,0,9.093278763,1.559799742,1.5748270626899379,1.5396912792404198,1.610764645367169
D400,0,8.535831207,1.57747785,1.5606689435316625,1.531989962922978,1.5898847970629242
D400,0,8.825707996,1.582462146,1.561843037232853,1.5338198600193294,1.5903782031626592
D400,0,8.718587882,1.571871059,1.5616456416496716,1.533529577524422,1.5902771917971545
D400,0,8.594539988,1.578362744,1.560296829709382,1.5316547299395828,1.589474539668075
D400,0,8.595763022,1.571060369,1.5586151854477053,1.5293371190135743,1.5884537595445771
D600,0,8.815447588,1.562491354,1.5728397072129512,1.5460579571873312,1.6000853868934073
D600,0,8.793256391,1.560566365,1.5716099903222036,1.54446210664795,1.5992350676969815
D600,0,8.875600725,1.566691898,1.5730486462002995,1.5462994523415976,1.6002605702054855
D600,0,9.201042343,1.559224889,1.5739033791176749,1.5465028916802461,1.6017893404044237
D600,0,9.217697297,1.58159802,1.575698356970108,1.5484670994212815,1.603408501921817
D800,0,9.172520989,1.644690279,1.577306085922974,1.5507119756059915,1.604356274941016
D800,0,8.940112469,1.57983316,1.5780250315310669,1.5514052893722363,1.605101527755039
D800,0,8.692134098,1.564816559,1.5763678374343084,1.549612636221752,1.6035849868623038
D800,0,8.902141484,1.566544735,1.5808549400919467,1.5533153825635435,1.6088827611355214
D800,0,8.844633247,1.592458478,1.5804841077520126,1.5529934249930795,1.608461423375187
S50,0,7.955368754,1.575816199,1.558157854707531,1.496748732990233,1.6220864909879422
S50,0,8.570554519,1.602076658,1.5629248010919974,1.503869846739905,1.6242987643936262
S50,0,8.763465091,1.579807863,1.5650059837751111,1.5063897385163352,1.6259030891064077
S50,0,8.379595842,1.580573721,1.5609614986324822,1.501642356067498,1.6226239159861853
S50,0,8.589470381,1.592722949,1.5629758836808043,1.5043729653941775,1.6238616813535343
S100,0,9.433814042,1.567218001,1.574315469894244,1.543096085074899,1.6061664744798019
S100,0,9.473879013,1.570607716,1.575838303561501,1.5445002920425568,1.6078121653752113
S100,0,9.660129968,1.571419163,1.5757266757345645,1.543618235879059,1.6085029956953911
S100,0,9.559126235,1.566838091,1.5749803256836619,1.5432872717072705,1.6073242304049307
S100,0,9.277348112,1.564440461,1.56829200670777,1.5370996088143438,1.6001173926526937
S200,0,9.035750832,1.56406097,1.5784805070255679,1.5519650714468936,1.6054489607403213
S200,0,8.698463341,1.580191426,1.5710532282364498,1.54418169313037,1.5983923763197911
S200,0,9.042468938,1.583074977,1.5798528132251912,1.5531884935243234,1.6069748918832456
S200,0,8.901873101,1.572904736,1.5797004128806402,1.5528579205160615,1.6070069009442605
S200,0,8.81812186,1.585051572,1.5768736075580352,1.550156822108886,1.604050853919626
S400,0,8.993445408,1.562576774,1.5733030925895573,1.5475707613214462,1.5994632898325503
S400,0,8.955992344,1.582775974,1.5730211301329537,1.5472637746866176,1.5992072691974701
S400,0,8.965503508,1.570456464,1.5757216409457035,1.5500263701727253,1.6018428702396474
S400,0,9.018946862,1.5750196,1.5765385173825621,1.550859420986968,1.602642807695007
S400,0,9.132007074,1.577183511,1.5807912657801677,1.5548497814983964,1.6071655639676612
S600,0,9.107647422,1.555828114,1.584075229419726,1.5581545288486771,1.6104271341529128
S600,0,9.10863275,1.56117239,1.5837573252049686,1.5578176953299179,1.6101288826412943
S600,0,9.158675554,1.561823954,1.5835024018903676,1.5574710304753372,1.6099688583146774
S600,0,9.090920795,1.559846724,1.5849494410208276,1.5590657780205501,1.611262825473373
S600,0,9.009511288,1.561648453,1.5825463187580804,1.5565759815326135,1.6089499521564334
S800,0,9.074826434,1.589227754,1.5709574145992378,1.5436232571700612,1.5987755995648565
S800,0,9.249596423,1.580440672,1.5724510013408337,1.5448418630372958,1.600553565240934
S800,0,9.273861026,1.59815524,1.574642430265512,1.546537086572603,1.6032585346449602
S800,0,9.04946375,1.615199232,1.5718136485972118,1.5443240217794714,1.5997926025068845
S800,0,9.064718163,1.584848504,1.5720907519802336,1.5445596686647636,1.6001125645073362
D50,0,32.98773303,2.044100443,2.1045288128838333,2.0090450582159427,2.204550617790166
D50,0,32.32697777,2.04957737,2.097214495861751,2.001249519827714,2.1977812352111417
D50,0,32.0192091,1.999572687,2.0658128242741554,1.9660059213140992,2.1706865572831364
D50,0,32.08951474,2.017631508,2.065742398632268,1.965181133757673,2.1714495341950477
D50,0,32.26879889,2.006211894,2.065606921951347,1.9629710502402602,2.1736092111450587
D100,0,27.70769315,2.016437285,1.910275958350099,1.8524647820037785,1.969891288893041
D100,0,29.24808005,1.994408192,1.9403460895748819,1.8830064896253782,1.9994317428388506
D100,0,28.06617674,1.97356662,1.9160251427428874,1.8583763888421525,1.9754622204978538
D100,0,28.1072115,1.983306755,1.9191907649535216,1.8615091515248214,1.9786597284605238
D100,0,29.43250116,1.971798525,1.9401361701211373,1.8824863871168827,1.9995514360012219
D200,0,31.39357402,1.964318123,1.9956656302940783,1.9497073985754483,2.042707183060906
D200,0,31.04867112,1.961302475,1.9910016688772976,1.9455449364273445,2.0375204762689996
D200,0,29.30006149,1.966048011,1.9581487218249878,1.9134682039731,2.003872553943278
D200,0,30.92507221,1.959125658,1.9818058870784023,1.9352605988626592,2.029470644091454
D200,0,29.89559435,1.970214261,1.9683861664921467,1.9234548409747256,2.0143670742351265
D400,0,29.19840015,1.964858008,1.9649436782541843,1.9282341441772077,2.0023520848701715
D400,0,29.28460779,1.951867166,1.9573624991175718,1.922068632502825,1.9933044471793364
D400,0,28.6516497,1.959093971,1.9486935645315882,1.9130716371510976,1.9849787821337614
D400,0,30.86213586,1.953838928,1.9769940763555516,1.9416893100155537,2.012940771617902
D400,0,31.03603736,1.947956474,1.9791570149435422,1.9437536089383398,2.01520525635947
D600,0,28.27059515,1.954137272,1.9437791170649388,1.9109256568240018,1.9771974082012844
D600,0,29.82297086,1.941923138,1.9493056132071434,1.916883629363467,1.9822759793418765
D600,0,29.20946562,1.944425234,1.944726438949937,1.912602171249516,1.9773902692372884
D600,0,28.64397793,1.943606342,1.9424480725930497,1.9101683503010685,1.9752732863183298
D600,0,29.51054802,1.939217447,1.9476462378353563,1.9153845576043418,1.980451316000324
D800,0,28.25396732,1.937833439,1.9305486650572292,1.8984430308755675,1.9631972556139006
D800,0,28.79032421,1.931115531,1.93494093268106,1.9029531448822197,1.967466420827918
D800,0,28.31263534,1.937390462,1.9308394761781769,1.898766191594407,1.96345453130144
D800,0,28.15378128,1.939430677,1.930698753061787,1.8985101732349678,1.9634330790667804
D800,0,29.39911029,1.930410702,1.9411981291302927,1.9089771151501822,1.9739629912967784
S50,0,31.60038287,2.018231427,2.033048883835623,1.96502783513487,2.103424536875114
S50,0,31.55709631,2.016383376,2.0302210641986376,1.9625081914842526,2.100270249775883
S50,0,31.36146534,2.019922289,2.0410759198476485,1.971292189438662,2.113329993849474
S50,0,31.74902897,2.023950784,2.03658173875756,1.9684159563637176,2.1071080861906886
S50,0,31.50126567,2.020788185,2.0285691821759433,1.9609614627933116,2.09850780086835
S100,0,29.63295674,1.928651999,1.925535676537169,1.885468947344686,1.966453834648937
S100,0,29.22575241,1.93017593,1.9205018404568355,1.880582222875172,1.961268842347721
S100,0,29.96882342,1.932332607,1.9298710051519783,1.8896081006567822,1.970991813186975
S100,0,29.82118626,1.936713222,1.9269898892786985,1.8865792385197004,1.9682661388216878
S100,0,30.23973842,1.941062316,1.9334070495833782,1.8929160135025846,1.9747642223502164
S200,0,29.77186057,1.935150704,1.9463750849881392,1.9133154007721587,1.9800059989762833
S200,0,30.34125448,1.934574776,1.9507385143882767,1.9173885537812476,1.984668545148691
S200,0,30.11419764,1.931366726,1.9485130702411524,1.9153538036214088,1.9822464015379702
S200,0,29.8982764,1.93014659,1.9483359698761302,1.9151724302732007,1.9820737764962797
S200,0,29.88014913,1.934298104,1.9473652878329826,1.9142722422913236,1.981030430508491
S400,0,27.6032746,1.928885505,1.9064000885757586,1.873959322883168,1.9394024477169745
S400,0,27.6803607,1.934057083,1.941455202195547,1.9024151341674127,1.981296423917356
S400,0,27.98390307,1.924819553,1.908625154828348,1.8766420431127864,1.9411533462189408
S400,0,27.62123835,1.919839737,1.90729593817302,1.8748344267735135,1.9403194990566257
S400,0,28.39444221,1.9194336,1.9187936443900258,1.8868370160770978,1.9512915097490946
S600,0,28.84007039,1.925053088,1.9238078488430894,1.8917824392678253,1.9563754068373125
S600,0,29.36361421,1.926645985,1.928790888864983,1.8966446982001535,1.9614819246319235
S600,0,29.07832507,1.921919857,1.9245128415685293,1.892524096952385,1.9570422819590443
S600,0,28.51392577,1.927081693,1.9253035841430148,1.8929323922336885,1.9582283584570428
S600,0,27.90276627,1.924848505,1.9143478282919857,1.882125221540995,1.9471220967358043
S800,0,29.20033253,1.92363974,1.9269462286273673,1.8884256676398676,1.9662525412831584
S800,0,29.31287457,1.912130921,1.927720419360441,1.887908509084956,1.9683718767814342
S800,0,28.91125921,1.917343839,1.922093739989439,1.8826934608163568,1.9623185729367951
S800,0,28.97528457,1.910109237,1.9241525264605224,1.8862822253958718,1.962783137771126
S800,0,29.45895575,1.916211727,1.9295263216338625,1.8891105472622267,1.970806754148679
D50,0,50.58595711,2.401662904,2.401688580686888,2.2960349165111853,2.5122039726496896
D50,0,51.09489823,2.408329379,2.3895603428605376,2.284877706407465,2.4990390584840783
D50,0,50.84154899,2.409795375,2.382942355844265,2.278196564469747,2.4925040972477603
D50,0,51.72886649,2.433450011,2.3977344009802817,2.2926918941184,2.5075895598501083
D50,0,50.9839366,2.434746684,2.3887963588421797,2.284201078399556,2.498181135618698
D100,0,50.61963061,2.383093911,2.3775736810015804,2.3107133879823016,2.446368570845318
D100,0,51.10312293,2.377584742,2.3931551515328073,2.3260366925569245,2.462210332981604
D100,0,51.30402822,2.412540012,2.3953244437641987,2.328143836370405,2.4644436057864882
D100,0,51.15566074,2.430015758,2.3963350103737833,2.3291473035176824,2.465460846237767
D100,0,50.69971418,2.430136719,2.3887868504874064,2.321778109035878,2.4577295284393452
D200,0,50.37858216,2.428161204,2.4203889927660964,2.366760124184611,2.4752330480984237
D200,0,50.62352781,2.404430077,2.421868165951477,2.3683129492948165,2.476634439293866
D200,0,50.6686509,2.384685146,2.4232352488315283,2.3696497945287645,2.478032443754979
D200,0,49.96282302,2.384331984,2.4097406915244934,2.356348887024857,2.464342284949456
D200,0,50.56188429,2.388001759,2.419687617944979,2.366178140422043,2.4744071751892442
D400,0,50.93213201,2.4082186,2.420801057901039,2.378429476329041,2.463927486712689
D400,0,50.87473104,2.417180474,2.4198750186462976,2.377543886884335,2.4629598377433854
D400,0,50.83345912,2.394055265,2.418934759732713,2.3766124646079874,2.4620107228160553
D400,0,50.90336113,2.419993966,2.42032908965627,2.377990903344754,2.4634210728042785
D400,0,50.44880369,2.429802299,2.4114527244350064,2.3692487454349744,2.454408492729796
D600,0,51.01391207,2.420626025,2.409002106396365,2.3681240634767686,2.4505857772088193
D600,0,50.99461625,2.394758376,2.4084696430221473,2.367665228189568,2.4499772823857984
D600,0,50.04905392,2.384010172,2.391145239778171,2.350628480649422,2.4323603686339146
D600,0,50.81378126,2.418643886,2.4065673583665474,2.3653231432828012,2.448530750144059
D600,0,49.89086129,2.39934375,2.3902323746940892,2.3489166553739165,2.432274807181814
D800,0,48.73632278,2.360297782,2.347051228235378,2.3079599604385153,2.386804607699757
D800,0,48.71017774,2.375450943,2.3465843514080404,2.307491268614934,2.3863397418523418
D800,0,49.59366329,2.371242957,2.364901881925765,2.3257704449410324,2.404691711213926
D800,0,48.87213021,2.383375605,2.351267215049033,2.312194979672738,2.390999705979345
D800,0,49.49581266,2.365110163,2.362401319488014,2.3232755247599726,2.4021860235002914
S50,0,49.86507612,2.38150949,2.352023072656675,2.281149635354912,2.425098489187295
S50,0,50.38530021,2.394125437,2.3574346843295544,2.2864106770957613,2.4306649485818603
S50,0,50.73721473,2.396222224,2.3599154955458412,2.2886643742231296,2.433384819916113
S50,0,50.38040435,2.392269046,2.355551315985307,2.2844463527888763,2.4288694700430566
S50,0,50.5816166,2.369866879,2.356421692409142,2.285120006540192,2.4299481762725974
S100,0,50.72358768,2.374401007,2.3895641224731676,2.3446694208699195,2.435318448130069
S100,0,50.84879371,2.370325356,2.3904374073182266,2.3455962339051015,2.436135817285538
S100,0,51.47311104,2.391706078,2.39817288978129,2.3532033506187684,2.4440017934572773
S100,0,51.5478052,2.424080577,2.4008385338846967,2.3558462267301272,2.4466901109186505
S100,0,50.3266303,2.379081599,2.3835372997744675,2.338647232706934,2.429289026562692
S200,0,50.09576507,2.41122508,2.3608487552198767,2.3208871572608163,2.4014984216644923
S200,0,50.279087,2.384056674,2.3639925297833515,2.3237093130227695,2.404974085851473
S200,0,50.70482398,2.375336473,2.371453577038731,2.3304985686665973,2.413128308105962
S200,0,50.50811064,2.354090276,2.3674854270908052,2.3264246475844605,2.4092709184916097
S200,0,50.37079749,2.349382093,2.364934857937451,2.323971969502908,2.4066197680877988
S400,0,49.61348986,2.333697666,2.357549658658096,2.3187530898819717,2.396995358105084
S400,0,49.03118507,2.347239773,2.3468469248751376,2.3078688529860907,2.3864833054398362
S400,0,49.61439163,2.35748471,2.3575936449351267,2.31885928892087,2.3969750218113246
S400,0,49.12836908,2.334848634,2.348617196396288,2.3098153003814015,2.388070913850794
S400,0,49.53472384,2.323961879,2.3560981802095844,2.3173003934656204,2.395545545342468
S600,0,49.83231482,2.352788986,2.3573980966725214,2.3181953335099306,2.3972638137360915
S600,0,49.95957908,2.360231398,2.3604781084071993,2.321324991395991,2.400291609715038
S600,0,49.78827726,2.337840207,2.3565194650027883,2.3173276686915947,2.396374092435731
S600,0,49.97245967,2.352483628,2.3613292339553267,2.3222313921879225,2.4010853396821323
S600,0,49.90874756,2.358437625,2.3598542376974216,2.32075934516686,2.3996077123533373
S800,0,49.17275932,2.327082283,2.31262888690147,2.2651432693171545,2.361109975239406
S800,0,49.41274615,2.375686483,2.3163948550284945,2.2685137263229325,2.3652866024750923
S800,0,49.29228746,2.357065093,2.315298844535684,2.2679799831527214,2.3636049609470033
S800,0,49.34878929,2.344086808,2.3182812519462703,2.2718046880476286,2.365708633053446
S800,0,49.41431113,2.371926086,2.322767436584383,2.2776441977956763,2.3687846282919667
D50,0,72.38056453,2.712659774,2.6849549088630846,2.5669651125148603,2.808368071494872
D50,0,72.3657263,2.725048716,2.687958206967832,2.569758999557116,2.8115941314539348
D50,0,72.30027806,2.731434141,2.6818793550606004,2.564070046761591,2.8051015549221545
D50,0,70.51949432,2.738759908,2.668746830373203,2.5514760120943634,2.791407644385728
D50,0,68.14966927,2.737732498,2.6503565696512514,2.5333211275263614,2.7727988646873407
D100,0,72.61413251,2.675096745,2.7781109088657483,2.698921525065262,2.859623797980658
D100,0,71.37563257,2.867247482,2.7701951479304703,2.690830794073998,2.8519003032512806
D100,0,71.79380961,2.696871146,2.757191395071771,2.6789833610208778,2.837682570063031
D100,0,71.87553265,2.647227765,2.7604632323944482,2.682084282299127,2.84113266227021
D100,0,71.42731233,2.657785564,2.779407931032141,2.699337019473725,2.8618540002057573
D200,0,68.69729006,2.748276141,2.7510279774671105,2.690780340254208,2.812624583131817
D200,0,69.28723553,2.682650303,2.760806228958329,2.700343324319282,2.8226229476862983
D200,0,69.68969547,2.701945369,2.759495378058258,2.6983261741232942,2.822051245898393
D200,0,68.82415627,2.740214864,2.7464632970400262,2.685833158256091,2.808462103761379
D200,0,69.75823477,2.744762506,2.7661392481193587,2.705417687181754,2.82822366994908
D400,0,71.99595575,2.766825409,2.791232283579119,2.7396551579120696,2.843780407323934
D400,0,69.22958172,2.901334736,2.733264413035018,2.679863870397704,2.787729046272403
D400,0,65.57453669,2.782567861,2.6685037505471296,2.61029915516959,2.728006195221503
D400,0,66.25531838,2.801594694,2.679682100482629,2.6236968980291215,2.736861931361438
D400,0,65.29818095,2.750904643,2.6644863677965964,2.6046981703836765,2.7256469424740035
D600,0,68.98926492,2.782887365,2.707455086414314,2.6624113737888484,2.7532608661144096
D600,0,68.83861258,2.84132757,2.7048757893000164,2.6598233695964497,2.7506913125029904
D600,0,68.72254838,2.766425103,2.702697256859104,2.65767068316161,2.7484866761385502
D600,0,67.81455743,2.732959456,2.6844202363415373,2.63989020729325,2.729701404009743
D600,0,68.42239044,2.763235638,2.696319987154584,2.6514714629355205,2.741927105291307
D800,0,68.22450177,2.63522,2.7630983121352712,2.7167354673441526,2.8102523688065904
D800,0,68.82754998,2.651727808,2.7815968064064602,2.7343027720066813,2.829708864952177
D800,0,68.25909882,2.695769239,2.769456171237105,2.7224574391661105,2.817266258807915
D800,0,68.50700368,2.623911376,2.7723882174732237,2.725538887496151,2.8200428413058964
D800,0,67.59044325,2.604061726,2.7599885050358304,2.7127222595589306,2.808078313615665
S50,0,68.20375706,2.731521141,2.620332718138439,2.5418211932909482,2.701269299299941
S50,0,68.55099231,2.632174683,2.6202775387109543,2.5421749535430123,2.7007796494510505
S50,0,69.79062954,2.697323437,2.6368750220979993,2.5580902240503134,2.7180862570027826
S50,0,68.73308201,2.665334753,2.6259396236825454,2.5473384410782214,2.7069661400419647
S50,0,68.38167572,2.709654543,2.620715179511902,2.542377721574396,2.7014664240649977
S100,0,68.08298379,2.644428335,2.6919400340327098,2.641637426314353,2.743200514439446
S100,0,68.39504883,2.67892849,2.697629950369339,2.6472281345940045,2.748991389911228
S100,0,68.36686944,2.651410329,2.6966443912955795,2.6463075286108197,2.7479387389731267
S100,0,67.37935335,2.645760415,2.6794276728634046,2.629302151942892,2.730508796336365
S100,0,67.84547814,2.649109535,2.6864916289234713,2.636223025615346,2.737718774985376
S200,0,68.34030071,2.67459967,2.6790321389812353,2.6339426156452994,2.724893533770477
S200,0,68.14556563,2.653136363,2.69069291461421,2.6453840179424053,2.7367778408165826
S200,0,68.08271063,2.703511806,2.6857781795734708,2.6406924197177695,2.7316337094056333
S200,0,68.23867495,2.650051828,2.6879096174694372,2.6427907268148374,2.7337987977550875
S200,0,68.25052576,2.691075341,2.690794301491717,2.645576573401374,2.7367848830137884
S400,0,67.85819884,2.800140568,2.6672767412725045,2.622661410692324,2.712651044289868
S400,0,67.41670412,2.686679766,2.6590355053454506,2.6145562486140093,2.7042714504366967
S400,0,67.87711555,2.64679232,2.6762706198878075,2.6320451034746513,2.7212392452619114
S400,0,67.98414322,2.721755729,2.673290950420569,2.6288039794113924,2.7185307697231416
S400,0,67.84360826,2.689948259,2.6683503547695926,2.6238021916767797,2.7136548777897045
S600,0,67.11648311,2.647347587,2.6800524345791668,2.6358942874397377,2.7249503465749023
S600,0,66.99065352,2.628741468,2.6773851615176465,2.633032618081687,2.7224848085389275
S600,0,67.32262096,2.6300257,2.6833059279293345,2.638943995554845,2.7284136059684965
S600,0,66.6107301,2.653703494,2.6710078520284406,2.6268006802809696,2.715958998775074
S600,0,66.16014276,2.628540977,2.6631519679834175,2.6190023205824833,2.7080458649599666
S800,0,66.66665377,2.664593931,2.643477478513976,2.5974808274767174,2.6902886464032023
S800,0,67.01332265,2.656532806,2.6474502208566864,2.6010454135408483,2.6946829284201748
S800,0,66.93337261,2.702334908,2.64727379284394,2.6010771868141678,2.6942908767970466
S800,0,66.22266374,2.646022521,2.632848578894932,2.586577371863831,2.679947530196668
S800,0,66.69640771,2.700193466,2.641533389172728,2.595180143703655,2.688714563050059
D50,0,92.92860353,2.994801895,2.9300706598375537,2.7929964711499036,3.073872151405269
D50,0,97.43208906,3.017042885,2.942359082030067,2.798059163828062,3.0941007536668415
D50,0,84.89332373,3.041828615,2.870503907288227,2.739300645985318,3.0079913622599643
D50,0,89.9631782,2.99137326,2.9047718066928754,2.7707150319192038,3.045314711817625
D50,0,84.51575858,2.98648365,2.8761815676055487,2.744078937048791,3.0146437473590884
D100,0,92.44679987,2.991563797,2.9904346684281675,2.9034915075178946,3.0799812856287367
D100,0,94.31441741,3.009996481,2.9915845272731447,2.9034474968517325,3.0823970447284803
D100,0,93.79153958,2.962123796,2.994672504091182,2.9070208124160573,3.084967045456511
D100,0,93.48617398,2.956168224,2.9965926734461967,2.909107630534814,3.086708637487094
D100,0,94.06520884,2.915595762,3.003815711961587,2.915943633575298,3.0943358189554995
D200,0,92.38132493,3.125488432,3.144349466930047,3.0678919033487126,3.222712494984368
D200,0,92.75811808,2.986670763,3.14974463596898,3.0718986603622933,3.2295633315733507
D200,0,88.05663186,3.122846689,3.075132573407606,3.00295657553631,3.1490433198633982
D200,0,91.89489666,3.025946716,3.136684262966216,3.059198345082045,3.2161328085695104
D200,0,92.95231577,3.063166499,3.152270127168651,3.073686871190759,3.2328624778848405
D400,0,86.74462743,3.154841788,3.0959985080485706,3.037454084097306,3.155671327518217
D400,0,87.67573743,3.024652821,3.1117269921435184,3.0524881776317607,3.172115438346063
D400,0,87.14655342,3.205285799,3.108916332727766,3.050556806755195,3.1683923218536214
D400,0,86.42374517,3.203743204,3.0858592731244134,3.0271889239061336,3.145666720146603
D400,0,87.49978783,3.038918026,3.1096728546167607,3.0506412689495748,3.1698467339196656
D600,0,91.01948052,3.342236258,3.119349413093868,3.0639875889741903,3.1757115453025504
D600,0,88.21496699,3.081920399,3.0928604564379993,3.037706447405737,3.149015867272904
D600,0,91.21575481,3.123416728,3.119687319710196,3.0644111420876836,3.1759605749671653
D600,0,90.05210282,3.124444876,3.112017708905093,3.0566721955593312,3.16836533358355
D600,0,90.87139381,3.296475183,3.1157590401958086,3.0606345602631086,3.1718763561656176
D800,0,90.09313413,3.007268472,3.050207093797647,2.999234926170853,3.102045536303379
D800,0,90.68662461,3.095796473,3.0437446393947374,2.9927744131291396,3.095582944441739
D800,0,89.5217081,2.985437636,3.033646496124049,2.9828935862537658,3.0852629493242625
D800,0,91.28053021,3.011094667,3.0282338051159243,2.977268326565288,3.080071720987953
D800,0,89.97596009,3.168463788,3.0314610483845,2.9807342188851864,3.0830511588884564
S50,0,91.08014822,2.959020881,2.842112248239123,2.727089794824527,2.961986087484365
S50,0,91.03090087,2.959927376,2.861560129474392,2.760961528751887,2.9658241483354466
S50,0,88.72107228,3.018549894,2.8456069723772948,2.75301442486544,2.9413136989422264
S50,0,91.17445709,2.976615558,2.8645446963940917,2.764689041320806,2.968006960276212
S50,0,89.6484152,2.981243906,2.849746418731934,2.752801622033634,2.9501052985707155
S100,0,90.28881473,2.939393159,3.096608804827968,3.0370163163230623,3.1573706201709024
S100,0,91.35895912,2.929744229,3.0902015990662637,3.0314776300743675,3.1500631336136338
S100,0,90.85829195,3.000321687,3.08644766949635,3.0277742191327692,3.1462581180402487
S100,0,90.21513621,3.087471777,3.0961946249558308,3.036581318035889,3.1569782434827176
S100,0,90.24319357,3.109757546,3.0938147839141217,3.034395442021063,3.1543976716463655
S200,0,90.33115445,2.983634778,2.9406469955585903,2.8909196373706454,2.9912297252070172
S200,0,90.17475509,3.076031721,2.907391110351579,2.8572829379124642,2.958378029838063
S200,0,90.09806323,2.978891815,2.9216641841860693,2.871817069274662,2.972376512586029
S200,0,90.35093417,3.074036077,2.9187054365614657,2.868734862802948,2.9695464491584183
S200,0,90.5555821,3.157526941,2.9401242293640166,2.8903307520638397,2.990775529036209
S400,0,89.66677895,2.893415666,3.0223167457928177,2.9724564741423425,3.0730133784499847
S400,0,89.49692163,2.835511238,3.0064575742584694,2.957052665680292,3.05668791453083
S400,0,89.5844266,2.874224375,2.990203839992262,2.9411417029784563,3.0400843983986596
S400,0,90.22560421,2.877137236,2.990942165339359,2.9418658253199097,3.0408371991037697
S400,0,89.32345153,2.934912279,3.0249393239586215,2.9748755942528233,3.075845568570555
S600,0,90.13075411,2.909473986,2.9142626869377195,2.865285717790284,2.964076830364835
S600,0,89.87464676,3.056239128,2.9262252880616724,2.8766140350213267,2.976692156905274
S600,0,90.01725706,3.048550845,2.8967324083851893,2.848500086687002,2.9457814254618566
S600,0,89.18056307,3.107367274,2.911525354202649,2.8624813855652285,2.961409611574116
S600,0,89.81352252,2.952127628,2.895934665613142,2.847705658035745,2.944980484143362
S800,0,90.85417381,2.823288905,2.9158720521124515,2.8452817327507347,2.988213689500159
S800,0,90.74981754,2.863719184,2.917679378872856,2.8490917827539204,2.987918118127948
S800,0,90.17455806,2.851970661,2.9217220619551107,2.859833517030572,2.9849499128112944
S800,0,90.05854234,2.838814561,2.914590906580074,2.8499381341691103,2.980710370822102
S800,0,89.75326285,2.819979547,2.92638414829429,2.869109560143759,2.984802080182328
D50,20,11.0100735,1.552767498,1.6026261048187829,1.5262676372292492,1.6828047514060227
D50,20,10.93914055,1.548674901,1.6017226142840342,1.5252759764310062,1.6820007478987058
D50,20,10.40463969,1.557422765,1.5946128685420358,1.5178465363093883,1.6752617209264127
D50,20,11.15882179,1.562692913,1.6048745277276668,1.5282715783320444,1.6853171165822083
D50,20,10.97827184,1.558102838,1.6021636417983742,1.525837281640228,1.6823080455481205
D100,20,10.02682709,1.572517305,1.5532465219587372,1.507484618468838,1.6003975950529978
D100,20,10.00360038,1.578127171,1.553286450376863,1.5074788494178146,1.6004860020796543
D100,20,9.738034035,1.571879021,1.5508520477507926,1.5047791953681993,1.5983355441223528
D100,20,9.682943773,1.585865962,1.5498390017232404,1.5037026423091886,1.5973909093980265
D100,20,9.644096128,1.566831298,1.550277926107262,1.5040310438979383,1.597946836221369
D200,20,10.0585001,1.566116653,1.5734697140407223,1.5383348266381485,1.6094070667398075
D200,20,10.07357325,1.576968715,1.5734145562742337,1.5382923953095744,1.609338623426942
D200,20,9.963524101,1.576836284,1.5731381814882164,1.5380503552463205,1.609026472777425
D200,20,10.2087998,1.583116266,1.5737253444419361,1.538512777759391,1.6097438354367763
D200,20,10.2287788,1.576286602,1.5734152653510576,1.5380251262847888,1.6096197356800122
D400,20,10.12433402,1.567755435,1.5713090921318318,1.5430249724142007,1.6001116684153018
D400,20,10.0529918,1.562605939,1.5708500349940937,1.5426889427208386,1.5995251953312737
D400,20,10.05856882,1.567598269,1.570931317204703,1.5427769448500899,1.5995994830051725
D400,20,10.26485002,1.55788804,1.5706426131578681,1.5409409644799235,1.6009167613374309
D400,20,10.25225976,1.555636875,1.568929561578272,1.5359973989278373,1.6025677979092947
D600,20,9.202562385,1.568956739,1.5770894931439123,1.5486656221955282,1.6060350496182816
D600,20,9.160447459,1.571242561,1.5762200326294007,1.5476811636730443,1.6052851514752209
D600,20,9.586993204,1.573089533,1.5753879883982096,1.5486691743838772,1.6025677756366112
D600,20,9.691216179,1.568257404,1.5747739218974612,1.5483688067082282,1.6016293368506367
D600,20,9.343514003,1.575665406,1.5753243021127685,1.5478872737484912,1.6032476646812408
D800,20,9.999222501,1.561065551,1.5698447852960458,1.543898898674012,1.5962267037289588
D800,20,10.10728723,1.571763461,1.569478355224839,1.5432023345640413,1.5962017762337974
D800,20,10.00720436,1.576918877,1.5696152220330735,1.5436347241265156,1.5960329906623762
D800,20,10.00360622,1.581314446,1.569896900935545,1.5439419981295555,1.5962881264664064
D800,20,9.850138946,1.566478551,1.570111698130101,1.5444597248048175,1.5961897257738706
S50,20,11.44480623,1.553567545,1.5971677565251843,1.5421158117731106,1.6541849989532482
S50,20,10.13355697,1.564751479,1.580838624278817,1.5296713590502975,1.6337174264433432
S50,20,10.24429203,1.551504027,1.5818347026363313,1.530972716935826,1.6343864255612701
S50,20,10.30484218,1.564022461,1.5823744588563142,1.5316030412623078,1.6348289083946683
S50,20,10.19104032,1.570885043,1.581237079334921,1.5305074031214223,1.6336482240885115
S100,20,9.969396199,1.566786998,1.5566329255482105,1.527271943008617,1.5865583572022115
S100,20,9.910137964,1.57161871,1.5567638179818328,1.5273712229139538,1.5867220415176726
S100,20,9.792936537,1.576159572,1.557108133983734,1.5276029444369326,1.5871832073562788
S100,20,9.824703301,1.574140115,1.557904631698363,1.5284625924924964,1.5879137987337606
S100,20,9.701520872,1.575161986,1.5576765362328915,1.52804807602277,1.587879484686019
S200,20,10.09042605,1.55049502,1.5703533846716762,1.5434530223639777,1.5977225850209609
S200,20,10.18133061,1.55748727,1.5710382208801092,1.5444467592771602,1.598087520104157
S200,20,10.12784792,1.552948023,1.5708616024295554,1.5443130036781485,1.5978666035385056
S200,20,9.946794911,1.570748186,1.5710068849714793,1.5448385395335285,1.5976185015251072
S200,20,10.01423882,1.560910389,1.5710264885729215,1.544784848915807,1.5977139014083377
S400,20,9.834958605,1.569008578,1.5663300763380021,1.5407369192581417,1.5923483609533473
S400,20,9.507562516,1.576788168,1.5638519806505136,1.5376014676923162,1.590550652279893
S400,20,9.750110443,1.590173634,1.5655551244712878,1.539896600548149,1.5916411834962507
S400,20,9.716958097,1.579849587,1.5655649222446453,1.539895165990257,1.5916625883988196
S400,20,9.811830534,1.569267854,1.5660807570945914,1.540475650707318,1.5921114602595887
S600,20,9.740689499,1.587079653,1.572277936398057,1.5464851614175774,1.5985008915430743
S600,20,9.618233691,1.567946889,1.5713706746277738,1.5454413802947828,1.5977350086285123
S600,20,9.671226665,1.571871059,1.5720253898089767,1.5461932218371575,1.5982891344380337
S600,20,9.862206831,1.569880939,1.5736205011710804,1.5477131456722106,1.5999615229929516
S600,20,9.701597562,1.566603451,1.5722012672507581,1.546391311146011,1.5984420029578787
S800,20,9.820082623,1.561161878,1.5753539317708867,1.5473545705592966,1.6038599410663568
S800,20,9.722786393,1.567127956,1.5746604906509318,1.5469050065170311,1.6029139800897878
S800,20,9.757561353,1.5717416,1.572114097873345,1.544954385383124,1.5997512678144334
S800,20,9.803197227,1.580639482,1.5729079779344628,1.5456521984964908,1.6006443813533628
D50,20,34.86539403,2.106587464,2.081019391400567,1.9725451532111005,2.195458846828093
D50,20,30.37714359,2.117544335,2.016244800652442,1.8935841178782589,2.1468510734622495
D50,20,31.40073747,2.118184975,2.031950030217457,1.9125623910571152,2.1587901888098067
D50,20,31.32771541,2.099811401,2.024167778112242,1.9102422932960788,2.1448876974020568
D50,20,35.4313608,2.091618493,2.0829910489791184,1.980115341286792,2.191211602505687
D100,20,35.23670414,2.060357876,2.0343911992537165,1.9741301286150583,2.0964917619207273
D100,20,35.44616723,2.051589607,2.06108563126691,1.999510319233195,2.1245571670988115
D100,20,35.04770649,2.058574592,2.036706058396204,1.9762442324538616,2.099017672100732
D100,20,34.77859038,2.052924413,2.0305016565217078,1.9701487735137024,2.0927033696974378
D100,20,34.77719136,2.049683521,2.0438218686701775,1.982714462005211,2.106812610137444
D200,20,34.34960201,2.057366791,2.0640304137750802,2.017153498367777,2.1119967084487024
D200,20,34.74027977,2.058764596,2.06345825889232,2.016705336064962,2.111295046453812
D200,20,34.722856,2.057642712,2.0755579606892387,2.0279104470363825,2.124324993974048
D200,20,34.97259629,2.069375924,2.072006311307201,2.0251591583565753,2.1199371596950582
D200,20,35.33572721,2.056356092,2.075896729570175,2.0289787464792317,2.123899641293881
D400,20,34.5395316,2.0430377,2.0639164614611847,2.024596535355517,2.1040000244505253
D400,20,31.94655768,2.067464556,2.0175155346427736,1.9758022438106122,2.0601094797193054
D400,20,34.67643698,2.05092407,2.0661205341079385,2.027263430026479,2.105722422767088
D400,20,33.38576094,2.046116935,2.0435569610162014,2.003832644220197,2.084068779377999
D400,20,34.27651949,2.040174013,2.0589824951076636,2.0204607119752707,2.0982387284408963
D600,20,33.09951934,2.030799499,2.0305153798228286,1.9964666973462077,2.0651447445517177
D600,20,32.90915106,2.029389278,2.0275443488214635,1.9936608513287786,2.062003717281155
D600,20,33.31521983,2.035717652,2.030073969489261,1.9958579759874584,2.0648765449149282
D600,20,33.50999766,2.032341943,2.038758939280034,2.0041961598579023,2.0739177610184365
D600,20,33.19366532,2.038835416,2.0304636648552807,1.9963693481972373,2.065140249734097
D800,20,32.44082732,2.00530262,2.0143122322603095,1.981376319837977,2.0477956299413638
D800,20,31.51032315,2.009512232,2.0016981056404837,1.968260159012755,2.035704115524261
D800,20,30.2842287,2.00461922,1.994992361858259,1.9584247896964542,2.032242721197209
D800,20,31.99730768,2.017234302,2.0098408665399097,1.9768654027526922,2.043366383563158
D800,20,30.37357312,2.007206069,1.991866220877388,1.9564124338046474,2.0279624956976408
S50,20,32.91539881,2.034582604,2.0211493778659624,1.957622333237401,2.0867379464824345
S50,20,32.95439457,2.023307961,2.0211156380211355,1.9575800719394287,2.0867133257065444
S50,20,33.0548852,2.025826924,2.021245462109095,1.9576355746365055,2.086922239781627
S50,20,33.17336422,2.013036975,2.0215897112186174,1.9578245893195925,2.0874316232412204
S50,20,32.97492796,2.03287125,2.018041836656592,1.954231546939158,2.083935683504296
S100,20,33.39179132,2.019725426,2.038921305235418,1.9991114225315272,2.0795239535365817
S100,20,33.66825112,2.039797618,2.0494424109331026,2.0072048176275388,2.0925688095427284
S100,20,33.28243302,2.036185006,2.0377909127957183,1.9977987203601657,2.078583674097144
S100,20,33.32252681,2.03838733,2.036800848655537,1.997287951594675,2.0770954402301496
S100,20,33.09182686,2.036193882,2.0374923776168496,1.9964398270214032,2.0793890868428653
S200,20,32.37505944,2.012022796,2.009730864718538,1.975800361714434,2.0442440576828322
S200,20,32.42501754,2.023972604,2.011481204323921,1.9776268750396964,2.0459150744840056
S200,20,32.43328621,2.013429352,2.0085782801259047,1.9742891561762093,2.04346293184698
S200,20,32.25005434,2.013525821,2.0058058373241163,1.9715717924316838,2.0406343164817358
S200,20,32.46223787,2.013365047,2.008986638206276,1.9746811670058593,2.0438880868100058
S400,20,31.78672514,2.000918649,2.0069858865201864,1.9736976302444738,2.0408355803681477
S400,20,32.24257938,2.006587247,2.0114510701113457,1.978632927903364,2.044813542923956
S400,20,32.49997,2.007552339,2.015790106846353,1.9828189176868694,2.049309555508958
S400,20,31.70594866,2.016135748,2.003202332055164,1.970443820481626,2.0365054519394588
S400,20,32.54042186,2.007400124,2.0187750193283667,1.9851047343119625,2.053016401714844
S600,20,32.17745645,2.002293432,2.0049109326513537,1.9720747990733891,2.0382938059720788
S600,20,32.49469306,2.009319501,2.010648064997141,1.97780407113284,2.0440374758462205
S600,20,32.25751958,2.017374996,2.0061115053459035,1.9732659830941341,2.0395037498040227
S600,20,32.18913448,2.016442329,2.004578907631564,1.9716746388459316,2.0380322989159017
S600,20,31.80697314,2.004084507,2.0005486309793286,1.9677964113329085,2.033845982167604
S800,20,32.5964796,2.007171096,2.01582620074135,1.980838328155947,2.0514320698642052
S800,20,32.31759921,2.008164277,2.0119613137667187,1.9771305434715436,2.0474056917790784
S800,20,32.41785867,2.006201599,2.0147030697844532,1.9797901412976453,2.050231675938353
S800,20,32.59958903,2.010861938,2.015285782641553,1.980209309874033,2.050983583132196
S800,20,32.47700726,2.001144559,2.013530576169408,1.978533910511737,2.0491462691789217
D50,20,49.16971066,2.484568666,2.3279065412842224,2.2073058104381085,2.455096543182783
D50,20,49.63363762,2.497363881,2.3312306168562635,2.2122035443673553,2.4566619119680637
D50,20,49.36445309,2.49842825,2.3284053401671128,2.2089026177442115,2.454373218886071
D50,20,50.37392935,2.461581844,2.3372817423021766,2.2202324002155653,2.4605018566383863
D50,20,57.97312346,2.435941445,2.3949978206225095,2.2896554630713717,2.5051867642532604
D100,20,56.85649712,2.40022232,2.436288135937412,2.3646080672208543,2.5101410942429183
D100,20,57.72039338,2.377815583,2.4033060891439653,2.3344178930195323,2.4742271618923604
D100,20,57.53497852,2.394952399,2.4049432526825645,2.335899051912113,2.476028252971355
D100,20,56.68307235,2.394366926,2.4041853518383567,2.334795221872187,2.4756377569418127
D100,20,57.54477933,2.379854414,2.4073619683358984,2.338241580531701,2.478525612940411
D200,20,53.56970682,2.376433228,2.365704379666657,2.312850795975887,2.419765780702937
D200,20,53.05607211,2.409641323,2.38745243625731,2.333900880302369,2.4422327372585375
D200,20,55.166824,2.405379084,2.4079662725089754,2.354595318047296,2.4625469714895196
D200,20,54.49847339,2.374945926,2.378249155117707,2.325153322738406,2.4325574526658564
D200,20,53.43020501,2.383753703,2.3721188019640427,2.319368510627165,2.426068813493454
D400,20,52.81912507,2.422115978,2.371348683205718,2.3213085072436717,2.4224675693876674
D400,20,55.52461981,2.412479091,2.40978437801854,2.363450689130599,2.457026404336933
D400,20,53.77873395,2.389934264,2.385131567718388,2.3370514259085784,2.4342008619323017
D400,20,52.91731162,2.384713733,2.37273134881098,2.3231816154244886,2.4233378984456593
D400,20,56.1779681,2.399226086,2.418836714209473,2.372979750523739,2.4655798469061354
D600,20,52.39911909,2.360350625,2.3420740587131417,2.3027476530102406,2.3820720821608217
D600,20,52.59322135,2.354270436,2.344631798266266,2.3052006551259083,2.3847374228431524
D600,20,52.50209061,2.37100385,2.3438003165506265,2.3044559805392555,2.383816384540932
D600,20,51.72821252,2.328001537,2.332763800827882,2.293669198449328,2.3725247538450422
D600,20,51.36281459,2.321628667,2.3267333076896497,2.2876514196789954,2.366482864715495
D800,20,51.98716317,2.324864186,2.3458004171789715,2.3048983169440898,2.3874283549882596
D800,20,51.70365814,2.332444837,2.342949178966979,2.301645792797478,2.384993760725482
D800,20,53.05364183,2.333356188,2.3608829380667262,2.320056098954186,2.4024282213551094
D800,20,52.34080322,2.344244002,2.3506639019618705,2.309870159384953,2.392178087385617
D800,20,53.28409649,2.392456042,2.363285884658971,2.3226127116533655,2.404671318901262
S50,20,51.31170862,2.358059239,2.301273005279405,2.23151706544522,2.37320947566722
S50,20,53.03512287,2.359048519,2.3132794915182036,2.2440964570957873,2.3845953630728025
S50,20,52.58054163,2.346389412,2.3103441155074846,2.241068616260518,2.3817610461952805
S50,20,53.28947197,2.368014463,2.315176743983027,2.246004808542434,2.3864790206563717
S50,20,53.29276438,2.377940402,2.315015368811591,2.2458533217347743,2.386307291739855
S100,20,53.38274971,2.355055985,2.361373092540218,2.316399980015462,2.4072193620618716
S100,20,53.67566432,2.34418626,2.3648651950017636,2.319870033055071,2.410733062992227
S100,20,53.54920037,2.350460873,2.3640556597635363,2.318999752757584,2.409986959168179
S100,20,53.05114153,2.354754656,2.360332969031327,2.3150126119618575,2.4065405501073918
S100,20,53.19920367,2.348310931,2.362180241298961,2.3169431008451853,2.4083006140063423
S200,20,51.53213585,2.31502858,2.306535464923124,2.2672812487666576,2.3464693027572694
S200,20,51.5596324,2.327331882,2.307817773392409,2.268748468152585,2.3475598771523636
S200,20,51.78425102,2.321342581,2.310630003220965,2.27143620872764,2.3505000894458745
S200,20,52.58083853,2.354421515,2.3252588440962856,2.286112351799745,2.3650756655907403
S200,20,52.37127789,2.346264224,2.322702163144402,2.283560722795049,2.362514508513853
S400,20,50.86437644,2.302433632,2.2994100846345122,2.2618296919628977,2.3376148770645933
S400,20,51.11602547,2.301666197,2.302769219068748,2.2651650475296137,2.340997660225095
S400,20,51.34369319,2.301228007,2.3058594796393934,2.268218902709104,2.344124693384918
S400,20,50.60091435,2.312349059,2.295611411978333,2.2580463264384467,2.3338014340552147
S400,20,51.49638137,2.29357413,2.308677420241184,2.2709947286695864,2.3469853819757427
S600,20,51.14869064,2.306805401,2.2967550415987548,2.2591815819082233,2.3349534023084964
S600,20,51.2805317,2.300352377,2.298522762057508,2.260960820595301,2.3367087300103817
S600,20,51.66279321,2.312753062,2.3042581322505424,2.2665319902226626,2.342612221202819
S600,20,51.43129706,2.305671252,2.300739342026352,2.263138806205893,2.3389645855713708
S600,20,51.44526012,2.308124581,2.301167689827861,2.2634767964264153,2.3394862032904626
S800,20,50.94807605,2.283433535,2.2957220389543367,2.255384960025382,2.3367805379359026
S800,20,51.13922732,2.28344892,2.2964745731743466,2.25513005408005,2.338577083700687
S800,20,51.04415925,2.305620968,2.2960811427435583,2.2552467430994847,2.337654906361615
S800,20,51.39838716,2.285418849,2.3040415485462384,2.264342240405783,2.3444368800345377
S800,20,51.86211822,2.29616334,2.310574319607992,2.2707833087513514,2.351062589661004
D50,20,81.34344019,2.690730088,2.666722207787195,2.549510035357871,2.7893231385171595
D50,20,82.69485263,2.738434207,2.7389472173769325,2.6125265692948556,2.871485384204783
D50,20,78.11952878,2.817365633,2.7131171366144398,2.582701839904892,2.850117842972538
D50,20,81.7237109,2.759699812,2.7277429803483755,2.601888656637437,2.8596849245869382
D50,20,68.61355783,2.814001244,2.6603493471646344,2.5076670929330245,2.8223278396500944
D100,20,80.31338452,2.632649339,2.691649548296215,2.613630010208947,2.771998049664274
D100,20,79.49911867,2.670840698,2.7015953648650686,2.622606017140593,2.7829637649569827
D100,20,80.87249347,2.656750954,2.695067901302285,2.617002932349591,2.7754615414621275
D100,20,79.75894599,2.667506004,2.7096031777082445,2.630139595471115,2.7914675682191366
D100,20,79.04257804,2.657418213,2.701043326104328,2.621872565769445,2.782604747745117
D200,20,73.53314854,2.588700967,2.6125562205336443,2.5530784780708675,2.6734195850518545
D200,20,75.22676955,2.613579889,2.650918320702509,2.591986445556777,2.7111900816775614
D200,20,76.31982278,2.697432993,2.7092853526675116,2.6491014811973934,2.7708365173164076
D200,20,77.5003002,2.669193554,2.7089738504907874,2.6490104525188753,2.7702945889340884
D200,20,77.07000554,2.699238938,2.712952889112704,2.6528021106764785,2.7744675522246554
D400,20,73.51075489,2.610637885,2.6563249318037996,2.6099176188766737,2.703557419701024
D400,20,73.51048868,2.659162876,2.6568261647751714,2.610410212138738,2.7040674438867804
D400,20,73.66094085,2.621120179,2.6583068184765626,2.6118631107676067,2.7055763803341764
D400,20,76.06170418,2.716696143,2.687934298429229,2.6399489820690407,2.736791825048717
D400,20,76.41256088,2.661629247,2.6929064480092695,2.644799264727518,2.7418886697539273
D600,20,73.04778253,2.72971974,2.62348289085986,2.580803378195179,2.6668682073128824
D600,20,73.56495543,2.633703639,2.6293698252950937,2.5865645548409097,2.672883483705506
D600,20,73.57629,2.607496322,2.6342796566820614,2.591380304927243,2.6778891914916345
D600,20,73.76662033,2.586980655,2.6363125122336553,2.5933747356717807,2.6799611974932662
D600,20,75.01100362,2.621748382,2.6885176595593476,2.6426370253772506,2.735194858904476
D800,20,72.27777312,2.655372422,2.591462195244138,2.5494043053482334,2.634213920205272
D800,20,72.60598421,2.660303152,2.596088319467706,2.5540198553988067,2.638849713023968
D800,20,70.95475999,2.611077525,2.5789945468655895,2.5366817799391366,2.622013106004188
D800,20,72.29191328,2.607165303,2.5933374885054628,2.551268141131912,2.636100541867774
D800,20,69.69811068,2.65987949,2.5662110148945834,2.5233538918504066,2.6097960314782096
S50,20,72.00421725,2.600572749,2.5141207976753512,2.4383232523993006,2.59227458011734
S50,20,72.25694022,2.600756865,2.510327709481542,2.435192066860895,2.5877815942108273
S50,20,71.86789021,2.611409827,2.5138258972285277,2.437936170677721,2.592077970531979
S50,20,73.03970727,2.606183706,2.5069533369576886,2.432333948261303,2.583861906863506
S50,20,73.03680419,2.601032081,2.5123507918943493,2.437448448687224,2.5895548703529174
S100,20,74.70590784,2.602353853,2.6115091006985174,2.5623236958838946,2.6616386500998153
S100,20,74.66383032,2.591555322,2.6151037840514126,2.5656752892762116,2.6654845334263886
S100,20,74.17991386,2.593729911,2.610874113535711,2.5614264965844615,2.661276302802589
S100,20,74.21118228,2.590178255,2.612995313636606,2.563413255113052,2.663536398381363
S100,20,73.56866158,2.585105566,2.6041393207430663,2.554759082406997,2.654474016176448
S200,20,73.43651507,2.549463877,2.5799407197957773,2.5355429589988967,2.625115892451046
S200,20,73.11805505,2.553809437,2.575882633712267,2.53141423188112,2.621132195235302
S200,20,73.37431402,2.557795714,2.5793490718361904,2.534661203032745,2.6248248193572348
S200,20,73.00570644,2.566834809,2.5746708928307003,2.529859689796578,2.6202758331323333
S400,20,73.76404006,2.593864362,2.587737383606477,2.5453354293925785,2.6308456988368434
S400,20,72.96756122,2.570231272,2.5778276143950785,2.5355056635383573,2.620855991409736
S400,20,72.89052495,2.541498191,2.5752680538763917,2.533211781703481,2.618022542456575
S400,20,73.04289564,2.548421595,2.577997977875497,2.5358064501939253,2.620891501171903
S400,20,73.40561857,2.588285054,2.582790369215846,2.540515788539756,2.6257684055364163
S600,20,74.30632405,2.580068962,2.6008815582971367,2.55813000784247,2.6443475740294384
S600,20,74.15476915,2.584900044,2.598801690780571,2.5560763239317685,2.6422412213479105
S600,20,74.6090734,2.561216983,2.6077492507205275,2.5643745620434677,2.6518575933831166
S600,20,74.66529908,2.587510212,2.607524094972003,2.564361293135693,2.651413404210896
S600,20,74.66410851,2.581396513,2.608269844309986,2.5649407710908827,2.65233086760263
S800,20,73.25475967,2.560087009,2.5739647548104108,2.5293283390701173,2.619388893354171
S800,20,73.41156821,2.596600528,2.5764444324040086,2.5315664356332066,2.622117997707325
S800,20,73.52693817,2.622113085,2.5772409804720313,2.5327826544706116,2.6224796903517755
S800,20,73.31907681,2.569463249,2.574721855276785,2.5301311118996574,2.620098460851162
S800,20,73.66589448,2.568817026,2.5792872772757978,2.5346790861108905,2.6246805345778386
D50,20,97.30031654,2.984611462,2.9356254469444614,2.792407054975193,3.0861892965760425
D50,20,87.63050424,3.075366021,2.9533259563653775,2.771635609397325,3.146926737038873
D50,20,87.23304824,3.115050296,2.95147192241232,2.768371586538486,3.146682530317602
D50,20,87.6352082,3.094452059,2.949668070866672,2.7701467062157916,3.14082344764182
D50,20,102.1244489,3.004673665,3.021128750031925,2.863581339518215,3.187344043038455
D100,20,101.0257457,2.895548145,2.976453925687298,2.885021719102473,3.0707838048773644
D100,20,100.8005169,3.084940581,2.982995952317568,2.8909388014909245,3.077984510413694
D100,20,89.68093191,2.95128913,2.963771228567405,2.866506184472585,3.064336627935838
D100,20,90.35107042,2.944572615,2.9531507895995586,2.8579047808345552,3.051571082632708
D100,20,90.22785035,2.924704326,2.954502406682828,2.8589695479675283,3.0532275089464394
D200,20,92.22183973,2.998124447,2.9860892984080585,2.918590885909027,3.055148750418275
D200,20,97.95752081,2.966529382,2.999503787952742,2.9313356450401518,3.0692571794587553
D200,20,98.49310648,2.971769703,2.988419520522254,2.9201064611212675,3.0583306977134157
D200,20,94.99970828,2.937807548,2.987576344853676,2.9203206907475003,3.056380912071888
D200,20,99.15233172,2.99205482,2.9969814490238043,2.9282713173412955,3.067303822771408
D400,20,93.74347932,3.117623303,2.950632193303192,2.887576341264113,3.0150649926525652
D400,20,91.8395088,3.108333693,2.9245380204873466,2.8601821314604114,2.990341957317564
D400,20,98.67489855,3.026542576,3.0238793953664755,2.9658023500142328,3.0830937192014973
D400,20,95.52189955,3.01931705,2.9754705743736807,2.913628344445337,3.038625415572368
D400,20,97.7268795,2.919158592,3.0213882516304613,2.966901478993689,3.0768756669961514
D600,20,95.81094367,2.893907337,2.983345406231384,2.9316330276808293,3.0359699624215364
D600,20,95.69154005,2.976918996,2.980828481185155,2.9293836164455263,3.033176803598685
D600,20,95.83229558,3.111563662,2.9819408108695438,2.930541930001434,3.034241178567598
D600,20,93.76958403,2.942187821,2.9615557854619006,2.9102736632684127,3.013741553278087
D600,20,94.82829402,2.996728535,2.970904963281683,2.9198100565884837,3.0228939998803863
D800,20,94.1725228,2.883213228,2.934978949556383,2.886662411002749,2.9841042033546215
D800,20,94.61535023,2.97817025,2.937565351367174,2.8890872504635903,2.98685690166272
D800,20,94.23517766,3.035298035,2.930786972274665,2.8823789916138307,2.980007938527775
D800,20,93.24634485,2.975689921,2.9242632613593917,2.876128813277038,2.9732032801385437
D800,20,93.68226299,2.974881534,2.9263731231355563,2.87815872346187,2.9753952018010033
S50,20,91.64621505,2.764611869,2.683464998382448,2.5968526588135097,2.772966103064858
S50,20,92.59634863,2.784814878,2.6930574682954203,2.6060014752091982,2.78302165080683
S50,20,93.64716079,2.791268732,2.7015912401078324,2.6118848756882675,2.7943786100848325
S50,20,93.60921735,2.77002425,2.701975087006603,2.6131850508861287,2.7937820049631337
S50,20,94.28151145,2.879657362,2.713071299781261,2.6269042130943836,2.8020648187343373
S100,20,94.98269737,2.81862213,2.9312211745807657,2.8728769104519603,2.9907503322023445
S100,20,96.39620352,2.834304486,2.949765118809193,2.8912580048611325,3.009456174963994
S100,20,95.13844618,2.875183276,2.9338192131806746,2.8751576932661873,2.9936775975060206
S100,20,95.68620555,2.824508975,2.9413316659656457,2.882391178584492,3.001477396090581
S100,20,95.65425679,2.820972955,2.9398800211596043,2.8815693576591004,2.999370643583822
S200,20,93.5454507,2.957256887,2.879112886206437,2.8304386175523084,2.928624192772047
S200,20,93.86716379,2.7989606,2.8834442457386347,2.834747056090648,2.932977988430929
S200,20,93.84974293,2.964542875,2.8838138715133295,2.83524814425325,2.9332114941646754
S200,20,93.59674328,3.094040534,2.8806472535678544,2.832155920681793,2.929968840659871
S200,20,94.2405233,2.961390736,2.8892926466388156,2.8407501654352276,2.9386646173589654
S400,20,93.28909401,2.87458441,2.8853077881563762,2.8378872464355367,2.933520717869347
S400,20,93.57666246,2.947651822,2.8868782165136344,2.838502034456274,2.936078866886338
S400,20,94.20930272,2.9562895,2.8983329235786464,2.8508372210187845,2.94661991711262
S400,20,93.78507546,2.963229596,2.892227034641994,2.8447365899795294,2.940510291666131
S400,20,94.06293055,3.031494443,2.8982933342874424,2.8510401655310025,2.9463296775443752
S600,20,94.09459879,2.826666765,2.9095707632729546,2.8614304512369566,2.9585209812921374
S600,20,93.90035501,2.783083499,2.9061302076779616,2.8583425473526844,2.95471681370045
S600,20,94.7517225,2.952572722,2.914790016164531,2.8668300924964623,2.9635522734917403
S600,20,94.06466122,2.799750857,2.9067703752658085,2.8590679569388593,2.9552686895800204
S600,20,93.26120723,2.923157083,2.898810117834571,2.850828633880013,2.9475991644658617
S800,20,93.31755499,2.859815802,2.894781581615258,2.840985343894114,2.949596492382065
S800,20,92.61660193,2.921387841,2.887312514422446,2.83550041545143,2.94007135760311
S800,20,93.65522001,2.794301319,2.9019169808430445,2.850110197994685,2.9546654615776777
S800,20,92.65796528,2.886741594,2.888077504525746,2.837223635261752,2.9398428690934515
S800,20,92.62790853,2.757657512,2.8876735704465717,2.836764314263364,2.939496456412873
D50,60,13.97454198,1.562679674,1.6166097414796616,1.5295469600282343,1.7086281915781758
D50,60,13.44111394,1.567789136,1.6125944184142063,1.521751195760318,1.7088606636522958
D50,60,11.74729684,1.575701472,1.5975133615841357,1.4972798905696452,1.704456833030002
D50,60,11.88858182,1.570019941,1.59891167399744,1.4991886150945821,1.7052681133681158
D50,60,12.96988527,1.552722579,1.6076396419690309,1.5155437983885176,1.7053319219005256
D100,60,11.55439364,1.576622382,1.5366167280125258,1.4843932400461808,1.5906775274282856
D100,60,11.51706974,1.574302539,1.5350293723637651,1.4819978074884639,1.5899586100014094
D100,60,12.70820063,1.583288008,1.5456629517110017,1.4959486975880676,1.5970293394044146
D100,60,12.75095362,1.57697478,1.5535050430527362,1.5057491211491625,1.602775578542881
D100,60,11.83092127,1.586395774,1.5411467096327558,1.4907825133369579,1.5932123964181653
D200,60,13.30019172,1.573185206,1.5870252563932885,1.5497104208809536,1.6252385803784062
D200,60,13.32492879,1.581615633,1.5872267583792636,1.5499590650065924,1.6253905276552774
D200,60,13.31519805,1.577652296,1.587140662445971,1.5498469733951759,1.625331742830809
D200,60,13.12221466,1.575414512,1.5856959451130865,1.5485292071709171,1.623754733655829
D200,60,13.55300743,1.573976112,1.589110300101317,1.5511770753312601,1.6279711620601511
D400,60,12.0754531,1.570033462,1.5693676741217344,1.5401546662051369,1.5991347821233828
D400,60,12.13554776,1.574157889,1.5701705098041523,1.5412540908927728,1.5996294474913777
D400,60,12.13802976,1.57801922,1.569789620031504,1.5407089524690831,1.5994191811565417
D400,60,12.26254756,1.577174853,1.570255523060096,1.5410023631841645,1.600064001593008
D400,60,12.8600986,1.55836031,1.5725125389073893,1.5402815392619456,1.6054179849521857
D600,60,11.1725375,1.568375759,1.5710407979985124,1.5449131631228437,1.5976103045084522
D600,60,11.12913461,1.564564806,1.5715360848554993,1.5452954300167436,1.5982223321376101
D600,60,10.85226021,1.561426419,1.5758521553326312,1.5391667874233785,1.6134119029579965
D600,60,11.38699634,1.562924626,1.5709792684058608,1.5447550379745134,1.597648689333313
D600,60,11.44910777,1.570899386,1.5703292840502914,1.5443106767072239,1.5967862539186481
D800,60,11.20855201,1.560605139,1.5642202619593089,1.5382707494422816,1.590607523942817
D800,60,10.98931695,1.573095612,1.5637144448488771,1.536835061241577,1.5910639512958558
D800,60,10.76832906,1.568672064,1.5638628355055897,1.5360027708517832,1.5922282268536205
D800,60,10.63100413,1.584954696,1.564523526448572,1.5361024566959174,1.59347044472283
D800,60,10.95042812,1.571780184,1.5641165602193634,1.537348603662546,1.5913505942139983
S50,60,12.03928862,1.585030001,1.5772862109840928,1.5203697552520237,1.6363333871688082
S50,60,11.77562772,1.575896097,1.5753660740213822,1.5218057980267377,1.6308114152249664
S50,60,12.04798434,1.558030671,1.5765700900667954,1.5229619388594076,1.632065244358467
S50,60,11.90086383,1.559559837,1.5758046707425397,1.5233216715117859,1.6300958666659342
S50,60,11.56866099,1.558580143,1.5745768743190083,1.5231816866057069,1.6277062381606824
S100,60,10.53618537,1.560233628,1.5674572640697952,1.5342229793475093,1.601411468709766
S100,60,10.60440202,1.565566604,1.566886258056298,1.5342349288194221,1.6002324673802513
S100,60,10.57843731,1.575050725,1.5668245149349282,1.5340664238196755,1.6002821145700554
S100,60,11.57191675,1.558494761,1.5657121033340349,1.5358814842178106,1.596122106892354
S100,60,11.42370589,1.576208874,1.5652426257040626,1.5350479259317371,1.5960312612610232
S200,60,11.69958892,1.583216207,1.5638305412553446,1.5373878116984254,1.5907280798988845
S200,60,11.7668476,1.5638467,1.563588532123929,1.537030639596073,1.5906053105304077
S200,60,11.83696768,1.565238263,1.563888610918283,1.537232220180811,1.591007237066788
S200,60,11.70927722,1.556928929,1.5633150217437837,1.536764653141177,1.5903240956344729
S200,60,11.6674286,1.570737295,1.5630420748128373,1.5363202740711965,1.5902286579614586
S400,60,11.64191045,1.54696515,1.5650169268811718,1.539367262620387,1.5910939779603375
S400,60,11.62132698,1.570397211,1.5646402553394418,1.5388414566712616,1.5908715729067173
S400,60,11.30091625,1.560877234,1.5649840127143058,1.5391286664991723,1.591273694890074
S400,60,11.1191561,1.554539254,1.5651773280135235,1.5389397740562358,1.591862208922305
S400,60,11.38330908,1.553679247,1.5653459326198844,1.5396444579839592,1.5914764451385728
S600,60,11.56441563,1.563733267,1.5599858937235112,1.5342007827809372,1.5862043716372032
S600,60,11.61120357,1.568274191,1.560104661496031,1.534413589265106,1.58622588580394
S600,60,11.39414293,1.574524496,1.5587963638946685,1.527722903393245,1.5905018499717962
S600,60,11.62439884,1.565081714,1.5591278239246962,1.5295445261286427,1.5892832995773207
S600,60,11.0067146,1.579240583,1.5680338699476009,1.5104949628563071,1.6277645922456134
S800,60,11.73712152,1.566374266,1.5642426485631162,1.5364684422469148,1.5925189195591276
S800,60,11.83240649,1.55938477,1.5646596396368175,1.5364801620049724,1.5933559368015404
S800,60,11.77640039,1.551797708,1.5647757743176873,1.536196199232673,1.5938870471848259
S800,60,11.67100505,1.559272305,1.5642249064129337,1.5362699003209892,1.5926886007018137
S800,60,11.70499139,1.562510743,1.5645638484192246,1.536111129923365,1.5935435842473817
D50,60,34.94171613,1.976807007,1.9425657828583986,1.822203423267683,2.0708784609598028
D50,60,34.4911548,1.977099387,1.9472198394668816,1.8158014291412483,2.0881496414542586
D50,60,40.01289702,1.941417591,1.9580971469246826,1.8673385909057316,2.0532668555491447
D50,60,38.87729143,1.950789971,1.950510336467676,1.8578513399506802,2.0477906336511524
D50,60,35.04890826,1.973459585,1.9407572667767534,1.8234472561016744,2.0656143225108754
D100,60,37.14176602,1.916011638,1.887313629614822,1.8310966532491724,1.9452565380475138
D100,60,39.1382031,1.936770574,1.919422052670138,1.8630929377550618,1.9774542330216272
D100,60,39.48797522,1.935694889,1.9215646924520435,1.8652230457233572,1.9796082166925795
D100,60,39.60903312,1.935043626,1.9119634093322782,1.8554951149275054,1.9701502036928478
D100,60,39.45931044,1.923452039,1.918547264574268,1.8622310881802424,1.976566511947923
D200,60,38.13624896,1.935862752,1.935976824469286,1.8923032811757654,1.9806583342990303
D200,60,38.26520672,1.931989992,1.9331384802141016,1.8893546396308971,1.9779369660396573
D200,60,38.43908832,1.931671261,1.9346188479317257,1.890809259265635,1.9794434940657695
D200,60,38.18380233,1.937569797,1.932510482460837,1.888740203517847,1.9772951080647276
D200,60,38.28138734,1.924824304,1.9314109656042449,1.8875166990185572,1.9763259948884013
D400,60,36.36868837,1.941402004,1.9136872926881967,1.8697887808280231,1.958616444673767
D400,60,39.93784564,1.936789975,1.948157003982735,1.9120643020275454,1.984931002656369
D400,60,38.51252744,1.941163574,1.9354226159555332,1.8968362770918252,1.974793896337329
D400,60,38.18600554,1.937676406,1.9286041324829228,1.8940971491025438,1.9637397699439958
D400,60,37.54942953,1.931018644,1.9226337697189977,1.887487864149913,1.9584341084644394
D600,60,37.23921927,1.927224159,1.9201471213050547,1.8873438048741626,1.953520581641941
D600,60,37.41713719,1.910781866,1.9185528516441748,1.8861869164342462,1.9514741685890133
D600,60,37.70273621,1.92201239,1.9213614272606039,1.8888529482341356,1.9544293999255802
D600,60,37.81004391,1.91966687,1.9211304180115973,1.8886956633823062,1.954122177842022
D600,60,37.91692195,1.913762311,1.921808642289744,1.8893339790013415,1.9548414936843344
D800,60,36.47288138,1.88915259,1.9049159390211359,1.8736750229211354,1.9366777537971753
D800,60,36.38927207,1.900906673,1.9031096353801669,1.8715850720499152,1.9351651914544856
D800,60,36.14440955,1.913404801,1.9004303792773634,1.8684307334633796,1.932978066457763
D800,60,36.44191285,1.900392618,1.9025513359351758,1.8702062826178296,1.9354557941073902
D800,60,36.72688319,1.904667126,1.9047935448000337,1.8722298441733938,1.9379236259925006
S50,60,36.31793035,1.899997057,1.8988842112579898,1.8396645263723719,1.9600102062494331
S50,60,36.54928953,1.916839241,1.9106562285710025,1.8493625963270892,1.9739813225526592
S50,60,36.38950473,1.899315305,1.9033133541810963,1.8435849570456522,1.964976829714059
S50,60,36.3998394,1.899928153,1.8996939127435062,1.840492304651595,1.9607998104604325
S50,60,37.04990812,1.912556384,1.8999764178150638,1.8405493511470397,1.9613222465366917
S100,60,36.17106232,1.901407517,1.8998594711624741,1.863798155793674,1.9366185114764813
S100,60,36.74378636,1.901510538,1.9059620428359871,1.8698886624816464,1.942731340972118
S100,60,36.85620916,1.915035485,1.906273068247562,1.870238774189282,1.9430016428256334
S100,60,36.58702907,1.913200167,1.9047045803828766,1.868600008163111,1.9415067551550762
S100,60,36.65085347,1.907698465,1.9053116697778216,1.8692108940246575,1.9421096734436554
S200,60,36.70257864,1.905498373,1.9031858954147205,1.871484777621169,1.9354239990717839
S200,60,36.49000824,1.91729971,1.9008527271623556,1.8687969143885614,1.9334583991127554
S200,60,36.60536478,1.910400488,1.9020648384970107,1.8697122178804553,1.9349772736405018
S200,60,36.6669377,1.897281321,1.9028520274587624,1.869906146268763,1.9363783822140002
S200,60,36.69552533,1.895335741,1.9029590919912678,1.870733012087269,1.9357403126979726
S400,60,36.11701718,1.889473327,1.897531761015513,1.8665809116594219,1.9289958241679521
S400,60,36.04970429,1.893931912,1.8969698596958862,1.8660245851358175,1.9284283161428528
S400,60,36.37193818,1.893219697,1.9002633204721795,1.8693017311626643,1.9317377322953586
S400,60,35.85582312,1.907870918,1.8947212836662075,1.8630162966603798,1.9269658291304566
S400,60,36.33369466,1.898590819,1.8998755996429497,1.868919235258101,1.9313447183929144
S600,60,36.62040282,1.902126597,1.9052922148793796,1.8730763161036217,1.9380622096762161
S600,60,36.5719917,1.88602699,1.9037038023432606,1.8725414361749355,1.9353847648141553
S600,60,36.5313284,1.896243659,1.903289025065684,1.8721598520596026,1.934935795653498
S600,60,36.4382205,1.896482114,1.9023278798278551,1.871216476046312,1.9339565510969652
S600,60,36.38360704,1.901931071,1.9017634942199892,1.8706598258983842,1.9333843266831807
S800,60,36.04872481,1.902341294,1.893256430422639,1.8603542822555925,1.9267404846085185
S800,60,35.83134773,1.900172569,1.891188354112302,1.8579289683362976,1.9250431268815924
S800,60,36.18358877,1.905278369,1.8950395155989923,1.861872581673893,1.9287972770150916
S800,60,35.96148578,1.903246777,1.8924332638462527,1.8595566244827013,1.925891156505138
S800,60,36.19255443,1.900872555,1.894722490522315,1.8618961138537877,1.9281276164546524
D50,60,63.11706772,2.174585394,2.161198103749564,2.065177952312943,2.261682698297048
D50,60,56.08967115,2.186009433,2.144390231590634,2.0339059113013214,2.2608761987417627
D50,60,56.15663484,2.184639492,2.1512610359995654,2.0374267451108112,2.2714554307856702
D50,60,57.33139359,2.192962284,2.149988401031968,2.0420181981579284,2.263667448577019
D50,60,61.13269121,2.16369584,2.1634794810146762,2.0625405392788245,2.2693582868476074
D100,60,61.76078404,2.11272867,2.1317155071698504,2.0699326535584492,2.1953424405844304
D100,60,62.27683491,2.124306279,2.1256749394146555,2.0641554297088183,2.189027959339721
D100,60,63.01457982,2.122002279,2.126489520282011,2.0648876056397247,2.189929208504434
D100,60,62.23747375,2.124775808,2.126402985152419,2.0648638534394084,2.189776167437666
D100,60,61.28205934,2.117765849,2.126953826033954,2.0653399865919995,2.190405747939534
D200,60,59.93918295,2.109818744,2.115827191086563,2.0688186964780306,2.1639038308008613
D200,60,59.96436254,2.112322092,2.112096921867166,2.065025963500578,2.160240832903944
D200,60,60.15514001,2.111399747,2.1125094362273305,2.0653803706022926,2.160713920626703
D200,60,60.36108221,2.102545668,2.116808620333208,2.069714868960687,2.1649739306202433
D200,60,60.38752435,2.107358134,2.1162978122221396,2.069185745741402,2.164482545481417
D400,60,61.86762304,2.146058733,2.1366804214516106,2.093760226385905,2.180480441781577
D400,60,62.41790606,2.155542539,2.137966535731708,2.0971502083338733,2.1795772614399866
D400,60,59.44453739,2.156566308,2.1188957877930763,2.0745487890209304,2.16419077887589
D400,60,60.75658773,2.134518523,2.1188200339842087,2.081497880814221,2.156811389429194
D400,60,60.53751507,2.110115309,2.1163531210398454,2.0792599154948332,2.154108055254444
D600,60,60.2095477,2.109465836,2.1124418814824724,2.07765798083319,2.1478081300232468
D600,60,60.76429792,2.102792121,2.1168962088587095,2.081856213790612,2.1525259666809493
D600,60,59.89521088,2.123117965,2.108813741539684,2.0739500046674957,2.1442635485417973
D600,60,59.45367996,2.104946989,2.105993532374785,2.0713836984228964,2.141181646732708
D600,60,59.89025091,2.118912553,2.1091429398921253,2.0743586459723162,2.1445105211358744
D800,60,59.79433142,2.11901124,2.111824033993123,2.077168826220742,2.147057424631811
D800,60,59.77240078,2.086614536,2.111290985791213,2.076690479114468,2.146467984282376
D800,60,59.33439073,2.095935746,2.1149581549613212,2.0789407608842057,2.151599545979819
D800,60,60.18536633,2.099875733,2.11691227638187,2.081916082575117,2.1524967424975836
D800,60,58.4913038,2.115936961,2.1062005774159585,2.0703744136332487,2.1426466841437386
S50,60,58.84013953,2.102431834,2.0856580336649695,2.022695942756623,2.1505799964491397
S50,60,59.16151281,2.100273804,2.0858163344660277,2.0230752097391256,2.1505032339782897
S50,60,59.74557838,2.105827904,2.079846789865104,2.0171848892823614,2.144455221876623
S50,60,59.16709792,2.113033012,2.0825341866731337,2.020048692731046,2.146952523604223
S50,60,59.02981378,2.104644152,2.083797257475143,2.021172023641236,2.148362909970538
S100,60,57.88375772,2.072598857,2.0907296326342992,2.0513823109430467,2.130831670653179
S100,60,58.8165113,2.084589502,2.0967558805300595,2.057053604400937,2.137224432621296
S100,60,58.7878683,2.093344018,2.0958987708385988,2.055969780465885,2.1366032221579334
S100,60,59.04218879,2.07970639,2.0987553504892156,2.059079601296147,2.1391955990600837
S100,60,58.29688184,2.09527821,2.0909872592627443,2.0505214605851516,2.1322516259602726
S200,60,58.6700829,2.089254246,2.089896156187843,2.0540367759709697,2.1263815695724677
S200,60,59.05068356,2.083163123,2.087364963170745,2.0526861600265742,2.122629642232497
S200,60,58.73435686,2.090858734,2.0856863464800863,2.050923571241983,2.1210383443295044
S200,60,59.11416032,2.098389623,2.0876781613183226,2.053008172407913,2.1229336365152465
S200,60,59.00172439,2.085890942,2.086408987688211,2.051755449374319,2.1216478139407977
S400,60,59.2790439,2.094851401,2.088846906966489,2.0547100121744006,2.123550951175838
S400,60,59.08320293,2.109402368,2.0870854373204892,2.0530364883924426,2.1216990771001885
S400,60,59.494473,2.105495945,2.090524534277209,2.0563497610418473,2.1252672629974865
S400,60,59.39496053,2.094026671,2.0895905435533213,2.0554750612827566,2.1242722531415876
S400,60,60.06977489,2.100462011,2.0944558673601135,2.0602563995280563,2.129223033271043
S600,60,58.05684852,2.067569824,2.086737722946372,2.0513300931720817,2.122756517276969
S600,60,58.71743309,2.077971448,2.0921448955870257,2.0567737875860708,2.128124293760077
S600,60,58.47537214,2.093497015,2.090297097826538,2.054832340933263,2.126373947958003
S600,60,58.38803277,2.071425418,2.0882844752458105,2.0536902048634973,2.12346148373558
S600,60,58.19584833,2.078372912,2.0864383229296912,2.0520485320736834,2.121404444070599
S800,60,59.75372962,2.107105097,2.0941284765945207,2.0579859065497903,2.1309057863453305
S800,60,58.18600824,2.096315821,2.0827629587782943,2.0464538479811094,2.1197162822598665
S800,60,59.00608035,2.091819696,2.0883329776393413,2.052287088512241,2.1250119683097086
S800,60,59.87490751,2.080625873,2.0945682715790386,2.058270978159852,2.1315056622077466
S800,60,59.33454238,2.078743065,2.090566577496389,2.0545086558685615,2.12725733837189
D50,60,76.62136571,2.463313831,2.42467938708818,2.238442860765639,2.626410632683932
D50,60,76.28052064,2.456460946,2.4262364761816726,2.234884408467946,2.6339722162140133
D50,60,77.20922728,2.477797241,2.4271414032274397,2.2432838052962305,2.6260678106589115
D50,60,77.21805094,2.489735943,2.421816093516179,2.2438583744094953,2.613887426098128
D50,60,76.72842498,2.483038597,2.4226035930304226,2.239707438249401,2.6204351821732774
D100,60,86.72244444,2.30928496,2.323079866643064,2.2532529672636508,2.3950706579368695
D100,60,86.66022995,2.322408306,2.3284310722626684,2.2583283069985276,2.4007099594318704
D100,60,82.86735727,2.340507982,2.3196141399241457,2.249656786187141,2.3917469505450333
D100,60,85.80869846,2.330253185,2.3285406670745443,2.2583821635005106,2.40087870239626
D100,60,86.10094826,2.324213387,2.328989810002299,2.258826419016185,2.4013326076897106
D200,60,82.90746712,2.298523459,2.324029007439766,2.2727254357463953,2.3764906849153395
D200,60,85.76064745,2.282325312,2.3329034544600873,2.280907314592095,2.3860849114796685
D200,60,84.59564354,2.301963817,2.327918950542184,2.2762600930372194,2.3807501861804217
D200,60,85.82547099,2.316246545,2.3289769756748013,2.276759006543908,2.3823925754254995
D200,60,84.35069871,2.30111204,2.3176344978677754,2.2657076078734075,2.3707514804827077
D400,60,86.85874428,2.33591885,2.3572661749222754,2.3016835086650618,2.4141910903534654
D400,60,79.83620611,2.349718811,2.295429701490842,2.2434578757008743,2.3486055038320064
D400,60,85.39158656,2.335387295,2.3301476711871496,2.2836215071654737,2.3776217523359757
D400,60,83.65103367,2.335258747,2.3149837165408145,2.2689967464584293,2.3619027291308226
D400,60,79.7621069,2.348098119,2.293648160345952,2.2423716115460253,2.3460972554104202
D600,60,81.88740302,2.257288781,2.2921758191783534,2.253841712360242,2.3311619255301874
D600,60,80.82138877,2.292989259,2.284954226301804,2.2466696704909275,2.3238911731752774
D600,60,81.01611014,2.25613049,2.286362134943465,2.248078305452894,2.3252979219734624
D600,60,79.63982117,2.235203325,2.276153328297408,2.237789297593733,2.315175061159822
D600,60,84.20026378,2.28360844,2.3084956238553143,2.2695036394094577,2.3481575234423606
D800,60,81.0736669,2.360326338,2.2801044693134864,2.241122080145849,2.319764923580156
D800,60,79.59713074,2.292278272,2.2669320614311763,2.2286850550353385,2.3058354340080225
D800,60,81.1906988,2.331007013,2.2757237782845374,2.2383589851322467,2.3137122997023063
D800,60,82.65165609,2.313535068,2.2897739132451504,2.2515226595963824,2.3286750197388213
D800,60,81.94280803,2.264275175,2.283148320200877,2.245370663706488,2.3215615739056847
S50,60,84.14185251,2.309719445,2.2701626135464394,2.202093704372087,2.3403356004841434
S50,60,81.77493659,2.330925835,2.2619059435969127,2.1942945146819817,2.3316006413207173
S50,60,83.43094556,2.312834879,2.269905240942281,2.20202297026659,2.339880134053936
S50,60,82.46329724,2.313376171,2.264281743686442,2.196589573748709,2.3340599791894685
S50,60,83.20215897,2.324054228,2.269222003831139,2.201377181891436,2.3391577531693333
S100,60,84.38780021,2.312044444,2.316390272071071,2.272689950896072,2.3609308829961284
S100,60,83.97823973,2.3095972,2.316160570500619,2.2722577718126518,2.3609116249439612
S100,60,83.1325234,2.314251368,2.3086901283661314,2.264980048405269,2.353243735002441
S100,60,84.46061802,2.299677968,2.315219694958228,2.2716346266108185,2.3596410149460185
S100,60,83.63602632,2.298125383,2.312532482658502,2.2687657083721895,2.3571435620770553
S200,60,81.56786349,2.276398727,2.2546135588170886,2.2167954024920093,2.2930768865216375
S200,60,83.63206983,2.272829187,2.273052745548619,2.234831577774454,2.311927590172776
S200,60,82.17579439,2.286129747,2.2606513570638644,2.2227303852642235,2.2992192809687912
S200,60,83.29610475,2.261135889,2.268518473084923,2.230495373095844,2.3071897502234457
S200,60,83.56997235,2.262462882,2.2702273149401972,2.2321885878429,2.3089142600093373
S400,60,82.54832581,2.265209939,2.2677077631622633,2.228734543711944,2.307362495733383
S400,60,82.17752151,2.260113665,2.2634674257572174,2.2253925140879973,2.3021937725730206
S400,60,82.33004066,2.26545348,2.2660301915333214,2.227043520532625,2.305699364021619
S400,60,82.57262409,2.262923493,2.2680566107191074,2.2307364222335493,2.3060011654250383
S400,60,82.31687056,2.264649093,2.265379972934323,2.2279698189662094,2.3034182860489403
S600,60,82.58564185,2.256457642,2.2846057717853894,2.2468150061932186,2.3230321669065184
S600,60,81.58308112,2.244555717,2.2744113890421453,2.236608555875933,2.3128531602074265
S600,60,82.54044178,2.251435767,2.284094308606065,2.2463028408545367,2.322521574438262
S600,60,82.86373693,2.259728358,2.2881935248138148,2.2504132800810757,2.3266080294421476
S600,60,81.87166549,2.239327466,2.272989390641074,2.2349027255016787,2.311725119404084
S800,60,81.89722557,2.303463897,2.2637843394163277,2.224143570445309,2.304131623283909
S800,60,82.30188729,2.318188487,2.2714156127101757,2.229250980496576,2.3143777577320064
S800,60,81.71442443,2.293922562,2.268672909621617,2.2254085767207,2.31277834762159
S800,60,80.99435633,2.312004574,2.2629386321262497,2.220497093202629,2.3061913786986983
S800,60,82.4407689,2.305107446,2.273266585037372,2.230249955008852,2.317112911510837
D50,60,98.65261874,2.551150309,2.5187512602799815,2.3587536574373593,2.6896017272335584
D50,60,99.46090207,2.530407846,2.5175989092543922,2.36108212980253,2.684491228777803
D50,60,106.7595317,2.50789591,2.5250114427957397,2.382361636538367,2.6762027596756703
D50,60,98.79864163,2.579330174,2.512041910024113,2.3570685877567503,2.6772044693545523
D50,60,98.48852595,2.550404569,2.516542935321578,2.3575155877107394,2.6862975491358583
D100,60,108.3643243,2.406558707,2.404663275299022,2.327708739663237,2.484161943907292
D100,60,107.3696879,2.424481226,2.415586377761485,2.338902245263835,2.494784705193457
D100,60,108.2787427,2.437580559,2.4020624281376133,2.325154911891772,2.4815137602921733
D100,60,107.8682451,2.421963301,2.4003988306672115,2.3237030550281643,2.4796260149508127
D100,60,101.5731259,2.433721572,2.4150739595685837,2.339613060502381,2.4929687428458185
D200,60,105.9221745,2.432216992,2.4720904933476744,2.413605968459066,2.5319921673882755
D200,60,104.7538179,2.439415531,2.471798295104527,2.414757542434268,2.530186449080306
D200,60,104.8978259,2.431978139,2.4703572476146887,2.4129804330560916,2.529098391035548
D200,60,105.0849656,2.417912189,2.480125279876193,2.4235478636127814,2.538023488717752
D200,60,105.2780835,2.430729546,2.4717329689509935,2.4140631122435474,2.5307805081041836
D400,60,103.7722017,2.495810042,2.4876973223442156,2.4373041959561172,2.539132365121487
D400,60,102.9435545,2.500932047,2.4776825049730213,2.4308600046083626,2.5254068863741206
D400,60,103.5374429,2.493851185,2.481696138735032,2.435133744501114,2.5291488563697446
D400,60,102.4885402,2.539970885,2.4845486924877074,2.428033238537641,2.5423796129991403
D400,60,106.7267397,2.516497463,2.511684130868113,2.4581704051940583,2.5663628363293576
D600,60,104.810469,2.547285901,2.4717478487929507,2.43083128546239,2.513353133370764
D600,60,103.5014346,2.436899708,2.4571546304652987,2.416602834210176,2.498386906009876
D600,60,104.9828336,2.544729567,2.463076232018572,2.4224467375563794,2.504387168014508
D600,60,105.113507,2.494341893,2.4595792797688696,2.4189253837506666,2.5009164292981407
D600,60,103.5954174,2.495167323,2.4521584325088526,2.411638166130265,2.493359519091089
D800,60,104.0821023,2.523521034,2.463088241597479,2.423160071801412,2.50367433686938
D800,60,103.4480702,2.505860679,2.4628863112314265,2.4228696231105955,2.5035639244440935
D800,60,104.8658891,2.435591109,2.4624298973436987,2.422428418114811,2.5030919196575887
D800,60,105.470802,2.450759489,2.4655338353722356,2.4253987564883714,2.5063330625957096
D800,60,105.5284298,2.457880084,2.4609669343475717,2.420680548375631,2.5019237899920888
S50,60,102.9200023,2.458894978,2.37376981239366,2.3003776124996507,2.4495035474234728
S50,60,106.2418648,2.443524954,2.37601166175762,2.3007843197836166,2.4536986662614013
S50,60,103.5482221,2.4462853,2.374089031407545,2.300478468299174,2.450054980613112
S50,60,106.6045324,2.436664803,2.367222919936596,2.290982747342061,2.4460002412390325
S50,60,103.1411708,2.430834245,2.3725374979978153,2.2991168326519156,2.448302800216134
S100,60,105.3435431,2.423006829,2.4697260106438357,2.4205280608283797,2.5199239233621036
S100,60,103.8241509,2.428058594,2.458505208488784,2.4098942872159115,2.5080966796884865
S100,60,106.0644716,2.427931445,2.4583609799100343,2.410911109638002,2.5067447254211133
S100,60,103.8299195,2.436739376,2.4479651158514364,2.4006738149042537,2.496188016556734
S100,60,105.7284023,2.434408586,2.4423136581490046,2.3960001381823224,2.489522395982131
S200,60,104.959694,2.38490477,2.425416224072207,2.3840792398049557,2.46746994050162
S200,60,105.5537537,2.389709097,2.4285924023477605,2.3871164495377752,2.47078899644101
S200,60,104.1008463,2.417374609,2.426661632274311,2.385901725584612,2.4681178668871326
S200,60,105.3520303,2.404362305,2.4268786779491567,2.3853076962631037,2.4691741559008484
S200,60,104.2753871,2.419070098,2.4229558834675733,2.381961038101792,2.4646562724252443
S400,60,104.9383609,2.401888874,2.4390180995335093,2.3992197859308195,2.4794765884877474
S400,60,105.1029472,2.395168219,2.426440240381954,2.3862922448728945,2.4672637028405697
S400,60,105.3688679,2.432666343,2.4290019663227094,2.3889470346977215,2.4697284898767693
S400,60,104.8156526,2.383491014,2.4350600122513146,2.3954337839712307,2.4753417535237476
S400,60,103.6538536,2.407730185,2.4372055614060297,2.3969357418715,2.478151935733838
S600,60,104.1140076,2.458733728,2.4349452169736936,2.3930857506219914,2.477536882296032
S600,60,105.2287036,2.431071561,2.4253213719838307,2.3857086616534073,2.4655918184598886
S600,60,104.7172302,2.448813984,2.4291686344705634,2.3891580218028716,2.469849294540493
S600,60,104.1785135,2.419401756,2.427966290847622,2.3877554775330343,2.4688542712853243
S600,60,105.3020061,2.467632558,2.4257434065361285,2.3861160785199136,2.466028843828686
S800,60,104.2505672,2.474028012,2.429514046689823,2.38753482624429,2.4722313736248798
S800,60,104.8649318,2.376310192,2.4270520319495654,2.384505398675938,2.4703578230778684
S800,60,104.9366124,2.433759695,2.4275967694389373,2.3850505993341353,2.4709019073371663
S800,60,104.3736337,2.403238898,2.4244912175083835,2.382164166522867,2.467570349005524
S800,60,104.8760711,2.433044644,2.4267257078547475,2.38409159238813,2.470122238577316
D50,78,12.88432682,1.589431846,1.5688553580306273,1.4813872392799887,1.6614880087786486
D50,78,14.11815958,1.562397952,1.574624715601929,1.494887325778534,1.6586153031253825
D50,78,14.39229617,1.555646262,1.5730454722696636,1.4973237200870797,1.652596579238177
D50,78,14.0235629,1.539581805,1.5732998414615966,1.494064539845044,1.6567372594224117
D50,78,14.2044913,1.555216413,1.5744223506963124,1.4957731038294695,1.6572070536807204
D100,78,12.69316462,1.549823783,1.551404843432293,1.504951897077064,1.599291640417082
D100,78,13.23424926,1.550599187,1.55605040674705,1.5096956432952422,1.6038284796614077
D100,78,12.8998024,1.55695821,1.548734656631789,1.5021634780364301,1.5967496692089165
D100,78,13.00252019,1.546230414,1.5496957038365833,1.5031820526908666,1.5976486482063195
D100,78,13.07070544,1.556457307,1.5552571126476356,1.5089125193938446,1.6030251292584823
D200,78,12.49800931,1.549875433,1.5505843963278823,1.5156035363690397,1.5863726313911615
D200,78,12.45794358,1.558093969,1.5497363315003385,1.5149359231022417,1.5853361588086385
D200,78,12.52356506,1.554728738,1.5504953668263903,1.5155822507604695,1.5862127451966639
D200,78,12.49018687,1.561541857,1.5493540551894163,1.514623632588556,1.5848808487355608
D200,78,12.27582402,1.556081921,1.5487306895208015,1.5138422734328445,1.5844231534270072
D400,78,12.35699488,1.542456238,1.5456503710494507,1.5178320917349677,1.573978493757174
D400,78,12.67412879,1.545031608,1.5465387743080408,1.5186283347260858,1.5749621719455282
D400,78,13.06385544,1.537369758,1.5487096126067033,1.5198183480152245,1.5781500909715154
D400,78,13.18910112,1.544806451,1.5492207035585188,1.51969383183975,1.5793212672507828
D400,78,13.12878661,1.539156414,1.54892569277939,1.5198806130243057,1.5785258270899114
D600,78,12.1695772,1.542447237,1.5452185682660977,1.5197636432481958,1.5710998445857602
D600,78,11.61460127,1.546575518,1.5521963291680005,1.5152060463944519,1.5900896449138129
D600,78,11.90035186,1.541695288,1.5467946741367349,1.5199578188921963,1.5741053693723999
D600,78,11.85755032,1.550522448,1.5471074672356506,1.519783025701234,1.5749231796242233
D600,78,11.82947188,1.543662144,1.5465155323957103,1.519145427538463,1.5743787583369018
D800,78,12.15000584,1.54433342,1.5451698318852691,1.5199550821522652,1.5708028726661887
D800,78,12.05424101,1.539910547,1.5452351757963385,1.5198921939865224,1.5710007314765606
D800,78,12.49491109,1.545442519,1.5451209800994334,1.5198871883562068,1.5707737136237467
D800,78,12.34287108,1.539417335,1.5449419625855045,1.5197485197332004,1.5705530466162738
D800,78,12.15135285,1.54238931,1.545263544978908,1.5200850820102552,1.5708590602592813
S50,78,12.49223826,1.548807985,1.5491465573210685,1.4996074690958903,1.600322154641298
S50,78,12.24030469,1.540683399,1.5474827785054646,1.4979240337581523,1.598681171943617
S50,78,12.42652867,1.556520847,1.548037195372406,1.4983858913572998,1.5993337711460225
S50,78,12.27314004,1.543026865,1.548794045374622,1.4993899272584508,1.599826003482555
S50,78,12.53048853,1.533543839,1.5533336160446654,1.5033086274583103,1.6050232657906494
S100,78,12.25865921,1.544624216,1.5421364489347298,1.513052456622044,1.5717794956312487
S100,78,12.1069353,1.556176022,1.5418803571506736,1.5126135315208136,1.5717134523957392
S100,78,12.17682404,1.552243065,1.5416188885154964,1.5117691959422508,1.5720579595131134
S100,78,12.50926607,1.550063034,1.542603970716698,1.5136098075797626,1.5721535355772491
S100,78,12.27537292,1.562998247,1.54247200358048,1.5133228881561527,1.5721825794417505
S200,78,12.63436875,1.538695512,1.5489694220704044,1.5227334273265796,1.5756574509049281
S200,78,12.36324193,1.535105888,1.5479882433671504,1.5220517524187906,1.5743667045452643
S200,78,12.50537842,1.544362492,1.5483905248754524,1.5224046428078382,1.57481995923386
S200,78,12.57261036,1.539243373,1.5485281367463186,1.5224399972769402,1.5750633158508822
S200,78,12.38930449,1.542617125,1.547906326656525,1.5217624951619475,1.5744993083485808
S400,78,12.15666721,1.545529317,1.5440006029320728,1.5186369508087694,1.5697878683809239
S400,78,11.94501637,1.546372452,1.5433907265334956,1.5175370854071153,1.5696848252710405
S400,78,11.57109024,1.553085785,1.5568772611741786,1.4983523498206666,1.6176881269958412
S400,78,11.96524314,1.547268342,1.5438282426415941,1.5182038149144557,1.5698851625610806
S400,78,12.2196274,1.552784765,1.5437793559207613,1.5184708900007737,1.5695096399022217
S600,78,12.4238157,1.540318569,1.5457934292152675,1.518978354285828,1.5730818803725133
S600,78,12.4650507,1.54364548,1.5453736051936222,1.507401262020262,1.5843024944986628
S600,78,12.27792386,1.548861287,1.545357580298683,1.5149768252076048,1.5763475792174861
S600,78,12.25954037,1.544459836,1.5456763743420843,1.5199991095403955,1.5717874038240007
S600,78,12.35217822,1.556102788,1.5455437737737432,1.5162010461131383,1.5754543652204676
S800,78,12.34541699,1.559235426,1.5435113754535341,1.5153367263815793,1.5722098756514518
S800,78,12.33527096,1.544798773,1.5440061133815632,1.5164562772777934,1.5720564541689939
S800,78,12.35297915,1.559736863,1.5442424966265846,1.5168592752716938,1.5721200557384414
S800,78,12.51011365,1.545674012,1.5450176244680283,1.5177642327437966,1.5727603855847194
S800,78,12.44987397,1.527674983,1.544315678790665,1.5167631443825116,1.572368714648319
D50,78,41.80182912,1.861633919,1.8621668137409573,1.7672649704770895,1.9621648706486954
D50,78,43.09485338,1.858298087,1.8649982572089772,1.7762952266762109,1.958130859756312
D50,78,40.61915628,1.866432645,1.8523768173356403,1.7581887596324293,1.9516106303170033
D50,78,42.87819861,1.858334491,1.8634132285775462,1.7747232982434928,1.956535344903886
D50,78,43.27745344,1.842270226,1.8668663119941298,1.7777335345279497,1.9604680674395916
D100,78,40.25896015,1.841506621,1.820831522031384,1.767170026103797,1.8761224911294363
D100,78,40.26723448,1.843976596,1.8238437639952212,1.769891912097888,1.879440237410544
D100,78,40.80722027,1.851759894,1.8240736062106768,1.7704833946284881,1.879285923250695
D100,78,40.70371885,1.838969233,1.8343839843378231,1.7794468097773068,1.8910172439580946
D100,78,40.64384112,1.836763694,1.8245867786663108,1.770849620219233,1.8799546132391278
D200,78,38.59363793,1.828959327,1.8321247330861739,1.7902853443079674,1.8749419182022098
D200,78,38.51715515,1.829062221,1.8315947136457054,1.7897573110428704,1.8744101082063058
D200,78,38.52539439,1.82885645,1.831489963929605,1.7896283368753483,1.8743307863751735
D200,78,38.79046716,1.842479042,1.8313619857920078,1.7891539985595448,1.874565702954734
D200,78,38.67272077,1.838641851,1.8317777051675992,1.789794691631075,1.8747455095484868
D400,78,39.13624927,1.836794382,1.8264477379337183,1.7933914137570843,1.8601133661137554
D400,78,39.14115564,1.844766925,1.826657955133877,1.7940343703493884,1.8598747828917337
D400,78,39.00140465,1.850348254,1.8256120118061219,1.7930187830294912,1.8587977154481248
D400,78,38.76563458,1.834540582,1.8238245254100274,1.7912342096669995,1.8570078002839707
D400,78,39.0360203,1.843996508,1.8260112737008938,1.7938162183098203,1.8587841595191057
D600,78,36.74879577,1.809627456,1.810932308247314,1.7795613087990656,1.8428563314107422
D600,78,38.14451089,1.819273655,1.823664886545006,1.7921801192980544,1.8557027737367224
D600,78,37.83134695,1.815949651,1.82045542516551,1.7896588752949367,1.8517819237861068
D600,78,38.16918917,1.821722597,1.8225068399244215,1.7924109176897371,1.8531080952421715
D600,78,38.39089917,1.816334794,1.8243743315758478,1.7942310571671822,1.8550240162310907
D800,78,37.40930278,1.784705458,1.816223881487707,1.7862209605706558,1.8467307575611611
D800,78,37.7965835,1.793779733,1.817518183494823,1.7876858488716583,1.8478483506592198
D800,78,37.70617883,1.822903868,1.8161466620769833,1.7860584629275273,1.8467417313803836
D800,78,36.83088417,1.802357094,1.8096713568519336,1.7795476599922933,1.8403049794263455
D800,78,38.18309086,1.813384683,1.8218203230241197,1.792012164031112,1.8521243080837062
S50,78,38.3896385,1.831227016,1.8109292447553555,1.754720439011744,1.868938582237745
S50,78,38.31048477,1.846071835,1.809504824476836,1.75356041402359,1.8672340477234888
S50,78,38.17873241,1.828786354,1.8111629154292075,1.754226276566325,1.8699475375815364
S50,78,38.44727704,1.827511566,1.8123550657042815,1.755765843971712,1.8707681866927186
S50,78,38.63727496,1.819777763,1.812355861960309,1.7562762358096478,1.8702261656849617
S100,78,37.57714743,1.811594519,1.8204128326105267,1.7859138053442425,1.855578287830253
S100,78,37.78434229,1.818458589,1.8225690964278702,1.7880441205188136,1.8577607079908474
S100,78,37.83849324,1.80407353,1.823550854353786,1.7889449332065521,1.8588262034729035
S100,78,37.54606046,1.818628157,1.8206335412175458,1.7861063419266254,1.855828185364851
S100,78,37.64007912,1.809708774,1.820348428182122,1.7858265433099667,1.855537657001869
S200,78,37.57902402,1.810675917,1.8102286699126346,1.7800329363047016,1.8409366313055289
S200,78,37.29278827,1.801129455,1.8080337008716736,1.777655712628287,1.8389308122293726
S200,78,37.37806019,1.819134646,1.8086947500720394,1.778450796389033,1.8394530259596507
S200,78,37.41024059,1.808303844,1.8089549682427726,1.7787041255400713,1.8397202941982438
S200,78,37.60952442,1.815022468,1.8105177910709267,1.779837284683037,1.8417271623614215
S400,78,37.19133293,1.799772023,1.8083888265690864,1.7787862439391313,1.8384840557445998
S400,78,37.03322857,1.807563313,1.8071651886314486,1.777162981987788,1.8376738949111087
S400,78,37.00709348,1.803653703,1.806939485795756,1.7771602020744004,1.8372177710916018
S400,78,37.27807115,1.808822638,1.8091458473336863,1.7793517041749454,1.8394388749819188
S400,78,37.77919632,1.80385226,1.8131323322334343,1.783324018487935,1.84343889282535
S600,78,36.82260877,1.819705197,1.7981439086714592,1.7686164769785793,1.8281643071741176
S600,78,37.05682746,1.818966939,1.8002891739821199,1.7708314598299335,1.8302369160916563
S600,78,37.35307714,1.824045849,1.8028739054020113,1.773427872188108,1.8328088611628264
S600,78,37.26730323,1.815561419,1.8017868776374886,1.7721964806089072,1.8318713460661034
S600,78,37.63543975,1.81652825,1.8059128434845826,1.7758343438506654,1.8365008028794063
S800,78,37.67972528,1.817894711,1.8118688952497408,1.7805366256841024,1.843752521693959
S800,78,37.50368715,1.809453289,1.8104250938102655,1.7790837087365134,1.8423186071585433
S800,78,37.21324394,1.801825915,1.808064013319274,1.7768003042169478,1.8398778233555741
S800,78,37.23287231,1.802967307,1.8075246242415464,1.7755392740255735,1.8400861727108635
S800,78,37.82672199,1.796182709,1.8130530418029946,1.7816853972207942,1.8449729326617657
D50,78,57.84205205,2.048716118,1.997407593452405,1.874015818606145,2.128923915566913
D50,78,65.72522347,2.027640154,2.0215809563226443,1.9233242616385569,2.1248572819877385
D50,78,56.82887988,2.075518832,1.9893524392251922,1.8676193922243058,2.1190201514977165
D50,78,56.64156049,2.072316368,1.9897070616581316,1.8655947727389126,2.1220761598726257
D50,78,56.70405902,2.058495049,1.9958788637223253,1.86247779768438,2.138834859457787
D100,78,62.88513655,1.970485404,1.9593451587531934,1.9026875243691397,2.0176899264646497
D100,78,63.46522037,1.977013669,1.957030673596899,1.9002981243462644,2.0154569476916726
D100,78,63.13775834,1.978128464,1.956563709771852,1.899895855832208,2.0149217856572235
D100,78,62.91462042,1.972137944,1.954497063043942,1.8978645140469939,2.0128195354164284
D100,78,62.49369105,1.962600245,1.9537467531020132,1.897189854492879,2.011989662614436
D200,78,61.76836026,1.975250671,1.9722133360443768,1.9283524436692931,2.0170718561540864
D200,78,61.80171513,1.981161733,1.9667135294595193,1.9224185850283964,2.0120290851755294
D200,78,61.81545963,1.964957492,1.973053324866055,1.9292191272940435,2.0178834885518158
D200,78,61.01469464,1.960153436,1.9920510791808272,1.9474643110011411,2.0376586516368635
D200,78,60.62626998,1.942723807,2.002152968757744,1.9542043371007622,2.051278074764992
D400,78,59.2099946,1.959613803,1.9575341610485506,1.9230472825882692,1.9926395083300112
D400,78,59.28829787,1.961783202,1.959278410957952,1.9243244194665277,1.994867316972532
D400,78,60.20900178,1.984038462,1.9653985100945344,1.9303439879036826,2.001089612881243
D400,78,62.60683294,2.012992775,1.981275152228027,1.944045594767832,2.019217676478925
D400,78,63.88497378,1.998116771,1.9861285985763422,1.944183966592857,2.028978161462695
D600,78,60.30039961,1.951705064,1.9662912563100503,1.9335067911786417,1.9996316135432382
D600,78,59.84903818,1.947197559,1.969786579460308,1.9374304718187072,2.002683051113388
D600,78,59.88643234,1.954218438,1.964927697517486,1.932385831711508,1.9980175765684158
D600,78,60.2614961,1.954750676,1.9677708184821572,1.9351547183398339,2.000936647273261
D600,78,61.31766065,1.969541654,1.9828934049641356,1.9499562413301916,2.0163869178767224
D800,78,57.43556058,1.958691803,1.931842443668471,1.8983939418161944,1.96588028699067
D800,78,56.61838317,1.939747135,1.9299770705028072,1.8970797659502112,1.9634448479823994
D800,78,58.83442092,1.935442189,1.9447201255262252,1.9126663051022725,1.9773111266392662
D800,78,59.10680931,1.972016693,1.9568509173838062,1.9244243091353572,1.9898239149693193
D800,78,60.44033562,1.984965003,1.9641103613997233,1.9319076192691607,1.9968498872721088
S50,78,59.79155231,1.973547647,1.9474081801913332,1.8851733590745352,2.011697546021908
S50,78,61.32378644,1.977099328,1.9423403380001873,1.8850150409570618,2.0014089578336782
S50,78,61.00716631,1.971799243,1.9405364826520284,1.8832368490499465,1.9995795230978055
S50,78,61.24024459,1.965956881,1.941585860234491,1.8842792730945506,2.000635312658002
S50,78,60.85170401,1.966607202,1.9397460033914333,1.8824535745337219,1.9987821259310616
S100,78,61.32112618,1.953922335,1.9739093895997817,1.9369906815441156,2.0115317618586297
S100,78,61.09197715,1.967330539,1.974000278038944,1.9371297357917332,2.0115725992431783
S100,78,60.90732321,1.959074643,1.97122459432355,1.9343403744051415,2.008812126697714
S100,78,61.16622293,1.966565981,1.970919953083796,1.9338714744789254,2.0086781943513095
S100,78,60.35840274,1.955034403,1.968582452412472,1.9317593943681792,2.0061074289294725
S200,78,61.52201706,1.969323837,1.9707981850511822,1.9372231922995373,2.004955082945587
S200,78,61.47596581,1.981766088,1.971492241777975,1.9376440548818992,2.00593171361788
S200,78,60.3963229,1.971328348,1.9617089685534814,1.9287490562845082,1.9952321245545712
S200,78,60.91390819,1.955312941,1.9615145982288167,1.9288366182533625,1.9947462022723599
S200,78,60.48841221,1.967573296,1.9598848051047462,1.9272075958016548,1.9931160803061685
S400,78,59.94371709,1.960705784,1.955339890439673,1.922944069728127,1.9882814832389755
S400,78,59.94719607,1.957890055,1.9568112447210841,1.9241853399183242,1.9899903445005005
S400,78,59.91517898,1.949374428,1.9518725365437872,1.9197930272794488,1.9844880905275395
S400,78,59.17225842,1.961315049,1.9508662341825846,1.9184642313302687,1.9838154923715892
S400,78,60.01705851,1.956350003,1.9533656303692415,1.9212160370106866,1.9860532144239018
S600,78,59.08661903,1.952490208,1.952592657878996,1.9193164604262107,1.9864457822428707
S600,78,59.27607051,1.945341136,1.950124119260936,1.9176616797481887,1.9831360873950494
S600,78,59.43775563,1.945316352,1.948514781171775,1.9163493809184036,1.9812200688714343
S600,78,59.83289264,1.946777397,1.9492968286270638,1.9171887591085277,1.9819426272154734
S600,78,59.77246651,1.941493302,1.9489438816977682,1.9168450971249293,1.9815801807377902
S800,78,58.90395434,1.938492808,1.9437842997451733,1.909322811249583,1.9788677858319172
S800,78,58.60910059,1.920010403,1.941357852026267,1.90641180247961,1.9769444905460565
S800,78,58.91251983,1.936963931,1.9422285578748872,1.9062440441297925,1.978892357797142
S800,78,58.83475983,1.934103721,1.9412228835564265,1.9043666925899625,1.9787923713988766
S800,78,58.8923424,1.956494024,1.9417935502101518,1.9053324737860395,1.978952357929088
D50,78,93.2557272,2.173824888,2.1780762836287644,2.0638637041592656,2.2986092966049863
D50,78,93.18667778,2.183314693,2.1758770279844133,2.0629385491732077,2.294998483017233
D50,78,90.56755094,2.208895721,2.180576882357772,2.057014800342476,2.311561170625261
D50,78,91.85014126,2.207947518,2.166559786418152,2.0566231645181206,2.2823730613887623
D50,78,92.75049679,2.204059039,2.178964203944483,2.0629956052906753,2.3014518256341314
D100,78,88.2145128,2.110443847,2.069624129324022,2.007273398638252,2.133911623392242
D100,78,86.83233848,2.110474752,2.090437583373931,2.029571962491089,2.153128526972065
D100,78,84.6629252,2.116896351,2.0987103944920884,2.037702540810412,2.1615447945593647
D100,78,84.14177317,2.13463104,2.0982349059843695,2.037179047561862,2.1611206565080012
D100,78,87.73707822,2.11252368,2.098074869193815,2.0370416427837736,2.16093675469839
D200,78,85.84499558,2.117708297,2.109057032192535,2.06261999597576,2.1565395340485476
D200,78,85.61035027,2.109405472,2.1040376495498805,2.057426967194508,2.151704289537905
D200,78,84.89781343,2.100518085,2.1026687035778866,2.056220015466242,2.1501666376899915
D200,78,85.50929773,2.117438459,2.1069765579287654,2.060544856786871,2.154454537128538
D200,78,87.47150688,2.134237176,2.1313780284846464,2.084946266259895,2.1788438262517933
D400,78,86.91702431,2.109788548,2.1345450292853787,2.097205760570896,2.172549097331594
D400,78,86.29114224,2.13076654,2.130964074691857,2.0936926191215366,2.168899028517672
D400,78,88.10393752,2.158121598,2.146213173212366,2.107175939719008,2.185973604788091
D400,78,89.38929671,2.149065463,2.15281609129866,2.114126541520114,2.192213678762117
D400,78,89.45628167,2.143923119,2.15352521763474,2.1141264892448293,2.1936581782508866
D600,78,84.83806348,2.124680917,2.1146605034891057,2.079739117844491,2.1501682622825813
D600,78,83.57720885,2.099230499,2.112624864019123,2.0774780760634504,2.148366265567995
D600,78,85.27620143,2.120016659,2.1170685273550207,2.0820974208943097,2.152627011848486
D600,78,83.97799953,2.116318793,2.1254571053371665,2.0882810669755707,2.1632949597014632
D600,78,85.24002554,2.121924309,2.129443125056201,2.0930937104225116,2.166423796636311
D800,78,81.49178126,2.078791987,2.073357970058647,2.037636036979583,2.1097061467257445
D800,78,82.90420135,2.120605244,2.0959651039678193,2.061477154273882,2.1310300276396763
D800,78,83.54020648,2.132835138,2.10938254866379,2.0736626891085024,2.1457177003653607
D800,78,84.83689563,2.088280708,2.10539553119738,2.0709030337249343,2.140462527988486
D800,78,83.42736176,2.082623381,2.098050046616711,2.0635762437385696,2.133099763803077
S50,78,82.10012523,2.13105359,2.083178628344326,2.011490665118998,2.157421494836427
S50,78,82.01521123,2.125737217,2.0828424388228997,2.0111271816280687,2.157115007241756
S50,78,82.67085657,2.127780473,2.080061526219617,2.0119334788657834,2.1504965240193785
S50,78,85.70510555,2.115058345,2.092620877450992,2.024356527504303,2.1631872040556113
S50,78,86.24543728,2.120433061,2.090751537003484,2.0244261239637082,2.1592499413729134
S100,78,84.34715998,2.10025556,2.1082342026653587,2.067707654960283,2.1495550604678755
S100,78,84.51209153,2.092586996,2.111137383682505,2.070655227801141,2.1524109822544726
S100,78,84.53452489,2.097468661,2.110944236861736,2.07045412148028,2.1522261830916007
S100,78,84.9250203,2.083759863,2.106873025927295,2.0661262416893007,2.1484233914722966
S100,78,84.54998502,2.090691433,2.110035705580449,2.0695197505722063,2.151344860368387
S200,78,84.41617609,2.095038662,2.103077751833178,2.0675733592934424,2.139191826193367
S200,78,84.18434169,2.095806206,2.091159444059407,2.0562235721509095,2.1266888871935903
S200,78,84.73002292,2.102775437,2.0802665727876546,2.0443868507207026,2.1167759968384305
S200,78,84.77921773,2.069632317,2.078898195779147,2.042870536656419,2.115561231543993
S200,78,84.76985036,2.102405588,2.0800778365999437,2.0441635207545645,2.116623138210183
S400,78,84.78685825,2.104027112,2.0961240572920437,2.0615310909925193,2.131297501529848
S400,78,84.59960936,2.117542431,2.093869607772533,2.059437273381437,2.1288776264376508
S400,78,84.77157672,2.103087168,2.095500059253517,2.0609715251556255,2.130607067945743
S400,78,84.04841093,2.089959666,2.0938182622445667,2.0591179493346012,2.1291033457920956
S400,78,84.62530152,2.102186006,2.0943047775456103,2.059840435846204,2.1293457614101587
S600,78,84.68901398,2.087092666,2.09194237137811,2.057268244772625,2.1272009113477286
S600,78,84.65622648,2.08206794,2.092000780437493,2.0573190724481316,2.127267142934348
S600,78,85.50243782,2.097250237,2.0953569151009095,2.0606469444615954,2.130651547787752
S600,78,84.94331555,2.113023395,2.0927272457678816,2.0580557032192237,2.127982891001818
S600,78,83.83725931,2.105152683,2.089649114805723,2.0549170965300028,2.124968170434698
S800,78,83.50481787,2.055897074,2.0874750548457515,2.0502687501457464,2.125356543767011
S800,78,84.31227022,2.081431625,2.082970892087669,2.0405302536558056,2.1262942460721574
S800,78,83.78108446,2.075425638,2.0828126700449205,2.0422252094679374,2.1242067713138564
S800,78,84.19355529,2.073550491,2.0838077426435144,2.0424538303820747,2.125998954644066
S800,78,84.73613795,2.050699731,2.0823240873265005,2.0376007985024107,2.1280290073733075
D50,78,100.0689911,2.296855612,2.236448152018968,2.0707303121244243,2.415428174003819
D50,78,107.9794906,2.28927411,2.253068643884294,2.1013755499916176,2.415712086340236
D50,78,115.4546202,2.265432391,2.259956014019996,2.1198749875111926,2.4092935740995824
D50,78,100.4223739,2.309014532,2.2384093673071876,2.071277614420006,2.419027010559174
D50,78,99.79464236,2.323146548,2.237477558156942,2.0674744924899255,2.4214595350227026
D100,78,111.1062267,2.172610234,2.1593246107875377,2.0916293244643582,2.229210845447871
D100,78,110.0607718,2.167009878,2.165002870238927,2.0983075139696297,2.233818159129289
D100,78,110.562878,2.155731334,2.155896939241565,2.088279341984351,2.2257039655502067
D100,78,110.3632665,2.160182521,2.1634018602111897,2.0964453437809403,2.2324968416893234
D100,78,108.7553654,2.171657899,2.1590400625175583,2.0927258399395177,2.2274556478408774
D200,78,110.3105114,2.194175268,2.2313149098182437,2.1814843583098753,2.282283715586455
D200,78,104.4463816,2.227146471,2.2244298490989767,2.173416630922931,2.2766404209676603
D200,78,104.9127635,2.219782185,2.224697702030076,2.1739615186562795,2.2766179727399405
D200,78,109.414153,2.209961444,2.23336549194634,2.1831688371392524,2.2847162966803403
D200,78,104.7260163,2.223157782,2.222157626355148,2.1718226962311276,2.2736591366033134
D400,78,108.071224,2.208759938,2.219673124934714,2.1802276998174164,2.2598322101723807
D400,78,107.990407,2.215521349,2.2202625390206574,2.1808692458233647,2.2603673978250582
D400,78,108.2948962,2.21109678,2.2185346108075117,2.178932729023223,2.258856252784471
D400,78,111.2664669,2.238669537,2.2382577652369915,2.197674220826441,2.2795907492420535
D400,78,113.2836502,2.277323367,2.2460956651156128,2.202934065414447,2.2901029204893706
D600,78,106.642562,2.215719494,2.2024332352811684,2.166460349314972,2.2390034312905174
D600,78,106.5170394,2.228725024,2.196045763613995,2.159977273473625,2.232716545267791
D600,78,108.0870141,2.259070385,2.215015793752291,2.178526298064376,2.25211647476156
D600,78,108.5320399,2.23342589,2.1966474594488026,2.159972487595322,2.2339451492156726
D600,78,106.2726067,2.171001568,2.2434310423815393,2.1612838675724646,2.3287005087277697
D800,78,105.588128,2.175697215,2.2009569420811377,2.1651356224299523,2.237370911415908
D800,78,109.1789717,2.183416165,2.2219345299282827,2.184078617259452,2.2604465866171437
D800,78,105.5155251,2.236248929,2.2093374330269544,2.170346950400468,2.2490283832607814
D800,78,107.5385663,2.214218214,2.2049372324814773,2.1691221001602488,2.2413437209569267
D800,78,107.0186816,2.177187795,2.203185620709407,2.167420018007607,2.239541408205107
S50,78,104.5457943,2.222032953,2.150237309038048,2.07694203911068,2.2261191685247605
S50,78,109.074323,2.214924375,2.152128912786505,2.0811814585190946,2.225494965031723
S50,78,104.870253,2.215731321,2.1504267211734733,2.0773537473779804,2.226070109134611
S50,78,108.181178,2.19161935,2.1528892714877,2.0812454281050687,2.2269993498589216
S50,78,104.6472379,2.203313428,2.152940647697636,2.078464279940061,2.230085682609077
S100,78,104.2179138,2.14918061,2.1675460368050263,2.123497965509391,2.2125078045658237
S100,78,105.6808071,2.155837945,2.17407456255273,2.1300366404983557,2.2190229565407753
S100,78,106.5454438,2.162778819,2.172493348613186,2.1275306857208176,2.2184062403638
S100,78,104.8689561,2.148500592,2.1750394988931947,2.1317277754523456,2.219231215271706
S100,78,104.5592227,2.142818588,2.173520638486985,2.130184330444953,2.2177385770845857
S200,78,107.1241721,2.206816048,2.1929051464088616,2.1558703720243857,2.230576125331192
S200,78,106.2275979,2.196338291,2.1933231516092646,2.1558418775001083,2.2314560717985477
S200,78,107.6891721,2.191421843,2.1913307433926343,2.1546034661097946,2.2286840722519368
S200,78,107.8048841,2.189803313,2.1943757482174155,2.1573572029155414,2.232029502512226
S200,78,105.9121118,2.18060903,2.195402222494105,2.1572775268491533,2.2342006805084926
S400,78,106.5951117,2.226271571,2.166402113531717,2.130593789180518,2.2028122588866905
S400,78,106.317348,2.213920664,2.169156977352896,2.133475403508611,2.2054353121019057
S400,78,106.6404356,2.188920086,2.171514823917994,2.135838866220851,2.207786694526798
S400,78,106.4504411,2.195478145,2.1722024377103697,2.136562270731888,2.2084371211790343
S400,78,106.5716144,2.199391193,2.1712269796167014,2.1355547122693,2.2074951158736624
S600,78,107.3017463,2.189764122,2.1926426021860284,2.1550317766394818,2.2309098329947274
S600,78,107.2291797,2.174324856,2.192674470805749,2.154994567110461,2.231013204534372
S600,78,107.0749651,2.171721222,2.190600687067319,2.1533798677619953,2.228464862155104
S600,78,106.0920196,2.179246712,2.1913387438844545,2.152944449881299,2.230417738234654
S600,78,107.8174974,2.180835264,2.1919877039066176,2.154887593005693,2.2297265572799234
S800,78,106.590073,2.170123198,2.1866038741961504,2.147378736083813,2.226545519105392
S800,78,106.4658139,2.144811587,2.184524150182672,2.144336285386288,2.225465191842172
S800,78,106.5198343,2.141743393,2.1856301804432783,2.1459616682926344,2.226031972633122
S800,78,106.472866,2.131005724,2.1828448055046166,2.141731768579424,2.224747055080062
S800,78,106.1790966,2.147763194,2.1824117407805828,2.1416848701715825,2.2239130848019433
D50,91,14.45125531,1.474887956,1.5344098780320383,1.446314128604496,1.627871585596689
D50,91,14.43416194,1.486720847,1.5396259156495282,1.4453896515041835,1.6400061794221221
D50,91,14.48942333,1.47655687,1.5262683191822657,1.4451670975824875,1.611920854021862
D50,91,14.74965467,1.470630924,1.5278664440357113,1.4464323564058654,1.613885267756904
D50,91,14.68579416,1.469018895,1.525925340521935,1.4454864287434581,1.6108405437407478
D100,91,11.9909405,1.51890701,1.485793265045093,1.439980718387973,1.5330633238788762
D100,91,11.81322174,1.499253844,1.48154674199973,1.4349387098453659,1.5296686427579567
D100,91,11.94846596,1.505115183,1.482879049738288,1.4366701131365496,1.5305742466877141
D100,91,11.66834272,1.498529419,1.4797918417683593,1.4326283413921919,1.528508009855659
D100,91,11.70811206,1.487426062,1.4745253238068114,1.426061490019211,1.5246361715568746
D200,91,11.9199762,1.496959188,1.4945209970721929,1.4600122646295193,1.529845375138982
D200,91,12.19013944,1.512561412,1.494599297592748,1.4602716966643485,1.529733860806448
D200,91,11.99611066,1.49550738,1.4933492798310313,1.459108058191861,1.5283940480291835
D200,91,12.06559299,1.499524673,1.497546885374446,1.4625509108780979,1.533380244895712
D200,91,11.75328553,1.507948275,1.4938525859603444,1.4592186731356185,1.5293085194593077
D400,91,11.80803767,1.480943664,1.4714223909832131,1.4452735661724163,1.498044317257283
D400,91,11.67381519,1.488196875,1.4724132915572736,1.4462108108816283,1.4990905093793927
D400,91,12.06185283,1.495449395,1.4809566984726057,1.454149286575805,1.5082583081379841
D400,91,13.13166677,1.489649011,1.4916194170051718,1.46125104137872,1.5226189218572488
D400,91,12.56996702,1.488574134,1.4873507297818465,1.4589878081601728,1.5162650304612602
D600,91,11.45788332,1.454631794,1.4699993646271785,1.44392929039745,1.496540132799376
D600,91,11.74233214,1.449676887,1.4712040921068386,1.4459468389277657,1.4969025294435703
D600,91,11.50777114,1.464974381,1.4695819406187285,1.4436132790016063,1.496017743537468
D600,91,11.36555555,1.454164751,1.4693175477046705,1.4428129068353492,1.4963090819087292
D600,91,12.51796747,1.463072572,1.482243624374032,1.4572415300473338,1.5076746830884669
D800,91,11.84629207,1.471779432,1.4828573021563962,1.4562115550074548,1.5099906129692047
D800,91,11.92008381,1.476235518,1.481993732536658,1.4558915349957389,1.5085639077394342
D800,91,11.12670775,1.473976524,1.4839486122542616,1.4522227543056907,1.5163675663959533
D800,91,12.25861471,1.46374932,1.4811127759835028,1.4557871356681331,1.506878994486211
D800,91,12.21718716,1.457317453,1.456454245317887,1.4305420409510912,1.4828358118676355
S50,91,12.4467888,1.464285745,1.4887834459136904,1.4315615108895188,1.5482926384695874
S50,91,12.10424174,1.46329805,1.4857055030387032,1.428953525349843,1.5447114287492865
S50,91,12.23165114,1.456338684,1.4842640503993263,1.4283353516754314,1.542382724563708
S50,91,12.25266429,1.474668071,1.4792501529926196,1.425079707688845,1.5354797372544309
S50,91,12.23885748,1.471097952,1.4741463934439136,1.4214732334297822,1.5287713747942655
S100,91,11.8486066,1.442874313,1.4649913842146536,1.4313833684515773,1.4993884958610733
S100,91,12.04767487,1.45146606,1.467685642901799,1.4355781259424543,1.5005112626426402
S100,91,11.91076695,1.454374894,1.4689330291782696,1.437921342810132,1.5006135453792797
S100,91,11.68479722,1.456256666,1.465904800471423,1.4333167514972986,1.4992337749491602
S100,91,11.73651724,1.452714446,1.4672408476840804,1.435487554602754,1.499696530429654
S200,91,11.89917199,1.470202477,1.4676932078365452,1.4428629423275368,1.4929507780237468
S200,91,11.99145831,1.483981407,1.4774761093218338,1.4506453049926495,1.5048031700815
S200,91,12.02353834,1.481539669,1.4730002435723835,1.447665502497797,1.4987783530246848
S200,91,12.11787405,1.480093475,1.4723853957600899,1.4471989004777526,1.4980102271580762
S200,91,11.97104068,1.481454481,1.4727269575245063,1.4473875280499324,1.4985100046713715
S400,91,12.13485218,1.485518466,1.4696484531144363,1.4450930658884114,1.4946210916968292
S400,91,12.09969578,1.497415762,1.4662039945444232,1.4420295342863985,1.4907837201003298
S400,91,12.17083975,1.487051311,1.466736759971531,1.4424671926859929,1.4914146636817824
S400,91,12.16320076,1.496107801,1.4653033991992037,1.4411474479448683,1.4898642430839455
S400,91,12.23760984,1.476622947,1.4672213566701928,1.4428439163347981,1.4920106638683701
S600,91,11.82755155,1.466414868,1.4687593708558717,1.4445587843354524,1.493365388013163
S600,91,12.00468096,1.459969508,1.4686216947463986,1.4444892291105373,1.4931573311958106
S600,91,12.10257317,1.450253824,1.4650149683393374,1.4403445209628416,1.4901079750166797
S600,91,12.09589629,1.462794051,1.4665679764304647,1.4421795076114279,1.491368874775922
S600,91,12.11832918,1.466989729,1.4655005390425158,1.4409056602204031,1.490515228877226
S800,91,12.05491263,1.470174519,1.4738349659808296,1.4481391123031055,1.4999867681863006
S800,91,12.21457966,1.467155176,1.465870655760324,1.4399564566559881,1.4922512201579399
S800,91,12.10342149,1.4584823,1.4677157883838616,1.4420752134907726,1.4938122611903868
S800,91,12.10340635,1.454521861,1.469310824892331,1.4437385784270844,1.4953360202494688
S800,91,11.53485993,1.463400253,1.4646424599708845,1.4381247357769174,1.4916491471031377
D50,91,37.13098036,1.729470914,1.6890940041028528,1.580580989500045,1.8050568579840096
D50,91,43.50862996,1.689766162,1.6953188154617194,1.6117965985637153,1.783169097527359
D50,91,37.81700669,1.714578735,1.6863228189573778,1.5870478899092202,1.7918077128088539
D50,91,44.09528109,1.702565187,1.6941685753186357,1.6126579823710965,1.7797990602924378
D50,91,42.56120581,1.698018472,1.7030628655644995,1.6096476530306598,1.8018993899713522
D100,91,37.76062547,1.668958873,1.6602353412735178,1.6093874609627854,1.7126897377245882
D100,91,38.09269911,1.671957444,1.6652509165865037,1.6147627889497074,1.7173176358589963
D100,91,38.86323255,1.674909848,1.6654234523235554,1.6150475043651127,1.7173707077053728
D100,91,39.63302247,1.670677177,1.6634053481150526,1.6127196463129436,1.7156840362573766
D100,91,39.71182205,1.665343864,1.6638707830632207,1.6132307042945777,1.7161004779796767
D200,91,40.47780963,1.682406209,1.6849655376997275,1.646702103022361,1.724118076988439
D200,91,40.84418887,1.685021577,1.6842974495655092,1.6461345162001482,1.723345128052679
D200,91,40.77509727,1.682213246,1.6858728039618174,1.6476110879386212,1.7250230542536629
D200,91,40.88689694,1.687370265,1.6860446380003815,1.6477949045649372,1.725182250202673
D200,91,40.65842693,1.677856605,1.6861972236297533,1.6478663053882794,1.7254197550369497
D400,91,40.08965428,1.664712711,1.6732259339815017,1.6371637429623576,1.7100824753682808
D400,91,40.82575884,1.68152969,1.6747153617400037,1.6432322764313283,1.7068016391078724
D400,91,40.38615371,1.66376522,1.6730008705192065,1.641963656046449,1.7046247658717026
D400,91,38.84155316,1.676002275,1.6676757258963895,1.6362936845066687,1.699659635111618
D400,91,39.5393586,1.661059428,1.6644087444532583,1.63430290661666,1.695069168265427
D600,91,39.43085764,1.657446277,1.6629387182887918,1.6347669010510733,1.6915960183717802
D600,91,39.20351148,1.662346504,1.6620232752292121,1.6339802295282946,1.6905476072994334
D600,91,39.54934525,1.663387642,1.6624179679141464,1.6344634534313134,1.6908505933503508
D600,91,38.74787513,1.662600791,1.6592952480625878,1.631706914192601,1.6873500359011773
D600,91,37.00458455,1.643923459,1.6445339466799982,1.6157900567842634,1.6737891723169507
D800,91,37.56061632,1.6463813,1.647007779187667,1.618984381291757,1.6755162409536837
D800,91,37.84158251,1.645158439,1.649650167728592,1.621394566859517,1.6783981712470841
D800,91,37.25579518,1.645998258,1.6474793542210884,1.6185786583068678,1.6768960894516804
D800,91,38.06264627,1.660498838,1.6482116086192609,1.6206225890500685,1.6762702958371283
D800,91,38.62324072,1.666612787,1.6506986264389127,1.6231386477526701,1.6787265580176811
S50,91,39.10169245,1.678825145,1.66727932232141,1.6139581854368585,1.72236205604553
S50,91,39.43187072,1.665647429,1.6619889968085946,1.6090803318766944,1.7166373678132247
S50,91,39.37092431,1.668386105,1.6594636321597838,1.6062429370136555,1.7144477233194089
S50,91,39.14787095,1.666702835,1.6619316822909465,1.6090105049946408,1.7165934641375227
S50,91,39.21371165,1.672894046,1.6628167473860997,1.6099346604020328,1.7174358707807575
S100,91,38.33651484,1.684319088,1.6633335113833914,1.631844925265795,1.69542971103113
S100,91,38.71792666,1.667581631,1.6616683554388962,1.6302699541264631,1.6936714784432685
S100,91,38.70026207,1.661599677,1.6612428611530499,1.629809093203301,1.69328288524141
S100,91,38.57068755,1.670694196,1.6655618800431096,1.6338366372384623,1.6979031520198749
S100,91,38.85671313,1.656714185,1.6652156748523756,1.6337782511544037,1.6972580225099285
S200,91,38.40686639,1.656880386,1.651321105973165,1.6236829194739784,1.6794297472291284
S200,91,38.28571869,1.66193843,1.6506404179342207,1.6230312290960822,1.6787192633597587
S200,91,38.24199379,1.648533727,1.6519262052725296,1.624180063389357,1.6801463391758942
S200,91,38.37686634,1.648155468,1.6492193393630672,1.6216207407502188,1.6772876425290533
S200,91,38.51552491,1.641284712,1.6488169722404233,1.6211441047123627,1.676962214553057
S400,91,37.57932862,1.649160877,1.6376239200203566,1.610656955189979,1.665042388313231
S400,91,36.91364971,1.649526937,1.6345735980416156,1.607368015759269,1.6622396496751408
S400,91,38.0233661,1.63614477,1.6385563969149264,1.6117400186620445,1.6658189501924865
S400,91,38.10133356,1.648707247,1.6370639286627284,1.6102032232738221,1.6643727125820722
S400,91,38.03017154,1.638026635,1.6367634186659716,1.6099074716026378,1.664067367807307
S600,91,38.40723622,1.643608489,1.6378802535940942,1.6109950381953002,1.665214144991201
S600,91,38.33133293,1.63892971,1.6378648100786288,1.6110082322540888,1.6651691049029984
S600,91,38.05193944,1.633105927,1.6364744996009453,1.609651084431618,1.6637449033184772
S600,91,37.99786396,1.63598518,1.6351409700849013,1.60816240232019,1.662572130894684
S600,91,38.00005769,1.633706334,1.636519695974837,1.609709178759297,1.6637767558596053
S800,91,38.00622985,1.61739273,1.641983368635622,1.613347092733251,1.6711279271643729
S800,91,38.21829341,1.624811061,1.6386826493463864,1.6098063718627775,1.6680769017963544
S800,91,37.97647011,1.626210849,1.638331062852116,1.6096910948206575,1.6674805993165998
S800,91,37.94461213,1.640387878,1.6372868629506199,1.6083002859906903,1.666795868247579
S800,91,38.0024779,1.630202716,1.6353163564380468,1.604737419065372,1.6664779881504515
D50,91,62.83325515,1.790464747,1.8064632894701846,1.7019516511967163,1.9173926673585966
D50,91,58.63102517,1.825534745,1.7940006290012585,1.6819950639727808,1.9134647454048614
D50,91,59.1224006,1.828657725,1.794250767895472,1.68480086392609,1.9108108780235755
D50,91,58.62365286,1.818651128,1.7930529724872508,1.6822775442262894,1.9111227949155212
D50,91,58.62365286,1.818651128,1.7930529724872508,1.6822775442262894,1.9111227949155212
D100,91,64.49785664,1.73642222,1.7499064966950613,1.6968488514293762,1.8046231664040655
D100,91,64.9522715,1.748199464,1.7521549245039634,1.6989906020161756,1.8069828495933378
D100,91,64.67434908,1.739144831,1.7477694825872025,1.694653660194815,1.8025501233756365
D100,91,64.18000846,1.750080305,1.7463314770352634,1.693316123652727,1.8010066667915372
D100,91,65.38163067,1.750310728,1.7502087238258583,1.6969598699658057,1.8051284719053875
D200,91,62.45457955,1.734852865,1.7458438962034757,1.7069243015766262,1.7856508968181122
D200,91,62.70741364,1.74061346,1.7471291244408393,1.7082234851545264,1.7869208590076768
D200,91,63.02936845,1.743749892,1.7459875856396907,1.7069509697545635,1.7859169379928035
D200,91,63.211457,1.742424891,1.7452895352033913,1.7061398675841613,1.7853375444555768
D200,91,61.14884397,1.73414359,1.7404126332759966,1.7014434242677388,1.7802743781329755
D400,91,62.96263409,1.740645841,1.7445367979529096,1.713864602992173,1.7757579181566714
D400,91,62.57717341,1.746214007,1.7432101439430796,1.7125585246915283,1.7744103702928389
D400,91,62.70408303,1.738835295,1.742896752428575,1.712289819149561,1.774050780220603
D400,91,62.81790401,1.749276228,1.745176397019395,1.7143269969363204,1.7765809336004577
D400,91,65.31273629,1.769148943,1.7561366487488779,1.7236669197651076,1.7892180291417403
D600,91,62.841845,1.730542783,1.742633439749044,1.713395559318002,1.7723702438801336
D600,91,62.98077597,1.74540229,1.742824366628161,1.7137064222081677,1.7724370601348465
D600,91,60.7517495,1.757779863,1.7358429172241208,1.7054466723964823,1.766780915549289
D600,91,63.57078894,1.748370119,1.744500925219662,1.7154369349034864,1.7740573355810816
D600,91,61.1116873,1.746275065,1.737084262158729,1.706929604379773,1.767771632817837
D800,91,61.25114671,1.725438872,1.7302710022267642,1.7013222811700675,1.7597122980649078
D800,91,60.23792836,1.725118598,1.7285744264942213,1.700034617587765,1.7575933554632872
D800,91,61.40721486,1.72499252,1.733001317547597,1.7045289879176193,1.761949246924076
D800,91,61.14733379,1.729433568,1.7316010874459922,1.7030746478099204,1.7606053439289981
D800,91,62.28970997,1.738769491,1.7439465375893035,1.714553660636193,1.7738433014929456
S50,91,62.07636541,1.748629463,1.7394031341701248,1.6865498565166948,1.7939127334246727
S50,91,61.81807134,1.756372992,1.739901858136568,1.6868847061859849,1.7945852878064543
S50,91,61.72051158,1.740802984,1.7331424736529022,1.6800278934594688,1.7879362870543718
S50,91,62.07009218,1.745758805,1.734212599392373,1.6810211641059893,1.7890871359080802
S50,91,61.84524524,1.741539263,1.7340776105833584,1.6810418772816775,1.7887865853698945
S100,91,61.33604874,1.731218987,1.741435338720705,1.7081797870809945,1.7753383232145132
S100,91,61.11284065,1.730916374,1.7376685032470394,1.7049202907115535,1.7710457454386985
S100,91,61.73151126,1.738408547,1.7381041640921886,1.7054493303398761,1.7713842513471532
S100,91,61.12607824,1.716852321,1.7359480377611787,1.7032977889634011,1.7692241540693026
S100,91,60.33857961,1.718301381,1.7340297039581454,1.701330371587553,1.767357512934657
S200,91,61.29677785,1.720659702,1.7279880678647794,1.6989231274118548,1.757550247274489
S200,91,61.91413046,1.729430345,1.7298815745472411,1.7004651561497612,1.7598068688062496
S200,91,62.37743878,1.724092597,1.731730638175189,1.7022574867770726,1.761714092309574
S200,91,61.20750912,1.726380004,1.7277526121361182,1.698740726330523,1.7572599764482038
S200,91,61.49372955,1.731441458,1.728789092298479,1.6997210066024702,1.758354291110551
S400,91,60.8472614,1.722319891,1.728342468637269,1.7001999510476422,1.7569508145524373
S400,91,60.8088089,1.723230333,1.728584450902969,1.70042726196715,1.757207891648848
S400,91,60.54717996,1.725528541,1.7285852963907542,1.7003045419160507,1.7573364378190546
S400,91,61.20123968,1.709170995,1.7309099963953678,1.7026418844549767,1.7596474296651412
S400,91,60.74604776,1.723136082,1.7283085082585579,1.700154018826202,1.7569292350237782
S600,91,61.28444023,1.737644411,1.7267084512285071,1.6981757349654947,1.7557205736451835
S600,91,61.53906116,1.729149565,1.7268827204356345,1.6986475053165206,1.7555872662253715
S600,91,61.48725229,1.723136082,1.7265516018925946,1.6983611017622646,1.7552100262451489
S600,91,61.33451765,1.744636921,1.7260158077031302,1.6978371765835356,1.7546621133811133
S600,91,61.15556789,1.740173895,1.7255596849695802,1.6973410034967693,1.7542475084606561
S800,91,61.18896092,1.726003366,1.7277429862300364,1.6977884275027626,1.758226041661617
S800,91,60.65998853,1.725344844,1.7255345076081654,1.6955101509757893,1.756090540202888
S800,91,60.32531699,1.72037826,1.7242803782171368,1.6942853919163785,1.7548063843847224
S800,91,61.13845215,1.718505501,1.7271942343312972,1.6969583717488352,1.7579688298616765
S800,91,60.01271263,1.741021878,1.7229191690538583,1.6928150537384206,1.7535586398157894
D50,91,88.14531537,1.890935262,1.9061857080045437,1.780008080322312,2.0413075612234555
D50,91,80.69129668,1.90281035,1.899029782271229,1.7185258011876992,2.0984928544341512
D50,91,82.37063511,1.900928922,1.8954156447720412,1.7509247841302165,2.0518302665018595
D50,91,81.7726878,1.912294445,1.893389379043622,1.749216123870587,2.0494456298188215
D50,91,81.64057396,1.90491284,1.8922351984353072,1.7502841379940022,2.0456987345501365
D100,91,84.2292009,1.840321892,1.836537822208723,1.7746885974929938,1.9005425386559822
D100,91,84.50005446,1.871227712,1.8351017846757283,1.773803675030523,1.8985181999141445
D100,91,85.71575706,1.871235522,1.823746793635201,1.7655292807175493,1.8838840021633039
D100,91,91.6873606,1.850146182,1.8213320954195091,1.763849112448344,1.8806884207916446
D100,91,85.53226652,1.86020318,1.8181931384632202,1.7607497934356189,1.8775105361814775
D200,91,86.53159341,1.815573851,1.8273257344338447,1.786739241100215,1.8688341661249184
D200,91,87.2440738,1.818119597,1.821568803655473,1.7809848695492405,1.863077538267145
D200,91,89.91806748,1.831804801,1.8147331178808566,1.7724437397856978,1.8580314935873534
D200,91,87.67109833,1.845330448,1.8115133899768971,1.7697597698188579,1.8542520956962836
D200,91,89.32360174,1.809977806,1.8247492052154088,1.7838927521029184,1.8665413926981214
D400,91,89.68592562,1.832611478,1.8268070907183513,1.7947085568893604,1.8594797098883944
D400,91,89.71732844,1.826254441,1.8267635345621525,1.7947142218224745,1.8593851715385228
D400,91,87.68974794,1.824627321,1.8220691108390943,1.7893477472210237,1.8553888420124311
D400,91,87.43415914,1.81936414,1.8205971078160907,1.7886609116337597,1.8531035186321532
D400,91,87.22333598,1.830170268,1.8206564673251142,1.788438172813181,1.8534551668614074
D600,91,88.04132661,1.806505961,1.8179834853679762,1.7881704187702976,1.8482936069055127
D600,91,88.95558905,1.814622772,1.8202617792743498,1.7904391025289805,1.850581201229876
D600,91,90.49475948,1.828929893,1.8237304685677502,1.7935831044533377,1.8543845633492786
D600,91,90.20371997,1.835355942,1.8213280224662445,1.791177745485738,1.8519858086564271
D600,91,88.19289557,1.83108934,1.8138580479410966,1.7826304172176375,1.845632715734709
D800,91,87.69960826,1.797889951,1.817359744039063,1.7875851173907216,1.847630307011456
D800,91,90.08166828,1.807596419,1.82224646903726,1.792399108604253,1.8525908532193534
D800,91,88.43511103,1.824456516,1.8189471544287557,1.7891832261218887,1.849206220078362
D800,91,90.71001561,1.815756719,1.8228486427399762,1.7929383256655262,1.8532579323974134
D800,91,90.98885294,1.801076604,1.8235638769683142,1.7936370125270733,1.8539900716581112
S50,91,87.13297432,1.802804034,1.8263100113617308,1.770878603265244,1.8834765135509992
S50,91,88.55791189,1.809305451,1.8252603078444285,1.7694058409234825,1.8828779211294637
S50,91,87.14743405,1.812438275,1.8229651567667042,1.7675268344572383,1.8801422971357171
S50,91,87.30375566,1.830297402,1.821326118805903,1.765526927641423,1.8788888343244234
S50,91,87.28275629,1.808132345,1.8266971804907746,1.7712543393206879,1.8838754633581787
S100,91,86.92293676,1.838194388,1.818552303620866,1.784465090905918,1.8532906571603645
S100,91,83.29255642,1.797916352,1.7958917739090015,1.7317578982647208,1.8624007817869952
S100,91,86.47962972,1.840538585,1.8172092999917193,1.782927632791725,1.8521501261415199
S100,91,86.77728015,1.826153596,1.8181775592543423,1.784169428707905,1.8528339202460804
S100,91,87.11041575,1.827035596,1.819110808114909,1.7852248391829348,1.8536399783206143
S200,91,88.2077124,1.809660246,1.819137478585567,1.7878164403665222,1.8510072350135782
S200,91,87.4106743,1.810580824,1.816815803345288,1.784762910214883,1.8494443404181733
S200,91,88.26426401,1.827443553,1.819185499526496,1.7880996004247627,1.8508118232906665
S200,91,88.54800599,1.819873108,1.8189067775120054,1.7880798418463264,1.8502651771203429
S200,91,88.48762524,1.82116145,1.8179643089721902,1.7872362668871955,1.8492206598140464
S400,91,87.51909586,1.827366889,1.8128163835433528,1.7829163112325792,1.8432178895549443
S400,91,86.1109549,1.801485664,1.8083515817452485,1.7760723035339105,1.8412175206458905
S400,91,87.82632129,1.835738463,1.8103534358331315,1.7803446891183399,1.8408679974526978
S400,91,87.28945852,1.811037344,1.8131780365644048,1.7831161514161782,1.843746740597059
S400,91,87.26379937,1.809516659,1.8129251607784593,1.782926715327845,1.8434283419098605
S600,91,88.41730792,1.842325226,1.8095036810339078,1.7796384950462636,1.8398700527042395
S600,91,87.9365858,1.813712362,1.8089328485558542,1.7788663002025358,1.8395075842472426
S600,91,88.50875684,1.81941482,1.8077970790945084,1.7781334299299076,1.8379555910556515
S600,91,88.84470089,1.824800504,1.8085900128566548,1.778912408620746,1.8387627287062185
S600,91,88.0947148,1.810243275,1.8073312082641575,1.7776704659009388,1.8374868452967836
S800,91,86.25547862,1.782843619,1.8080309027251222,1.7752894962370465,1.8413761542204994
S800,91,87.89042091,1.812439986,1.81047356201169,1.7773575997141497,1.8442065453066194
S800,91,86.53003453,1.788621446,1.8068051068103415,1.7725882328860714,1.841682480696999
S800,91,86.7901229,1.805524812,1.809554887771478,1.7772301715720076,1.8424675341637224
S800,91,87.38412965,1.798149608,1.8100971770860455,1.7773575005943987,1.8434399322584973
D50,91,104.6683949,1.98171331,1.9636475858083555,1.8184909306011625,2.1203910211288672
D50,91,103.4679528,1.977918113,1.966476991076794,1.8037027653914888,2.1439406927976368
D50,91,104.6400928,1.975119796,1.963158827211094,1.8191479264284156,2.1185701969951887
D50,91,104.5937936,1.985368784,1.9624575207916453,1.8200176172546794,2.1160451879146716
D50,91,118.1715659,1.982776136,1.9702293886562292,1.8517096475828083,2.096335053928105
D100,91,118.6699093,1.901575873,1.9029012650834634,1.8402893333894577,1.96764343462612
D100,91,108.8281582,1.936489464,1.903831998361247,1.841180514968996,1.9686153793807744
D100,91,107.4021873,1.927870888,1.9076402833513195,1.8434936711142855,1.9740189552509186
D100,91,114.8843837,1.909319154,1.9083226204945756,1.846046749850766,1.9726993502118393
D100,91,116.7577474,1.915467843,1.9017699876486265,1.8397071559047367,1.9659265195076174
D200,91,111.9644506,1.88462312,1.87651077504266,1.8335690669255882,1.920458166735701
D200,91,113.0592101,1.896441345,1.8735422738164338,1.8300207458622784,1.9180988301437631
D200,91,110.2126951,1.898457048,1.9004420554614894,1.8554574699270405,1.9465172684926633
D200,91,114.985429,1.880764078,1.8949280977960785,1.851593087318906,1.9392773284849802
D200,91,112.2159154,1.876312808,1.885530340330291,1.842811824897139,1.929239120497019
D400,91,114.5825025,1.879603373,1.870625051068567,1.8369390721732404,1.9049287669325965
D400,91,114.7913667,1.86098472,1.8690082683498843,1.835025285749531,1.9036205845705336
D400,91,111.9330673,1.86673485,1.8724339258366645,1.839527481554725,1.9059290180655026
D400,91,119.1336637,1.888753096,1.8858470547838488,1.8516198232195826,1.9207069774469374
D400,91,115.8223223,1.885233324,1.8842313882623434,1.8503689480841454,1.9187135236942954
D600,91,111.1708028,1.822471144,1.8608652676512498,1.8301969038875785,1.892047537068429
D600,91,107.6505255,1.842546204,1.8614523541038897,1.8303659301748936,1.8930667411777204
D600,91,111.5306103,1.867332114,1.869474061912942,1.8384507855401488,1.9010208462765241
D600,91,113.6519835,1.877333081,1.8679352437624925,1.8371160296258984,1.899271476935816
D600,91,111.5159373,1.866049127,1.8699264236904534,1.8387146002184356,1.9016680618081658
D800,91,110.9142351,1.857228637,1.8491214334927148,1.8185597042070332,1.8801967666456607
D800,91,108.4122078,1.855300706,1.845351060314042,1.8145266414391976,1.876699111511098
D800,91,111.7745137,1.878267981,1.8598214203249128,1.8288886203853232,1.8912774003540047
D800,91,114.5613365,1.876924281,1.8635125053228943,1.830009272945517,1.8976291043079312
D800,91,111.882688,1.82775045,1.8484724737255376,1.8174584609177493,1.880015725033751
S50,91,111.8920272,1.877396422,1.8822690946749279,1.8220928822096036,1.9444326792341928
S50,91,112.3886082,1.888569121,1.8832035945160537,1.8228539043344751,1.9455512973174873
S50,91,111.1936646,1.895854585,1.8824812939879016,1.8225632562853078,1.9443691789535456
S50,91,113.797363,1.882504687,1.8779914111167526,1.815687510200907,1.942433221803703
S50,91,113.4506241,1.867779812,1.8784730107561738,1.816612351552153,1.9424401959638773
S100,91,110.5354161,1.883443029,1.8828552037479434,1.8466355123296256,1.9197853039273183
S100,91,111.5409113,1.893646428,1.8827831484833986,1.847607620593136,1.9186283628095513
S100,91,113.6812823,1.88819627,1.8840985620704884,1.848741901147385,1.9201314090371144
S100,91,110.7798538,1.881334885,1.8824626704828713,1.8471296832548298,1.9184715279531452
S100,91,110.7313433,1.877746376,1.8826985608842053,1.8472083654315603,1.9188706252569125
S200,91,112.3899198,1.893085265,1.8685645593213682,1.8364961862584295,1.9011929011762916
S200,91,111.4792706,1.879307862,1.8665670945741208,1.8346667974665323,1.8990220585874154
S200,91,111.6938042,1.887049371,1.8657722362059643,1.8339136158402638,1.8981843023189666
S200,91,111.1065958,1.878233348,1.8657171495723999,1.8338662305690534,1.8981212610738945
S200,91,113.0066537,1.860544951,1.8676512350711947,1.83566186481757,1.9001980717236353
S400,91,104.8232575,1.824360742,1.821843319095137,1.7606875886924858,1.8851232329049417
S400,91,111.3092027,1.861976236,1.8411462423283573,1.809120120853005,1.8737393092734613
S400,91,110.203417,1.847779778,1.8515034630720737,1.8209159068643739,1.8826048258708592
S400,91,111.2293769,1.845557556,1.8457954521831594,1.814683449643291,1.8774408572303527
S400,91,111.299442,1.849355485,1.8390723928194421,1.8064440314310495,1.872290094341472
S600,91,109.5463537,1.852619799,1.8480202588568577,1.8175843312439928,1.8789658440816046
S600,91,109.7982656,1.836251919,1.8540707063974422,1.8235628067344778,1.8850889981008716
S600,91,106.6818791,1.81680461,1.8586685278077877,1.8230402156407006,1.8949931365332198
S600,91,110.0383211,1.826380347,1.845675345813525,1.8146338995270264,1.87724779253367
S600,91,110.2236622,1.827097635,1.8463417949570626,1.8154030456734274,1.8778078134933949
S800,91,111.2992284,1.860479626,1.8478971858816902,1.815256110256476,1.88112519786919
S800,91,111.0902558,1.853817398,1.8450084910063655,1.8127467399237334,1.8778444097650413
S800,91,110.383661,1.864159369,1.8483626510857991,1.8155603958715196,1.8817575541401559
S800,91,110.4906306,1.842760175,1.8484648155211931,1.8156515970429987,1.8818710482696646
S800,91,109.7484877,1.851627686,1.8469885708815523,1.8144070574671247,1.880155154229436
