row_id,surface,condition,beta,prediction,mu_log,sd_log
0,D50,D50|0|0,1.560186908,1.576632056842657,0.45529096233221406,0.015072990716745843
1,D50,D50|0|0,1.561484361,1.5647420575638444,0.447720990959876,0.013528023628710459
2,D50,D50|0|0,1.560393514,1.5675491573911857,0.4495133534103643,0.01330392095087473
3,D50,D50|0|0,1.558472561,1.5633316263148673,0.44681920188001567,0.014086183938893772
4,D50,D50|0|0,1.561608985,1.566697152623634,0.4489696789800455,0.013288275940381932
5,D100,D100|0|0,1.561041612,1.561096234092936,0.44538828863559476,0.018656001065804104
6,D100,D100|0|0,1.556557304,1.5600396729725037,0.4447112523307038,0.018503068380865954
7,D100,D100|0|0,1.560626044,1.5623031144735555,0.4461610879519793,0.01861379581825389
8,D100,D100|0|0,1.555448691,1.5596236809608466,0.4444445620074687,0.018482978982225073
9,D100,D100|0|0,1.570784601,1.5627000082742157,0.4464150997319388,0.018735167869298942
10,D200,D200|0|0,1.559258194,1.571823896741461,0.45223666275812346,0.013068696541627898
11,D200,D200|0|0,1.557328689,1.5728950813150226,0.4529179221154559,0.013053443632020571
12,D200,D200|0|0,1.560386696,1.5735998432936005,0.453365888508061,0.01312099056443539
13,D200,D200|0|0,1.56406944,1.5719351407983007,0.4523074341216775,0.013119053705635885
14,D200,D200|0|0,1.559799742,1.571610973348081,0.45210119095577656,0.01306649329353738
15,D400,D400|0|0,1.57747785,1.562152628676138,0.44606476026491637,0.01145310320076571
16,D400,D400|0|0,1.582462146,1.5631751625578567,0.446719113335383,0.011189195638914821
17,D400,D400|0|0,1.571871059,1.563030076480426,0.4466262940439793,0.01121568082186707
18,D400,D400|0|0,1.578362744,1.5617715453366423,0.4458207829337404,0.011457294881332626
19,D400,D400|0|0,1.571060369,1.5601297574132702,0.44476899563138117,0.011764832813888402
20,D600,D600|0|0,1.562491354,1.5709874292913555,0.451704357517317,0.010426538005924524
21,D600,D600|0|0,1.560566365,1.5704755406441642,0.45137846562769707,0.010550772523099255
22,D600,D600|0|0,1.566691898,1.5708596600331155,0.45162302366835627,0.010423801466926808
23,D600,D600|0|0,1.559224889,1.5705085039978495,0.4513994548165742,0.010749630949097302
24,D600,D600|0|0,1.58159802,1.5717699320677487,0.4522023296498045,0.010621210159245437
25,D800,D800|0|0,1.644690279,1.5753489654477801,0.4544768130992862,0.010147620632641073
26,D800,D800|0|0,1.57983316,1.577022421206788,0.4555385255125446,0.010106260552542991
27,D800,D800|0|0,1.564816559,1.576837306520134,0.4554211362163503,0.010337545969216867
28,D800,D800|0|0,1.566544735,1.579810038826768,0.45730461122018595,0.010311755032175652
29,D800,D800|0|0,1.592458478,1.5797595439678402,0.4572726480950774,0.010341785333246813
30,S50,S50|0|0,1.575816199,1.55365378839143,0.44060943973175576,0.016172265520229264
31,S50,S50|0|0,1.602076658,1.5603637845591454,0.44491898930588575,0.017197039443672242
32,S50,S50|0|0,1.579807863,1.5628246500896512,0.44649485710334075,0.017254147301058193
33,S50,S50|0|0,1.580573721,1.5577967826251662,0.44327250416916475,0.016917554778736098
34,S50,S50|0|0,1.592722949,1.560205995627226,0.44481786102280374,0.01693682709268498
35,S100,S100|0|0,1.567218001,1.5741659553324843,0.4537255798454751,0.013297858062037638
36,S100,S100|0|0,1.570607716,1.5756071985691749,0.4546407208838005,0.013607863544377107
37,S100,S100|0|0,1.571419163,1.5755876858197242,0.4546283365342653,0.013679702769701853
38,S100,S100|0|0,1.566838091,1.5748318998086583,0.4541485363012978,0.013483047557053065
39,S100,S100|0|0,1.564440461,1.5685999986877195,0.45018350095983556,0.012143967552882553
40,S200,S200|0|0,1.56406097,1.58246664802339,0.45898479931545505,0.010997864414661157
41,S200,S200|0|0,1.580191426,1.5757873965761562,0.4547550816861293,0.010881612785989996
42,S200,S200|0|0,1.583074977,1.5835834032757001,0.459690255818372,0.011079506185708991
43,S200,S200|0|0,1.572904736,1.5831663204050686,0.4594268419654083,0.011152383128649931
44,S200,S200|0|0,1.585051572,1.5807256502203708,0.457884013897011,0.011043395169361361
45,S400,S400|0|0,1.562576774,1.5772783494091105,0.4557007980550162,0.010131224855258449
46,S400,S400|0|0,1.582775974,1.5770264058420453,0.4555410521920449,0.010141117384569992
47,S400,S400|0|0,1.570456464,1.5792092039416235,0.45692421791060733,0.01013932185689679
48,S400,S400|0|0,1.5750196,1.5799198709215094,0.45737413114620673,0.010131630378777484
49,S400,S400|0|0,1.577183511,1.5834868876686001,0.4596293063614522,0.010233127635608196
50,S600,S600|0|0,1.555828114,1.5839078167650056,0.459895095212014,0.010278185231426018
51,S600,S600|0|0,1.56117239,1.5835847226226487,0.45969108895819666,0.010284601526698536
52,S600,S600|0|0,1.561823954,1.583253835328057,0.4594821188514224,0.010313327187426068
53,S600,S600|0|0,1.559846724,1.584821521424179,0.4604717962091519,0.01026720424895526
54,S600,S600|0|0,1.561648453,1.582512051587753,0.4590134905444808,0.010302947385797939
55,S800,S800|0|0,1.589227754,1.5691305318217077,0.4505216645681413,0.010823743006997118
56,S800,S800|0|0,1.580440672,1.5706556672626606,0.45149315464052175,0.010907883314502088
57,S800,S800|0|0,1.59815524,1.5724916479447177,0.4526613982554395,0.011077259366084984
58,S800,S800|0|0,1.615199232,1.5697818268132218,0.4509366458906169,0.010880884545620022
59,S800,S800|0|0,1.584848504,1.570032665036252,0.4510964248993544,0.01089369558794193
60,D50,D50|0|1,2.044100443,2.093399496416076,0.7387892978807097,0.015990715022685162
61,D50,D50|0|1,2.04957737,2.086190705986433,0.735339774253373,0.016610772281146526
62,D50,D50|0|1,1.999572687,2.0490748536319936,0.7173884003767034,0.014620346803661647
63,D50,D50|0|1,2.017631508,2.0485414475915458,0.717128050942179,0.014803657688395293
64,D50,D50|0|1,2.006211894,2.047298744962564,0.7165212388554315,0.015382174291956733
65,D100,D100|0|1,2.016437285,1.9166546402626525,0.6505812914758912,0.01948421508811268
66,D100,D100|0|1,1.994408192,1.948123875019225,0.6668667940708216,0.018929888384122726
67,D100,D100|0|1,1.97356662,1.923089020077817,0.6539327578273442,0.019372584514024873
68,D100,D100|0|1,1.983306755,1.9256472502436424,0.655262145118601,0.019301689319845196
69,D100,D100|0|1,1.971798525,1.9490918379689859,0.667363539974026,0.019082925562494583
70,D200,D200|0|1,1.964318123,1.9928580814139838,0.6895698301723724,0.013594078612605157
71,D200,D200|0|1,1.961302475,1.9888010621578072,0.6875319758438608,0.013443294366370059
72,D200,D200|0|1,1.966048011,1.957134858197788,0.6714815967181889,0.013453308824042833
73,D200,D200|0|1,1.959125658,1.97830230098946,0.6822390531657555,0.013940287096824827
74,D200,D200|0|1,1.970214261,1.9667956758532739,0.6764056579836116,0.013456461864241868
75,D400,D400|0|1,1.964858008,1.9689813142447061,0.6775163096397421,0.011432857963060076
76,D400,D400|0|1,1.951867166,1.9618374344008676,0.6738815006261681,0.011015546512462305
77,D400,D400|0|1,1.959093971,1.95274642998557,0.6692368073081962,0.011140281833782194
78,D400,D400|0|1,1.953838928,1.9822573057266888,0.6842362487363826,0.01094433787704658
79,D400,D400|0|1,1.947956474,1.9844790510063282,0.6853564368770402,0.010961565815145789
80,D600,D600|0|1,1.954137272,1.9436053318134232,0.6645446668126845,0.010399594981411912
81,D600,D600|0|1,1.941923138,1.945506573501922,0.6655223922606756,0.010243045277449877
82,D600,D600|0|1,1.944425234,1.9424080780382615,0.6639284806667448,0.010153613922700857
83,D600,D600|0|1,1.943606342,1.9414790005429716,0.6634500540316682,0.010215501283872256
84,D600,D600|0|1,1.939217447,1.9446378947962821,0.665075787396945,0.010197447286151937
85,D800,D800|0|1,1.937833439,1.9298562751623718,0.6574455313160668,0.010157605778488062
86,D800,D800|0|1,1.931115531,1.9322078383443717,0.6586633067871602,0.010067367196586099
87,D800,D800|0|1,1.937390462,1.9299084396121382,0.6574725611759802,0.010141926272598412
88,D800,D800|0|1,1.939430677,1.9304725642446867,0.6577648248857023,0.010188952365185895
89,D800,D800|0|1,1.930410702,1.936273813737448,0.6607654115693457,0.010088840423011246
90,S50,S50|0|1,2.018231427,2.0407919004240003,0.7133379190135983,0.013743722440625864
91,S50,S50|0|1,2.016383376,2.038023140941299,0.7119802894668336,0.013598327050448954
92,S50,S50|0|1,2.019922289,2.0487358802369804,0.7172229591605024,0.014584140108660323
93,S50,S50|0|1,2.023950784,2.0440187662343514,0.7149178534315775,0.01382618068686934
94,S50,S50|0|1,2.020788185,2.0364759023713486,0.7112208151717736,0.013544087884060878
95,S100,S100|0|1,1.928651999,1.9446335933672703,0.6650735754510703,0.012669782334054674
96,S100,S100|0|1,1.93017593,1.9408334058404422,0.6631174714669994,0.012604455856994027
97,S100,S100|0|1,1.932332607,1.9479917675564349,0.6667989791110206,0.01276671641432962
98,S100,S100|0|1,1.936713222,1.9455452460537421,0.6655422699459982,0.012864992322581153
99,S100,S100|0|1,1.941062316,1.9507722393697895,0.6682253143699926,0.012884394228538484
100,S200,S200|0|1,1.935150704,1.9403287226405124,0.6628574033811697,0.010609274319629552
101,S200,S200|0|1,1.934574776,1.9463323937214692,0.6659467778731825,0.010885578226112334
102,S200,S200|0|1,1.931366726,1.9435808909914656,0.6645320917413825,0.010778618270686977
103,S200,S200|0|1,1.93014659,1.9422625267025933,0.6638535444106006,0.010624973973655708
104,S200,S200|0|1,1.934298104,1.9415351630402455,0.6634789813004918,0.010645016722037125
105,S400,S400|0|1,1.928885505,1.9132807564664305,0.6488194420870755,0.010612028704015975
106,S400,S400|0|1,1.934057083,1.949357549412033,0.6674998564511969,0.011712507427221266
107,S400,S400|0|1,1.924819553,1.9140230239179081,0.6492073221736201,0.010462900125188931
108,S400,S400|0|1,1.919839737,1.9141234493192354,0.6492597890277765,0.010596030293263765
109,S400,S400|0|1,1.9194336,1.9226485203211052,0.6537036731568429,0.010300894203990076
110,S600,S600|0|1,1.925053088,1.9241840951298184,0.6545020312055435,0.01047783152115082
111,S600,S600|0|1,1.926645985,1.929469024566343,0.6572448482602198,0.01048235960466223
112,S600,S600|0|1,1.921919857,1.9250876738800557,0.6549715115753676,0.010455364917785476
113,S600,S600|0|1,1.927081693,1.9253918737181217,0.6551295177846921,0.010592609298598538
114,S600,S600|0|1,1.924848505,1.9142725418409317,0.6493376767500058,0.010601162419923513
115,S800,S800|0|1,1.92363974,1.9242828199388966,0.6545533372509266,0.012273243585502212
116,S800,S800|0|1,1.912130921,1.9248348098025645,0.6548401509680168,0.012658517493490937
117,S800,S800|0|1,1.917343839,1.919276350249057,0.6519482140827402,0.012565959237742319
118,S800,S800|0|1,1.910109237,1.9215954571167015,0.6531558082258321,0.012092923767594188
119,S800,S800|0|1,1.916211727,1.9265377539022313,0.6557244820382936,0.012831151735621726
120,D50,D50|0|2,2.401662904,2.412702352879174,0.8807474275546467,0.013870785929307806
121,D50,D50|0|2,2.408329379,2.399990783782979,0.8754648972561012,0.012781304825981917
122,D50,D50|0|2,2.409795375,2.392840789869975,0.87248127510822,0.012810705073133952
123,D50,D50|0|2,2.433450011,2.4084500956696595,0.8789834267861418,0.012758770420370776
124,D50,D50|0|2,2.434746684,2.3992393768546214,0.875151760811569,0.012794103424944133
125,D100,D100|0|2,2.383093911,2.3901634309874282,0.8713617447718219,0.01810043635554724
126,D100,D100|0|2,2.377584742,2.404596682598844,0.8773821899514835,0.018015041582464527
127,D100,D100|0|2,2.412540012,2.4069413491765546,0.8783567917307136,0.018024894766405956
128,D100,D100|0|2,2.430015758,2.407415968437343,0.8785539600051122,0.017998238143862234
129,D100,D100|0|2,2.430136719,2.3998639314043317,0.8754120404984684,0.018000408457775702
130,D200,D200|0|2,2.428161204,2.4238909178477748,0.8853740663066161,0.012986792021082433
131,D200,D200|0|2,2.404430077,2.4247850143571092,0.8857428665861027,0.012937168111995094
132,D200,D200|0|2,2.384685146,2.4262246071858145,0.8863363895775114,0.012941098506098042
133,D200,D200|0|2,2.384331984,2.412988772058928,0.8808661335276047,0.012965851128893258
134,D200,D200|0|2,2.388001759,2.422437575620728,0.8847742958731539,0.0129301217601119
135,D400,D400|0|2,2.4082186,2.416789215854397,0.8824398889214807,0.010698109289941896
136,D400,D400|0|2,2.417180474,2.416356200763628,0.8822607032961367,0.01073912887637527
137,D400,D400|0|2,2.394055265,2.415198336107188,0.8817814104847777,0.010706944092272496
138,D400,D400|0|2,2.419993966,2.416550836957239,0.8823412495148814,0.010712872013414913
139,D400,D400|0|2,2.429802299,2.408346823575227,0.8789405467992213,0.010713471151778871
140,D600,D600|0|2,2.420626025,2.409267448168178,0.8793227378806272,0.01043933782952209
141,D600,D600|0|2,2.394758376,2.408546781740219,0.8790235704993445,0.010422983107344878
142,D600,D600|0|2,2.384010172,2.3912539165770617,0.8718178796495255,0.01042263319474749
143,D600,D600|0|2,2.418643886,2.4079217412458465,0.8787640274358332,0.010536854871489957
144,D600,D600|0|2,2.39934375,2.39198384834316,0.8721230837006883,0.010637295995027898
145,D800,D800|0|2,2.360297782,2.3414147191550385,0.8507553275197316,0.010181080107741648
146,D800,D800|0|2,2.375450943,2.3409667805848557,0.8505639981410494,0.010188069561837943
147,D800,D800|0|2,2.371242957,2.3596694624036134,0.858521550924885,0.010049720079226688
148,D800,D800|0|2,2.383375605,2.3462187626761963,0.8528049951064354,0.010162755970094762
149,D800,D800|0|2,2.365110163,2.356925877582883,0.8573581756796479,0.010055373367998754
150,S50,S50|0|2,2.38150949,2.3555294638956914,0.8567655276323454,0.013120477826118738
151,S50,S50|0|2,2.394125437,2.361087712007277,0.8591224077764174,0.013351435114455308
152,S50,S50|0|2,2.396222224,2.3637163245685207,0.8602350942760459,0.013653412183787442
153,S50,S50|0|2,2.392269046,2.3592350293110353,0.8583374263703116,0.013537886911217626
154,S50,S50|0|2,2.369866879,2.360212474736617,0.8587516466529693,0.013779266025731469
155,S100,S100|0|2,2.374401007,2.3808341011851972,0.8674508889685378,0.012801809887046801
156,S100,S100|0|2,2.370325356,2.3812513116150407,0.8676261107021883,0.01299034734009742
157,S100,S100|0|2,2.391706078,2.3874097371280074,0.8702089862195359,0.013540292320019966
158,S100,S100|0|2,2.424080577,2.390405227953641,0.8714629030162357,0.013326734536899275
159,S100,S100|0|2,2.379081599,2.375385834369343,0.8651598808685294,0.012663314942774465
160,S200,S200|0|2,2.41122508,2.371530920873113,0.8635357047801686,0.011103809516154499
161,S200,S200|0|2,2.384056674,2.3736804657321273,0.864441689711467,0.011222373277787209
162,S200,S200|0|2,2.375336473,2.3795256650476464,0.8669011674202709,0.011443436930418674
163,S200,S200|0|2,2.354090276,2.3749422047150586,0.8649731023336897,0.011515961273429775
164,S200,S200|0|2,2.349382093,2.372487940497832,0.86393916845334,0.011495479697396501
165,S400,S400|0|2,2.333697666,2.3656988086009028,0.8610734576223271,0.010203436489479372
166,S400,S400|0|2,2.347239773,2.356806447148178,0.8573075022741581,0.010239846838972033
167,S400,S400|0|2,2.35748471,2.3651581939898434,0.8608449093431818,0.01020310291677509
168,S400,S400|0|2,2.334848634,2.3574019787642846,0.8575601561941677,0.01022305925410034
169,S400,S400|0|2,2.323961879,2.364392478527845,0.860521108829472,0.01020497241274484
170,S600,S600|0|2,2.352788986,2.3589115224059243,0.8582002933236493,0.010463680852686523
171,S600,S600|0|2,2.360231398,2.361383088818305,0.8592475019586245,0.010438565087414711
172,S600,S600|0|2,2.337840207,2.3580591795902115,0.8578388991667474,0.010464683972102744
173,S600,S600|0|2,2.352483628,2.361736918113073,0.859397330586697,0.010420388092295459
174,S600,S600|0|2,2.358437625,2.3604499598080904,0.8588522617996639,0.010426361064041803
175,S800,S800|0|2,2.327082283,2.302950245432498,0.8341910163639651,0.01260934919894537
176,S800,S800|0|2,2.375686483,2.306394894117929,0.835685653550986,0.012688298467371498
177,S800,S800|0|2,2.357065093,2.3056224489112354,0.8353506829051864,0.0125527407286381
178,S800,S800|0|2,2.344086808,2.308962114759955,0.8367981225980612,0.012325168481513818
179,S800,S800|0|2,2.371926086,2.3140895659087453,0.8390163341195473,0.011963786997037028
180,D50,D50|0|3,2.712659774,2.7009363490788734,0.9935985088456036,0.012641628862308659
181,D50,D50|0|3,2.725048716,2.704576209439861,0.9949452306862081,0.012661628761755427
182,D50,D50|0|3,2.731434141,2.697404777672777,0.992290117313101,0.012637682638989576
183,D50,D50|0|3,2.738759908,2.685060311582842,0.9877031901230182,0.01273185164869088
184,D50,D50|0|3,2.737732498,2.6681195652732,0.9813739416193994,0.013167361901696305
185,D100,D100|0|3,2.675096745,2.7775930842205727,1.0215847556408508,0.01821454673344025
186,D100,D100|0|3,2.867247482,2.768959158079517,1.0184714943796198,0.018247923760342875
187,D100,D100|0|3,2.696871146,2.75772152516218,1.0144048044263867,0.018181571874797357
188,D100,D100|0|3,2.647227765,2.760770670694532,1.0155098692645446,0.018186312886627337
189,D100,D100|0|3,2.657785564,2.7773613527192738,1.0215013232728398,0.01830385516921691
190,D200,D200|0|3,2.748276141,2.7460375025274457,1.010158964400171,0.012851362709430266
191,D200,D200|0|3,2.682650303,2.755541701058156,1.0136140479802793,0.012849406628297462
192,D200,D200|0|3,2.701945369,2.7515607968996565,1.0121683131847616,0.013027162444961571
193,D200,D200|0|3,2.740214864,2.7395924964646885,1.0078091854214835,0.012970168376480823
194,D200,D200|0|3,2.744762506,2.760080309306039,1.0152597768803842,0.012882698208737572
195,D400,D400|0|3,2.766825409,2.778876073917904,1.0220465559977385,0.01133902843595444
196,D400,D400|0|3,2.901334736,2.722168717060636,1.0014288850639834,0.0121020886065796
197,D400,D400|0|3,2.782567861,2.658148843123734,0.9776299568886528,0.01377623829394693
198,D400,D400|0|3,2.801594694,2.6689526152648515,0.9816861165236304,0.01309892478472954
199,D400,D400|0|3,2.750904643,2.654266254523411,0.9761682528537665,0.0142368337976269
200,D600,D600|0|3,2.782887365,2.6941822877122954,0.9910947400317451,0.01016411544774724
201,D600,D600|0|3,2.84132757,2.691104008320823,0.9899515214329483,0.010160860415768525
202,D600,D600|0|3,2.766425103,2.688848359390906,0.9891129827590279,0.010158841171827035
203,D600,D600|0|3,2.732959456,2.6736609755411287,0.98344868512987,0.010171722723051191
204,D600,D600|0|3,2.763235638,2.683299532827096,0.9870472062210744,0.010157536157002333
205,D800,D800|0|3,2.63522,2.7589692815762374,1.0148571612754638,0.010196914559660411
206,D800,D800|0|3,2.651727808,2.780573229544586,1.022657104124635,0.01027650509870319
207,D800,D800|0|3,2.695769239,2.768304957568839,1.0182352042189704,0.010272368823922441
208,D800,D800|0|3,2.623911376,2.7701143544096354,1.018888602527494,0.01023995622730424
209,D800,D800|0|3,2.604061726,2.7608495898484917,1.015538454770335,0.010354409637695404
210,S50,S50|0|3,2.731521141,2.627389206831002,0.9659906561172248,0.012616901031694614
211,S50,S50|0|3,2.632174683,2.6283776186444068,0.9663667808038324,0.012832412007888963
212,S50,S50|0|3,2.697323437,2.6462999862198693,0.9731624327433739,0.01278236198372154
213,S50,S50|0|3,2.665334753,2.633712169257432,0.9683943222010866,0.012664431802559608
214,S50,S50|0|3,2.709654543,2.628218904841293,0.9663063942771309,0.012700806555623561
215,S100,S100|0|3,2.644428335,2.673097253393489,0.9832378201063955,0.012084577697932926
216,S100,S100|0|3,2.67892849,2.6781642790252826,0.9851315893103283,0.012088470682364703
217,S100,S100|0|3,2.651410329,2.6753109902251238,0.9840656316186127,0.012254418047036565
218,S100,S100|0|3,2.645760415,2.6624049353038055,0.979229825347889,0.012042261547743325
219,S100,S100|0|3,2.649109535,2.660680098786272,0.9785817663494498,0.012783914523118223
220,S200,S200|0|3,2.67459967,2.7210367552771815,1.0010129677132513,0.010602636934268028
221,S200,S200|0|3,2.653136363,2.718556516780742,1.000101047080854,0.010955156126679595
222,S200,S200|0|3,2.703511806,2.718125425549379,0.9999424609296539,0.010813414099444373
223,S200,S200|0|3,2.650051828,2.721251652792793,1.0010919409317247,0.010792475917063478
224,S200,S200|0|3,2.691075341,2.721338748135599,1.0011239460382633,0.01087144618933807
225,S400,S400|0|3,2.800140568,2.6892989474751583,0.9892805453264315,0.010416037825980181
226,S400,S400|0|3,2.686679766,2.680611856972218,0.986045073305561,0.010418829920710184
227,S400,S400|0|3,2.64679232,2.6871001641088896,0.9884626062399833,0.01034771608183352
228,S400,S400|0|3,2.721755729,2.690735423818857,0.9898145480032541,0.010394319792196446
229,S400,S400|0|3,2.689948259,2.6886219272983394,0.9890287676613598,0.010409153957212912
230,S600,S600|0|3,2.647347587,2.6793795960438436,0.9855852737103991,0.010345511429805408
231,S600,S600|0|3,2.628741468,2.6756129077917503,0.9841784785111125,0.010402601608239843
232,S600,S600|0|3,2.6300257,2.682052461860737,0.9865823453917939,0.010381297780432262
233,S600,S600|0|3,2.653703494,2.6691499014146625,0.9817600327323522,0.010393170886540138
234,S600,S600|0|3,2.628540977,2.6609060243226765,0.9786666754465925,0.010410423147726536
235,S800,S800|0|3,2.664593931,2.636080325707913,0.969293088751062,0.010780176369457283
236,S800,S800|0|3,2.656532806,2.639298564704492,0.9705131866673127,0.010853343388398001
237,S800,S800|0|3,2.702334908,2.6395914664941245,0.9706241576434844,0.010809060046195203
238,S800,S800|0|3,2.646022521,2.624117507336759,0.9647446518386051,0.010878986405439323
239,S800,S800|0|3,2.700193466,2.6331211998479365,0.9681699105402042,0.01086421087295836
240,D50,D50|0|4,2.994801895,2.9769367127224395,1.0908948230647868,0.013946681063490328
241,D50,D50|0|4,3.017042885,2.9935922071593217,1.0964740733673175,0.013609875926656297
242,D50,D50|0|4,3.041828615,2.9102792360421366,1.06824903398258,0.014029655375734565
243,D50,D50|0|4,2.99137326,2.94774702896761,1.081041159575778,0.013911704070627697
244,D50,D50|0|4,2.98648365,2.9181252641198343,1.070941377253177,0.01424285018363076
245,D100,D100|0|4,2.991563797,2.985222631454968,1.093674327465361,0.018717317583955607
246,D100,D100|0|4,3.009996481,2.985298141306982,1.0936996216917416,0.019234186535321707
247,D100,D100|0|4,2.962123796,2.988725893474095,1.094847174002652,0.018966236941694862
248,D100,D100|0|4,2.956168224,2.990807289256676,1.0955433473670397,0.01885053539978865
249,D100,D100|0|4,2.915595762,2.9976604380862275,1.0978321304525562,0.018880368559218694
250,D200,D200|0|4,3.125488432,3.1317081231535946,1.1415785819448017,0.014053792429745115
251,D200,D200|0|4,2.986670763,3.136370179813822,1.1430661375542177,0.014245894401946528
252,D200,D200|0|4,3.122846689,3.063091644175182,1.1194247471468264,0.013620580430516697
253,D200,D200|0|4,3.025946716,3.123060671132762,1.1388135053081252,0.014226977712196668
254,D200,D200|0|4,3.063166499,3.1385158819570753,1.143750039128131,0.014347392335222992
255,D400,D400|0|4,3.154841788,3.1036564202599233,1.1325809068452026,0.01178816154591271
256,D400,D400|0|4,3.024652821,3.121360435904901,1.1382689439338254,0.011879634376122286
257,D400,D400|0|4,3.205285799,3.116104236811638,1.136583579570827,0.01169276132420934
258,D400,D400|0|4,3.203743204,3.0938026065651187,1.1294009513325551,0.011859644770733641
259,D400,D400|0|4,3.038918026,3.1187479524429707,1.1374316239861642,0.011841369386603844
260,D600,D600|0|4,3.342236258,3.106029526419306,1.1333452309335024,0.01100425998325558
261,D600,D600|0|4,3.081920399,3.0829893195664493,1.125899684599099,0.011066816759934577
262,D600,D600|0|4,3.123416728,3.105918151244914,1.1333093725585826,0.010985439530412531
263,D600,D600|0|4,3.124444876,3.1001399660267346,1.1314472608030597,0.011023856511131124
264,D600,D600|0|4,3.296475183,3.1022936756842894,1.1321417332854837,0.010961713606164615
265,D800,D800|0|4,3.007268472,3.051314135547919,1.1155723619381035,0.01012736318360377
266,D800,D800|0|4,3.095796473,3.044668698009572,1.113392093275197,0.010120204867236825
267,D800,D800|0|4,2.985437636,3.034210666737179,1.109951313828009,0.010127970255953217
268,D800,D800|0|4,3.011094667,3.0288970570534093,1.1081985456813073,0.010139551609651864
269,D800,D800|0|4,3.168463788,3.0320627391945707,1.1092431599125359,0.01010273524797896
270,S50,S50|0|4,2.959020881,2.874102722644988,1.055740529065766,0.02216171491341992
271,S50,S50|0|4,2.959927376,2.896208251922648,1.0634023821323404,0.017693156797392365
272,S50,S50|0|4,3.018549894,2.8808790508889013,1.0580954735789652,0.015215900241504782
273,S50,S50|0|4,2.976615558,2.8996314289735707,1.0645836354579812,0.017379048391099893
274,S50,S50|0|4,2.981243906,2.883858369391072,1.0591291091291115,0.01676334775173965
275,S100,S100|0|4,2.939393159,3.002608589020199,1.0994814405195852,0.012482976608161275
276,S100,S100|0|4,2.929744229,2.9998442866671478,1.0985603828767434,0.01359354709727467
277,S100,S100|0|4,3.000321687,2.995340490976136,1.0970579115750902,0.013428833650662463
278,S100,S100|0|4,3.087471777,3.002234474615153,1.0993568362954398,0.012448763816044345
279,S100,S100|0|4,3.109757546,2.999993050175127,1.0986099720571354,0.012595622321467551
280,S200,S200|0|4,2.983634778,2.962899957872587,1.086168504225464,0.011270604018251617
281,S200,S200|0|4,3.076031721,2.9228109837907614,1.0725458188965116,0.011721890447451403
282,S200,S200|0|4,2.978891815,2.939955728718967,1.0783945229783587,0.011493612208506608
283,S200,S200|0|4,3.074036077,2.9361649008428525,1.0771042743122783,0.01157318057721901
284,S200,S200|0|4,3.157526941,2.9619862244132116,1.0858600650627501,0.011305969901897837
285,S400,S400|0|4,2.893415666,3.0262963450510463,1.1073395435026558,0.010223571193666318
286,S400,S400|0|4,2.835511238,3.0070163791565685,1.1009483510007252,0.01023081016147558
287,S400,S400|0|4,2.874224375,2.9877294225786124,1.094513708477681,0.010249546058558703
288,S400,S400|0|4,2.877137236,2.9878667962113514,1.0945596866956642,0.010253563455869736
289,S400,S400|0|4,2.934912279,3.0307263142752716,1.1088022984775896,0.010236683435050442
290,S600,S600|0|4,2.909473986,2.9166221038018794,1.0704261328881943,0.01057646850147549
291,S600,S600|0|4,3.056239128,2.930382232367063,1.0751328692532833,0.01065951997064085
292,S600,S600|0|4,3.048550845,2.8974246778034436,1.0638223003126686,0.010481254421654313
293,S600,S600|0|4,3.107367274,2.914260269945019,1.0696160208555239,0.010598591024486835
294,S600,S600|0|4,2.952127628,2.8966219212581126,1.0635452032832462,0.010483580606896864
295,S800,S800|0|4,2.823288905,2.8864363986959107,1.060022661219597,0.014757769545230802
296,S800,S800|0|4,2.863719184,2.8892088610941453,1.060982714161382,0.014343946164216735
297,S800,S800|0|4,2.851970661,2.8969476844725244,1.06365766010587,0.012980728541412835
298,S800,S800|0|4,2.838814561,2.8877923379174506,1.060492313292043,0.013560703317963373
299,S800,S800|0|4,2.819979547,2.9052475114442857,1.0665185885485098,0.01204926607294271
300,D50,D50|20|0,1.552767498,1.5883829143193087,0.4627164636817943,0.015524134174590854
301,D50,D50|20|0,1.548674901,1.5876479733463302,0.46225365899752596,0.015513623947338533
302,D50,D50|20|0,1.557422765,1.5824009097558973,0.4589432568077185,0.015144431891921186
303,D50,D50|20|0,1.562692913,1.5901336913971207,0.46381809533709173,0.015871182537655387
304,D50,D50|20|0,1.558102838,1.5880247068488296,0.46249092117294854,0.01546380843632838
305,D100,D100|20|0,1.572517305,1.5467425481703536,0.4361511376836261,0.018747988099106754
306,D100,D100|20|0,1.578127171,1.5467915486637729,0.436182816981083,0.01875202046412185
307,D100,D100|20|0,1.571879021,1.5441522703731265,0.43447506744786557,0.018988529366425356
308,D100,D100|20|0,1.585865962,1.5430417032841115,0.43375560041962125,0.019097166215313616
309,D100,D100|20|0,1.566831298,1.5435261740981179,0.43406952244384445,0.019083453894229628
310,D200,D200|20|0,1.566116653,1.5670631963983501,0.44920329210652155,0.012985888499659178
311,D200,D200|20|0,1.576968715,1.5670268493373278,0.449180097456404,0.012981981791575427
312,D200,D200|20|0,1.576836284,1.5669716333396102,0.44914486068266035,0.012987321163776646
313,D200,D200|20|0,1.583116266,1.5671519749551635,0.4492599433266729,0.013002641079310661
314,D200,D200|20|0,1.576286602,1.5671366682597643,0.449250176073467,0.013100362997445414
315,D400,D400|20|0,1.567755435,1.5699660360460173,0.45105398603450925,0.010912572155580377
316,D400,D400|20|0,1.562605939,1.5696103039247915,0.4508273744893659,0.010872761893958367
317,D400,D400|20|0,1.567598269,1.5696846383396266,0.45087473188407784,0.01086498641645349
318,D400,D400|20|0,1.55788804,1.5690725934200287,0.45048473999737687,0.011659417832866156
319,D400,D400|20|0,1.555636875,1.5673013638493978,0.4493552638678965,0.013209167812647258
320,D600,D600|20|0,1.568956739,1.5750439878811435,0.45428320070101874,0.011015143400173885
321,D600,D600|20|0,1.571242561,1.574761614583098,0.4541039050018932,0.011162889893165003
322,D600,D600|20|0,1.573089533,1.5725922251418707,0.45272535661155705,0.010165658943058672
323,D600,D600|20|0,1.568257404,1.5718924778165055,0.4522802933321857,0.010041706153818854
324,D600,D600|20|0,1.575665406,1.5734675020781146,0.45328178403806374,0.010619128472930252
325,D800,D800|20|0,1.561065551,1.5679901446858893,0.44979463663160735,0.010047072702939907
326,D800,D800|20|0,1.571763461,1.5673106217640964,0.44936117076466153,0.010155403886727383
327,D800,D800|20|0,1.576918877,1.5677720296229247,0.44965552208707754,0.010050738025449908
328,D800,D800|20|0,1.581314446,1.5680169752230722,0.44981174790473755,0.010052126581558716
329,D800,D800|20|0,1.566478551,1.5687885578852787,0.4503037023275566,0.009961857901014167
330,S50,S50|20|0,1.553567545,1.593195810236226,0.4657419425429751,0.016444487904005864
331,S50,S50|20|0,1.564751479,1.5771146258314308,0.4555969913453818,0.01220954393879582
332,S50,S50|20|0,1.551504027,1.5778068160806753,0.4560357916598084,0.012560590279043507
333,S50,S50|20|0,1.564022461,1.5781568684374914,0.456257627139075,0.012972609063402462
334,S50,S50|20|0,1.570885043,1.5771874939381805,0.45564319370900824,0.012648036700078788
335,S100,S100|20|0,1.566786998,1.573390008057684,0.453232532351137,0.01175850270036734
336,S100,S100|20|0,1.57161871,1.5733782387332886,0.45322505208981967,0.011813581425730918
337,S100,S100|20|0,1.576159572,1.5734200276176393,0.4532516117106254,0.011956980777094447
338,S100,S100|20|0,1.574140115,1.5733212153233402,0.45318880877469725,0.012153290934162151
339,S100,S100|20|0,1.575161986,1.5734972934877571,0.45330071746222245,0.012156301618004012
340,S200,S200|20|0,1.55049502,1.5691137275381257,0.45051095521463447,0.010438935591291963
341,S200,S200|20|0,1.55748727,1.5709701010091337,0.4516933272713288,0.010545644465474768
342,S200,S200|20|0,1.552948023,1.570556594593866,0.45143007538285396,0.01049683824436305
343,S200,S200|20|0,1.570748186,1.5715718845865518,0.45207631886700667,0.010540080123798234
344,S200,S200|20|0,1.560910389,1.5714837325243238,0.4520202256424572,0.010540552172916575
345,S400,S400|20|0,1.569008578,1.5694102134691499,0.4506998885715111,0.01011309543422119
346,S400,S400|20|0,1.576788168,1.5679383038606367,0.4497615741264464,0.010287844987570518
347,S400,S400|20|0,1.590173634,1.568897999895981,0.4503734620111524,0.010114858407793076
348,S400,S400|20|0,1.579849587,1.568933483696678,0.45039607877746635,0.010116974461599454
349,S400,S400|20|0,1.569267854,1.569240078662284,0.4505914758519041,0.010110562432243833
350,S600,S600|20|0,1.587079653,1.5724437047978892,0.4526309091410668,0.01031367732357314
351,S600,S600|20|0,1.567946889,1.5717865340199466,0.4522128921781874,0.01035949938006157
352,S600,S600|20|0,1.571871059,1.5722967896154443,0.4525374736523116,0.010323375010291925
353,S600,S600|20|0,1.569880939,1.5734915548693238,0.4532970704086676,0.010354438460489925
354,S600,S600|20|0,1.566603451,1.572417454228748,0.45261421487838577,0.01031669390954281
355,S800,S800|20|0,1.561161878,1.5738444668778857,0.4535213311851481,0.01099361572409752
356,S800,S800|20|0,1.567127956,1.5731470226017878,0.45307808607956185,0.010911446963571903
357,S800,S800|20|0,1.5717416,1.5708038684390824,0.4515875064377341,0.010731015358691191
358,S800,S800|20|0,1.580639482,1.5715755043387913,0.45207862213299554,0.01075717617430681
359,D50,D50|20|1,2.106587464,2.07100615099213,0.728034552468008,0.021344349831381688
360,D50,D50|20|1,2.117544335,2.0021576953437275,0.6942254466938824,0.028855823902272742
361,D50,D50|20|1,2.118184975,2.0187567275918226,0.7024818405365014,0.027128854568471916
362,D50,D50|20|1,2.099811401,2.0113418989193086,0.6988021107202692,0.02505526986314574
363,D50,D50|20|1,2.091618493,2.0740140127255104,0.7294858661613246,0.01867195208838584
364,D100,D100|20|1,2.060357876,2.02447493501586,0.7053103755864958,0.019740284930827606
365,D100,D100|20|1,2.051589607,2.0516324801306074,0.7186358080174293,0.019467894037654383
366,D100,D100|20|1,2.058574592,2.0267742145841874,0.7064454723086654,0.019681467761667345
367,D100,D100|20|1,2.052924413,2.0205179263443105,0.7033538777288129,0.019721476009297582
368,D100,D100|20|1,2.049683521,2.034104020207157,0.7100554370302099,0.019568935177277764
369,D200,D200|20|1,2.057366791,2.0629721618130272,0.7241477399665751,0.013219321198602252
370,D200,D200|20|1,2.058764596,2.0635264709637413,0.7244163983151545,0.013113421296831854
371,D200,D200|20|1,2.057642712,2.073542564580004,0.7292585283836476,0.013458780859227167
372,D200,D200|20|1,2.069375924,2.071338097411289,0.7281948223055512,0.013140667130732659
373,D200,D200|20|1,2.056356092,2.0755766012600083,0.7302389952064358,0.013125874315459305
374,D400,D400|20|1,2.0430377,2.066035336063922,0.7256314741639223,0.012110781762313196
375,D400,D400|20|1,2.067464556,2.0189603181635314,0.7025826849342511,0.013243478407596689
376,D400,D400|20|1,2.05092407,2.0685337770785988,0.7268400360480816,0.01190876605078362
377,D400,D400|20|1,2.046116935,2.045593500025511,0.7156879674504439,0.012383378929679459
378,D400,D400|20|1,2.040174013,2.061621783117129,0.723492946422204,0.011817747478620116
379,D600,D600|20|1,2.030799499,2.0264861977304887,0.7063033561725749,0.010184897087653253
380,D600,D600|20|1,2.029389278,2.0237973046161315,0.7049756004696331,0.010118649333756636
381,D600,D600|20|1,2.035717652,2.0252024979573786,0.7056696945502346,0.010170739506595519
382,D600,D600|20|1,2.032341943,2.0345679689957876,0.7102834961079004,0.010385566065861294
383,D600,D600|20|1,2.038835416,2.026062147385559,0.7060940802748606,0.01017257630901192
384,D800,D800|20|1,2.00530262,2.013733215262037,0.6999903204089033,0.009993967725856352
385,D800,D800|20|1,2.009512232,2.0039402186566355,0.695115351768002,0.010222832027199482
386,D800,D800|20|1,2.00461922,2.00445906271459,0.6953742302002299,0.011526044957924106
387,D800,D800|20|1,2.017234302,2.011039566797091,0.6986517857819888,0.01003707250852174
388,D800,D800|20|1,2.007206069,1.9993673478268856,0.6928308044317384,0.011149281151447485
389,S50,S50|20|1,2.034582604,2.011905001639584,0.6990820352378893,0.013504412524130545
390,S50,S50|20|1,2.023307961,2.0120805145392904,0.6991692686034726,0.013596421260616012
391,S50,S50|20|1,2.025826924,2.012685925258457,0.6994701112649231,0.013810928289326656
392,S50,S50|20|1,2.013036975,2.0135331484117294,0.6998909642539309,0.014044289089151884
393,S50,S50|20|1,2.03287125,2.0103282796959334,0.6982980319670051,0.014121266737923781
394,S100,S100|20|1,2.019725426,2.028294565530654,0.7071953244567526,0.012346993022570371
395,S100,S100|20|1,2.039797618,2.0384885015432856,0.7122086026153395,0.011747955036191731
396,S100,S100|20|1,2.036185006,2.0273884921603194,0.7067485077935565,0.012291414583424191
397,S100,S100|20|1,2.03838733,2.0263389908383376,0.7062307120858616,0.012482077654773601
398,S100,S100|20|1,2.036193882,2.027555728893121,0.7068309931367719,0.012067468362476552
399,S200,S200|20|1,2.012022796,2.0120502715724657,0.6991542377963579,0.011019822954713904
400,S200,S200|20|1,2.023972604,2.013997881872336,0.7001217425938989,0.010929139346268409
401,S200,S200|20|1,2.013429352,2.0104750878178153,0.69837105624028,0.011223165443720616
402,S200,S200|20|1,2.013525821,2.0076792298443564,0.6969794429752685,0.011222930597604023
403,S200,S200|20|1,2.013365047,2.010880773126444,0.698572821676632,0.011226646435534466
404,S400,S400|20|1,2.000918649,2.010489467480663,0.6983782085852709,0.010191184488198595
405,S400,S400|20|1,2.006587247,2.0126579272397285,0.6994562003943218,0.010107883937063319
406,S400,S400|20|1,2.007552339,2.016437165339702,0.7013321745877746,0.010113887814723261
407,S400,S400|20|1,2.016135748,2.0059476600407344,0.6961165974948302,0.01015264872628747
408,S400,S400|20|1,2.007400124,2.0202779678735046,0.7032351098041912,0.010183273505840106
409,S600,S600|20|1,2.002293432,2.0045258772760235,0.6954075626085275,0.010304243020756162
410,S600,S600|20|1,2.009319501,2.010412666438625,0.698340007684334,0.0102710273846578
411,S600,S600|20|1,2.017374996,2.005762551782065,0.6960243135316192,0.010300029595541264
412,S600,S600|20|1,2.016442329,2.0041869735417044,0.6952384790409393,0.010327244154363868
413,S600,S600|20|1,2.004084507,2.000008840828003,0.6931516009641767,0.010304819798353857
414,S800,S800|20|1,2.007171096,2.0134004544648865,0.6998250610332788,0.010777744963470308
415,S800,S800|20|1,2.008164277,2.009561684528934,0.6979166308922917,0.010753946290696917
416,S800,S800|20|1,2.006201599,2.0123330825457377,0.6992947865208963,0.010759191560935095
417,S800,S800|20|1,2.010861938,2.0128380766183973,0.6995457045839255,0.010806213580872904
418,S800,S800|20|1,2.001144559,2.0110932507266948,0.698678480041996,0.010792868963058583
419,D50,D50|20|2,2.484568666,2.3346863136093585,0.8478775410296354,0.022026901536099118
420,D50,D50|20|2,2.497363881,2.3387012290830973,0.8495957449769033,0.0213787866964025
421,D50,D50|20|2,2.49842825,2.3354868436301692,0.8482203677307868,0.02161234957327524
422,D50,D50|20|2,2.461581844,2.345827274496659,0.8526381219865452,0.020505677042328606
423,D50,D50|20|2,2.435941445,2.4107495597156254,0.8799377197745645,0.014024293749178485
424,D100,D100|20|2,2.40022232,2.42605284352984,0.8862655924486207,0.018704896479263235
425,D100,D100|20|2,2.377815583,2.393028994176288,0.8725599250986722,0.018772773142210077
426,D100,D100|20|2,2.394952399,2.394553960601028,0.8731969757736029,0.018753354329358464
427,D100,D100|20|2,2.394366926,2.393799290970234,0.8728817652628515,0.018723483630048627
428,D100,D100|20|2,2.379854414,2.396978082442964,0.8742088116653299,0.018738886451621042
429,D200,D200|20|2,2.376433228,2.3723252463663203,0.8638705907769729,0.013085428738793243
430,D200,D200|20|2,2.409641323,2.3896778672302674,0.8711585732736334,0.013158401306380619
431,D200,D200|20|2,2.405379084,2.412712725791166,0.8807517268374329,0.012968869030999919
432,D200,D200|20|2,2.374945926,2.3851495177686677,0.8692618132636432,0.013080551004899724
433,D200,D200|20|2,2.383753703,2.377726497452076,0.8661447779669087,0.013011810177655871
434,D400,D400|20|2,2.422115978,2.360892573034259,0.8590397564473776,0.013477673855352312
435,D400,D400|20|2,2.412479091,2.4014867823075794,0.8760880381757109,0.011988313879538753
436,D400,D400|20|2,2.389934264,2.3755708346096482,0.8652377600214195,0.012738604053885777
437,D400,D400|20|2,2.384713733,2.3624738433812498,0.8597093087398142,0.013308129021652494
438,D400,D400|20|2,2.399226086,2.411036810224357,0.8800568666993899,0.011769510063008944
439,D600,D600|20|2,2.360350625,2.3340560525229277,0.8476075492242056,0.01010380457852683
440,D600,D600|20|2,2.354270436,2.3363028846441676,0.8485697160832433,0.010111532956756535
441,D600,D600|20|2,2.37100385,2.3359082745512967,0.8484007981639268,0.010114634991270514
442,D600,D600|20|2,2.328001537,2.3255464234314815,0.8439550322569953,0.010118994854844651
443,D600,D600|20|2,2.321628667,2.31925857248973,0.8412475537779927,0.010122894784300063
444,D800,D800|20|2,2.324864186,2.3496494815611815,0.8542661602486126,0.010499544961848026
445,D800,D800|20|2,2.332444837,2.347070567647001,0.8531679835864568,0.010601425461729349
446,D800,D800|20|2,2.333356188,2.3644313469007305,0.8605375477471909,0.010421556545791383
447,D800,D800|20|2,2.344244002,2.354416998504496,0.8562931377991428,0.010448472502235203
448,D800,D800|20|2,2.392456042,2.3665556375303765,0.8614355805591178,0.010403257853141916
449,S50,S50|20|2,2.358059239,2.291634572672469,0.8292653501344458,0.012830585578294803
450,S50,S50|20|2,2.359048519,2.3036564234804855,0.8344976099606292,0.013145614810743797
451,S50,S50|20|2,2.346389412,2.3007062579186064,0.8332161444594356,0.01303208055761767
452,S50,S50|20|2,2.368014463,2.305553452894484,0.8353207573424989,0.013200307704657912
453,S50,S50|20|2,2.377940402,2.305401065200909,0.8352546592306946,0.013211913410861791
454,S100,S100|20|2,2.355055985,2.342696515855237,0.8513026231187827,0.012235483571984779
455,S100,S100|20|2,2.34418626,2.3458986539896345,0.8526685498052493,0.012269049699094137
456,S100,S100|20|2,2.350460873,2.345543155492981,0.8525169978893263,0.012203178758969325
457,S100,S100|20|2,2.354754656,2.343445693504857,0.8516223648690464,0.01199919280374523
458,S100,S100|20|2,2.348310931,2.3448819398309824,0.8522350551430121,0.012046881424049423
459,S200,S200|20|2,2.31502858,2.3187268598606905,0.8410182677489076,0.011206170920960984
460,S200,S200|20|2,2.327331882,2.320912505822445,0.8419604298227955,0.01109834565517451
461,S200,S200|20|2,2.321342581,2.323517598463381,0.8430822436323019,0.011137384955135025
462,S200,S200|20|2,2.354421515,2.3431206764941903,0.8514836633184748,0.010694591868105533
463,S200,S200|20|2,2.346264224,2.3407701006331236,0.8504799780618191,0.010660544096914774
464,S400,S400|20|2,2.302433632,2.3024849583807177,0.8339889563923133,0.010214021514288877
465,S400,S400|20|2,2.301666197,2.305789525766874,0.8354231452471454,0.01020527087964726
466,S400,S400|20|2,2.301228007,2.308907927507932,0.8367746540935214,0.01020178023214971
467,S400,S400|20|2,2.312349059,2.2984075553706202,0.8322165159080569,0.010236426496692782
468,S400,S400|20|2,2.29357413,2.3127798032217597,0.8384501790728072,0.010180836004160702
469,S600,S600|20|2,2.306805401,2.2975213154413603,0.8318308528722893,0.010270096563749146
470,S600,S600|20|2,2.300352377,2.298901540819792,0.8324314179043059,0.010259415981303508
471,S600,S600|20|2,2.312753062,2.3051761749922988,0.8351571051948017,0.010277965983203931
472,S600,S600|20|2,2.305671252,2.301170597324792,0.8334179488198598,0.010259875175001766
473,S600,S600|20|2,2.308124581,2.3022092632990585,0.8338692111633292,0.010282223812944025
474,S800,S800|20|2,2.283433535,2.288726906116066,0.8279957267824676,0.010874206583037383
475,S800,S800|20|2,2.28344892,2.288001901915469,0.8276789047739669,0.01111477552314675
476,S800,S800|20|2,2.305620968,2.28830482625505,0.8278112929017811,0.010992685564615214
477,S800,S800|20|2,2.285418849,2.2987860481235054,0.8323811784332341,0.01068791539930681
478,S800,S800|20|2,2.29616334,2.305407347633789,0.8352573843202311,0.010683492233337612
479,D50,D50|20|3,2.690730088,2.7017807583628177,0.9939110957436504,0.012752847842508387
480,D50,D50|20|3,2.738434207,2.7903473125501876,1.0261660728706998,0.01403608440433556
481,D50,D50|20|3,2.817365633,2.7618574812711616,1.0159034538263705,0.01638502923309326
482,D50,D50|20|3,2.759699812,2.7775673300045716,1.0215754834636026,0.014171152497386328
483,D50,D50|20|3,2.814001244,2.698714128252936,0.9927754107725977,0.025338463373076832
484,D100,D100|20|3,2.632649339,2.6724018457423493,0.9829776357373905,0.018887818810723718
485,D100,D100|20|3,2.670840698,2.680589227978017,0.9860366315426641,0.018795063821850512
486,D100,D100|20|3,2.656750954,2.6759959750457614,0.9843216381713387,0.018919643256393705
487,D100,D100|20|3,2.667506004,2.6880194769016583,0.9888046685058046,0.01879089901672532
488,D100,D100|20|3,2.657418213,2.6797672574974314,0.9857299465342116,0.01877757868186827
489,D200,D200|20|3,2.588700967,2.6116513316466947,0.9599827153855693,0.01330634575180863
490,D200,D200|20|3,2.613579889,2.6531074654227442,0.9757315814677944,0.012986086981306212
491,D200,D200|20|3,2.697432993,2.712619794143648,0.9979148816309824,0.013049467113565843
492,D200,D200|20|3,2.669193554,2.7117633255491636,0.9975990969296799,0.012971629151185353
493,D200,D200|20|3,2.699238938,2.7160328442824992,0.9991723025108494,0.013010912621236196
494,D400,D400|20|3,2.610637885,2.64739392951872,0.9735757332975183,0.010602016832491035
495,D400,D400|20|3,2.659162876,2.6471282414610546,0.9734753699222001,0.010588857269630587
496,D400,D400|20|3,2.621120179,2.6496398729748885,0.97442373377269,0.010608925808455807
497,D400,D400|20|3,2.716696143,2.6852683847895946,0.9877806800565476,0.011036791570767535
498,D400,D400|20|3,2.661629247,2.6903564845892953,0.9896737069856174,0.011051577840554218
499,D600,D600|20|3,2.72971974,2.6084604326073477,0.9587601747271008,0.009930070087348534
500,D600,D600|20|3,2.633703639,2.612847974027002,0.9604408042209658,0.009923814974476726
501,D600,D600|20|3,2.607496322,2.620711386378161,0.9634458024360912,0.009962950543004256
502,D600,D600|20|3,2.586980655,2.622164171878919,0.9639999966075141,0.009960275972438483
503,D600,D600|20|3,2.621748382,2.6864373490171416,0.9882159102437273,0.010537442262059183
504,D800,D800|20|3,2.655372422,2.5811007090983904,0.9482159393856968,0.00998128881355726
505,D800,D800|20|3,2.660303152,2.5857633105752615,0.9500207489277154,0.009953824553543275
506,D800,D800|20|3,2.611077525,2.5717194167961916,0.9445747089766422,0.010184370609282513
507,D800,D800|20|3,2.607165303,2.583950441952006,0.9493194069252965,0.009980564429258732
508,D800,D800|20|3,2.65987949,2.5608397988618323,0.9403352511264087,0.010476860960569889
509,S50,S50|20|3,2.600572749,2.5039981893894945,0.917888730150328,0.012924223182061701
510,S50,S50|20|3,2.600756865,2.5003713464743567,0.9164392594331336,0.013158281616392632
511,S50,S50|20|3,2.611409827,2.503621244769885,0.9177381817209687,0.012891430143606145
512,S50,S50|20|3,2.606183706,2.4984838451850973,0.9156840859757749,0.013710696188346257
513,S50,S50|20|3,2.601032081,2.503369534977509,0.9176376383792049,0.013405932482223815
514,S100,S100|20|3,2.602353853,2.57502350357275,0.9458586616751112,0.012393657275968634
515,S100,S100|20|3,2.591555322,2.580294634685012,0.9479035919035753,0.012179576943215923
516,S100,S100|20|3,2.593729911,2.577511443814795,0.9468243767884699,0.012085904602176714
517,S100,S100|20|3,2.590178255,2.580035787071941,0.9478032697954419,0.012023375662972968
518,S100,S100|20|3,2.585105566,2.5720387957812867,0.9446988901579133,0.012042643979393168
519,S200,S200|20|3,2.549463877,2.602795546055202,0.9565860774243808,0.01113335970482351
520,S200,S200|20|3,2.553809437,2.598105907735545,0.9547826825197449,0.01117301781941627
521,S200,S200|20|3,2.557795714,2.600974293144734,0.9558861029669747,0.011222463672190977
522,S200,S200|20|3,2.566834809,2.595439529662587,0.9537558778679449,0.011279313468235557
523,S400,S400|20|3,2.593864362,2.611250581119731,0.959829256433269,0.01009550924879908
524,S400,S400|20|3,2.570231272,2.602617857555776,0.9565178067662342,0.01009411382966465
525,S400,S400|20|3,2.541498191,2.5955004938432564,0.9537793665541543,0.010109716007661605
526,S400,S400|20|3,2.548421595,2.6005869358097224,0.9557371640931722,0.010096371410992632
527,S400,S400|20|3,2.588285054,2.605562595229198,0.9576486193461411,0.010094256638758601
528,S600,S600|20|3,2.580068962,2.59887464205543,0.9550785213508226,0.01032721098090296
529,S600,S600|20|3,2.584900044,2.596675012152497,0.9542317851320388,0.010328965204991634
530,S600,S600|20|3,2.561216983,2.6034919799188523,0.9568536131163032,0.010441761620939261
531,S600,S600|20|3,2.587510212,2.6041904295719616,0.9571218513084113,0.010395450987727222
532,S600,S600|20|3,2.581396513,2.6042615273677945,0.9571491522402141,0.01042977014270312
533,S800,S800|20|3,2.560087009,2.571867106093227,0.9446321355588214,0.010767791016131244
534,S800,S800|20|3,2.596600528,2.5752947245858318,0.9459639837159317,0.010809898483291952
535,S800,S800|20|3,2.622113085,2.5737889289336,0.9453791046203557,0.01071517091059651
536,S800,S800|20|3,2.569463249,2.572324339245051,0.9448099023304847,0.010754730188885335
537,S800,S800|20|3,2.568817026,2.576582714661318,0.9464639917683393,0.010740083921148984
538,D50,D50|20|3,2.984611462,3.0152148806000034,1.1036710981536237,0.014627573556634786
539,D50,D50|20|3,3.075366021,3.027734981083049,1.1078148089849709,0.026626943706177138
540,D50,D50|20|3,3.115050296,3.0252304178831473,1.1069872597829666,0.027082507254463744
541,D50,D50|20|3,3.094452059,3.0240783627900254,1.1066063716025747,0.026080093377499346
542,D50,D50|20|3,3.004673665,3.1119900318271996,1.135262403170655,0.01742110969315863
543,D100,D100|20|3,2.895548145,2.946749882307551,1.0807028281847941,0.01974852432335844
544,D100,D100|20|3,3.084940581,2.9522217490432507,1.082558022156576,0.019720033176686146
545,D100,D100|20|3,2.95128913,2.9302875682646063,1.0751005643783509,0.01958651483163013
546,D100,D100|20|3,2.944572615,2.919692531877744,1.0714783134338979,0.019444496142687215
547,D100,D100|20|3,2.924704326,2.9210234144376233,1.071934039271328,0.01946356599564309
548,D200,D200|20|4,2.998124447,2.981206393786949,1.0923280487255536,0.013331519013017653
549,D200,D200|20|4,2.966529382,2.990089251143928,1.0953032368380087,0.0134180385267741
550,D200,D200|20|4,2.971769703,2.9778161501421256,1.0911901963393233,0.013487800776694488
551,D200,D200|20|4,2.937807548,2.980803392581922,1.0921928590093064,0.013271352482522458
552,D200,D200|20|4,2.99205482,2.986004138175641,1.0939360849752617,0.013535550531572616
553,D400,D400|20|4,3.117623303,2.957929587128218,1.0844895597889945,0.013884269232871024
554,D400,D400|20|4,3.108333693,2.930473897967743,1.0751641498712166,0.014343074671864086
555,D400,D400|20|4,3.026542576,3.0330722888379906,1.1095760625266005,0.012240354086056712
556,D400,D400|20|4,3.01931705,2.983891285225007,1.0932282491124863,0.01345292458537293
557,D400,D400|20|4,2.919158592,3.026974912257863,1.107563742016423,0.011253741845456876
558,D600,D600|20|4,2.893907337,2.975710314608553,1.0904827717116299,0.010667535812665137
559,D600,D600|20|4,2.976918996,2.972378201286584,1.0893623735663671,0.010622753172672852
560,D600,D600|20|4,3.111563662,2.972819129693204,1.0895107045242416,0.010609527276681135
561,D600,D600|20|4,2.942187821,2.9574428263771533,1.0843249849429368,0.010680679301630917
562,D600,D600|20|4,2.996728535,2.96342473079782,1.0863456031709902,0.010588416179623708
563,D800,D800|20|4,2.883213228,2.934432667277108,1.0765141355415935,0.01003108434966676
564,D800,D800|20|4,2.97817025,2.9354128678481715,1.0768481138632748,0.01003598112150883
565,D800,D800|20|4,3.035298035,2.928694437232628,1.0745567391644324,0.010030279974210738
566,D800,D800|20|4,2.975689921,2.925395114902701,1.073429553579083,0.010058621428044522
567,D800,D800|20|4,2.974881534,2.9258939166563236,1.0736000465258988,0.010029478158997681
568,S50,S50|20|4,2.764611869,2.709484784721106,0.9967585004781322,0.015753576072539795
569,S50,S50|20|4,2.784814878,2.7205703405673107,1.0008415423593815,0.015690356937797002
570,S50,S50|20|4,2.791268732,2.7294416988277734,1.004097082358788,0.01635652277174905
571,S50,S50|20|4,2.77002425,2.7303358222519765,1.0044246134454464,0.01605466496068229
572,S50,S50|20|4,2.879657362,2.7444845536453566,1.00959328087951,0.014933582636846552
573,S100,S100|20|4,2.81862213,2.8636685108731,1.0521034989893834,0.012429128731284643
574,S100,S100|20|4,2.834304486,2.8765520374899123,1.0565923677155182,0.01260092372356043
575,S100,S100|20|4,2.875183276,2.867463608119286,1.0534278787880345,0.012389575293033382
576,S100,S100|20|4,2.824508975,2.874185022302535,1.0557691635604902,0.01241087947246797
577,S100,S100|20|4,2.820972955,2.8690246764930567,1.0539721380403344,0.012525771414297601
578,S200,S200|20|4,2.957256887,2.9115557735551336,1.0686875684073278,0.011117990826988507
579,S200,S200|20|4,2.7989606,2.9164756294370315,1.0703759110775624,0.01109788740735563
580,S200,S200|20|4,2.964542875,2.9175610166567374,1.07074799898104,0.011042051182085217
581,S200,S200|20|4,3.094040534,2.9142523991085123,1.0696133200510636,0.0110336441540804
582,S200,S200|20|4,2.961390736,2.9242246065845645,1.073029353774826,0.010987192428455334
583,S400,S400|20|4,2.87458441,2.9077840718684693,1.0673913037742309,0.010165250081055108
584,S400,S400|20|4,2.947651822,2.9186971507592894,1.071137335464901,0.010239890422070597
585,S400,S400|20|4,2.9562895,2.917651606567966,1.0707790483761812,0.010158314705529815
586,S400,S400|20|4,2.963229596,2.9136961927821283,1.069422444541679,0.010159777945366918
587,S400,S400|20|4,3.031494443,2.9070090683999408,1.0671247410764968,0.0101814677570745
588,S600,S600|20|4,2.826666765,2.914554181557717,1.0697168686747134,0.010397023966596294
589,S600,S600|20|4,2.783083499,2.9098646173827967,1.0681065568650094,0.010340153646322472
590,S600,S600|20|4,2.952572722,2.9179302531170337,1.070874547524674,0.010347903919182937
591,S600,S600|20|4,2.799750857,2.9097183674355462,1.0680562955498387,0.010321316689591856
592,S600,S600|20|4,2.923157083,2.9038436225994393,1.0660352465455067,0.010399000533001055
593,S800,S800|20|4,2.859815802,2.8776304563565063,1.0569671972870076,0.011469328271121517
594,S800,S800|20|4,2.921387841,2.8718564550513843,1.0549586691052038,0.011102493669280959
595,S800,S800|20|4,2.794301319,2.8875939522577365,1.0604236128970133,0.01105464201894237
596,S800,S800|20|4,2.886741594,2.874213495602377,1.055779070076106,0.010913342944770185
597,S800,S800|20|4,2.757657512,2.8736712301130227,1.0555903865805805,0.0109253658808529
598,D50,D50|60|0,1.562679674,1.6021545291988948,0.4713493041682757,0.020203696732439522
599,D50,D50|60|0,1.567789136,1.5983246417302357,0.468955981736074,0.021751194128518222
600,D50,D50|60|0,1.575701472,1.5865848207766469,0.461583794700612,0.02592014345820855
601,D50,D50|60|0,1.570019941,1.5875497817598898,0.4621918098819463,0.025671088590633342
602,D50,D50|60|0,1.552722579,1.5942270623262014,0.466389018357631,0.022227708036111835
603,D100,D100|60|0,1.576622382,1.5210459917176995,0.41939825063571523,0.023484825912540835
604,D100,D100|60|0,1.574302539,1.5189973919711703,0.4180505066741568,0.023982165140842917
605,D100,D100|60|0,1.583288008,1.5303470593116042,0.4254945458322895,0.02211587124912034
606,D100,D100|60|0,1.57697478,1.5403235661364123,0.4319925022367555,0.020462283720625484
607,D100,D100|60|0,1.586395774,1.5264797932852572,0.4229642958207122,0.02233011683764601
608,D200,D200|60|0,1.573185206,1.5823545933518752,0.4589139866767527,0.013603433387681798
609,D200,D200|60|0,1.581615633,1.5823217698416816,0.45889324300098433,0.013599772976524479
610,D200,D200|60|0,1.577652296,1.5823762383586533,0.4589276655694796,0.013600538738735152
611,D200,D200|60|0,1.575414512,1.581298523818661,0.4582463600228006,0.013532772196047324
612,D200,D200|60|0,1.573976112,1.584425978706436,0.4602221831891651,0.013859591379617953
613,D400,D400|60|0,1.570033462,1.5701908243529104,0.45119715614815037,0.01160719003784114
614,D400,D400|60|0,1.574157889,1.570302501715847,0.4512682770526634,0.011325641520246886
615,D400,D400|60|0,1.57801922,1.5703502052615161,0.4512986551620079,0.011507666766343275
616,D400,D400|60|0,1.577174853,1.5707214612732978,0.4515350432823211,0.011592024253041905
617,D400,D400|60|0,1.55836031,1.5739292108381686,0.4535751749293177,0.013197796868169423
618,D600,D600|60|0,1.568375759,1.5685370893339055,0.45014339474065723,0.010092301000252388
619,D600,D600|60|0,1.564564806,1.5693167463994528,0.4506403312599515,0.010170061459110577
620,D600,D600|60|0,1.561426419,1.5755835834546303,0.454625732826156,0.014434196947142862
621,D600,D600|60|0,1.562924626,1.5692445727967024,0.45059433974000146,0.010212524080364348
622,D600,D600|60|0,1.570899386,1.568123665370164,0.44987978703904935,0.010084863146161069
623,D800,D800|60|0,1.560605139,1.5647037958193284,0.44769653823162275,0.010163774006597666
624,D800,D800|60|0,1.573095612,1.5637915433402252,0.4471133489306575,0.010549073566263884
625,D800,D800|60|0,1.568672064,1.5638558190591068,0.44715445057124736,0.011042799309424128
626,D800,D800|60|0,1.584954696,1.5647043200017432,0.4476968732358123,0.011377703913289862
627,D800,D800|60|0,1.571780184,1.564440915067866,0.4475285173975807,0.010553777265831654
628,S50,S50|60|0,1.585030001,1.5782339666733656,0.4563064792869345,0.012913512745796904
629,S50,S50|60|0,1.575896097,1.5782419512011812,0.4563115384275858,0.01231602644576794
630,S50,S50|60|0,1.558030671,1.578783131937697,0.4566543806461714,0.01216859217270546
631,S50,S50|60|0,1.559559837,1.5788220444081176,0.4566790274707421,0.012230046294393955
632,S50,S50|60|0,1.558580143,1.5788211726965375,0.4566784753427655,0.012814527632799116
633,S100,S100|60|0,1.560233628,1.5845879618270797,0.46032441254114925,0.01537589998731096
634,S100,S100|60|0,1.565566604,1.5837484862046018,0.459794496822985,0.015281967892582106
635,S100,S100|60|0,1.575050725,1.5838075698952987,0.4598318023605397,0.015387441865358429
636,S100,S100|60|0,1.558494761,1.5785309779325376,0.45649465374101034,0.013674818298151904
637,S100,S100|60|0,1.576208874,1.5788182408895755,0.45667661838154994,0.01420193840716716
638,S200,S200|60|0,1.583216207,1.5682328242054056,0.4499493957303117,0.010693691165623319
639,S200,S200|60|0,1.5638467,1.5680755036181722,0.4498490735866182,0.010847340138132877
640,S200,S200|60|0,1.565238263,1.5682314809920834,0.4499485392159748,0.010794186749701657
641,S200,S200|60|0,1.556928929,1.5679175313180653,0.4497483257223975,0.010937444599335525
642,S200,S200|60|0,1.570737295,1.5677304231992366,0.4496289831675158,0.011114860590816773
643,S400,S400|60|0,1.54696515,1.5651698946101034,0.4479943769563264,0.01020876176706558
644,S400,S400|60|0,1.570397211,1.5647508154062526,0.4477265879321418,0.010300464172474837
645,S400,S400|60|0,1.560877234,1.5655459789977622,0.4482346315208739,0.010256858122735073
646,S400,S400|60|0,1.554539254,1.5660031963911818,0.44852663868477977,0.010393042020802632
647,S400,S400|60|0,1.553679247,1.5658408180051249,0.4484229436185785,0.010159414204616619
648,S600,S600|60|0,1.563733267,1.5600035427910286,0.44468809227875705,0.010377269698723506
649,S600,S600|60|0,1.568274191,1.5600799170800146,0.44473704884673576,0.010342663524927914
650,S600,S600|60|0,1.574524496,1.5598618936067288,0.4445972876031806,0.012200528210870535
651,S600,S600|60|0,1.565081714,1.5600697939000074,0.444730559940148,0.011684240668785753
652,S600,S600|60|0,1.579240583,1.5714038187228436,0.45196937189717074,0.022683075310053886
653,S800,S800|60|0,1.566374266,1.5633387989768441,0.4468237899312019,0.011043060122427097
654,S800,S800|60|0,1.55938477,1.5636507493946483,0.44702331117296706,0.011191829249825523
655,S800,S800|60|0,1.551797708,1.5636191412739264,0.44700309665882026,0.011336580544287269
656,S800,S800|60|0,1.559272305,1.563208809247529,0.44674063768426464,0.011109058012640158
657,S800,S800|60|0,1.562510743,1.5634127552735002,0.4468710954464542,0.011289935045852054
658,D50,D50|60|1,1.976807007,1.9345648138729408,0.6598823987961647,0.029200982265461226
659,D50,D50|60|1,1.977099387,1.9369490169110903,0.6611140634336996,0.03310477007253953
660,D50,D50|60|1,1.941417591,1.957698658213518,0.671769629410902,0.016275003114144884
661,D50,D50|60|1,1.950789971,1.949635487082289,0.6676424254007309,0.01736518639987162
662,D50,D50|60|1,1.973459585,1.9334259583059705,0.6592935372052474,0.02810295457171843
663,D100,D100|60|1,1.916011638,1.8760705817527896,0.6291794734118876,0.019906979364377183
664,D100,D100|60|1,1.936770574,1.9104547239224914,0.6473412890751888,0.01929703813248295
665,D100,D100|60|1,1.935694889,1.9125316223647122,0.6484278211516435,0.01934005485784136
666,D100,D100|60|1,1.935043626,1.9015600695801618,0.6426746385157402,0.019837631378369327
667,D100,D100|60|1,1.923452039,1.9091367662844454,0.646651185071276,0.019451617614914127
668,D200,D200|60|1,1.935862752,1.9342800038533723,0.6597351662068511,0.013057737073619848
669,D200,D200|60|1,1.931989992,1.9317900257691076,0.6584470475698491,0.013112592892421174
670,D200,D200|60|1,1.931671261,1.9333352448942158,0.6592466176221626,0.013115858250466404
671,D200,D200|60|1,1.937569797,1.9311265458399216,0.6581035351364787,0.01311031994318382
672,D200,D200|60|1,1.924824304,1.9302195072008494,0.6576337307504972,0.013160506536836682
673,D400,D400|60|1,1.941402004,1.910317096853507,0.6472692475738904,0.014435440335548838
674,D400,D400|60|1,1.936789975,1.9465652187575577,0.6660663931621229,0.011579433079089317
675,D400,D400|60|1,1.941163574,1.932936194562729,0.6590401911778984,0.012505425701531571
676,D400,D400|60|1,1.937676406,1.9276878109106095,0.6563212592757287,0.011096457718721794
677,D400,D400|60|1,1.931018644,1.921407775033322,0.6530581335312293,0.011382021789912988
678,D600,D600|60|1,1.927224159,1.919687447774704,0.6521623851710062,0.010458533166717868
679,D600,D600|60|1,1.910781866,1.917010407322663,0.6507668930120796,0.010325487702492737
680,D600,D600|60|1,1.92201239,1.9196722127897314,0.6521544489595962,0.010371890806567493
681,D600,D600|60|1,1.91966687,1.9189727756477775,0.6517900301858877,0.010356630870103344
682,D600,D600|60|1,1.913762311,1.9194756321536828,0.6520520404855493,0.010375010343866514
683,D800,D800|60|1,1.88915259,1.904692965830562,0.6443208227965782,0.010005432373866564
684,D800,D800|60|1,1.900906673,1.902221876270958,0.6430226115104571,0.010020932448114863
685,D800,D800|60|1,1.913404801,1.8993717962533325,0.6415231979501935,0.010100189694760236
686,D800,D800|60|1,1.900392618,1.9004655808865198,0.6420988987262201,0.010140446766757244
687,D800,D800|60|1,1.904667126,1.90198362707705,0.642897355819612,0.010196908602953251
688,S50,S50|60|1,1.899997057,1.8914105607162952,0.6373228791283073,0.01330192607556853
689,S50,S50|60|1,1.916839241,1.9062294575182934,0.645127184931673,0.012362750423145318
690,S50,S50|60|1,1.899315305,1.897026520692635,0.6402876711886456,0.012774049424116082
691,S50,S50|60|1,1.899928153,1.8921698682507748,0.6377242489730501,0.013286335334834809
692,S50,S50|60|1,1.912556384,1.8902239150165854,0.6366952956078626,0.01450132723500193
693,S100,S100|60|1,1.901407517,1.8981950807420462,0.6409034771726216,0.012876615781787563
694,S100,S100|60|1,1.901510538,1.903956945668549,0.6439343235444662,0.01267898565633361
695,S100,S100|60|1,1.915035485,1.9034178531139372,0.6436511402033427,0.012936737867685122
696,S100,S100|60|1,1.913200167,1.9031283336734954,0.6434990235985291,0.01261287834171783
697,S100,S100|60|1,1.907698465,1.903639539092547,0.6437676007428208,0.012611785268494938
698,S200,S200|60|1,1.905498373,1.9061494300084387,0.645085201953471,0.010723062267927706
699,S200,S200|60|1,1.91729971,1.90402360057271,0.6439693315511292,0.0109248495888587
700,S200,S200|60|1,1.910400488,1.905348699962916,0.6446650364280014,0.011027798176375172
701,S200,S200|60|1,1.897281321,1.9063219165221668,0.6451756873621037,0.011236338605867476
702,S200,S200|60|1,1.895335741,1.9061994791629613,0.6451114582881968,0.01096940780363252
703,S400,S400|60|1,1.889473327,1.8986818531157836,0.6411598838905027,0.010144475672844173
704,S400,S400|60|1,1.893931912,1.8980624668363,0.6408336115725468,0.01015886235267106
705,S400,S400|60|1,1.893219697,1.9007920805131908,0.6422706837808294,0.01014204463420459
706,S400,S400|60|1,1.907870918,1.897678106718508,0.6406310897659809,0.010297159633196898
707,S400,S400|60|1,1.898590819,1.9004677892008683,0.6421000607115186,0.010142338889965434
708,S600,S600|60|1,1.902126597,1.9053291114132662,0.644654755553774,0.010658535949727365
709,S600,S600|60|1,1.88602699,1.903809510686089,0.6438568844555811,0.01027982686403948
710,S600,S600|60|1,1.896243659,1.9033822882266678,0.6436324552784977,0.01027444653397078
711,S600,S600|60|1,1.896482114,1.902417565843063,0.6431254804289211,0.010273032813580083
712,S600,S600|60|1,1.901931071,1.9018514140011307,0.6428278401468529,0.010273113107179368
713,S800,S800|60|1,1.902341294,1.8915263733234782,0.6373841080672182,0.010789445800558673
714,S800,S800|60|1,1.900172569,1.8896443333306754,0.6363886279399059,0.010891972078530841
715,S800,S800|60|1,1.905278369,1.8929360806394702,0.6381291054867155,0.010880419269165505
716,S800,S800|60|1,1.903246777,1.8904868116011393,0.6368343681812425,0.01080181088615907
717,S800,S800|60|1,1.900872555,1.8929089580334006,0.6381147770576368,0.010764175334171658
718,D50,D50|60|2,2.174585394,2.160313856175633,0.7702535149255164,0.014756674912749344
719,D50,D50|60|2,2.186009433,2.139407984741786,0.7605291481171,0.021509669189588777
720,D50,D50|60|2,2.184639492,2.1459836726204324,0.7635980358945834,0.022584254326142434
721,D50,D50|60|2,2.192962284,2.1456498525607395,0.7634424680631702,0.020410384297105788
722,D50,D50|60|2,2.16369584,2.1612031178946194,0.7706650656549818,0.01709523097918528
723,D100,D100|60|2,2.11272867,2.1307413164158273,0.7564699550468722,0.018958072895054166
724,D100,D100|60|2,2.124306279,2.1238988131409924,0.753253462480755,0.019205626115769966
725,D100,D100|60|2,2.122002279,2.1243448419739415,0.7534634451798645,0.01936653929259685
726,D100,D100|60|2,2.124775808,2.1247094010901666,0.7536350405967575,0.01917731662091117
727,D100,D100|60|2,2.117765849,2.125871485560565,0.7541818291559407,0.018965364302009027
728,D200,D200|60|2,2.109818744,2.1222887121176264,0.7524950875427868,0.013006983097618599
729,D200,D200|60|2,2.112322092,2.119139385090387,0.7510100558346765,0.013051896247293755
730,D200,D200|60|2,2.111399747,2.119797737698039,0.7513206773861999,0.01306708049398518
731,D200,D200|60|2,2.102545668,2.1237936558887633,0.7532039498321734,0.01302545309639838
732,D200,D200|60|2,2.107358134,2.123399814141407,0.7530184900685606,0.013034722159624245
733,D400,D400|60|2,2.146058733,2.1320087852458314,0.7570646269545037,0.012443001975237136
734,D400,D400|60|2,2.155542539,2.134638520790344,0.7582973212406193,0.011751169677742833
735,D400,D400|60|2,2.156566308,2.1135168261235546,0.7483533022532747,0.013008271092926484
736,D400,D400|60|2,2.134518523,2.1191259166622385,0.7510037002022706,0.010664806055821416
737,D400,D400|60|2,2.110115309,2.117367204514521,0.7501734322431624,0.010591509626261451
738,D600,D600|60|2,2.109465836,2.1067231865917315,0.7451337482091166,0.009967520263740742
739,D600,D600|60|2,2.102792121,2.110891736785057,0.7471104822763247,0.01002873078226193
740,D600,D600|60|2,2.123117965,2.1024235919496386,0.7430907706824273,0.009951549722231615
741,D600,D600|60|2,2.104946989,2.10037041395885,0.7421137167743662,0.009939330579239089
742,D600,D600|60|2,2.118912553,2.10305085253802,0.7433890773782891,0.00994801964676744
743,D800,D800|60|2,2.11901124,2.110533621817305,0.7469408168490389,0.009999804060677346
744,D800,D800|60|2,2.086614536,2.109890272088088,0.746635942386012,0.009991220714755516
745,D800,D800|60|2,2.095935746,2.115169187669915,0.7491348034690508,0.010283061166592078
746,D800,D800|60|2,2.099875733,2.116317480117206,0.7496775406040723,0.010049962608990139
747,D800,D800|60|2,2.115936961,2.105607148658363,0.7446038572126091,0.010352807274224047
748,S50,S50|60|2,2.102431834,2.0704508861400837,0.7277664029494231,0.01304584270411481
749,S50,S50|60|2,2.100273804,2.0704395448522916,0.7277609252445763,0.013254783039691801
750,S50,S50|60|2,2.105827904,2.0644295212386337,0.7248539273445356,0.014569736536567686
751,S50,S50|60|2,2.113033012,2.067032658220897,0.7261140803914081,0.013623982059084752
752,S50,S50|60|2,2.104644152,2.068380401312739,0.7267658862062834,0.013367107054667088
753,S100,S100|60|2,2.072598857,2.081169190353346,0.7329298465349599,0.012868364868762092
754,S100,S100|60|2,2.084589502,2.0869642498645504,0.7357104980319821,0.013258524088002965
755,S100,S100|60|2,2.093344018,2.0858516116068015,0.7351772186728851,0.013491776389730146
756,S100,S100|60|2,2.07970639,2.089081909503128,0.7367246917162851,0.01319397127790445
757,S100,S100|60|2,2.09527821,2.0802721375978335,0.732498720538598,0.013972094757517395
758,S200,S200|60|2,2.089254246,2.097040425637488,0.7405270295773098,0.010497095757588955
759,S200,S200|60|2,2.083163123,2.0955301746407935,0.7398065880124532,0.010567840864117004
760,S200,S200|60|2,2.090858734,2.0934583553171713,0.7388174139062275,0.01052745019979705
761,S200,S200|60|2,2.098389623,2.0959545815505103,0.7400090971164364,0.010583631150086214
762,S200,S200|60|2,2.085890942,2.0949260889852157,0.7395182730310964,0.01064393145811392
763,S400,S400|60|2,2.094851401,2.094750906286304,0.7394346471576881,0.010118815218332897
764,S400,S400|60|2,2.109402368,2.0924229054043204,0.7383226794073361,0.01012303648548902
765,S400,S400|60|2,2.105495945,2.096634912831996,0.7403336370163567,0.01011909798466812
766,S400,S400|60|2,2.094026671,2.0953676526268783,0.739729028491465,0.01011939854218951
767,S400,S400|60|2,2.100462011,2.0996365959297068,0.7417642801972926,0.010177838074269537
768,S600,S600|60|2,2.067569824,2.087823208631316,0.7361219962399391,0.010654511309494014
769,S600,S600|60|2,2.077971448,2.0931855866982603,0.7386871097183983,0.010616718104756598
770,S600,S600|60|2,2.093497015,2.091389085168972,0.7378284792574636,0.010653908840849853
771,S600,S600|60|2,2.071425418,2.0889999094810903,0.7366854392432121,0.01040439686500169
772,S600,S600|60|2,2.078372912,2.087051073389015,0.7357520999513585,0.010353546259148479
773,S800,S800|60|2,2.107105097,2.089700458879468,0.7370207345949654,0.01071979659903192
774,S800,S800|60|2,2.096315821,2.0785561085501483,0.7316734740780528,0.010836512904312458
775,S800,S800|60|2,2.091819696,2.08402983030246,0.7343034377533887,0.010722327048821804
776,S800,S800|60|2,2.080625873,2.0902430408272004,0.7372803466929845,0.010748704389325847
777,S800,S800|60|2,2.078743065,2.086256882940703,0.7353714951811331,0.010708262948528226
778,D50,D50|60|3,2.463313831,2.4261672711860536,0.8863127575209089,0.03830289350203207
779,D50,D50|60|3,2.456460946,2.4268904742163264,0.8866107976735575,0.03969744964338988
780,D50,D50|60|3,2.477797241,2.4293056254583045,0.8876054656777027,0.03756979417477566
781,D50,D50|60|3,2.489735943,2.4246288370646516,0.8856784557944909,0.036039544362808824
782,D50,D50|60|3,2.483038597,2.424542707611927,0.8856429324264514,0.037416022317955565
783,D100,D100|60|3,2.30928496,2.3169768501720687,0.8402632541064409,0.020419975371204612
784,D100,D100|60|3,2.322408306,2.322754046696344,0.8427535707383242,0.02030941986165944
785,D100,D100|60|3,2.340507982,2.3165859979176306,0.8400945492595752,0.019867385667261303
786,D100,D100|60|3,2.330253185,2.3236122167909454,0.8431229648220855,0.020167408608481558
787,D100,D100|60|3,2.324213387,2.3238386433901836,0.8432204060242537,0.020206840090173105
788,D200,D200|60|3,2.298523459,2.3322089921553983,0.8468158837502935,0.012918159764593594
789,D200,D200|60|3,2.282325312,2.342895835246536,0.8513877006827207,0.013037026051933917
790,D200,D200|60|3,2.301963817,2.3374540862155238,0.8490623397270548,0.012982683420505445
791,D200,D200|60|3,2.316246545,2.339523809469475,0.8499474084339091,0.013121013506581425
792,D200,D200|60|3,2.30111204,2.328354946968738,0.8451619868762142,0.013121191906120778
793,D400,D400|60|3,2.33591885,2.3507531817403224,0.8547357796742172,0.015028501286279833
794,D400,D400|60|3,2.349718811,2.2887827992531946,0.8280201475442917,0.014388378997293658
795,D400,D400|60|3,2.335387295,2.327421060244748,0.8447608134799565,0.012549876596980517
796,D400,D400|60|3,2.335258747,2.312189194150641,0.8381947788421613,0.012477533493167705
797,D400,D400|60|3,2.348098119,2.2872831995964473,0.8273647375432972,0.014194732821855688
798,D600,D600|60|3,2.257288781,2.273185861616113,0.821182310826253,0.010009333464314079
799,D600,D600|60|3,2.292989259,2.2673342185734513,0.8186047883490956,0.010050567289146488
800,D600,D600|60|3,2.25613049,2.268529456317411,0.8191318049692117,0.010038478396030955
801,D600,D600|60|3,2.235203325,2.259757833129321,0.8152576540602486,0.01016163771028398
802,D600,D600|60|3,2.28360844,2.287659832123619,0.8275293876932166,0.010161852463811518
803,D800,D800|60|3,2.360326338,2.2657926245202336,0.8179246423192114,0.010619448598114
804,D800,D800|60|3,2.292278272,2.254892155330035,0.8131021471236589,0.010526121095302206
805,D800,D800|60|3,2.331007013,2.2637347489482487,0.8170159931185782,0.010142494589986962
806,D800,D800|60|3,2.313535068,2.2749662266737505,0.8219652068745879,0.010348761430057234
807,D800,D800|60|3,2.264275175,2.2696384942111925,0.8196205651596451,0.010230716069209566
808,S50,S50|60|3,2.309719445,2.2603580762300397,0.8155232415435271,0.013470681045357227
809,S50,S50|60|3,2.330925835,2.2509532941249946,0.811353812764417,0.013109159354632608
810,S50,S50|60|3,2.312834879,2.259741210867755,0.8152502982620045,0.013219112533317428
811,S50,S50|60|3,2.313376171,2.253600674004333,0.812529236658936,0.013214816200036625
812,S50,S50|60|3,2.324054228,2.2589532871535667,0.8149015587211841,0.013178525639739215
813,S100,S100|60|3,2.312044444,2.3080850865169715,0.8364182138748888,0.011978906157574815
814,S100,S100|60|3,2.3095972,2.3079310612450885,0.8363514787218868,0.011848895471981707
815,S100,S100|60|3,2.314251368,2.300821131599199,0.8332660729596455,0.011917273815027727
816,S100,S100|60|3,2.299677968,2.3069229888983265,0.8359145971426029,0.012076699201311067
817,S100,S100|60|3,2.298125383,2.304468516259554,0.8348500712320119,0.011902631051237116
818,S200,S200|60|3,2.276398727,2.2739112495204554,0.8215013662115975,0.010642306152629738
819,S200,S200|60|3,2.272829187,2.2946645136078994,0.8305866513924947,0.010679583301969513
820,S200,S200|60|3,2.286129747,2.281103119211428,0.8246591501766908,0.01065422952841276
821,S200,S200|60|3,2.261135889,2.2895391736181123,0.8283505630879257,0.010643279530157139
822,S200,S200|60|3,2.262462882,2.2912820586334117,0.8291115118397037,0.010637264908201514
823,S400,S400|60|3,2.265209939,2.280126179975073,0.8242307835293625,0.010606892400191978
824,S400,S400|60|3,2.260113665,2.2753981317929184,0.8221550400775757,0.010433620023168175
825,S400,S400|60|3,2.26545348,2.278388769690066,0.8234685131898686,0.010616192016477361
826,S400,S400|60|3,2.262923493,2.280010121992333,0.8241798824268165,0.010230166209824976
827,S400,S400|60|3,2.264649093,2.2772403199358107,0.822964323864535,0.010264477531124206
828,S600,S600|60|3,2.256457642,2.2840166607295567,0.8259355863072448,0.010384300944617245
829,S600,S600|60|3,2.244555717,2.2729559230853917,0.8210811531669424,0.010422719010303384
830,S600,S600|60|3,2.251435767,2.283451630731831,0.8256881713436143,0.010386210991312332
831,S600,S600|60|3,2.259728358,2.288045595419039,0.827698001386752,0.010369570020815044
832,S600,S600|60|3,2.239327466,2.2706624967695372,0.8200716377108883,0.010489169418109541
833,S800,S800|60|3,2.303463897,2.25576887724248,0.813490880356839,0.010874506074888766
834,S800,S800|60|3,2.318188487,2.2623441270896705,0.8164015001146233,0.011508671956750932
835,S800,S800|60|3,2.293922562,2.2592664267756626,0.8150401706712104,0.01181141118526185
836,S800,S800|60|3,2.312004574,2.2539782218853643,0.8126967535857095,0.011622350458151274
837,S800,S800|60|3,2.305107446,2.263824385792539,0.8170555892195387,0.011723817171446408
838,D50,D50|60|4,2.551150309,2.534026608333118,0.9298095823699095,0.028459938315275855
839,D50,D50|60|4,2.530407846,2.5333245483453473,0.9295324908597475,0.027460450570736893
840,D50,D50|60|4,2.50789591,2.5430874079069072,0.9333788578142456,0.022943202033427573
841,D50,D50|60|4,2.579330174,2.527532155873934,0.9272433942346995,0.027130071926325154
842,D50,D50|60|4,2.550404569,2.5317832821043873,0.928923909032816,0.028226635965101415
843,D100,D100|60|4,2.406558707,2.386699498700912,0.8699114486487551,0.022795141402190636
844,D100,D100|60|4,2.424481226,2.3992255716551516,0.8751460068049781,0.022151014259843543
845,D100,D100|60|4,2.437580559,2.383996877708361,0.8687784395161554,0.022862017783313558
846,D100,D100|60|4,2.421963301,2.382580468379586,0.868184130741694,0.022796360703012507
847,D100,D100|60|4,2.433721572,2.4037414419624246,0.8770264576284719,0.02083096686175793
848,D200,D200|60|4,2.432216992,2.472754107533154,0.9053325527558972,0.013706839213088745
849,D200,D200|60|4,2.439415531,2.4742341440717404,0.9059309113965367,0.013341197276395936
850,D200,D200|60|4,2.431978139,2.472458122230284,0.9052128469517896,0.013435090711718209
851,D200,D200|60|4,2.417912189,2.48274620321151,0.9093652875328209,0.013175099072447969
852,D200,D200|60|4,2.430729546,2.4734215166462383,0.9056024215061584,0.01350011065269209
853,D400,D400|60|4,2.495810042,2.486819631383541,0.9110046376168632,0.01269982667386069
854,D400,D400|60|4,2.500932047,2.4774974316337923,0.9072489505448965,0.011759702175294536
855,D400,D400|60|4,2.493851185,2.48144761363674,0.9088421050575584,0.0116599625317282
856,D400,D400|60|4,2.539970885,2.481895795928651,0.9090227019883552,0.014394713239116824
857,D400,D400|60|4,2.516497463,2.510194157417601,0.9203601037048899,0.01340375325610098
858,D600,D600|60|4,2.547285901,2.456423604114833,0.8987064726578592,0.010058860315993134
859,D600,D600|60|4,2.436899708,2.439425771816184,0.8917626721888471,0.009985480338018982
860,D600,D600|60|4,2.544729567,2.444171650485817,0.8937062722660997,0.009945901333692251
861,D600,D600|60|4,2.494341893,2.439153319939299,0.8916509790617935,0.009930562037519606
862,D600,D600|60|4,2.495167323,2.432377530208323,0.8888691865169575,0.009951780215468688
863,D800,D800|60|4,2.523521034,2.445918420641624,0.8944206845589996,0.009944117491607632
864,D800,D800|60|4,2.505860679,2.447900487551291,0.8952307133137317,0.009979405227003777
865,D800,D800|60|4,2.435591109,2.442198357531474,0.892898599880105,0.009949940287126865
866,D800,D800|60|4,2.450759489,2.444616796215842,0.8938883810794009,0.009970600797190421
867,D800,D800|60|4,2.457880084,2.4378417141814617,0.8911131044975249,0.010014633588787987
868,S50,S50|60|4,2.458894978,2.3801930805257188,0.8671816106641357,0.012203355254966908
869,S50,S50|60|4,2.443524954,2.38457163277863,0.8690194993108458,0.012784806401456175
870,S50,S50|60|4,2.4462853,2.380821530673269,0.8674456090772983,0.012283534704629926
871,S50,S50|60|4,2.436664803,2.375808759132604,0.8653379096804651,0.013414827498313013
872,S50,S50|60|4,2.430834245,2.378906151999928,0.8666407820349011,0.01226743169278798
873,S100,S100|60|4,2.423006829,2.4566024047061013,0.8987792589981008,0.011903027677901398
874,S100,S100|60|4,2.428058594,2.445194005565669,0.8941244676585781,0.011806903136639608
875,S100,S100|60|4,2.427931445,2.442693280192162,0.893101233919542,0.011525618464028676
876,S100,S100|60|4,2.436739376,2.432998161573503,0.8891243081798519,0.011519752420212378
877,S100,S100|60|4,2.434408586,2.425428072532521,0.886008033566464,0.011579614640353005
878,S200,S200|60|4,2.38490477,2.45697464747729,0.8989307749987447,0.010952811975898485
879,S200,S200|60|4,2.389709097,2.460074502516021,0.900191635061291,0.01098658949408464
880,S200,S200|60|4,2.417374609,2.461545124503439,0.9007892521640485,0.010609615354435324
881,S200,S200|60|4,2.404362305,2.4578773404533587,0.8992981077234883,0.011035267441202689
882,S200,S200|60|4,2.419070098,2.4554997740894997,0.8983303144953252,0.010820283032221722
883,S400,S400|60|4,2.401888874,2.4633090079374353,0.9015055712516739,0.010098773851978216
884,S400,S400|60|4,2.395168219,2.4400583040014547,0.892021934102191,0.010308537233191974
885,S400,S400|60|4,2.432666343,2.44354024049485,0.893447905975875,0.010272465152805948
886,S400,S400|60|4,2.383491014,2.4572378296720223,0.8990378856278466,0.010091215141932241
887,S400,S400|60|4,2.407730185,2.4652402937562132,0.9022892849976092,0.010180068202119722
888,S600,S600|60|4,2.458733728,2.4395609458880405,0.8918180829041091,0.01076265308682439
889,S600,S600|60|4,2.431071561,2.427365337082406,0.8868064457341682,0.010272155963331114
890,S600,S600|60|4,2.448813984,2.432542759297923,0.8889371132577184,0.010347660980513273
891,S600,S600|60|4,2.419401756,2.431597740425747,0.8885485476379054,0.010399016366515431
892,S600,S600|60|4,2.467632558,2.4277956669314347,0.8869837127083426,0.010274241275459702
893,S800,S800|60|4,2.474028012,2.4246343479413994,0.8856807286662809,0.010726983412191903
894,S800,S800|60|4,2.376310192,2.4191148477994435,0.8834017078879948,0.010889185116675871
895,S800,S800|60|4,2.433759695,2.419708286986259,0.8836469903350943,0.010886693162979856
896,S800,S800|60|4,2.403238898,2.416844297944206,0.8824626800948927,0.010845087715855354
897,S800,S800|60|4,2.433044644,2.4185775286606614,0.8831795692734743,0.01091253352880937
898,D50,D50|78|0,1.589431846,1.5652580066901205,0.44805067090898626,0.021394261928734497
899,D50,D50|78|0,1.562397952,1.5702929616850203,0.4512622017520156,0.018110299262694838
900,D50,D50|78|0,1.555646262,1.5695641447386108,0.4507979660019188,0.016313659627254343
901,D50,D50|78|0,1.539581805,1.5691910675524483,0.4505602429794552,0.017791800564840612
902,D50,D50|78|0,1.555216413,1.570251761490763,0.45123596414173367,0.01762563369922631
903,D100,D100|78|0,1.549823783,1.5360922089840359,0.429241664814287,0.019765795189459784
904,D100,D100|78|0,1.550599187,1.5408730486054527,0.43234917046898486,0.019349334101793614
905,D100,D100|78|0,1.55695821,1.5323026928621906,0.42677163199925533,0.02010552785077723
906,D100,D100|78|0,1.546230414,1.533308499622428,0.4274278187973681,0.01999979794081493
907,D100,D100|78|0,1.556457307,1.5402153774024339,0.4319222621028011,0.019391987621200306
908,D200,D200|78|0,1.549875433,1.5446829626406813,0.43481868711854565,0.013241932193565028
909,D200,D200|78|0,1.558093969,1.5438858876144645,0.43430254188587814,0.013155235354411822
910,D200,D200|78|0,1.554728738,1.5446083802523836,0.4347704026545479,0.013206099196972626
911,D200,D200|78|0,1.561541857,1.5435497501531248,0.4340847964802373,0.013111279379182706
912,D200,D200|78|0,1.556081921,1.5429109290674674,0.4336708458998329,0.013210910960123778
913,D400,D400|78|0,1.542456238,1.544414887561607,0.4346451250672629,0.010908816174571859
914,D400,D400|78|0,1.545031608,1.5454005060701055,0.43528310398597764,0.010817691519407268
915,D400,D400|78|0,1.537369758,1.5477792938833492,0.43682118999199604,0.011265505970235191
916,D400,D400|78|0,1.544806451,1.5484261204837346,0.43723900891757106,0.011394423999492588
917,D400,D400|78|0,1.539156414,1.548031356875963,0.4369840313421987,0.011273784520986159
918,D600,D600|78|0,1.542447237,1.5455462521964383,0.4353774091538367,0.009977670282598923
919,D600,D600|78|0,1.546575518,1.5509007378139095,0.4388358833158989,0.014681031927790493
920,D600,D600|78|0,1.541695288,1.5473854618951834,0.43656670790695945,0.010454642591627508
921,D600,D600|78|0,1.550522448,1.5476987138365097,0.43676912692021413,0.010634154586311903
922,D600,D600|78|0,1.543662144,1.5468246379471966,0.4362042089582573,0.01088994715125322
923,D800,D800|78|0,1.54433342,1.54613842529931,0.4357604838667423,0.010006363891785955
924,D800,D800|78|0,1.539910547,1.54635428031492,0.43590008323625334,0.010064080833616493
925,D800,D800|78|0,1.545442519,1.5454671174019832,0.4353262060142768,0.010002525660581059
926,D800,D800|78|0,1.539417335,1.5455621049084933,0.43538766612979724,0.009975653757700828
927,D800,D800|78|0,1.54238931,1.5462285328737093,0.4358187612805445,0.010000857326619294
928,S50,S50|78|0,1.548807985,1.5491259619480142,0.43769087636487375,0.013671453435631711
929,S50,S50|78|0,1.540683399,1.5482568830803254,0.43712970654249234,0.014049111998200619
930,S50,S50|78|0,1.556520847,1.548236084979795,0.437116273215987,0.014051863218493287
931,S50,S50|78|0,1.543026865,1.5494535835319332,0.43790234202540046,0.013545625905230148
932,S50,S50|78|0,1.533543839,1.5531376900427551,0.4402772009207478,0.012401208698661226
933,S100,S100|78|0,1.544624216,1.5552752612016227,0.4416525468154817,0.012151704421042974
934,S100,S100|78|0,1.556176022,1.5555838765859105,0.4418509584899619,0.012192373285430979
935,S100,S100|78|0,1.552243065,1.5562917164703467,0.44230588663569087,0.011663031529920759
936,S100,S100|78|0,1.550063034,1.554985661912952,0.4414663249539296,0.012073106866399029
937,S100,S100|78|0,1.562998247,1.5548434935159745,0.4413748933093144,0.0126260714660781
938,S200,S200|78|0,1.538695512,1.5468236709075591,0.43620358378077045,0.01058142016034754
939,S200,S200|78|0,1.535105888,1.5452460942769883,0.43518318198698347,0.010405605453208988
940,S200,S200|78|0,1.544362492,1.545618817522418,0.43542435930004775,0.010406270550083892
941,S200,S200|78|0,1.539243373,1.5456724592931632,0.4354590643898935,0.010415974758982528
942,S200,S200|78|0,1.542617125,1.5450701759911363,0.4350693306716767,0.010439321620602763
943,S400,S400|78|0,1.545529317,1.5436250269307419,0.4341335639022769,0.010160923878330227
944,S400,S400|78|0,1.546372452,1.5431317707295351,0.43381396878174194,0.010353162720477541
945,S400,S400|78|0,1.553085785,1.5601092199786208,0.4447558316174718,0.022158500890443716
946,S400,S400|78|0,1.547268342,1.5436827828751558,0.4341709789888046,0.010273012255129128
947,S400,S400|78|0,1.552784765,1.5432547055588821,0.433893631410098,0.010137201740894185
948,S600,S600|78|0,1.540318569,1.5455794954779365,0.4353989180047946,0.010885359330443644
949,S600,S600|78|0,1.54364548,1.5443657859830346,0.43461333156441095,0.01539436589096373
950,S600,S600|78|0,1.548861287,1.5448045418189291,0.43489739219706447,0.012296966558679186
951,S600,S600|78|0,1.544459836,1.5455143496337995,0.4353567673310132,0.010438628963826023
952,S600,S600|78|0,1.556102788,1.5450989482513429,0.43508795247459453,0.011883060513841295
953,S800,S800|78|0,1.559235426,1.5439315153391902,0.4343320952685913,0.011355280131931333
954,S800,S800|78|0,1.544798773,1.5443602631486046,0.4346097554399233,0.011114081275184498
955,S800,S800|78|0,1.559736863,1.5445828850580576,0.43475389659057395,0.011047285886919464
956,S800,S800|78|0,1.545674012,1.545386124669613,0.4352737980051963,0.010989351176829375
957,S800,S800|78|0,1.527674983,1.5447233879023456,0.43484485736426914,0.011117892231516784
958,D50,D50|78|1,1.861633919,1.857374806731128,0.6191640965395216,0.01907165086545572
959,D50,D50|78|1,1.858298087,1.86299133444115,0.6221834402082846,0.01625988862317387
960,D50,D50|78|1,1.866432645,1.8486152171687917,0.6144368275407183,0.018902222418540938
961,D50,D50|78|1,1.858334491,1.8615282321753774,0.6213977805736053,0.016255308293630318
962,D50,D50|78|1,1.842270226,1.8644866857717657,0.6229857797004165,0.01644879802182609
963,D100,D100|78|1,1.841506621,1.8097883762254798,0.5932099192297083,0.019154505289886922
964,D100,D100|78|1,1.843976596,1.8138925871040088,0.5954751366564224,0.019037250869572347
965,D100,D100|78|1,1.851759894,1.8130289783651787,0.5949989152992398,0.019144250349953432
966,D100,D100|78|1,1.838969233,1.8274550006025072,0.6029242888653136,0.018825496121415118
967,D100,D100|78|1,1.836763694,1.814081427176929,0.5955792388756485,0.01908218597439353
968,D200,D200|78|1,1.828959327,1.8324745412002625,0.6056672617491536,0.013332289209152567
969,D200,D200|78|1,1.829062221,1.8319235937011862,0.6053665588872128,0.01333482017369169
970,D200,D200|78|1,1.82885645,1.831836493946846,0.6053190122399035,0.013345457636539083
971,D200,D200|78|1,1.842479042,1.8319542813308753,0.6053833103351248,0.013486236018472944
972,D200,D200|78|1,1.838641851,1.832231827280218,0.6055348015212418,0.01339319405804832
973,D400,D400|78|1,1.836794382,1.8234034683510951,0.6007047923008341,0.011143824759031192
974,D400,D400|78|1,1.844766925,1.8236318582208615,0.6008300391655413,0.010966921612631506
975,D400,D400|78|1,1.850348254,1.8225503432567687,0.6002368077053186,0.010960151428407314
976,D400,D400|78|1,1.834540582,1.8207030001674283,0.5992226903362934,0.010968934038711091
977,D400,D400|78|1,1.843996508,1.8231097998449002,0.6005437241871425,0.01073710639878219
978,D600,D600|78|1,1.809627456,1.8106409329610043,0.5936808892050758,0.01082004394604038
979,D600,D600|78|1,1.819273655,1.8254453631731524,0.6018239918782775,0.010630291403511887
980,D600,D600|78|1,1.815949651,1.821155668439544,0.5994712822316071,0.01043096803133281
981,D600,D600|78|1,1.821722597,1.8222679253476812,0.6000818381628944,0.010142368222103541
982,D600,D600|78|1,1.816334794,1.8243069546277417,0.6012001640219174,0.010152336247103221
983,D800,D800|78|1,1.784705458,1.8188282293376954,0.5981924637069117,0.010122732021536747
984,D800,D800|78|1,1.793779733,1.8168062134987801,0.5970801318269103,0.010000072696858318
985,D800,D800|78|1,1.822903868,1.8147261366746947,0.5959345674474754,0.01004048898288229
986,D800,D800|78|1,1.802357094,1.8084601341109123,0.5924757285457698,0.010113553947543034
987,D800,D800|78|1,1.813384683,1.8235089284864432,0.6007626276003433,0.010005579976514382
988,S50,S50|78|1,1.831227016,1.820390488984568,0.5990510324623284,0.012699770045864317
989,S50,S50|78|1,1.846071835,1.8186789662963734,0.5981103948430563,0.012829396173088703
990,S50,S50|78|1,1.828786354,1.8211436092701665,0.5994646604971158,0.012552401695299495
991,S50,S50|78|1,1.827511566,1.8221430026449168,0.6000132823906275,0.012573623781017503
992,S50,S50|78|1,1.819777763,1.8217343203374194,0.5997889706078825,0.012706949395626978
993,S100,S100|78|1,1.811594519,1.8210882601348575,0.5994342675197887,0.011990166157048293
994,S100,S100|78|1,1.818458589,1.8235002579395947,0.6007578727196149,0.011830658983170698
995,S100,S100|78|1,1.80407353,1.8248801246646258,0.6015142997618196,0.01171383790155262
996,S100,S100|78|1,1.818628157,1.821685942570575,0.5997624143704152,0.011881369421394953
997,S100,S100|78|1,1.809708774,1.820582228649743,0.5991563557812447,0.012144035885601118
998,S200,S200|78|1,1.810675917,1.8143413776208166,0.5957225245169958,0.010686675518102288
999,S200,S200|78|1,1.801129455,1.8110602324310026,0.5939124375591357,0.010902671323255392
1000,S200,S200|78|1,1.819134646,1.8121544357782031,0.5945164334471332,0.01079746059022691
1001,S200,S200|78|1,1.808303844,1.8124093767228824,0.5946571074472544,0.010799204574962739
1002,S200,S200|78|1,1.815022468,1.813233445260435,0.5951116853481699,0.011033046459536282
1003,S400,S400|78|1,1.799772023,1.807711829577707,0.5920618629711233,0.010238793678189174
1004,S400,S400|78|1,1.807563313,1.8061258652060372,0.5911841453714777,0.010396404867479829
1005,S400,S400|78|1,1.803653703,1.8060271180703966,0.5911294704249168,0.010320605148750507
1006,S400,S400|78|1,1.808822638,1.8083235934048705,0.5924002246083527,0.010306256181831955
1007,S400,S400|78|1,1.80385226,1.8125542758229778,0.5947370525799847,0.010294584072414854
1008,S600,S600|78|1,1.819705197,1.7983305355421666,0.5868587542718253,0.01031920814928939
1009,S600,S600|78|1,1.818966939,1.8004177854271226,0.5880187409854495,0.010285305558862269
1010,S600,S600|78|1,1.824045849,1.8029771631177016,0.5894392780942107,0.010266934100085126
1011,S600,S600|78|1,1.815561419,1.802071288742092,0.5889367193037964,0.01031189623588376
1012,S600,S600|78|1,1.81652825,1.8055909168324442,0.5908879159549492,0.010467663928708138
1013,S800,S800|78|1,1.817894711,1.8113165150705983,0.5940539372748679,0.01073930226996583
1014,S800,S800|78|1,1.809453289,1.8095686298841387,0.5930884908427102,0.01075451106653173
1015,S800,S800|78|1,1.801825915,1.8075229014543446,0.591957345208051,0.010737707150336898
1016,S800,S800|78|1,1.802967307,1.8077759507147186,0.5920973332262672,0.010922681551227038
1017,S800,S800|78|1,1.796182709,1.8124781489327166,0.5946950519127617,0.010745063896167324
1018,D50,D50|78|2,2.048716118,1.9793843072951303,0.6827858404380792,0.02772679935093435
1019,D50,D50|78|2,2.027640154,2.0173645646870084,0.701791988641967,0.01807974291960435
1020,D50,D50|78|2,2.075518832,1.971596790352011,0.6788437679070074,0.02735655587598558
1021,D50,D50|78|2,2.072316368,1.9712630194173721,0.678674463923838,0.0281679289496273
1022,D50,D50|78|2,2.058495049,1.9750579122600291,0.6805977205864902,0.031178169838484107
1023,D100,D100|78|2,1.970485404,1.9545589473870584,0.6701645656257278,0.01958420582216465
1024,D100,D100|78|2,1.977013669,1.9502745523694383,0.6679701587517081,0.019890357075680543
1025,D100,D100|78|2,1.978128464,1.9502911637668954,0.6679786761815714,0.01980544070309237
1026,D100,D100|78|2,1.972137944,1.9479511203513313,0.6667781126834191,0.019844527986064786
1027,D100,D100|78|2,1.962600245,1.947776500722121,0.6666884659491954,0.01974494161205667
1028,D200,D200|78|2,1.975250671,1.9754275649848663,0.680784863522742,0.013068015677608177
1029,D200,D200|78|2,1.981161733,1.9703249974451944,0.6781985024657288,0.013262714940927926
1030,D200,D200|78|2,1.964957492,1.9762295859499774,0.6811907797981122,0.01305232368711266
1031,D200,D200|78|2,1.960153436,1.992903732113032,0.689592737060032,0.013089241285005587
1032,D200,D200|78|2,1.942723807,2.0014211042828967,0.6938574803787393,0.014109413873807503
1033,D400,D400|78|2,1.959613803,1.9605745745718421,0.6732375805740309,0.010638757333214783
1034,D400,D400|78|2,1.961783202,1.9625332163347526,0.6742360960520845,0.010843187096309307
1035,D400,D400|78|2,1.984038462,1.9687452025689787,0.6773963867984771,0.010849353284433028
1036,D400,D400|78|2,2.012992775,1.9846697218177127,0.6854525133017066,0.01166649732506478
1037,D400,D400|78|2,1.998116771,1.989006635610298,0.6876353360202662,0.013500813239692563
1038,D600,D600|78|2,1.951705064,1.960351666198787,0.6731238786783016,0.0100774372934789
1039,D600,D600|78|2,1.947197559,1.9649601511486883,0.6754719658019519,0.009975200078026707
1040,D600,D600|78|2,1.954218438,1.959173419210168,0.6725226593987024,0.010008854087138327
1041,D600,D600|78|2,1.954750676,1.9619963363762392,0.6739624938510299,0.010024397682585649
1042,D600,D600|78|2,1.969541654,1.9789147563083176,0.6825485915685673,0.010157848946974824
1043,D800,D800|78|2,1.958691803,1.9288511400939032,0.6569245614766702,0.010923848102009874
1044,D800,D800|78|2,1.939747135,1.9275634463684592,0.6562567423174844,0.01087127096250812
1045,D800,D800|78|2,1.935442189,1.9432387589238758,0.6643560444331515,0.010242383522587262
1046,D800,D800|78|2,1.972016693,1.9577740418248237,0.6718081349079851,0.010083108409210858
1047,D800,D800|78|2,1.984965003,1.9652082982697194,0.6755982439116841,0.009971474294865286
1048,S50,S50|78|2,1.973547647,1.9537946394027614,0.6697734505553701,0.01220957838680102
1049,S50,S50|78|2,1.977099328,1.947435370733765,0.6665133124528078,0.012967419199984431
1050,S50,S50|78|2,1.971799243,1.9455250932287498,0.6655319114465441,0.012980503914322114
1051,S50,S50|78|2,1.965956881,1.9466169961571456,0.6660929921737965,0.013010187509677307
1052,S50,S50|78|2,1.966607202,1.9446955549166909,0.6651054377836544,0.012973937153847101
1053,S100,S100|78|2,1.953922335,1.963480124027682,0.6747184722587853,0.01188718209563841
1054,S100,S100|78|2,1.967330539,1.962928787094139,0.6744376370479621,0.011782120811939068
1055,S100,S100|78|2,1.959074643,1.960791620775606,0.6733482798523809,0.011920592260275625
1056,S100,S100|78|2,1.966565981,1.9611972072807253,0.673555106808982,0.012103822203923103
1057,S100,S100|78|2,1.955034403,1.957782425658582,0.6718124172284307,0.011895845603987999
1058,S200,S200|78|2,1.969323837,1.9765089828390108,0.6813321485654295,0.010465823177057307
1059,S200,S200|78|2,1.981766088,1.9771911714105481,0.6816772372427152,0.010486147514398704
1060,S200,S200|78|2,1.971328348,1.9672843222474587,0.6766540750960922,0.01042952717843762
1061,S200,S200|78|2,1.955312941,1.9673271451173315,0.6766758423634474,0.010467456502102967
1062,S200,S200|78|2,1.967573296,1.965568076995823,0.6757813012483325,0.010445040449450042
1063,S400,S400|78|2,1.960705784,1.9576957404983097,0.6717681390296473,0.01024759426733823
1064,S400,S400|78|2,1.957890055,1.95935052372826,0.6726130528840003,0.010300036942347438
1065,S400,S400|78|2,1.949374428,1.9538829478584812,0.6698186479667546,0.010174670308410065
1066,S400,S400|78|2,1.961315049,1.9531671055930402,0.6694522117738941,0.01027178822575112
1067,S400,S400|78|2,1.956350003,1.9554697058412327,0.6706304233221381,0.010190377637859255
1068,S600,S600|78|2,1.952490208,1.9513195995887826,0.6685058614432922,0.010694018248361773
1069,S600,S600|78|2,1.945341136,1.948713559401602,0.6671694417418121,0.010455038909887372
1070,S600,S600|78|2,1.945316352,1.947207933530251,0.6663965175701937,0.010372025572962743
1071,S600,S600|78|2,1.946777397,1.9481697003315979,0.6668903165859961,0.010348102504397496
1072,S600,S600|78|2,1.941493302,1.9478140481044814,0.6667077428120437,0.010347151894101602
1073,S800,S800|78|2,1.938492808,1.9408062906975019,0.6631035004933591,0.010996120926658103
1074,S800,S800|78|2,1.920010403,1.9383539831792886,0.6618391506486714,0.01115877878861695
1075,S800,S800|78|2,1.936963931,1.9391572179747414,0.6622534549615529,0.011473321383136162
1076,S800,S800|78|2,1.934103721,1.9381231108386057,0.6617200361354902,0.011748265003031624
1077,S800,S800|78|2,1.956494024,1.93870457842912,0.6620200069577602,0.011622884133193406
1078,D50,D50|78|3,2.173824888,2.1857252497627897,0.781947695561837,0.019719849848055606
1079,D50,D50|78|3,2.183314693,2.1840979531298577,0.7812029072110964,0.019323111148133183
1080,D50,D50|78|3,2.208895721,2.1825931235601104,0.7805136761192284,0.02284614927444425
1081,D50,D50|78|3,2.207947518,2.1756802728128304,0.7773413847479334,0.01847056834479394
1082,D50,D50|78|3,2.204059039,2.1855733722753916,0.7818782070639825,0.02031123907367366
1083,D100,D100|78|3,2.110443847,2.0555210175253884,0.7205293523219537,0.02169035054880881
1084,D100,D100|78|3,2.110474752,2.0818093911633526,0.7332374151676192,0.020008911435646957
1085,D100,D100|78|3,2.116896351,2.0952051879193814,0.7396514903057516,0.019205465226460723
1086,D100,D100|78|3,2.13463104,2.0954335121072045,0.7397604589878035,0.01913668956955069
1087,D100,D100|78|3,2.11252368,2.0900518475140486,0.7371888730920104,0.019865815185559983
1088,D200,D200|78|3,2.117708297,2.111961788190979,0.7476172729677354,0.013099479072762123
1089,D200,D200|78|3,2.109405472,2.106941050853356,0.7452371566676658,0.013209424208193741
1090,D200,D200|78|3,2.100518085,2.105652225586347,0.7446252650262724,0.013157931733116666
1091,D200,D200|78|3,2.117438459,2.1099095072241543,0.7466450589967861,0.013115071632983309
1092,D200,D200|78|3,2.134237176,2.134372000839883,0.758172458605844,0.012824917258022003
1093,D400,D400|78|3,2.109788548,2.1339379071889626,0.7579690555438495,0.010675457653771054
1094,D400,D400|78|3,2.13076654,2.1305579193321376,0.7563838793813735,0.010669538905544423
1095,D400,D400|78|3,2.158121598,2.144062247126755,0.7627022759618935,0.011214317771969516
1096,D400,D400|78|3,2.149065463,2.1504762445106818,0.7656893266847944,0.011058101663836414
1097,D400,D400|78|3,2.143923119,2.15083139745872,0.7658544638841799,0.011289332699883053
1098,D600,D600|78|3,2.124680917,2.1094223384237836,0.7464141367463648,0.010030966598705044
1099,D600,D600|78|3,2.099230499,2.1085687083330473,0.7460093800302279,0.010184713366700009
1100,D600,D600|78|3,2.120016659,2.1118016222892457,0.7475414325921059,0.010042754965770876
1101,D600,D600|78|3,2.116318793,2.1252731858279343,0.7539003521501789,0.010861370315174758
1102,D600,D600|78|3,2.121924309,2.128147875531826,0.7552520594465505,0.010537211730731728
1103,D800,D800|78|3,2.078791987,2.069564545843704,0.7273382208208862,0.01062597590352828
1104,D800,D800|78|3,2.120605244,2.0937386428920854,0.7389512922861807,0.010094411939269339
1105,D800,D800|78|3,2.132835138,2.112471603699827,0.7478586381232619,0.010308615534175078
1106,D800,D800|78|3,2.088280708,2.102624107690122,0.7431861397507272,0.01001038182388689
1107,D800,D800|78|3,2.082623381,2.095573229372145,0.7398271337862999,0.010056440083550494
1108,S50,S50|78|3,2.13105359,2.1080145892251654,0.74574655153997,0.012622281460879627
1109,S50,S50|78|3,2.125737217,2.1076677971486495,0.7455820267748127,0.01263002773822987
1110,S50,S50|78|3,2.127780473,2.1023597229124884,0.7430603914536433,0.01227808857264728
1111,S50,S50|78|3,2.115058345,2.115526808248523,0.7493038633966868,0.012178766594477817
1112,S50,S50|78|3,2.120433061,2.111924537842389,0.7475996350174139,0.012092214133355055
1113,S100,S100|78|3,2.10025556,2.097529286655467,0.7407601219103609,0.011741328970169305
1114,S100,S100|78|3,2.092586996,2.1011780669036697,0.7424981716763845,0.011599838047499283
1115,S100,S100|78|3,2.097468661,2.100852054124091,0.7423430024982287,0.011617155885442852
1116,S100,S100|78|3,2.083759863,2.094571760329989,0.7393491221357786,0.012130072891971641
1117,S100,S100|78|3,2.090691433,2.0995490670844723,0.7417225917118235,0.0116806892989891
1118,S200,S200|78|3,2.095038662,2.111796695812978,0.7475390997583956,0.010467213781072451
1119,S200,S200|78|3,2.095806206,2.1002014588061018,0.7420332728929343,0.010667619450453188
1120,S200,S200|78|3,2.102775437,2.091206433124434,0.7377411401667701,0.011199670087792865
1121,S200,S200|78|3,2.069632317,2.09007100000915,0.7371980366959523,0.011279075144813355
1122,S200,S200|78|3,2.102405588,2.0910758659718245,0.7376787019364858,0.011217189012667703
1123,S400,S400|78|3,2.104027112,2.101017261526439,0.7424216376912927,0.010221168019196732
1124,S400,S400|78|3,2.117542431,2.098374659198915,0.741163073248521,0.01020201209257085
1125,S400,S400|78|3,2.103087168,2.100233083918416,0.7420483309122858,0.010212601586834624
1126,S400,S400|78|3,2.089959666,2.0990699548391065,0.741494367981619,0.010248462858251789
1127,S400,S400|78|3,2.102186006,2.0988953576831353,0.7414111861813545,0.010205603171401572
1128,S600,S600|78|3,2.087092666,2.091622235753821,0.737939954253443,0.010419713568966208
1129,S600,S600|78|3,2.08206794,2.091680475014048,0.7379677979282891,0.010421201233127161
1130,S600,S600|78|3,2.097250237,2.0950610774231144,0.7395827068503823,0.010413549844635448
1131,S600,S600|78|3,2.113023395,2.092413306455146,0.7383180919163621,0.0104157470078787
1132,S600,S600|78|3,2.105152683,2.089306010107044,0.7368319582546929,0.010444409200930812
1133,S800,S800|78|3,2.055897074,2.082965372804642,0.7337925384270934,0.011074898485609101
1134,S800,S800|78|3,2.081431625,2.0775688276027,0.7311983772120128,0.012640307076440458
1135,S800,S800|78|3,2.075425638,2.0776890715049046,0.7312562527543534,0.01209934814756424
1136,S800,S800|78|3,2.073550491,2.0785524513915408,0.7316717146057876,0.012317753269845355
1137,S800,S800|78|3,2.050699731,2.0766088648069863,0.7307362097825574,0.013309761042986758
1138,D50,D50|78|3,2.296855612,2.2251048610384077,0.7998040430642757,0.03440161157120241
1139,D50,D50|78|3,2.28927411,2.250048688821979,0.8109518554586339,0.02986908718395293
1140,D50,D50|78|3,2.265432391,2.26336627855993,0.8168532088613267,0.02625080436941741
1141,D50,D50|78|3,2.309014532,2.2267279239787974,0.8005332092709514,0.03477284388613304
1142,D50,D50|78|3,2.323146548,2.2245333273832832,0.7995471531176933,0.03564782532352946
1143,D100,D100|78|4,2.172610234,2.1440307246649,0.7626875736398763,0.022421810391156226
1144,D100,D100|78|4,2.167009878,2.151048282092529,0.765955296380739,0.021748693802234105
1145,D100,D100|78|4,2.155731334,2.140480267421586,0.7610302278832335,0.02247586756595767
1146,D100,D100|78|4,2.160182521,2.149048967613135,0.7650254036330351,0.021935439287452636
1147,D100,D100|78|4,2.171657899,2.1450825936455726,0.7631780568347455,0.021722763474146034
1148,D200,D200|78|4,2.194175268,2.231836018157007,0.8028245732524679,0.012933972622044924
1149,D200,D200|78|4,2.227146471,2.226733727570883,0.800535815599484,0.013266585288219914
1150,D200,D200|78|4,2.219782185,2.2268898517474294,0.800605926678173,0.013186152337542925
1151,D200,D200|78|4,2.209961444,2.2343776306264598,0.803962724242853,0.012989545851022714
1152,D200,D200|78|4,2.223157782,2.2243206432882463,0.799451540136642,0.013095002287882946
1153,D400,D400|78|4,2.208759938,2.2134445034243946,0.7945499010096574,0.010639800226974146
1154,D400,D400|78|4,2.215521349,2.213970007154558,0.7947872872906914,0.010629870534633202
1155,D400,D400|78|4,2.21109678,2.2124180978531465,0.7940860792952856,0.01067342765198316
1156,D400,D400|78|4,2.238669537,2.2307218943528047,0.8023252525269141,0.010968634499722766
1157,D400,D400|78|4,2.277323367,2.238294843646016,0.8057143454687072,0.011834391873469793
1158,D600,D600|78|4,2.215719494,2.197232615475612,0.7871986664848447,0.009945182335271035
1159,D600,D600|78|4,2.228725024,2.19036156972668,0.7840666305326668,0.0099473711482643
1160,D600,D600|78|4,2.259070385,2.2110599341098904,0.7934720087489325,0.010103583937097491
1161,D600,D600|78|4,2.23342589,2.190359262615602,0.7840655772306346,0.010097200887188578
1162,D600,D600|78|4,2.171001568,2.2571888152833663,0.8141201519718128,0.022936190195689245
1163,D800,D800|78|4,2.175697215,2.200030987069723,0.7884714452967694,0.009990666234439225
1164,D800,D800|78|4,2.183416165,2.2253798208014692,0.7999276070277843,0.010295315535891168
1165,D800,D800|78|4,2.236248929,2.2142770871839197,0.7949259787518098,0.010698949895724535
1166,D800,D800|78|4,2.214218214,2.2037684273525673,0.7901688165112359,0.009948032096330824
1167,D800,D800|78|4,2.177187795,2.201941313932899,0.7893393866887063,0.009945040278542672
1168,S50,S50|78|4,2.222032953,2.1724978598522466,0.7758775930486379,0.012074458767621702
1169,S50,S50|78|4,2.214924375,2.169267264718408,0.7743894445019749,0.012174718218086761
1170,S50,S50|78|4,2.215731321,2.1722667363184103,0.775771201307986,0.012057536836280738
1171,S50,S50|78|4,2.19161935,2.171271926465623,0.7753131370670916,0.012080249911062147
1172,S50,S50|78|4,2.203313428,2.1763602793080588,0.777653884823527,0.01215441560377465
1173,S100,S100|78|4,2.14918061,2.144219782886937,0.7627757486295729,0.014398569143779918
1174,S100,S100|78|4,2.155837945,2.150317211121307,0.7656153713130296,0.014355436559388977
1175,S100,S100|78|4,2.162778819,2.1481481892475203,0.7646061636745565,0.01482846556575844
1176,S100,S100|78|4,2.148500592,2.1519891063218726,0.7663925801686364,0.013954690574090538
1177,S100,S100|78|4,2.142818588,2.1505349605585398,0.7657166300537287,0.013975728443179434
1178,S200,S200|78|4,2.206816048,2.20825493488238,0.7922025813886568,0.010471329380100513
1179,S200,S200|78|4,2.196338291,2.2093151232485795,0.7926825685185056,0.01052385606302924
1180,S200,S200|78|4,2.191421843,2.2061376741420355,0.7912433278331988,0.010453880662186523
1181,S200,S200|78|4,2.189803313,2.2097399526677144,0.7928748401300358,0.010470195229484646
1182,S200,S200|78|4,2.18060903,2.212303334024218,0.7940342053724992,0.010591854904323765
1183,S400,S400|78|4,2.226271571,2.1730928640293246,0.7761514357635195,0.010246039456571128
1184,S400,S400|78|4,2.213920664,2.176473044747814,0.7777056972552859,0.010193541795908976
1185,S400,S400|78|4,2.188920086,2.1791346749442333,0.7789278599012415,0.010177303080034979
1186,S400,S400|78|4,2.195478145,2.180006741082695,0.7793279690359849,0.010165837645676643
1187,S400,S400|78|4,2.199391193,2.178820884707413,0.7787838518988343,0.01017816940958347
1188,S600,S600|78|4,2.189764122,2.196281982728131,0.7867659228391516,0.010826634914483359
1189,S600,S600|78|4,2.174324856,2.196350806757716,0.7867972589570971,0.010847541176415232
1190,S600,S600|78|4,2.171721222,2.193976666497097,0.7857157266538676,0.010717579367009991
1191,S600,S600|78|4,2.179246712,2.195308664410801,0.786322658240298,0.011069560410248295
1192,S600,S600|78|4,2.180835264,2.195317102074693,0.7863265017306525,0.010673013926903273
1193,S800,S800|78|4,2.170123198,2.1824372696405017,0.7804422658857888,0.011102309961100239
1194,S800,S800|78|4,2.144811587,2.1798804470055804,0.7792700344740564,0.011374321294110937
1195,S800,S800|78|4,2.141743393,2.181221710240437,0.7798851373672172,0.011227141084406029
1196,S800,S800|78|4,2.131005724,2.1778635461791276,0.7783443715743439,0.011637223695703367
1197,S800,S800|78|4,2.147763194,2.1775306982060685,0.7781915275583808,0.01153316849990636
1198,D50,D50|91|0,1.474887956,1.5391583568961664,0.43123574553223415,0.0226150955258037
1199,D50,D50|91|0,1.486720847,1.543608726612182,0.43412300408085663,0.0251274061826442
1200,D50,D50|91|0,1.47655687,1.5316998241648345,0.4263781148909726,0.019932467374094008
1201,D50,D50|91|0,1.470630924,1.53306527488167,0.427269178814669,0.020491655595059433
1202,D50,D50|91|0,1.469018895,1.531249322263016,0.42608395270705746,0.02004612011788253
1203,D100,D100|91|0,1.51890701,1.4653695936874434,0.3821074930316896,0.020916318907640053
1204,D100,D100|91|0,1.499253844,1.4612055467085845,0.3792618119272581,0.021644593004417647
1205,D100,D100|91|0,1.505115183,1.4625019438559301,0.38014862925525117,0.021294929600433818
1206,D100,D100|91|0,1.498529419,1.459507915701744,0.3780993348682356,0.022096573351594852
1207,D100,D100|91|0,1.487426062,1.454527011689995,0.3746807698978973,0.02294245996157773
1208,D200,D200|91|0,1.496959188,1.4892583108460278,0.3982782180691062,0.01328973975840938
1209,D200,D200|91|0,1.512561412,1.4896202728646386,0.39852123705106235,0.013189864309941027
1210,D200,D200|91|0,1.49550738,1.4883475530606218,0.39766647974278974,0.013187992475138906
1211,D200,D200|91|0,1.499524673,1.4919939631716639,0.4001134556417909,0.013443421177144822
1212,D200,D200|91|0,1.507948275,1.4885112795527087,0.39777647924324183,0.013376731410551509
1213,D400,D400|91|0,1.480943664,1.471699411954245,0.38641779561881107,0.010696749932361317
1214,D400,D400|91|0,1.488196875,1.4722993585502993,0.3868253682104643,0.010715197322769184
1215,D400,D400|91|0,1.495449395,1.4803458215505696,0.392275723690872,0.010890069048652876
1216,D400,D400|91|0,1.489649011,1.4912249779402345,0.39959791503706776,0.012444944158607807
1217,D400,D400|91|0,1.488574134,1.4866457183320279,0.39652238645653365,0.011567594242162374
1218,D600,D600|91|0,1.454631794,1.4688239121118165,0.38446202078412545,0.010682314417173178
1219,D600,D600|91|0,1.449676887,1.470388924292147,0.38552694014542355,0.01022719177227517
1220,D600,D600|91|0,1.464974381,1.4684421683558702,0.38420208944141593,0.0106124096949348
1221,D600,D600|91|0,1.454164751,1.4680210064665762,0.38391523967207913,0.010915349540253184
1222,D600,D600|91|0,1.463072572,1.482045079972788,0.3934229447464815,0.010320318702616791
1223,D800,D800|91|0,1.471779432,1.4874410859892804,0.3970572515956805,0.010636538127571649
1224,D800,D800|91|0,1.476235518,1.4864830654875527,0.39641297118631547,0.010450224271558391
1225,D800,D800|91|0,1.473976524,1.488075122393394,0.3974834206159826,0.012939660580228284
1226,D800,D800|91|0,1.46374932,1.4852054746424037,0.39555312944542675,0.010203057413130795
1227,D800,D800|91|0,1.457317453,1.4587517096661382,0.3775810766255774,0.010992128778066308
1228,S50,S50|91|0,1.464285745,1.504168942203168,0.4082405478117962,0.0127537101888966
1229,S50,S50|91|0,1.46329805,1.501728214508621,0.4066165879065165,0.012361965082277286
1230,S50,S50|91|0,1.456338684,1.4998678659616826,0.4053770148691907,0.012510556867352227
1231,S50,S50|91|0,1.474668071,1.4942663721323746,0.4016353654180153,0.012734806841765024
1232,S50,S50|91|0,1.471097952,1.488502264974095,0.39777042312123984,0.01308371582247138
1233,S100,S100|91|0,1.442874313,1.4769781626378837,0.3899982184960606,0.01733022427854919
1234,S100,S100|91|0,1.45146606,1.4801049961822876,0.3921130286260726,0.01644652536177617
1235,S100,S100|91|0,1.454374894,1.4824317425291704,0.3936838086909322,0.015675049871967727
1236,S100,S100|91|0,1.456256666,1.478913732786166,0.3913078539586615,0.016653639485401706
1237,S100,S100|91|0,1.452714446,1.4806506794308054,0.39248163942310066,0.01612864787373378
1238,S200,S200|91|0,1.470202477,1.469668353144487,0.3850367652310654,0.010648928569146307
1239,S200,S200|91|0,1.483981407,1.4807959359802396,0.3925797377975875,0.01069214083706932
1240,S200,S200|91|0,1.481539669,1.475736705427116,0.3891573264090207,0.010612186645415418
1241,S200,S200|91|0,1.480093475,1.4750920571538888,0.3887203994740135,0.010653518063802913
1242,S200,S200|91|0,1.481454481,1.4753840078613272,0.38891830022084756,0.010606233755119458
1243,S400,S400|91|0,1.485518466,1.4675261318450687,0.38357807961102147,0.01031910515617201
1244,S400,S400|91|0,1.497415762,1.4643926199616302,0.3814405626183785,0.010225372942931094
1245,S400,S400|91|0,1.487051311,1.4648745921558495,0.3817696361809234,0.010266820562717783
1246,S400,S400|91|0,1.496107801,1.4636103746252873,0.3809062425672038,0.01024068438019671
1247,S400,S400|91|0,1.476622947,1.4653144756701117,0.3820698785935355,0.01031291244593877
1248,S600,S600|91|0,1.466414868,1.4678534045119136,0.3838010645192061,0.010341936095324272
1249,S600,S600|91|0,1.459969508,1.4679215492953468,0.38384748822982273,0.010318553628998172
1250,S600,S600|91|0,1.450253824,1.4640209343118868,0.38118671483024985,0.0105746492237336
1251,S600,S600|91|0,1.462794051,1.465738676632066,0.3823593315258937,0.01044293399673033
1252,S600,S600|91|0,1.466989729,1.4645772781259054,0.3815666534769022,0.010539684565229109
1253,S800,S800|91|0,1.470174519,1.4723375476628102,0.38685130628957526,0.01085303163350364
1254,S800,S800|91|0,1.467155176,1.4651467960438331,0.38195543952683964,0.010958128963762696
1255,S800,S800|91|0,1.4584823,1.4666895269020446,0.3830078386587584,0.010837698753838193
1256,S800,S800|91|0,1.454521861,1.4682025605285869,0.3840389046847047,0.010804925516874288
1257,S800,S800|91|0,1.463400253,1.4625418929936749,0.38017594449562053,0.011189900357916494
1258,D50,D50|91|1,1.729470914,1.6826225829428072,0.5203536375010688,0.029189215524984102
1259,D50,D50|91|1,1.689766162,1.6929313624221023,0.526461560345749,0.017431416241517894
1260,D50,D50|91|1,1.714578735,1.6825312529363947,0.5202993576607471,0.02504875354589693
1261,D50,D50|91|1,1.702565187,1.6923284641623684,0.5261053700992139,0.01644099369047861
1262,D50,D50|91|1,1.698018472,1.6972455036540308,0.5290066450012544,0.022142620680579473
1263,D100,D100|91|1,1.668958873,1.651527707944723,0.5017007431495195,0.020308670410258002
1264,D100,D100|91|1,1.671957444,1.6575055471391362,0.5053137897625587,0.019927671907453898
1265,D100,D100|91|1,1.674909848,1.6573589923522631,0.5052253669716888,0.020014229478546693
1266,D100,D100|91|1,1.670677177,1.6546284594370422,0.5035764878176364,0.020394183465159685
1267,D100,D100|91|1,1.665343864,1.655160564184973,0.5038980217575446,0.020362617588366105
1268,D200,D200|91|1,1.682406209,1.6832648051745915,0.5207352439932201,0.01320362385743072
1269,D200,D200|91|1,1.685021577,1.6829472469527027,0.5205465700666145,0.013164717043186327
1270,D200,D200|91|1,1.682213246,1.6842300026748684,0.5213084876546257,0.01320316447268841
1271,D200,D200|91|1,1.687370265,1.6844499714412182,0.5214390840712355,0.013198854094315326
1272,D200,D200|91|1,1.677856605,1.6844194032389432,0.5214209366164808,0.01323003596353129
1273,D400,D400|91|1,1.664712711,1.6699415289985073,0.512788613239965,0.013499703632515622
1274,D400,D400|91|1,1.68152969,1.6714440565973196,0.5136879573363557,0.011713116814437766
1275,D400,D400|91|1,1.66376522,1.6696345135096347,0.5126047482907442,0.01152560474430335
1276,D400,D400|91|1,1.676002275,1.6640575457884068,0.5092589246065784,0.011657891947897096
1277,D400,D400|91|1,1.661059428,1.6609052797421058,0.5073628029618275,0.010740397750285187
1278,D600,D600|91|1,1.657446277,1.6628795026976313,0.5085507397970422,0.010458674168392135
1279,D600,D600|91|1,1.662346504,1.6618082352502213,0.5079063078570096,0.01041638272417664
1280,D600,D600|91|1,1.663387642,1.6616650136338318,0.5078201199410839,0.010418883174460975
1281,D600,D600|91|1,1.662600791,1.6581897416659406,0.505726490253358,0.010257464920505594
1282,D600,D600|91|1,1.643923459,1.6417701519255679,0.49577502067514256,0.010234676683140579
1283,D800,D800|91|1,1.6463813,1.651391488728143,0.5016182590143977,0.010456353111462242
1284,D800,D800|91|1,1.645158439,1.654378128452671,0.5034251850153,0.010475973521177614
1285,D800,D800|91|1,1.645998258,1.6525958174687192,0.5023472744023537,0.010866711028489481
1286,D800,D800|91|1,1.660498838,1.6520992732607123,0.5020467660661162,0.010211765131470603
1287,D800,D800|91|1,1.666612787,1.6543443492769527,0.5034047667566235,0.010155750909459535
1288,S50,S50|91|1,1.678825145,1.6671705868095597,0.5111279301525459,0.012649548070802227
1289,S50,S50|91|1,1.665647429,1.6604276491118504,0.5070751891370293,0.013938676221133255
1290,S50,S50|91|1,1.668386105,1.6575063760456092,0.5053142898551629,0.014534536233757903
1291,S50,S50|91|1,1.666702835,1.660638426218275,0.5072021225384894,0.013746495731933144
1292,S50,S50|91|1,1.672894046,1.6616301502033297,0.507799138698802,0.013587515492867847
1293,S100,S100|91|1,1.684319088,1.6653845656077582,0.5100560670978557,0.01338231070827869
1294,S100,S100|91|1,1.667581631,1.662773572055508,0.5084870346301001,0.014165043368468825
1295,S100,S100|91|1,1.661599677,1.6622893959086875,0.5081958063707214,0.0142663277588539
1296,S100,S100|91|1,1.670694196,1.6679214430466043,0.5115782063326387,0.012977816208894204
1297,S100,S100|91|1,1.656714185,1.6669441443384774,0.5109920965117206,0.013318531610031971
1298,S200,S200|91|1,1.656880386,1.6552513326099216,0.5039528599032504,0.010800193324012934
1299,S200,S200|91|1,1.66193843,1.654582833211768,0.503548912530813,0.010814469735218483
1300,S200,S200|91|1,1.648533727,1.6560455590712317,0.5044325671010774,0.010710931596786719
1301,S200,S200|91|1,1.648155468,1.6530244516421657,0.5026066110114944,0.010965746152391051
1302,S200,S200|91|1,1.641284712,1.6525487517720225,0.5023187941372919,0.011061465381388249
1303,S400,S400|91|1,1.649160877,1.6368801078830162,0.49279205678387694,0.010254703656117331
1304,S400,S400|91|1,1.649526937,1.6335929231503834,0.4907818363610841,0.010414533896054727
1305,S400,S400|91|1,1.63614477,1.637911993965416,0.49342225624964986,0.010217041870252644
1306,S400,S400|91|1,1.648707247,1.6363889333348585,0.4924919442384923,0.010267060675262493
1307,S400,S400|91|1,1.638026635,1.6360649742064897,0.4922939526770646,0.010266076847765045
1308,S600,S600|91|1,1.643608489,1.6377126838829728,0.4933005633804776,0.010313635935886946
1309,S600,S600|91|1,1.63892971,1.6376611647913257,0.493269104930828,0.010304233100237772
1310,S600,S600|91|1,1.633105927,1.6362972456586864,0.4924359121772549,0.010300064042118898
1311,S600,S600|91|1,1.63598518,1.6350945015800906,0.4917006018104652,0.01036444279649781
1312,S600,S600|91|1,1.633706334,1.6363103797926404,0.4924439388858966,0.010296134300420399
1313,S800,S800|91|1,1.61739273,1.6418420670277212,0.4958188231081764,0.010843329309499414
1314,S800,S800|91|1,1.624811061,1.638667474196818,0.49388339583263896,0.010911890283668986
1315,S800,S800|91|1,1.626210849,1.638303181372754,0.4936610607165492,0.010838632522856141
1316,S800,S800|91|1,1.640387878,1.637283919929727,0.49303872252531705,0.010956655817082472
1317,S800,S800|91|1,1.630202716,1.6353536664166202,0.49185909069257505,0.011507430845606771
1318,D50,D50|91|2,1.790464747,1.7871085674499674,0.5805989883609205,0.02326463541055697
1319,D50,D50|91|2,1.825534745,1.772723341149044,0.5725169749555115,0.026980555154367297
1320,D50,D50|91|2,1.828657725,1.7736142412587603,0.5730194088652877,0.025959496373723964
1321,D50,D50|91|2,1.818651128,1.7721271501478122,0.5721806047710329,0.026549355165761557
1322,D50,D50|91|2,1.818651128,1.7721271501478122,0.5721806047710329,0.026549355165761557
1323,D100,D100|91|2,1.73642222,1.7481974237694398,0.5585852135156643,0.021264664374663497
1324,D100,D100|91|2,1.748199464,1.750700358548578,0.5600159127597092,0.021228036686838085
1325,D100,D100|91|2,1.739144831,1.7453663395002932,0.5569644702971559,0.021552887131030887
1326,D100,D100|91|2,1.750080305,1.7439205904300408,0.5561357914398312,0.02149660149855123
1327,D100,D100|91|2,1.750310728,1.7479125257310666,0.5584222334932285,0.021591045669510717
1328,D200,D200|91|2,1.734852865,1.7445934581722187,0.5565215532519654,0.012957431346137742
1329,D200,D200|91|2,1.74061346,1.7458287275474895,0.5572293584177106,0.012943741172714431
1330,D200,D200|91|2,1.743749892,1.7446242145876127,0.5565391826567657,0.012988637787491247
1331,D200,D200|91|2,1.742424891,1.7438890565778982,0.5561177091157741,0.01302965699560084
1332,D200,D200|91|2,1.73414359,1.7394145740785796,0.5535486049348957,0.013020895430697722
1333,D400,D400|91|2,1.740645841,1.7435046581029112,0.5558972588265363,0.010736757145528153
1334,D400,D400|91|2,1.746214007,1.742182899269255,0.5551388667588293,0.010736341350916992
1335,D400,D400|91|2,1.738835295,1.7418057044563517,0.5549223363063625,0.010698841225472636
1336,D400,D400|91|2,1.749276228,1.744235716859789,0.5563164751035461,0.010824784324613944
1337,D400,D400|91|2,1.769148943,1.755173863605232,0.5625679195922892,0.011382012267424638
1338,D600,D600|91|2,1.730542783,1.7426647159896291,0.5554153877299814,0.010318743072456178
1339,D600,D600|91|2,1.74540229,1.7427501290082303,0.5554643994100349,0.010275478078749671
1340,D600,D600|91|2,1.757779863,1.736046894894069,0.5516106290611367,0.010883382417442551
1341,D600,D600|91|2,1.748370119,1.7442900579332379,0.556347629279815,0.010263335162577363
1342,D600,D600|91|2,1.746275065,1.737282975368054,0.5523223843923828,0.010756377447962878
1343,D800,D800|91|2,1.725438872,1.7274771133921714,0.546662028173763,0.010090970697023029
1344,D800,D800|91|2,1.725118598,1.7265349763043092,0.5461164961450604,0.010079300339519108
1345,D800,D800|91|2,1.72499252,1.7308212184411473,0.5485959886192782,0.009989464281453307
1346,D800,D800|91|2,1.729433568,1.7293079110228384,0.5477212770358802,0.010003794803214582
1347,D800,D800|91|2,1.738769491,1.7451237840929685,0.5568254895814819,0.010183584299011074
1348,S50,S50|91|2,1.748629463,1.7310686762586804,0.5487389497332833,0.012466055946202618
1349,S50,S50|91|2,1.756372992,1.731773830181051,0.5491462185771917,0.012320178569741316
1350,S50,S50|91|2,1.740802984,1.724250233867676,0.5447923089636902,0.013418986761434737
1351,S50,S50|91|2,1.745758805,1.7253370816517895,0.5454224410465549,0.013463568189593692
1352,S50,S50|91|2,1.741539263,1.7252292337488029,0.5453599307840856,0.0132992179719408
1353,S100,S100|91|2,1.731218987,1.73454898313423,0.5507474275214057,0.011589106657014975
1354,S100,S100|91|2,1.730916374,1.7311003148516577,0.5487572264800622,0.011999387333106612
1355,S100,S100|91|2,1.738408547,1.7318287305293005,0.5491779198750698,0.012307671104150712
1356,S100,S100|91|2,1.716852321,1.729636616513642,0.5479113381884523,0.012368527165057784
1357,S100,S100|91|2,1.718301381,1.7275683483760262,0.5467148407835452,0.012280631113707273
1358,S200,S200|91|2,1.720659702,1.7280383697114798,0.5469868748294867,0.010900396194500768
1359,S200,S200|91|2,1.729430345,1.7299295981206753,0.5480807129537013,0.011038803251913455
1360,S200,S200|91|2,1.724092597,1.7317969620905276,0.5491595758381599,0.011039570452993051
1361,S200,S200|91|2,1.726380004,1.7278085488388752,0.5468538707477899,0.010876467180797642
1362,S200,S200|91|2,1.731441458,1.7288463301457422,0.5474543248714323,0.01089198050822681
1363,S400,S400|91|2,1.722319891,1.728521320077162,0.5472663147420979,0.010153097909914062
1364,S400,S400|91|2,1.723230333,1.7288175267862422,0.5474376642816859,0.010144092359870821
1365,S400,S400|91|2,1.725528541,1.728990025232441,0.5475374375881796,0.010153741310023832
1366,S400,S400|91|2,1.709170995,1.7312267443729246,0.5488302580101057,0.010131550650268963
1367,S400,S400|91|2,1.723136082,1.7285434306110823,0.5472791062490641,0.010147075316498945
1368,S600,S600|91|2,1.737644411,1.727142838956546,0.5464685050416792,0.010368702462995094
1369,S600,S600|91|2,1.729149565,1.7271174858642826,0.5464538257240368,0.010275596751540689
1370,S600,S600|91|2,1.723136082,1.7267464983351124,0.5462390010915127,0.010263664817335042
1371,S600,S600|91|2,1.744636921,1.7262083548789515,0.5459273008328099,0.010262420279951764
1372,S600,S600|91|2,1.740173895,1.7257935668755018,0.545686983466338,0.010276735704850978
1373,S800,S800|91|2,1.726003366,1.727686152614952,0.5467830292419859,0.010767727970761757
1374,S800,S800|91|2,1.725344844,1.7254378237498356,0.5454808291482633,0.010804412032016472
1375,S800,S800|91|2,1.72037826,1.7241999462841435,0.5447631436396119,0.010802410922708268
1376,S800,S800|91|2,1.718505501,1.7270305133282005,0.5464034674092682,0.010864504807615112
1377,S800,S800|91|2,1.741021878,1.722800169271695,0.5439509724516417,0.010847340618849505
1378,D50,D50|91|3,1.890935262,1.8836409044632096,0.633206555260629,0.026029512363374422
1379,D50,D50|91|3,1.90281035,1.860183591987194,0.6206751882235146,0.047122999958619675
1380,D50,D50|91|3,1.900928922,1.8652415686680137,0.6233905721437571,0.03363991317672326
1381,D50,D50|91|3,1.912294445,1.863221968963422,0.6223072305035723,0.0336140558122402
1382,D50,D50|91|3,1.90491284,1.8627107626468267,0.6220328260219959,0.03281349177987647
1383,D100,D100|91|3,1.840321892,1.8453422856219537,0.6126647809479661,0.020713945500400247
1384,D100,D100|91|3,1.871227712,1.8432564014800576,0.6115337908125879,0.020749020820524284
1385,D100,D100|91|3,1.871235522,1.8275121609835017,0.6029555670565925,0.02128947002190955
1386,D100,D100|91|3,1.850146182,1.8192165951926673,0.5984059662200355,0.023172307675025337
1387,D100,D100|91|3,1.86020318,1.820436950870577,0.599076555169339,0.021601463341767047
1388,D200,D200|91|3,1.815573851,1.8226759698785786,0.6003057343568173,0.012982718474280838
1389,D200,D200|91|3,1.818119597,1.8164114278905708,0.5968628117273569,0.012992052793992528
1390,D200,D200|91|3,1.831804801,1.8092609750300346,0.5929184608117701,0.013638253588216192
1391,D200,D200|91|3,1.845330448,1.8060732320545243,0.5911550034830605,0.013472597254672402
1392,D200,D200|91|3,1.809977806,1.8195104167438119,0.5985674631121185,0.013056842959207974
1393,D400,D400|91|3,1.832611478,1.8237217562121473,0.6008793340795021,0.010676009059398526
1394,D400,D400|91|3,1.826254441,1.8237619329567205,0.6009013639214418,0.01065657152249447
1395,D400,D400|91|3,1.824627321,1.8185007840470269,0.5980124165952272,0.010927858279837417
1396,D400,D400|91|3,1.81936414,1.8179467338080701,0.5977076959905583,0.010644881218664385
1397,D400,D400|91|3,1.830170268,1.8175869298511047,0.5975097586358658,0.010759750549571801
1398,D600,D600|91|3,1.806505961,1.817489111709108,0.5974559396010495,0.010022920148649356
1399,D600,D600|91|3,1.814622772,1.8194985501196337,0.5985609412132795,0.01000097296353262
1400,D600,D600|91|3,1.828929893,1.822589049662409,0.6002580449758148,0.010063828958442045
1401,D600,D600|91|3,1.835355942,1.8202731686833293,0.5989865825090722,0.010175221454234527
1402,D600,D600|91|3,1.83108934,1.8128885853379058,0.5949214766786001,0.010558886343952896
1403,D800,D800|91|3,1.797889951,1.8203708929893994,0.599040267683694,0.010011544657645692
1404,D800,D800|91|3,1.807596419,1.8254864307231848,0.6018464889022442,0.010059442718892702
1405,D800,D800|91|3,1.824456516,1.8220550685876267,0.599965022633288,0.010001470476993903
1406,D800,D800|91|3,1.815756719,1.8258567830214296,0.6020493470165518,0.010187276457309607
1407,D800,D800|91|3,1.801076604,1.826609262310479,0.602461386055577,0.010187685491045853
1408,S50,S50|91|3,1.802804034,1.8293798010651527,0.6039770028897612,0.01255182450524114
1409,S50,S50|91|3,1.809305451,1.8253363793084232,0.6017642874793574,0.013140110544339535
1410,S50,S50|91|3,1.812438275,1.82368517760982,0.6008592767604302,0.0129047570655362
1411,S50,S50|91|3,1.830297402,1.8209776850673236,0.5993735464514547,0.013201422634562775
1412,S50,S50|91|3,1.808132345,1.8297669310136069,0.6041885986404889,0.012555173870132707
1413,S100,S100|91|3,1.838194388,1.8219889243981402,0.5999287200037802,0.011595660595742846
1414,S100,S100|91|3,1.797916352,1.8259082355073006,0.6020775265328203,0.020566049802314742
1415,S100,S100|91|3,1.840538585,1.8211725039133442,0.5994805265791803,0.01168347060476584
1416,S100,S100|91|3,1.826153596,1.8212549724549152,0.5995258087664689,0.011569271320751561
1417,S100,S100|91|3,1.827035596,1.8212731481517364,0.5995357884817762,0.011515246382458438
1418,S200,S200|91|3,1.809660246,1.8234942023301162,0.6007545518429069,0.010462821684619391
1419,S200,S200|91|3,1.810580824,1.8218277955523794,0.5998402804041792,0.01070788031988472
1420,S200,S200|91|3,1.827443553,1.8229945940442487,0.6004805302748217,0.010411348144662018
1421,S200,S200|91|3,1.819873108,1.8216595958702329,0.5997479514543593,0.010452484719675048
1422,S200,S200|91|3,1.82116145,1.8202153644944832,0.5989548262278346,0.010524972829053106
1423,S400,S400|91|3,1.827366889,1.8115773041905439,0.5941979045747151,0.01019730123389627
1424,S400,S400|91|3,1.801485664,1.8114097581072726,0.5941054139969074,0.011042307932330702
1425,S400,S400|91|3,1.835738463,1.8092731523321435,0.592925191328427,0.010262712119426202
1426,S400,S400|91|3,1.811037344,1.8122789582922434,0.5945851462640347,0.010238521628408817
1427,S400,S400|91|3,1.809516659,1.8119007602849424,0.5943764380662954,0.010223940767246873
1428,S600,S600|91|3,1.842325226,1.8094114173246105,0.5930016085954604,0.010380560936589619
1429,S600,S600|91|3,1.813712362,1.8090695734942488,0.5928126653166391,0.010454593984925677
1430,S600,S600|91|3,1.81941482,1.8073295098103621,0.591850346845648,0.010313096025394276
1431,S600,S600|91|3,1.824800504,1.8081101780826971,0.5922821993182984,0.010313381746704034
1432,S600,S600|91|3,1.810243275,1.8069573759827844,0.5916444230545093,0.010316841110126644
1433,S800,S800|91|3,1.782843619,1.8074525392906426,0.5919184170521815,0.011212810206157326
1434,S800,S800|91|3,1.812439986,1.8098443205549288,0.5932408308354651,0.011321855264317076
1435,S800,S800|91|3,1.788621446,1.8062137843977277,0.5912328225171706,0.011705459971346272
1436,S800,S800|91|3,1.805524812,1.8089586273176628,0.59275133568046,0.011067208288991682
1437,S800,S800|91|3,1.798149608,1.80948253049067,0.5930409096455016,0.011200313526489989
1438,D50,D50|91|4,1.98171331,1.9381956040396302,0.6617574392523984,0.03149653445138933
1439,D50,D50|91|4,1.977918113,1.9350330640107938,0.6601244136798377,0.037918003624076144
1440,D50,D50|91|4,1.975119796,1.938117571418922,0.6617171779952777,0.031081994382108527
1441,D50,D50|91|4,1.985368784,1.9379873719539709,0.6616499974277222,0.030513103042021913
1442,D50,D50|91|4,1.982776136,1.9592528704520877,0.6725632120267512,0.021193606614885094
1443,D100,D100|91|4,1.901575873,1.9025915395562036,0.6432169250002442,0.023581985328053817
1444,D100,D100|91|4,1.936489464,1.910555839302288,0.6473942150632995,0.021052747257106128
1445,D100,D100|91|4,1.927870888,1.916796737429899,0.6506554268454636,0.020771586236296012
1446,D100,D100|91|4,1.909319154,1.9119163175365292,0.6481060466926047,0.021934376499127793
1447,D100,D100|91|4,1.915467843,1.9022707162932293,0.643048286430876,0.0230834107643307
1448,D200,D200|91|4,1.88462312,1.8727433409925875,0.6274043831020286,0.013312559229593941
1449,D200,D200|91|4,1.896441345,1.8695131438866062,0.6256780461065484,0.01352057521509349
1450,D200,D200|91|4,1.898457048,1.8984126082708261,0.6410180676422388,0.013914241369546587
1451,D200,D200|91|4,1.880764078,1.8921667703080043,0.6377226117282347,0.013319402729660406
1452,D200,D200|91|4,1.876312808,1.8823210916394446,0.6325056385338195,0.013186783382098475
1453,D400,D400|91|4,1.879603373,1.8690349129680974,0.6254222083246906,0.010799735352720052
1454,D400,D400|91|4,1.86098472,1.8675009728146357,0.6246011589428446,0.010857655224908731
1455,D400,D400|91|4,1.86673485,1.870507457378165,0.6262097616348793,0.01063451006172614
1456,D400,D400|91|4,1.888753096,1.8830159529901414,0.6328747217528508,0.01102969797323783
1457,D400,D400|91|4,1.885233324,1.8806798744263484,0.6316333468007255,0.010911778482057178
1458,D600,D600|91|4,1.822471144,1.85946546727835,0.6202890632389667,0.0100259566472182
1459,D600,D600|91|4,1.842546204,1.8590755716094836,0.6200793596664,0.010259425015004525
1460,D600,D600|91|4,1.867332114,1.867358270843649,0.6245247426916574,0.010165643679983443
1461,D600,D600|91|4,1.877333081,1.866705273345006,0.6241749910082316,0.010086691463902502
1462,D600,D600|91|4,1.866049127,1.867586751369417,0.6246470901557802,0.010238465256266642
1463,D800,D800|91|4,1.857228637,1.8529351461746368,0.6167709473246414,0.010193106062738136
1464,D800,D800|91|4,1.855300706,1.848539136747896,0.6143956713359058,0.01039485597681222
1465,D800,D800|91|4,1.878267981,1.8646403122834057,0.6230681724490715,0.010115812556849612
1466,D800,D800|91|4,1.876924281,1.8702209514808654,0.6260565797587606,0.01088115804743734
1467,D800,D800|91|4,1.82775045,1.852611604524673,0.6165963217308745,0.010328693037607134
1468,S50,S50|91|4,1.877396422,1.8830877678023503,0.6329128592113711,0.013182919122171448
1469,S50,S50|91|4,1.888569121,1.8840687648086758,0.6334336748557479,0.013171095750284894
1470,S50,S50|91|4,1.895854585,1.8839175022215382,0.6333533865656645,0.01299171233736662
1471,S50,S50|91|4,1.882504687,1.8765711537242682,0.6294462571923456,0.01451047748890093
1472,S50,S50|91|4,1.867779812,1.8772865403250325,0.6298274046239911,0.014293383706582613
1473,S100,S100|91|4,1.883443029,1.887818002710871,0.6354216662075901,0.01163003071389857
1474,S100,S100|91|4,1.893646428,1.8843155779896936,0.6335646663677164,0.011615544623135705
1475,S100,S100|91|4,1.88819627,1.8846617341766607,0.6337483534314846,0.011907881299826962
1476,S100,S100|91|4,1.881334885,1.8849205605968387,0.6338856770924873,0.011553668604557052
1477,S100,S100|91|4,1.877746376,1.8856597775112305,0.6342777742539727,0.011551917357587422
1478,S200,S200|91|4,1.893085265,1.8751527216283417,0.6286901076404935,0.010498016200592871
1479,S200,S200|91|4,1.879307862,1.8728080756697663,0.6274389492686535,0.010469853653423901
1480,S200,S200|91|4,1.887049371,1.871852655724849,0.6269286654089494,0.010461906804446065
1481,S200,S200|91|4,1.878233348,1.8718330554486196,0.6269181942969269,0.010466898733515384
1482,S200,S200|91|4,1.860544951,1.8739380183307839,0.6280421087392583,0.010464499574954631
1483,S400,S400|91|4,1.824360742,1.8210286938566989,0.5994015578188557,0.022130479271463332
1484,S400,S400|91|4,1.861976236,1.840156421870155,0.6098505798935424,0.010654141936547583
1485,S400,S400|91|4,1.847779778,1.849693210132358,0.6150197929776395,0.01016203779762371
1486,S400,S400|91|4,1.845557556,1.844526007365396,0.6122223379093216,0.01033233368085569
1487,S400,S400|91|4,1.849355485,1.838189291620888,0.608781006454818,0.010863392015714774
1488,S600,S600|91|4,1.852619799,1.8472104674805552,0.6136766457162783,0.010360920237897116
1489,S600,S600|91|4,1.836251919,1.8532109254877416,0.6169197700144553,0.010333699068166127
1490,S600,S600|91|4,1.81680461,1.859752963439588,0.6204436635493094,0.01211648711178807
1491,S600,S600|91|4,1.826380347,1.8450179417257582,0.6124890019578138,0.010592735322594818
1492,S600,S600|91|4,1.827097635,1.8456714534058094,0.6128431426707892,0.010552496642663065
1493,S800,S800|91|4,1.860479626,1.8458835491779815,0.6129580513053656,0.0109480100392316
1494,S800,S800|91|4,1.853817398,1.8431970911552735,0.6115016133689242,0.010852434096405933
1495,S800,S800|91|4,1.864159369,1.8462980971658156,0.6131826057987702,0.010994478825156816
1496,S800,S800|91|4,1.842760175,1.8463958507818075,0.6132355501355566,0.010997501496222218
1497,S800,S800|91|4,1.851627686,1.845001977118691,0.6124803491009629,0.010931454052514876
